time_sec,ax,ay,az,gx,gy,gz,temp_c
0.017,-0.486000,0.126000,0.839000,30.725000,17.366000,84.237000,112.080000
0.039,-0.486000,0.126000,0.839000,30.725000,17.366000,84.237000,112.080000
0.061,-0.486000,0.126000,0.839000,30.725000,17.366000,84.237000,112.080000
0.090,-0.486000,0.126000,0.839000,30.725000,17.366000,84.237000,112.080000
0.113,-0.486000,0.126000,0.839000,30.725000,17.366000,84.237000,112.080000
0.139,-0.486000,0.126000,0.839000,30.725000,17.366000,84.237000,112.080000
0.161,-0.486000,0.126000,0.839000,30.725000,17.366000,84.237000,112.080000
0.185,-0.486000,0.126000,0.839000,30.725000,17.366000,84.237000,112.080000
0.211,-0.486000,0.126000,0.839000,30.725000,17.366000,84.237000,112.080000
0.234,-0.486000,0.126000,0.839000,30.725000,17.366000,84.237000,112.080000
0.261,-0.486000,0.126000,0.839000,30.725000,17.366000,84.237000,112.080000
0.284,-0.486000,0.126000,0.839000,30.725000,17.366000,84.237000,112.080000
0.311,-0.486000,0.126000,0.839000,30.725000,17.366000,84.237000,112.080000
0.334,-0.486000,0.126000,0.839000,30.725000,17.366000,84.237000,112.080000
0.356,-0.486000,0.126000,0.839000,30.725000,17.366000,84.237000,112.080000
0.383,-0.486000,0.126000,0.839000,30.725000,17.366000,84.237000,112.080000
0.406,-0.486000,0.126000,0.839000,30.725000,17.366000,84.237000,112.080000
0.433,-0.486000,0.126000,0.839000,30.725000,17.366000,84.237000,112.080000
0.456,-0.486000,0.126000,0.839000,30.725000,17.366000,84.237000,112.080000
0.480,-0.486000,0.126000,0.839000,30.725000,17.366000,84.237000,112.080000
0.506,-0.486000,0.126000,0.839000,30.725000,17.366000,84.237000,112.080000
0.530,-0.486000,0.126000,0.839000,30.725000,17.366000,84.237000,112.080000
0.556,-0.486000,0.126000,0.839000,30.725000,17.366000,84.237000,112.080000
0.578,-0.486000,0.126000,0.839000,30.725000,17.366000,84.237000,112.080000
0.601,-0.486000,0.126000,0.839000,30.725000,17.366000,84.237000,112.080000
0.628,-0.486000,0.126000,0.839000,30.725000,17.366000,84.237000,112.080000
0.650,-0.486000,0.126000,0.839000,30.725000,17.366000,84.237000,112.080000
0.678,-0.486000,0.126000,0.839000,30.725000,17.366000,84.237000,112.080000
0.701,-0.486000,0.126000,0.839000,30.725000,17.366000,84.237000,112.080000
0.722,-0.486000,0.126000,0.839000,30.725000,17.366000,84.237000,112.080000
0.750,-0.486000,0.126000,0.839000,30.725000,17.366000,84.237000,112.080000
0.773,-0.486000,0.126000,0.839000,30.725000,17.366000,84.237000,112.080000
0.800,-0.486000,0.126000,0.839000,30.725000,17.366000,84.237000,112.080000
0.823,-0.486000,0.126000,0.839000,30.725000,17.366000,84.237000,112.080000
0.845,-0.486000,0.126000,0.839000,30.725000,17.366000,84.237000,112.080000
0.872,-0.486000,0.126000,0.839000,30.725000,17.366000,84.237000,112.080000
0.895,-0.486000,0.126000,0.839000,30.725000,17.366000,84.237000,112.080000
0.922,-0.486000,0.126000,0.839000,30.725000,17.366000,84.237000,112.080000
0.945,-0.486000,0.126000,0.839000,30.725000,17.366000,84.237000,112.080000
0.967,-0.486000,0.126000,0.839000,30.725000,17.366000,84.237000,112.080000
0.995,-0.486000,0.126000,0.839000,30.725000,17.366000,84.237000,112.080000
1.017,-0.486000,0.126000,0.839000,30.725000,17.366000,84.237000,112.080000
1.045,-0.486000,0.126000,0.839000,30.725000,17.366000,84.237000,112.080000
1.067,-0.486000,0.126000,0.839000,30.725000,17.366000,84.237000,112.080000
1.094,-0.486000,0.126000,0.839000,30.725000,17.366000,84.237000,112.080000
1.117,-0.486000,0.126000,0.839000,30.725000,17.366000,84.237000,112.080000
1.140,-0.486000,0.126000,0.839000,30.725000,17.366000,84.237000,112.080000
1.167,-0.486000,0.126000,0.839000,30.725000,17.366000,84.237000,112.080000
1.190,-0.486000,0.126000,0.839000,30.725000,17.366000,84.237000,112.080000
1.217,-0.486000,0.126000,0.839000,30.725000,17.366000,84.237000,112.080000
1.240,-0.486000,0.126000,0.839000,30.725000,17.366000,84.237000,112.080000
1.261,-0.486000,0.126000,0.839000,30.725000,17.366000,84.237000,112.080000
1.290,-0.486000,0.126000,0.839000,30.725000,17.366000,84.237000,112.080000
1.311,-0.486000,0.126000,0.839000,30.725000,17.366000,84.237000,112.080000
1.339,-0.486000,0.126000,0.839000,30.725000,17.366000,84.237000,112.080000
1.361,-0.486000,0.126000,0.839000,30.725000,17.366000,84.237000,112.080000
1.384,-0.486000,0.126000,0.839000,30.725000,17.366000,84.237000,112.080000
1.411,-0.486000,0.126000,0.839000,30.725000,17.366000,84.237000,112.080000
1.434,-0.486000,0.126000,0.839000,30.725000,17.366000,84.237000,112.080000
1.461,-0.486000,0.126000,0.839000,30.725000,17.366000,84.237000,112.080000
1.484,-0.486000,0.126000,0.839000,30.725000,17.366000,84.237000,112.080000
1.506,-0.486000,0.126000,0.839000,30.725000,17.366000,84.237000,112.080000
1.533,-0.486000,0.126000,0.839000,30.725000,17.366000,84.237000,112.080000
1.556,-0.486000,0.126000,0.839000,30.725000,17.366000,84.237000,112.080000
1.583,-0.486000,0.126000,0.839000,30.725000,17.366000,84.237000,112.080000
1.606,-0.486000,0.126000,0.839000,30.725000,17.366000,84.237000,112.080000
1.629,-0.486000,0.126000,0.839000,30.725000,17.366000,84.237000,112.080000
1.656,-0.486000,0.126000,0.839000,30.725000,17.366000,84.237000,112.080000
1.679,-0.486000,0.126000,0.839000,30.725000,17.366000,84.237000,112.080000
1.706,-0.486000,0.126000,0.839000,30.725000,17.366000,84.237000,112.080000
1.728,-0.486000,0.126000,0.839000,30.725000,17.366000,84.237000,112.080000
1.750,-0.486000,0.126000,0.839000,30.725000,17.366000,84.237000,112.080000
1.778,-0.486000,0.126000,0.839000,30.725000,17.366000,84.237000,112.080000
1.800,-0.486000,0.126000,0.839000,30.725000,17.366000,84.237000,112.080000
1.828,-0.486000,0.126000,0.839000,30.725000,17.366000,84.237000,112.080000
1.850,-0.486000,0.126000,0.839000,30.725000,17.366000,84.237000,112.080000
1.878,-0.486000,0.126000,0.839000,30.725000,17.366000,84.237000,112.080000
1.900,-0.486000,0.126000,0.839000,30.725000,17.366000,84.237000,112.080000
1.922,-0.486000,0.126000,0.839000,30.725000,17.366000,84.237000,112.080000
1.950,-0.486000,0.126000,0.839000,30.725000,17.366000,84.237000,112.080000
1.972,-0.486000,0.126000,0.839000,30.725000,17.366000,84.237000,112.080000
2.000,-0.486000,0.126000,0.839000,30.725000,17.366000,84.237000,112.080000
2.022,-0.486000,0.126000,0.839000,30.725000,17.366000,84.237000,112.080000
2.046,-0.486000,0.126000,0.839000,30.725000,17.366000,84.237000,112.080000
2.072,-0.486000,0.126000,0.839000,30.725000,17.366000,84.237000,112.080000
2.095,-0.486000,0.126000,0.839000,30.725000,17.366000,84.237000,112.080000
2.122,-0.486000,0.126000,0.839000,30.725000,17.366000,84.237000,112.080000
2.145,-0.486000,0.126000,0.839000,30.725000,17.366000,84.237000,112.080000
2.167,-0.486000,0.126000,0.839000,30.725000,17.366000,84.237000,112.080000
2.195,-0.486000,0.126000,0.839000,30.725000,17.366000,84.237000,112.080000
2.217,-0.486000,0.126000,0.839000,30.725000,17.366000,84.237000,112.080000
2.245,-0.486000,0.126000,0.839000,30.725000,17.366000,84.237000,112.080000
2.267,-0.486000,0.126000,0.839000,30.725000,17.366000,84.237000,112.080000
2.290,-0.486000,0.126000,0.839000,30.725000,17.366000,84.237000,112.080000
2.317,-0.486000,0.126000,0.839000,30.725000,17.366000,84.237000,112.080000
2.339,-0.486000,0.126000,0.839000,30.725000,17.366000,84.237000,112.080000
2.367,-0.486000,0.126000,0.839000,30.725000,17.366000,84.237000,112.080000
2.390,-0.486000,0.126000,0.839000,30.725000,17.366000,84.237000,112.080000
2.411,-0.486000,0.126000,0.839000,30.725000,17.366000,84.237000,112.080000
2.440,-0.486000,0.126000,0.839000,30.725000,17.366000,84.237000,112.080000
2.461,-0.486000,0.126000,0.839000,30.725000,17.366000,84.237000,112.080000
2.489,-0.486000,0.126000,0.839000,30.725000,17.366000,84.237000,112.080000
2.511,-0.486000,0.126000,0.839000,30.725000,17.366000,84.237000,112.080000
2.534,-0.486000,0.126000,0.839000,30.725000,17.366000,84.237000,112.080000
2.561,-0.486000,0.126000,0.839000,30.725000,17.366000,84.237000,112.080000
2.584,-0.486000,0.126000,0.839000,30.725000,17.366000,84.237000,112.080000
2.611,-0.486000,0.126000,0.839000,30.725000,17.366000,84.237000,112.080000
2.633,-0.486000,0.126000,0.839000,30.725000,17.366000,84.237000,112.080000
2.661,-0.486000,0.126000,0.839000,30.725000,17.366000,84.237000,112.080000
2.683,-0.486000,0.126000,0.839000,30.725000,17.366000,84.237000,112.080000
2.706,-0.486000,0.126000,0.839000,30.725000,17.366000,84.237000,112.080000
2.733,-0.486000,0.126000,0.839000,30.725000,17.366000,84.237000,112.080000
2.756,-0.486000,0.126000,0.839000,30.725000,17.366000,84.237000,112.080000
2.783,-0.486000,0.126000,0.839000,30.725000,17.366000,84.237000,112.080000
2.806,-0.486000,0.126000,0.839000,30.725000,17.366000,84.237000,112.080000
2.828,-0.486000,0.126000,0.839000,30.725000,17.366000,84.237000,112.080000
2.855,-0.486000,0.126000,0.839000,30.725000,17.366000,84.237000,112.080000
2.878,-0.486000,0.126000,0.839000,30.725000,17.366000,84.237000,112.080000
2.906,-0.486000,0.126000,0.839000,30.725000,17.366000,84.237000,112.080000
2.928,-0.486000,0.126000,0.839000,30.725000,17.366000,84.237000,112.080000
2.950,-0.486000,0.126000,0.839000,30.725000,17.366000,84.237000,112.080000
2.978,-0.486000,0.126000,0.839000,30.725000,17.366000,84.237000,112.080000
3.000,-0.486000,0.126000,0.839000,30.725000,17.366000,84.237000,112.080000
3.028,-0.486000,0.126000,0.839000,30.725000,17.366000,84.237000,112.080000
3.050,-0.486000,0.126000,0.839000,30.725000,17.366000,84.237000,112.080000
3.072,-0.486000,0.126000,0.839000,30.725000,17.366000,84.237000,112.080000
3.100,-0.486000,0.126000,0.839000,30.725000,17.366000,84.237000,112.080000
3.122,-0.486000,0.126000,0.839000,30.725000,17.366000,84.237000,112.080000
3.150,-0.486000,0.126000,0.839000,30.725000,17.366000,84.237000,112.080000
3.172,-0.486000,0.126000,0.839000,30.725000,17.366000,84.237000,112.080000
3.195,-0.486000,0.126000,0.839000,30.725000,17.366000,84.237000,112.080000
3.222,-0.486000,0.126000,0.839000,30.725000,17.366000,84.237000,112.080000
3.245,-0.486000,0.126000,0.839000,30.725000,17.366000,84.237000,112.080000
3.272,-0.486000,0.126000,0.839000,30.725000,17.366000,84.237000,112.080000
3.295,-0.486000,0.126000,0.839000,30.725000,17.366000,84.237000,112.080000
3.316,-0.486000,0.126000,0.839000,30.725000,17.366000,84.237000,112.080000
3.345,-0.486000,0.126000,0.839000,30.725000,17.366000,84.237000,112.080000
3.366,-0.486000,0.126000,0.839000,30.725000,17.366000,84.237000,112.080000
3.395,-0.486000,0.126000,0.839000,30.725000,17.366000,84.237000,112.080000
3.416,-0.486000,0.126000,0.839000,30.725000,17.366000,84.237000,112.080000
3.445,-0.486000,0.126000,0.839000,30.725000,17.366000,84.237000,112.080000
3.466,-0.486000,0.126000,0.839000,30.725000,17.366000,84.237000,112.080000
3.490,-0.486000,0.126000,0.839000,30.725000,17.366000,84.237000,112.080000
3.516,-0.486000,0.126000,0.839000,30.725000,17.366000,84.237000,112.080000
3.539,-0.486000,0.126000,0.839000,30.725000,17.366000,84.237000,112.080000
3.566,-0.486000,0.126000,0.839000,30.725000,17.366000,84.237000,112.080000
3.590,-0.486000,0.126000,0.839000,30.725000,17.366000,84.237000,112.080000
3.611,-0.486000,0.126000,0.839000,30.725000,17.366000,84.237000,112.080000
3.639,-0.486000,0.126000,0.839000,30.725000,17.366000,84.237000,112.080000
3.661,-0.486000,0.126000,0.839000,30.725000,17.366000,84.237000,112.080000
3.690,-0.486000,0.126000,0.839000,30.725000,17.366000,84.237000,112.080000
3.711,-0.486000,0.126000,0.839000,30.725000,17.366000,84.237000,112.080000
3.733,-0.486000,0.126000,0.839000,30.725000,17.366000,84.237000,112.080000
3.761,-0.486000,0.126000,0.839000,30.725000,17.366000,84.237000,112.080000
3.783,-0.486000,0.126000,0.839000,30.725000,17.366000,84.237000,112.080000
3.811,-0.486000,0.126000,0.839000,30.725000,17.366000,84.237000,112.080000
3.833,-0.486000,0.126000,0.839000,30.725000,17.366000,84.237000,112.080000
3.855,-0.486000,0.126000,0.839000,30.725000,17.366000,84.237000,112.080000
3.883,-0.486000,0.126000,0.839000,30.725000,17.366000,84.237000,112.080000
3.905,-0.486000,0.126000,0.839000,30.725000,17.366000,84.237000,112.080000
3.933,-0.486000,0.126000,0.839000,30.725000,17.366000,84.237000,112.080000
3.955,-0.486000,0.126000,0.839000,30.725000,17.366000,84.237000,112.080000
3.980,-0.486000,0.126000,0.839000,30.725000,17.366000,84.237000,112.080000
4.006,-0.486000,0.126000,0.839000,30.725000,17.366000,84.237000,112.080000
4.029,-0.486000,0.126000,0.839000,30.725000,17.366000,84.237000,112.080000
4.055,-0.486000,0.126000,0.839000,30.725000,17.366000,84.237000,112.080000
4.078,-0.486000,0.126000,0.839000,30.725000,17.366000,84.237000,112.080000
4.100,-0.486000,0.126000,0.839000,30.725000,17.366000,84.237000,112.080000
4.128,-0.486000,0.126000,0.839000,30.725000,17.366000,84.237000,112.080000
4.150,-0.486000,0.126000,0.839000,30.725000,17.366000,84.237000,112.080000
4.178,-0.486000,0.126000,0.839000,30.725000,17.366000,84.237000,112.080000
4.200,-0.486000,0.126000,0.839000,30.725000,17.366000,84.237000,112.080000
4.228,-0.486000,0.126000,0.839000,30.725000,17.366000,84.237000,112.080000
4.250,-0.486000,0.126000,0.839000,30.725000,17.366000,84.237000,112.080000
4.272,-0.486000,0.126000,0.839000,30.725000,17.366000,84.237000,112.080000
4.300,-0.486000,0.126000,0.839000,30.725000,17.366000,84.237000,112.080000
4.322,-0.486000,0.126000,0.839000,30.725000,17.366000,84.237000,112.080000
4.350,-0.486000,0.126000,0.839000,30.725000,17.366000,84.237000,112.080000
4.372,-0.486000,0.126000,0.839000,30.725000,17.366000,84.237000,112.080000
4.395,-0.486000,0.126000,0.839000,30.725000,17.366000,84.237000,112.080000
time_sec,ax,ay,az,gx,gy,gz,temp_c
0.028,0.000000,0.000000,0.000000,-0.000000,1.575000,0.000000,112.080000
0.050,0.000000,0.000000,0.000000,-0.000000,1.575000,0.000000,112.080000
0.078,0.000000,0.000000,0.000000,-0.000000,1.575000,0.000000,112.080000
0.102,0.000000,0.000000,0.000000,-0.000000,1.575000,0.000000,112.080000
0.123,0.000000,0.000000,0.000000,-0.000000,1.575000,0.000000,112.080000
0.150,0.000000,0.000000,0.000000,-0.000000,1.575000,0.000000,112.080000
0.173,0.000000,0.000000,0.000000,-0.000000,1.575000,0.000000,112.080000
0.197,0.000000,0.000000,0.000000,-0.000000,1.575000,0.000000,112.080000
0.217,0.000000,0.000000,0.000000,-0.000000,1.575000,0.000000,112.080000
0.245,0.000000,0.000000,0.000000,-0.000000,1.575000,0.000000,112.080000
0.267,0.000000,0.000000,0.000000,-0.000000,1.575000,0.000000,112.080000
0.289,0.000000,0.000000,0.000000,-0.000000,1.575000,0.000000,112.080000
0.317,0.000000,0.000000,0.000000,-0.000000,1.575000,0.000000,112.080000
0.339,0.000000,0.000000,0.000000,-0.000000,1.575000,0.000000,112.080000
0.363,0.000000,0.000000,0.000000,-0.000000,1.575000,0.000000,112.080000
0.384,0.000000,0.000000,0.000000,-0.000000,1.575000,0.000000,112.080000
0.412,0.000000,0.000000,0.000000,-0.000000,1.575000,0.000000,112.080000
0.434,0.000000,0.000000,0.000000,-0.000000,1.575000,0.000000,112.080000
0.457,0.000000,0.000000,0.000000,-0.000000,1.575000,0.000000,112.080000
0.484,0.000000,0.000000,0.000000,-0.000000,1.575000,0.000000,112.080000
0.506,0.000000,0.000000,0.000000,-0.000000,1.575000,0.000000,112.080000
0.528,0.000000,0.000000,0.000000,-0.000000,1.575000,0.000000,112.080000
0.556,0.000000,0.000000,0.000000,-0.000000,1.575000,0.000000,112.080000
0.578,0.000000,0.000000,0.000000,-0.000000,1.575000,0.000000,112.080000
0.600,0.000000,0.000000,0.000000,-0.000000,1.575000,0.000000,112.080000
0.623,0.000000,0.000000,0.000000,-0.000000,1.575000,0.000000,112.080000
0.651,0.000000,0.000000,0.000000,-0.000000,1.575000,0.000000,112.080000
0.673,0.000000,0.000000,0.000000,-0.000000,1.575000,0.000000,112.080000
0.696,0.000000,0.000000,0.000000,-0.000000,1.575000,0.000000,112.080000
0.723,0.000000,0.000000,0.000000,-0.000000,1.575000,0.000000,112.080000
0.747,0.000000,0.000000,0.000000,-0.000000,1.575000,0.000000,112.080000
0.767,0.000000,0.000000,0.000000,-0.000000,1.575000,0.000000,112.080000
0.795,0.000000,0.000000,0.000000,-0.000000,1.575000,0.000000,112.080000
0.817,0.000000,0.000000,0.000000,-0.000000,1.575000,0.000000,112.080000
0.839,0.000000,0.000000,0.000000,-0.000000,1.575000,0.000000,112.080000
0.863,0.000000,0.000000,0.000000,-0.000000,1.575000,0.000000,112.080000
0.889,0.000000,0.000000,0.000000,-0.000000,1.575000,0.000000,112.080000
0.913,0.000000,0.000000,0.000000,-0.000000,1.575000,0.000000,112.080000
0.934,0.000000,0.000000,0.000000,-0.000000,1.575000,0.000000,112.080000
0.962,0.000000,0.000000,0.000000,-0.000000,1.575000,0.000000,112.080000
0.984,0.000000,0.000000,0.000000,-0.000000,1.575000,0.000000,112.080000
1.006,0.000000,0.000000,0.000000,-0.000000,1.575000,0.000000,112.080000
1.034,0.000000,0.000000,0.000000,-0.000000,1.575000,0.000000,112.080000
1.056,0.000000,0.000000,0.000000,-0.000000,1.575000,0.000000,112.080000
1.078,0.000000,0.000000,0.000000,-0.000000,1.575000,0.000000,112.080000
1.101,0.000000,0.000000,0.000000,-0.000000,1.575000,0.000000,112.080000
1.128,0.000000,0.000000,0.000000,-0.000000,1.575000,0.000000,112.080000
1.151,0.000000,0.000000,0.000000,-0.000000,1.575000,0.000000,112.080000
1.173,0.000000,0.000000,0.000000,-0.000000,1.575000,0.000000,112.080000
1.201,0.000000,0.000000,0.000000,-0.000000,1.575000,0.000000,112.080000
1.223,0.000000,0.000000,0.000000,-0.000000,1.575000,0.000000,112.080000
1.246,0.000000,0.000000,0.000000,-0.000000,1.575000,0.000000,112.080000
1.267,0.000000,0.000000,0.000000,-0.000000,1.575000,0.000000,112.080000
1.295,0.000000,0.000000,0.000000,-0.000000,1.575000,0.000000,112.080000
1.317,0.000000,0.000000,0.000000,-0.000000,1.575000,0.000000,112.080000
1.339,0.000000,0.000000,0.000000,-0.000000,1.575000,0.000000,112.080000
1.367,0.000000,0.000000,0.000000,-0.000000,1.575000,0.000000,112.080000
1.389,0.000000,0.000000,0.000000,-0.000000,1.575000,0.000000,112.080000
1.414,0.000000,0.000000,0.000000,-0.000000,1.575000,0.000000,112.080000
1.439,0.000000,0.000000,0.000000,-0.000000,1.575000,0.000000,112.080000
1.462,0.000000,0.000000,0.000000,-0.000000,1.575000,0.000000,112.080000
1.484,0.000000,0.000000,0.000000,-0.000000,1.575000,0.000000,112.080000
1.507,0.000000,0.000000,0.000000,-0.000000,1.575000,0.000000,112.080000
1.534,0.000000,0.000000,0.000000,-0.000000,1.575000,0.000000,112.080000
1.556,0.000000,0.000000,0.000000,-0.000000,1.575000,0.000000,112.080000
1.578,0.000000,0.000000,0.000000,-0.000000,1.575000,0.000000,112.080000
1.606,0.000000,0.000000,0.000000,-0.000000,1.575000,0.000000,112.080000
1.628,0.000000,0.000000,0.000000,-0.000000,1.575000,0.000000,112.080000
1.652,0.000000,0.000000,0.000000,-0.000000,1.575000,0.000000,112.080000
1.678,0.000000,0.000000,0.000000,-0.000000,1.575000,0.000000,112.080000
1.701,0.000000,0.000000,0.000000,-0.000000,1.575000,0.000000,112.080000
1.723,0.000000,0.000000,0.000000,-0.000000,1.575000,0.000000,112.080000
1.746,0.000000,0.000000,0.000000,-0.000000,1.575000,0.000000,112.080000
1.773,0.000000,0.000000,0.000000,-0.000000,1.575000,0.000000,112.080000
1.795,0.000000,0.000000,0.000000,-0.000000,1.575000,0.000000,112.080000
1.817,0.000000,0.000000,0.000000,-0.000000,1.575000,0.000000,112.080000
1.845,0.000000,0.000000,0.000000,-0.000000,1.575000,0.000000,112.080000
1.867,0.000000,0.000000,0.000000,-0.000000,1.575000,0.000000,112.080000
1.889,0.000000,0.000000,0.000000,-0.000000,1.575000,0.000000,112.080000
1.912,0.000000,0.000000,0.000000,-0.000000,1.575000,0.000000,112.080000
1.939,0.000000,0.000000,0.000000,-0.000000,1.575000,0.000000,112.080000
1.962,0.000000,0.000000,0.000000,-0.000000,1.575000,0.000000,112.080000
1.984,0.000000,0.000000,0.000000,-0.000000,1.575000,0.000000,112.080000
2.012,0.000000,0.000000,0.000000,-0.000000,1.575000,0.000000,112.080000
2.033,0.000000,0.000000,0.000000,-0.000000,1.575000,0.000000,112.080000
2.056,0.000000,0.000000,0.000000,-0.000000,1.575000,0.000000,112.080000
2.083,0.000000,0.000000,0.000000,-0.000000,1.575000,0.000000,112.080000
2.106,0.000000,0.000000,0.000000,-0.000000,1.575000,0.000000,112.080000
2.128,0.000000,0.000000,0.000000,-0.000000,1.575000,0.000000,112.080000
2.152,0.000000,0.000000,0.000000,-0.000000,1.575000,0.000000,112.080000
2.178,0.000000,0.000000,0.000000,-0.000000,1.575000,0.000000,112.080000
2.201,0.000000,0.000000,0.000000,-0.000000,1.575000,0.000000,112.080000
2.223,0.000000,0.000000,0.000000,-0.000000,1.575000,0.000000,112.080000
2.251,0.000000,0.000000,0.000000,-0.000000,1.575000,0.000000,112.080000
2.273,0.000000,0.000000,0.000000,-0.000000,1.575000,0.000000,112.080000
2.296,0.000000,0.000000,0.000000,-0.000000,1.575000,0.000000,112.080000
2.323,0.000000,0.000000,0.000000,-0.000000,1.575000,0.000000,112.080000
2.345,0.000000,0.000000,0.000000,-0.000000,1.575000,0.000000,112.080000
2.367,0.000000,0.000000,0.000000,-0.000000,1.575000,0.000000,112.080000
2.389,0.000000,0.000000,0.000000,-0.000000,1.575000,0.000000,112.080000
2.417,0.000000,0.000000,0.000000,-0.000000,1.575000,0.000000,112.080000
2.439,0.000000,0.000000,0.000000,-0.000000,1.575000,0.000000,112.080000
2.462,0.000000,0.000000,0.000000,-0.000000,1.575000,0.000000,112.080000
2.489,0.000000,0.000000,0.000000,-0.000000,1.575000,0.000000,112.080000
2.511,0.000000,0.000000,0.000000,-0.000000,1.575000,0.000000,112.080000
2.533,0.000000,0.000000,0.000000,-0.000000,1.575000,0.000000,112.080000
2.561,0.000000,0.000000,0.000000,-0.000000,1.575000,0.000000,112.080000
2.583,0.000000,0.000000,0.000000,-0.000000,1.575000,0.000000,112.080000
2.606,0.000000,0.000000,0.000000,-0.000000,1.575000,0.000000,112.080000
2.628,0.000000,0.000000,0.000000,-0.000000,1.575000,0.000000,112.080000
2.656,0.000000,0.000000,0.000000,-0.000000,1.575000,0.000000,112.080000
2.678,0.000000,0.000000,0.000000,-0.000000,1.575000,0.000000,112.080000
2.702,0.000000,0.000000,0.000000,-0.000000,1.575000,0.000000,112.080000
2.728,0.000000,0.000000,0.000000,-0.000000,1.575000,0.000000,112.080000
2.751,0.000000,0.000000,0.000000,-0.000000,1.575000,0.000000,112.080000
2.773,0.000000,0.000000,0.000000,-0.000000,1.575000,0.000000,112.080000
2.797,0.000000,0.000000,0.000000,-0.000000,1.575000,0.000000,112.080000
2.823,0.000000,0.000000,0.000000,-0.000000,1.575000,0.000000,112.080000
2.845,0.000000,0.000000,0.000000,-0.000000,1.575000,0.000000,112.080000
2.867,0.000000,0.000000,0.000000,-0.000000,1.575000,0.000000,112.080000
2.895,0.000000,0.000000,0.000000,-0.000000,1.575000,0.000000,112.080000
2.917,0.000000,0.000000,0.000000,-0.000000,1.575000,0.000000,112.080000
2.939,0.000000,0.000000,0.000000,-0.000000,1.575000,0.000000,112.080000
2.967,0.000000,0.000000,0.000000,-0.000000,1.575000,0.000000,112.080000
2.989,0.000000,0.000000,0.000000,-0.000000,1.575000,0.000000,112.080000
3.012,0.000000,0.000000,0.000000,-0.000000,1.575000,0.000000,112.080000
3.033,0.000000,0.000000,0.000000,-0.000000,1.575000,0.000000,112.080000
3.064,0.000000,0.000000,0.000000,-0.000000,1.575000,0.000000,112.080000
3.083,0.000000,0.000000,0.000000,-0.000000,1.575000,0.000000,112.080000
3.106,0.000000,0.000000,0.000000,-0.000000,1.575000,0.000000,112.080000
3.133,0.000000,0.000000,0.000000,-0.000000,1.575000,0.000000,112.080000
3.156,0.000000,0.000000,0.000000,-0.000000,1.575000,0.000000,112.080000
3.178,0.000000,0.000000,0.000000,-0.000000,1.575000,0.000000,112.080000
3.206,0.000000,0.000000,0.000000,-0.000000,1.575000,0.000000,112.080000
3.228,0.000000,0.000000,0.000000,-0.000000,1.575000,0.000000,112.080000
3.251,0.000000,0.000000,0.000000,-0.000000,1.575000,0.000000,112.080000
3.272,0.000000,0.000000,0.000000,-0.000000,1.575000,0.000000,112.080000
3.301,0.000000,0.000000,0.000000,-0.000000,1.575000,0.000000,112.080000
3.323,0.000000,0.000000,0.000000,-0.000000,1.575000,0.000000,112.080000
3.347,0.000000,0.000000,0.000000,-0.000000,1.575000,0.000000,112.080000
3.372,0.000000,0.000000,0.000000,-0.000000,1.575000,0.000000,112.080000
3.395,0.000000,0.000000,0.000000,-0.000000,1.575000,0.000000,112.080000
3.417,0.000000,0.000000,0.000000,-0.000000,1.575000,0.000000,112.080000
3.439,0.000000,0.000000,0.000000,-0.000000,1.575000,0.000000,112.080000
3.467,0.000000,0.000000,0.000000,-0.000000,1.575000,0.000000,112.080000
3.489,0.000000,0.000000,0.000000,-0.000000,1.575000,0.000000,112.080000
3.512,0.000000,0.000000,0.000000,-0.000000,1.575000,0.000000,112.080000
3.539,0.000000,0.000000,0.000000,-0.000000,1.575000,0.000000,112.080000
3.562,0.000000,0.000000,0.000000,-0.000000,1.575000,0.000000,112.080000
3.584,0.000000,0.000000,0.000000,-0.000000,1.575000,0.000000,112.080000
3.611,0.000000,0.000000,0.000000,-0.000000,1.575000,0.000000,112.080000
3.633,0.000000,0.000000,0.000000,-0.000000,1.575000,0.000000,112.080000
3.657,0.000000,0.000000,0.000000,-0.000000,1.575000,0.000000,112.080000
3.678,0.000000,0.000000,0.000000,-0.000000,1.575000,0.000000,112.080000
3.706,0.000000,0.000000,0.000000,-0.000000,1.575000,0.000000,112.080000
3.728,0.000000,0.000000,0.000000,-0.000000,1.575000,0.000000,112.080000
3.750,0.000000,0.000000,0.000000,-0.000000,1.575000,0.000000,112.080000
3.778,0.000000,0.000000,0.000000,-0.000000,1.575000,0.000000,112.080000
3.800,0.000000,0.000000,0.000000,-0.000000,1.575000,0.000000,112.080000
3.822,0.000000,0.000000,0.000000,-0.000000,1.575000,0.000000,112.080000
3.850,0.000000,0.000000,0.000000,-0.000000,1.575000,0.000000,112.080000
3.872,0.000000,0.000000,0.000000,-0.000000,1.575000,0.000000,112.080000
3.897,0.000000,0.000000,0.000000,-0.000000,1.575000,0.000000,112.080000
3.917,0.000000,0.000000,0.000000,-0.000000,1.575000,0.000000,112.080000
3.945,0.000000,0.000000,0.000000,-0.000000,1.575000,0.000000,112.080000
3.967,0.000000,0.000000,0.000000,-0.000000,1.575000,0.000000,112.080000
3.989,0.000000,0.000000,0.000000,-0.000000,1.575000,0.000000,112.080000
4.016,0.000000,0.000000,0.000000,-0.000000,1.575000,0.000000,112.080000
4.039,0.000000,0.000000,0.000000,-0.000000,1.575000,0.000000,112.080000
4.061,0.000000,0.000000,0.000000,-0.000000,1.575000,0.000000,112.080000
4.089,0.000000,0.000000,0.000000,-0.000000,1.575000,0.000000,112.080000
4.111,0.000000,0.000000,0.000000,-0.000000,1.575000,0.000000,112.080000
4.133,0.000000,0.000000,0.000000,-0.000000,1.575000,0.000000,112.080000
4.156,0.000000,0.000000,0.000000,-0.000000,1.575000,0.000000,112.080000
4.183,0.000000,0.000000,0.000000,-0.000000,1.575000,0.000000,112.080000
4.206,0.000000,0.000000,0.000000,-0.000000,1.575000,0.000000,112.080000
4.228,0.000000,0.000000,0.000000,-0.000000,1.575000,0.000000,112.080000
4.256,0.000000,0.000000,0.000000,-0.000000,1.575000,0.000000,112.080000
4.278,0.000000,0.000000,0.000000,-0.000000,1.575000,0.000000,112.080000
4.301,0.000000,0.000000,0.000000,-0.000000,1.575000,0.000000,112.080000
4.322,0.000000,0.000000,0.000000,-0.000000,1.575000,0.000000,112.080000
4.351,0.000000,0.000000,0.000000,-0.000000,1.575000,0.000000,112.080000
4.372,0.000000,0.000000,0.000000,-0.000000,1.575000,0.000000,112.080000
4.397,0.000000,0.000000,0.000000,-0.000000,1.575000,0.000000,112.080000
4.422,0.000000,0.000000,0.000000,-0.000000,1.575000,0.000000,112.080000
4.445,0.000000,0.000000,0.000000,-0.000000,1.575000,0.000000,112.080000
4.467,0.000000,0.000000,0.000000,-0.000000,1.575000,0.000000,112.080000
4.495,0.000000,0.000000,0.000000,-0.000000,1.575000,0.000000,112.080000
4.517,0.000000,0.000000,0.000000,-0.000000,1.575000,0.000000,112.080000
4.539,0.000000,0.000000,0.000000,-0.000000,1.575000,0.000000,112.080000
4.563,0.000000,0.000000,0.000000,-0.000000,1.575000,0.000000,112.080000
4.589,0.000000,0.000000,0.000000,-0.000000,1.575000,0.000000,112.080000
4.611,0.000000,0.000000,0.000000,-0.000000,1.575000,0.000000,112.080000
4.634,0.000000,0.000000,0.000000,-0.000000,1.575000,0.000000,112.080000
4.662,0.000000,0.000000,0.000000,-0.000000,1.575000,0.000000,112.080000
4.683,0.000000,0.000000,0.000000,-0.000000,1.575000,0.000000,112.080000
4.706,0.000000,0.000000,0.000000,-0.000000,1.575000,0.000000,112.080000
4.733,0.000000,0.000000,0.000000,-0.000000,1.575000,0.000000,112.080000
4.756,0.000000,0.000000,0.000000,-0.000000,1.575000,0.000000,112.080000
4.778,0.000000,0.000000,0.000000,-0.000000,1.575000,0.000000,112.080000
4.800,0.000000,0.000000,0.000000,-0.000000,1.575000,0.000000,112.080000
4.828,0.000000,0.000000,0.000000,-0.000000,1.575000,0.000000,112.080000
4.851,0.000000,0.000000,0.000000,-0.000000,1.575000,0.000000,112.080000
4.872,0.000000,0.000000,0.000000,-0.000000,1.575000,0.000000,112.080000
4.900,0.000000,0.000000,0.000000,-0.000000,1.575000,0.000000,112.080000
4.922,0.000000,0.000000,0.000000,-0.000000,1.575000,0.000000,112.080000
4.947,0.000000,0.000000,0.000000,-0.000000,1.575000,0.000000,112.080000
4.967,0.000000,0.000000,0.000000,-0.000000,1.575000,0.000000,112.080000
4.995,0.000000,0.000000,0.000000,-0.000000,1.575000,0.000000,112.080000
5.017,0.000000,0.000000,0.000000,-0.000000,1.575000,0.000000,112.080000
5.039,0.000000,0.000000,0.000000,-0.000000,1.575000,0.000000,112.080000
5.066,0.000000,0.000000,0.000000,-0.000000,1.575000,0.000000,112.080000
5.089,0.000000,0.000000,0.000000,-0.000000,1.575000,0.000000,112.080000
5.111,0.000000,0.000000,0.000000,-0.000000,1.575000,0.000000,112.080000
5.139,0.000000,0.000000,0.000000,-0.000000,1.575000,0.000000,112.080000
5.161,0.000000,0.000000,0.000000,-0.000000,1.575000,0.000000,112.080000
5.183,0.000000,0.000000,0.000000,-0.000000,1.575000,0.000000,112.080000
5.206,0.000000,0.000000,0.000000,-0.000000,1.575000,0.000000,112.080000
5.233,0.000000,0.000000,0.000000,-0.000000,1.575000,0.000000,112.080000
5.256,0.000000,0.000000,0.000000,-0.000000,1.575000,0.000000,112.080000
5.278,0.000000,0.000000,0.000000,-0.000000,1.575000,0.000000,112.080000
5.306,0.000000,0.000000,0.000000,-0.000000,1.575000,0.000000,112.080000
5.328,0.000000,0.000000,0.000000,-0.000000,1.575000,0.000000,112.080000
5.350,0.000000,0.000000,0.000000,-0.000000,1.575000,0.000000,112.080000
5.378,0.000000,0.000000,0.000000,-0.000000,1.575000,0.000000,112.080000
5.401,0.000000,0.000000,0.000000,-0.000000,1.575000,0.000000,112.080000
5.422,0.000000,0.000000,0.000000,-0.000000,1.575000,0.000000,112.080000
5.447,0.000000,0.000000,0.000000,-0.000000,1.575000,0.000000,112.080000
5.472,0.000000,0.000000,0.000000,-0.000000,1.575000,0.000000,112.080000
5.495,0.000000,0.000000,0.000000,-0.000000,1.575000,0.000000,112.080000
5.517,0.000000,0.000000,0.000000,-0.000000,1.575000,0.000000,112.080000
5.544,0.000000,0.000000,0.000000,-0.000000,1.575000,0.000000,112.080000
5.566,0.000000,0.000000,0.000000,-0.000000,1.575000,0.000000,112.080000
5.589,0.000000,0.000000,0.000000,-0.000000,1.575000,0.000000,112.080000
5.616,0.000000,0.000000,0.000000,-0.000000,1.575000,0.000000,112.080000
5.639,0.000000,0.000000,0.000000,-0.000000,1.575000,0.000000,112.080000
5.662,0.000000,0.000000,0.000000,-0.000000,1.575000,0.000000,112.080000
5.683,0.000000,0.000000,0.000000,-0.000000,1.575000,0.000000,112.080000
5.711,0.000000,0.000000,0.000000,-0.000000,1.575000,0.000000,112.080000
5.733,0.000000,0.000000,0.000000,-0.000000,1.575000,0.000000,112.080000
5.756,0.000000,0.000000,0.000000,-0.000000,1.575000,0.000000,112.080000
5.783,0.000000,0.000000,0.000000,-0.000000,1.575000,0.000000,112.080000
5.806,0.000000,0.000000,0.000000,-0.000000,1.575000,0.000000,112.080000
5.828,0.000000,0.000000,0.000000,-0.000000,1.575000,0.000000,112.080000
5.850,0.000000,0.000000,0.000000,-0.000000,1.575000,0.000000,112.080000
5.878,0.000000,0.000000,0.000000,-0.000000,1.575000,0.000000,112.080000
5.900,0.000000,0.000000,0.000000,-0.000000,1.575000,0.000000,112.080000
5.923,0.000000,0.000000,0.000000,-0.000000,1.575000,0.000000,112.080000
5.950,0.000000,0.000000,0.000000,-0.000000,1.575000,0.000000,112.080000
5.972,0.000000,0.000000,0.000000,-0.000000,1.575000,0.000000,112.080000
5.995,0.000000,0.000000,0.000000,-0.000000,1.575000,0.000000,112.080000
6.022,0.000000,0.000000,0.000000,-0.000000,1.575000,0.000000,112.080000
6.045,0.000000,0.000000,0.000000,-0.000000,1.575000,0.000000,112.080000
6.066,0.000000,0.000000,0.000000,-0.000000,1.575000,0.000000,112.080000
6.089,0.000000,0.000000,0.000000,-0.000000,1.575000,0.000000,112.080000
6.116,0.000000,0.000000,0.000000,-0.000000,1.575000,0.000000,112.080000
6.139,0.000000,0.000000,0.000000,-0.000000,1.575000,0.000000,112.080000
6.162,0.000000,0.000000,0.000000,-0.000000,1.575000,0.000000,112.080000
6.189,0.000000,0.000000,0.000000,-0.000000,1.575000,0.000000,112.080000
6.211,0.000000,0.000000,0.000000,-0.000000,1.575000,0.000000,112.080000
6.233,0.000000,0.000000,0.000000,-0.000000,1.575000,0.000000,112.080000
6.261,0.000000,0.000000,0.000000,-0.000000,1.575000,0.000000,112.080000
6.283,0.000000,0.000000,0.000000,-0.000000,1.575000,0.000000,112.080000
6.306,0.000000,0.000000,0.000000,-0.000000,1.575000,0.000000,112.080000
6.328,0.000000,0.000000,0.000000,-0.000000,1.575000,0.000000,112.080000
6.355,0.000000,0.000000,0.000000,-0.000000,1.575000,0.000000,112.080000
6.378,0.000000,0.000000,0.000000,-0.000000,1.575000,0.000000,112.080000
6.400,0.000000,0.000000,0.000000,-0.000000,1.575000,0.000000,112.080000
6.428,0.000000,0.000000,0.000000,-0.000000,1.575000,0.000000,112.080000
6.450,0.000000,0.000000,0.000000,-0.000000,1.575000,0.000000,112.080000
6.472,0.000000,0.000000,0.000000,-0.000000,1.575000,0.000000,112.080000
6.497,0.000000,0.000000,0.000000,-0.000000,1.575000,0.000000,112.080000
6.523,0.000000,0.000000,0.000000,-0.000000,1.575000,0.000000,112.080000
6.545,0.000000,0.000000,0.000000,-0.000000,1.575000,0.000000,112.080000
6.566,0.000000,0.000000,0.000000,-0.000000,1.575000,0.000000,112.080000
6.594,0.000000,0.000000,0.000000,-0.000000,1.575000,0.000000,112.080000
6.616,0.000000,0.000000,0.000000,-0.000000,1.575000,0.000000,112.080000
6.639,0.000000,0.000000,0.000000,-0.000000,1.575000,0.000000,112.080000
6.667,0.000000,0.000000,0.000000,-0.000000,1.575000,0.000000,112.080000
6.689,0.000000,0.000000,0.000000,-0.000000,1.575000,0.000000,112.080000
6.711,0.000000,0.000000,0.000000,-0.000000,1.575000,0.000000,112.080000
6.733,0.000000,0.000000,0.000000,-0.000000,1.575000,0.000000,112.080000
6.761,0.000000,0.000000,0.000000,-0.000000,1.575000,0.000000,112.080000
6.783,0.000000,0.000000,0.000000,-0.000000,1.575000,0.000000,112.080000
6.806,0.000000,0.000000,0.000000,-0.000000,1.575000,0.000000,112.080000
6.833,0.000000,0.000000,0.000000,-0.000000,1.575000,0.000000,112.080000
6.856,0.000000,0.000000,0.000000,-0.000000,1.575000,0.000000,112.080000
6.878,0.000000,0.000000,0.000000,-0.000000,1.575000,0.000000,112.080000
6.906,0.000000,0.000000,0.000000,-0.000000,1.575000,0.000000,112.080000
6.928,0.000000,0.000000,0.000000,-0.000000,1.575000,0.000000,112.080000
6.950,0.000000,0.000000,0.000000,-0.000000,1.575000,0.000000,112.080000
6.972,0.000000,0.000000,0.000000,-0.000000,1.575000,0.000000,112.080000
7.000,0.000000,0.000000,0.000000,-0.000000,1.575000,0.000000,112.080000
7.022,0.000000,0.000000,0.000000,-0.000000,1.575000,0.000000,112.080000
7.046,0.000000,0.000000,0.000000,-0.000000,1.575000,0.000000,112.080000
7.072,0.000000,0.000000,0.000000,-0.000000,1.575000,0.000000,112.080000
7.095,0.000000,0.000000,0.000000,-0.000000,1.575000,0.000000,112.080000
7.116,0.000000,0.000000,0.000000,-0.000000,1.575000,0.000000,112.080000
7.144,0.000000,0.000000,0.000000,-0.000000,1.575000,0.000000,112.080000
7.166,0.000000,0.000000,0.000000,-0.000000,1.575000,0.000000,112.080000
7.189,0.000000,0.000000,0.000000,-0.000000,1.575000,0.000000,112.080000
7.212,0.000000,0.000000,0.000000,-0.000000,1.575000,0.000000,112.080000
7.239,0.000000,0.000000,0.000000,-0.000000,1.575000,0.000000,112.080000
7.262,0.000000,0.000000,0.000000,-0.000000,1.575000,0.000000,112.080000
7.283,0.000000,0.000000,0.000000,-0.000000,1.575000,0.000000,112.080000
7.311,0.000000,0.000000,0.000000,-0.000000,1.575000,0.000000,112.080000
7.333,0.000000,0.000000,0.000000,-0.000000,1.575000,0.000000,112.080000
7.356,0.000000,0.000000,0.000000,-0.000000,1.575000,0.000000,112.080000
7.378,0.000000,0.000000,0.000000,-0.000000,1.575000,0.000000,112.080000
7.405,0.000000,0.000000,0.000000,-0.000000,1.575000,0.000000,112.080000
7.428,0.000000,0.000000,0.000000,-0.000000,1.575000,0.000000,112.080000
7.450,0.000000,0.000000,0.000000,-0.000000,1.575000,0.000000,112.080000
7.478,0.000000,0.000000,0.000000,-0.000000,1.575000,0.000000,112.080000
7.500,0.000000,0.000000,0.000000,-0.000000,1.575000,0.000000,112.080000
7.522,0.000000,0.000000,0.000000,-0.000000,1.575000,0.000000,112.080000
7.549,0.000000,0.000000,0.000000,-0.000000,1.575000,0.000000,112.080000
7.572,0.000000,0.000000,0.000000,-0.000000,1.575000,0.000000,112.080000
7.595,0.000000,0.000000,0.000000,-0.000000,1.575000,0.000000,112.080000
7.617,0.000000,0.000000,0.000000,-0.000000,1.575000,0.000000,112.080000
7.645,0.000000,0.000000,0.000000,-0.000000,1.575000,0.000000,112.080000
7.666,0.000000,0.000000,0.000000,-0.000000,1.575000,0.000000,112.080000
7.689,0.000000,0.000000,0.000000,-0.000000,1.575000,0.000000,112.080000
7.716,0.000000,0.000000,0.000000,-0.000000,1.575000,0.000000,112.080000
7.739,0.000000,0.000000,0.000000,-0.000000,1.575000,0.000000,112.080000
7.762,0.000000,0.000000,0.000000,-0.000000,1.575000,0.000000,112.080000
7.789,0.000000,0.000000,0.000000,-0.000000,1.575000,0.000000,112.080000
7.812,0.000000,0.000000,0.000000,-0.000000,1.575000,0.000000,112.080000
7.833,0.000000,0.000000,0.000000,-0.000000,1.575000,0.000000,112.080000
7.856,0.000000,0.000000,0.000000,-0.000000,1.575000,0.000000,112.080000
7.883,0.000000,0.000000,0.000000,-0.000000,1.575000,0.000000,112.080000
7.905,0.000000,0.000000,0.000000,-0.000000,1.575000,0.000000,112.080000
7.928,0.000000,0.000000,0.000000,-0.000000,1.575000,0.000000,112.080000
7.955,0.000000,0.000000,0.000000,-0.000000,1.575000,0.000000,112.080000
7.978,0.000000,0.000000,0.000000,-0.000000,1.575000,0.000000,112.080000
8.000,0.000000,0.000000,0.000000,-0.000000,1.575000,0.000000,112.080000
8.022,0.000000,0.000000,0.000000,-0.000000,1.575000,0.000000,112.080000
8.050,0.000000,0.000000,0.000000,-0.000000,1.575000,0.000000,112.080000
8.072,0.000000,0.000000,0.000000,-0.000000,1.575000,0.000000,112.080000
8.095,0.000000,0.000000,0.000000,-0.000000,1.575000,0.000000,112.080000
8.122,0.000000,0.000000,0.000000,-0.000000,1.575000,0.000000,112.080000
8.146,0.000000,0.000000,0.000000,-0.000000,1.575000,0.000000,112.080000
8.166,0.000000,0.000000,0.000000,-0.000000,1.575000,0.000000,112.080000
8.194,0.000000,0.000000,0.000000,-0.000000,1.575000,0.000000,112.080000
8.216,0.000000,0.000000,0.000000,-0.000000,1.575000,0.000000,112.080000
8.239,0.000000,0.000000,0.000000,-0.000000,1.575000,0.000000,112.080000
8.263,0.000000,0.000000,0.000000,-0.000000,1.575000,0.000000,112.080000
8.289,0.000000,0.000000,0.000000,-0.000000,1.575000,0.000000,112.080000
8.311,0.000000,0.000000,0.000000,-0.000000,1.575000,0.000000,112.080000
8.333,0.000000,0.000000,0.000000,-0.000000,1.575000,0.000000,112.080000
8.361,0.000000,0.000000,0.000000,-0.000000,1.575000,0.000000,112.080000
8.383,0.000000,0.000000,0.000000,-0.000000,1.575000,0.000000,112.080000
8.406,0.000000,0.000000,0.000000,-0.000000,1.575000,0.000000,112.080000
8.433,0.000000,0.000000,0.000000,-0.000000,1.575000,0.000000,112.080000
8.455,0.000000,0.000000,0.000000,-0.000000,1.575000,0.000000,112.080000
8.477,0.000000,0.000000,0.000000,-0.000000,1.575000,0.000000,112.080000
8.501,0.000000,0.000000,0.000000,-0.000000,1.575000,0.000000,112.080000
8.527,0.000000,0.000000,0.000000,-0.000000,1.575000,0.000000,112.080000
8.550,0.000000,0.000000,0.000000,-0.000000,1.575000,0.000000,112.080000
8.572,0.000000,0.000000,0.000000,-0.000000,1.575000,0.000000,112.080000
8.599,0.000000,0.000000,0.000000,-0.000000,1.575000,0.000000,112.080000
8.622,0.000000,0.000000,0.000000,-0.000000,1.575000,0.000000,112.080000
8.647,0.000000,0.000000,0.000000,-0.000000,1.575000,0.000000,112.080000
8.672,0.000000,0.000000,0.000000,-0.000000,1.575000,0.000000,112.080000
8.694,0.000000,0.000000,0.000000,-0.000000,1.575000,0.000000,112.080000
8.716,0.000000,0.000000,0.000000,-0.000000,1.575000,0.000000,112.080000
8.739,0.000000,0.000000,0.000000,-0.000000,1.575000,0.000000,112.080000
8.766,0.000000,0.000000,0.000000,-0.000000,1.575000,0.000000,112.080000
8.789,0.000000,0.000000,0.000000,-0.000000,1.575000,0.000000,112.080000
8.811,0.000000,0.000000,0.000000,-0.000000,1.575000,0.000000,112.080000
8.839,0.000000,0.000000,0.000000,-0.000000,1.575000,0.000000,112.080000
8.862,0.000000,0.000000,0.000000,-0.000000,1.575000,0.000000,112.080000
8.883,0.000000,0.000000,0.000000,-0.000000,1.575000,0.000000,112.080000
8.906,0.000000,0.000000,0.000000,-0.000000,1.575000,0.000000,112.080000
8.933,0.000000,0.000000,0.000000,-0.000000,1.575000,0.000000,112.080000
8.956,0.000000,0.000000,0.000000,-0.000000,1.575000,0.000000,112.080000
8.977,0.000000,0.000000,0.000000,-0.000000,1.575000,0.000000,112.080000
9.005,0.000000,0.000000,0.000000,-0.000000,1.575000,0.000000,112.080000
9.027,0.000000,0.000000,0.000000,-0.000000,1.575000,0.000000,112.080000
9.050,0.000000,0.000000,0.000000,-0.000000,1.575000,0.000000,112.080000
9.077,0.000000,0.000000,0.000000,-0.000000,1.575000,0.000000,112.080000
9.099,0.000000,0.000000,0.000000,-0.000000,1.575000,0.000000,112.080000
9.122,0.000000,0.000000,0.000000,-0.000000,1.575000,0.000000,112.080000
9.147,0.000000,0.000000,0.000000,-0.000000,1.575000,0.000000,112.080000
9.172,0.000000,0.000000,0.000000,-0.000000,1.575000,0.000000,112.080000
9.195,0.000000,0.000000,0.000000,-0.000000,1.575000,0.000000,112.080000
9.216,0.000000,0.000000,0.000000,-0.000000,1.575000,0.000000,112.080000
9.245,0.000000,0.000000,0.000000,-0.000000,1.575000,0.000000,112.080000
9.266,0.000000,0.000000,0.000000,-0.000000,1.575000,0.000000,112.080000
9.289,0.000000,0.000000,0.000000,-0.000000,1.575000,0.000000,112.080000
9.316,0.000000,0.000000,0.000000,-0.000000,1.575000,0.000000,112.080000
9.338,0.000000,0.000000,0.000000,-0.000000,1.575000,0.000000,112.080000
9.362,0.000000,0.000000,0.000000,-0.000000,1.575000,0.000000,112.080000
9.383,0.000000,0.000000,0.000000,-0.000000,1.575000,0.000000,112.080000
9.411,0.000000,0.000000,0.000000,-0.000000,1.575000,0.000000,112.080000
9.433,0.000000,0.000000,0.000000,-0.000000,1.575000,0.000000,112.080000
9.456,0.000000,0.000000,0.000000,-0.000000,1.575000,0.000000,112.080000
9.483,0.000000,0.000000,0.000000,-0.000000,1.575000,0.000000,112.080000
9.505,0.000000,0.000000,0.000000,-0.000000,1.575000,0.000000,112.080000
9.527,0.000000,0.000000,0.000000,-0.000000,1.575000,0.000000,112.080000
9.550,0.000000,0.000000,0.000000,-0.000000,1.575000,0.000000,112.080000
9.577,0.000000,0.000000,0.000000,-0.000000,1.575000,0.000000,112.080000
9.599,0.000000,0.000000,0.000000,-0.000000,1.575000,0.000000,112.080000
9.622,0.000000,0.000000,0.000000,-0.000000,1.575000,0.000000,112.080000
9.650,0.000000,0.000000,0.000000,-0.000000,1.575000,0.000000,112.080000
9.672,0.000000,0.000000,0.000000,-0.000000,1.575000,0.000000,112.080000
9.695,0.000000,0.000000,0.000000,-0.000000,1.575000,0.000000,112.080000
9.722,0.000000,0.000000,0.000000,-0.000000,1.575000,0.000000,112.080000
9.746,0.000000,0.000000,0.000000,-0.000000,1.575000,0.000000,112.080000
9.766,0.000000,0.000000,0.000000,-0.000000,1.575000,0.000000,112.080000
9.789,0.000000,0.000000,0.000000,-0.000000,1.575000,0.000000,112.080000
9.816,0.000000,0.000000,0.000000,-0.000000,1.575000,0.000000,112.080000
9.838,0.000000,0.000000,0.000000,-0.000000,1.575000,0.000000,112.080000
9.862,0.000000,0.000000,0.000000,-0.000000,1.575000,0.000000,112.080000
9.889,0.000000,0.000000,0.000000,-0.000000,1.575000,0.000000,112.080000
9.911,0.000000,0.000000,0.000000,-0.000000,1.575000,0.000000,112.080000
9.933,0.000000,0.000000,0.000000,-0.000000,1.575000,0.000000,112.080000
9.961,0.000000,0.000000,0.000000,-0.000000,1.575000,0.000000,112.080000
9.983,0.000000,0.000000,0.000000,-0.000000,1.575000,0.000000,112.080000
10.006,0.000000,0.000000,0.000000,-0.000000,1.575000,0.000000,112.080000
10.027,0.000000,0.000000,0.000000,-0.000000,1.575000,0.000000,112.080000
10.055,0.000000,0.000000,0.000000,-0.000000,1.575000,0.000000,112.080000
10.077,0.000000,0.000000,0.000000,-0.000000,1.575000,0.000000,112.080000
10.100,0.000000,0.000000,0.000000,-0.000000,1.575000,0.000000,112.080000
10.127,0.000000,0.000000,0.000000,-0.000000,1.575000,0.000000,112.080000
10.149,0.000000,0.000000,0.000000,-0.000000,1.575000,0.000000,112.080000
10.172,0.000000,0.000000,0.000000,-0.000000,1.575000,0.000000,112.080000
10.199,0.000000,0.000000,0.000000,-0.000000,1.575000,0.000000,112.080000
10.222,0.000000,0.000000,0.000000,-0.000000,1.575000,0.000000,112.080000
10.245,0.000000,0.000000,0.000000,-0.000000,1.575000,0.000000,112.080000
10.266,0.000000,0.000000,0.000000,-0.000000,1.575000,0.000000,112.080000
10.294,0.000000,0.000000,0.000000,-0.000000,1.575000,0.000000,112.080000
10.316,0.000000,0.000000,0.000000,-0.000000,1.575000,0.000000,112.080000
10.338,0.000000,0.000000,0.000000,-0.000000,1.575000,0.000000,112.080000
10.366,0.000000,0.000000,0.000000,-0.000000,1.575000,0.000000,112.080000
10.388,0.000000,0.000000,0.000000,-0.000000,1.575000,0.000000,112.080000
10.411,0.000000,0.000000,0.000000,-0.000000,1.575000,0.000000,112.080000
10.433,0.000000,0.000000,0.000000,-0.000000,1.575000,0.000000,112.080000
10.461,0.000000,0.000000,0.000000,-0.000000,1.575000,0.000000,112.080000
10.483,0.000000,0.000000,0.000000,-0.000000,1.575000,0.000000,112.080000
10.506,0.000000,0.000000,0.000000,-0.000000,1.575000,0.000000,112.080000
10.533,0.000000,0.000000,0.000000,-0.000000,1.575000,0.000000,112.080000
10.555,0.000000,0.000000,0.000000,-0.000000,1.575000,0.000000,112.080000
10.577,0.000000,0.000000,0.000000,-0.000000,1.575000,0.000000,112.080000
10.605,0.000000,0.000000,0.000000,-0.000000,1.575000,0.000000,112.080000
10.627,0.000000,0.000000,0.000000,-0.000000,1.575000,0.000000,112.080000
10.650,0.000000,0.000000,0.000000,-0.000000,1.575000,0.000000,112.080000
10.672,0.000000,0.000000,0.000000,-0.000000,1.575000,0.000000,112.080000
10.699,0.000000,0.000000,0.000000,-0.000000,1.575000,0.000000,112.080000
10.722,0.000000,0.000000,0.000000,-0.000000,1.575000,0.000000,112.080000
10.747,0.000000,0.000000,0.000000,-0.000000,1.575000,0.000000,112.080000
10.772,0.000000,0.000000,0.000000,-0.000000,1.575000,0.000000,112.080000
10.795,0.000000,0.000000,0.000000,-0.000000,1.575000,0.000000,112.080000
10.816,0.000000,0.000000,0.000000,-0.000000,1.575000,0.000000,112.080000
10.844,0.000000,0.000000,0.000000,-0.000000,1.575000,0.000000,112.080000
10.866,0.000000,0.000000,0.000000,-0.000000,1.575000,0.000000,112.080000
10.888,0.000000,0.000000,0.000000,-0.000000,1.575000,0.000000,112.080000
10.912,0.000000,0.000000,0.000000,-0.000000,1.575000,0.000000,112.080000
10.938,0.000000,0.000000,0.000000,-0.000000,1.575000,0.000000,112.080000
10.962,0.000000,0.000000,0.000000,-0.000000,1.575000,0.000000,112.080000
10.983,0.000000,0.000000,0.000000,-0.000000,1.575000,0.000000,112.080000
11.010,0.000000,0.000000,0.000000,-0.000000,1.575000,0.000000,112.080000
11.033,0.000000,0.000000,0.000000,-0.000000,1.575000,0.000000,112.080000
11.055,0.000000,0.000000,0.000000,-0.000000,1.575000,0.000000,112.080000
11.077,0.000000,0.000000,0.000000,-0.000000,1.575000,0.000000,112.080000
11.106,0.000000,0.000000,0.000000,-0.000000,1.575000,0.000000,112.080000
11.127,0.000000,0.000000,0.000000,-0.000000,1.575000,0.000000,112.080000
11.150,0.000000,0.000000,0.000000,-0.000000,1.575000,0.000000,112.080000
11.177,0.000000,0.000000,0.000000,-0.000000,1.575000,0.000000,112.080000
11.200,0.000000,0.000000,0.000000,-0.000000,1.575000,0.000000,112.080000
11.222,0.000000,0.000000,0.000000,-0.000000,1.575000,0.000000,112.080000
11.249,0.000000,0.000000,0.000000,-0.000000,1.575000,0.000000,112.080000
11.272,0.000000,0.000000,0.000000,-0.000000,1.575000,0.000000,112.080000
11.295,0.000000,0.000000,0.000000,-0.000000,1.575000,0.000000,112.080000
11.316,0.000000,0.000000,0.000000,-0.000000,1.575000,0.000000,112.080000
11.344,0.000000,0.000000,0.000000,-0.000000,1.575000,0.000000,112.080000
11.366,0.000000,0.000000,0.000000,-0.000000,1.575000,0.000000,112.080000
11.389,0.000000,0.000000,0.000000,-0.000000,1.575000,0.000000,112.080000
11.416,0.000000,0.000000,0.000000,-0.000000,1.575000,0.000000,112.080000
11.438,0.000000,0.000000,0.000000,-0.000000,1.575000,0.000000,112.080000
11.461,0.000000,0.000000,0.000000,-0.000000,1.575000,0.000000,112.080000
11.488,0.000000,0.000000,0.000000,-0.000000,1.575000,0.000000,112.080000
11.511,0.000000,0.000000,0.000000,-0.000000,1.575000,0.000000,112.080000
11.533,0.000000,0.000000,0.000000,-0.000000,1.575000,0.000000,112.080000
11.555,0.000000,0.000000,0.000000,-0.000000,1.575000,0.000000,112.080000
11.583,0.000000,0.000000,0.000000,-0.000000,1.575000,0.000000,112.080000
11.605,0.000000,0.000000,0.000000,-0.000000,1.575000,0.000000,112.080000
11.627,0.000000,0.000000,0.000000,-0.000000,1.575000,0.000000,112.080000
11.655,0.000000,0.000000,0.000000,-0.000000,1.575000,0.000000,112.080000
11.677,0.000000,0.000000,0.000000,-0.000000,1.575000,0.000000,112.080000
11.699,0.000000,0.000000,0.000000,-0.000000,1.575000,0.000000,112.080000
11.727,0.000000,0.000000,0.000000,-0.000000,1.575000,0.000000,112.080000
11.749,0.000000,0.000000,0.000000,-0.000000,1.575000,0.000000,112.080000
11.772,0.000000,0.000000,0.000000,-0.000000,1.575000,0.000000,112.080000
11.795,0.000000,0.000000,0.000000,-0.000000,1.575000,0.000000,112.080000
11.821,0.000000,0.000000,0.000000,-0.000000,1.575000,0.000000,112.080000
11.845,0.000000,0.000000,0.000000,-0.000000,1.575000,0.000000,112.080000
11.866,0.000000,0.000000,0.000000,-0.000000,1.575000,0.000000,112.080000
11.894,0.000000,0.000000,0.000000,-0.000000,1.575000,0.000000,112.080000
11.916,0.000000,0.000000,0.000000,-0.000000,1.575000,0.000000,112.080000
11.922,0.000000,0.000000,0.000000,0.000000,0.000000,0.000000,36.530000
11.933,0.000000,0.000000,0.000000,0.000000,0.000000,0.000000,36.530000
11.938,0.000000,0.000000,0.000000,0.000000,0.000000,0.000000,36.530000
11.949,0.000000,0.000000,0.000000,0.000000,0.000000,0.000000,36.530000
11.955,0.000000,0.000000,0.000000,0.000000,0.000000,0.000000,36.530000
11.966,0.000000,0.000000,0.000000,0.000000,0.000000,0.000000,36.530000
11.972,0.000000,0.000000,0.000000,0.000000,0.000000,0.000000,36.530000
11.983,0.000000,0.000000,0.000000,0.000000,0.000000,0.000000,36.530000
11.988,0.000000,0.000000,0.000000,0.000000,0.000000,0.000000,36.530000
11.999,0.000000,0.000000,0.000000,0.000000,0.000000,0.000000,36.530000
12.005,0.000000,0.000000,0.000000,0.000000,0.000000,0.000000,36.530000
12.016,0.000000,0.000000,0.000000,0.000000,0.000000,0.000000,36.530000
12.022,0.000000,0.000000,0.000000,0.000000,0.000000,0.000000,36.530000
12.032,0.000000,0.000000,0.000000,0.000000,0.000000,0.000000,36.530000
12.038,0.000000,0.000000,0.000000,0.000000,0.000000,0.000000,36.530000
12.050,0.000000,0.000000,0.000000,0.000000,0.000000,0.000000,36.530000
12.055,0.000000,0.000000,0.000000,0.000000,0.000000,0.000000,36.530000
12.066,0.000000,0.000000,0.000000,0.000000,0.000000,0.000000,36.530000
12.072,0.000000,0.000000,0.000000,0.000000,0.000000,0.000000,36.530000
12.082,0.000000,0.000000,0.000000,0.000000,0.000000,0.000000,36.530000
12.089,0.000000,0.000000,0.000000,0.000000,0.000000,0.000000,36.530000
12.099,0.000000,0.000000,0.000000,0.000000,0.000000,0.000000,36.530000
12.106,0.000000,0.000000,0.000000,0.000000,0.000000,0.000000,36.530000
12.116,0.000000,0.000000,0.000000,0.000000,0.000000,0.000000,36.530000
12.122,0.000000,0.000000,0.000000,0.000000,0.000000,0.000000,36.530000
12.132,0.000000,0.000000,0.000000,0.000000,0.000000,0.000000,36.530000
12.138,0.000000,0.000000,0.000000,0.000000,0.000000,0.000000,36.530000
12.150,0.000000,0.000000,0.000000,0.000000,0.000000,0.000000,36.530000
12.156,0.000000,0.000000,0.000000,0.000000,0.000000,0.000000,36.530000
12.166,0.000000,0.000000,0.000000,0.000000,0.000000,0.000000,36.530000
12.172,0.000000,0.000000,0.000000,0.000000,0.000000,0.000000,36.530000
12.183,0.000000,0.000000,0.000000,0.000000,0.000000,0.000000,36.530000
12.188,0.000000,0.000000,0.000000,0.000000,0.000000,0.000000,36.530000
12.199,0.000000,0.000000,0.000000,0.000000,0.000000,0.000000,36.530000
12.205,0.000000,0.000000,0.000000,0.000000,0.000000,0.000000,36.530000
12.216,0.000000,0.000000,0.000000,0.000000,0.000000,0.000000,36.530000
12.222,0.000000,0.000000,0.000000,0.000000,0.000000,0.000000,36.530000
12.233,0.000000,0.000000,0.000000,0.000000,0.000000,0.000000,36.530000
12.238,0.000000,0.000000,0.000000,0.000000,0.000000,0.000000,36.530000
12.249,0.000000,0.000000,0.000000,0.000000,0.000000,0.000000,36.530000
12.256,0.000000,0.000000,0.000000,0.000000,0.000000,0.000000,36.530000
12.266,0.000000,0.000000,0.000000,0.000000,0.000000,0.000000,36.530000
12.272,0.000000,0.000000,0.000000,0.000000,0.000000,0.000000,36.530000
12.283,0.000000,0.000000,0.000000,0.000000,0.000000,0.000000,36.530000
12.288,0.000000,0.000000,0.000000,0.000000,0.000000,0.000000,36.530000
12.299,0.000000,0.000000,0.000000,0.000000,0.000000,0.000000,36.530000
12.306,0.000000,0.000000,0.000000,0.000000,0.000000,0.000000,36.530000
12.316,0.000000,0.000000,0.000000,0.000000,0.000000,0.000000,36.530000
12.322,0.000000,0.000000,0.000000,0.000000,0.000000,0.000000,36.530000
12.333,0.000000,0.000000,0.000000,0.000000,0.000000,0.000000,36.530000
12.338,0.000000,0.000000,0.000000,0.000000,0.000000,0.000000,36.530000
12.349,0.000000,0.000000,0.000000,0.000000,0.000000,0.000000,36.530000
12.355,0.000000,0.000000,0.000000,0.000000,0.000000,0.000000,36.530000
12.366,0.000000,0.000000,0.000000,0.000000,0.000000,0.000000,36.530000
12.372,0.000000,0.000000,0.000000,0.000000,0.000000,0.000000,36.530000
12.382,0.000000,0.000000,0.000000,0.000000,0.000000,0.000000,36.530000
12.388,0.000000,0.000000,0.000000,0.000000,0.000000,0.000000,36.530000
12.399,0.000000,0.000000,0.000000,0.000000,0.000000,0.000000,36.530000
12.405,0.000000,0.000000,0.000000,0.000000,0.000000,0.000000,36.530000
12.416,0.000000,0.000000,0.000000,0.000000,0.000000,0.000000,36.530000
12.422,0.000000,0.000000,0.000000,0.000000,0.000000,0.000000,36.530000
12.433,0.000000,0.000000,0.000000,0.000000,0.000000,0.000000,36.530000
12.438,0.000000,0.000000,0.000000,0.000000,0.000000,0.000000,36.530000
12.449,0.000000,0.000000,0.000000,0.000000,0.000000,0.000000,36.530000
12.455,0.000000,0.000000,0.000000,0.000000,0.000000,0.000000,36.530000
12.466,0.000000,0.000000,0.000000,0.000000,0.000000,0.000000,36.530000
12.472,0.000000,0.000000,0.000000,0.000000,0.000000,0.000000,36.530000
12.482,0.000000,0.000000,0.000000,0.000000,0.000000,0.000000,36.530000
12.488,0.000000,0.000000,0.000000,0.000000,0.000000,0.000000,36.530000
12.499,0.000000,0.000000,0.000000,0.000000,0.000000,0.000000,36.530000
12.505,0.000000,0.000000,0.000000,0.000000,0.000000,0.000000,36.530000
12.516,0.000000,0.000000,0.000000,0.000000,0.000000,0.000000,36.530000
12.522,0.000000,0.000000,0.000000,0.000000,0.000000,0.000000,36.530000
12.533,0.000000,0.000000,0.000000,0.000000,0.000000,0.000000,36.530000
12.538,0.000000,0.000000,0.000000,0.000000,0.000000,0.000000,36.530000
12.550,0.000000,0.000000,0.000000,0.000000,0.000000,0.000000,36.530000
12.555,0.000000,0.000000,0.000000,0.000000,0.000000,0.000000,36.530000
12.566,0.000000,0.000000,0.000000,0.000000,0.000000,0.000000,36.530000
12.572,0.000000,0.000000,0.000000,0.000000,0.000000,0.000000,36.530000
12.582,0.000000,0.000000,0.000000,0.000000,0.000000,0.000000,36.530000
12.588,0.000000,0.000000,0.000000,0.000000,0.000000,0.000000,36.530000
12.599,0.000000,0.000000,0.000000,0.000000,0.000000,0.000000,36.530000
12.605,0.000000,0.000000,0.000000,0.000000,0.000000,0.000000,36.530000
12.616,0.000000,0.000000,0.000000,0.000000,0.000000,0.000000,36.530000
12.621,0.000000,0.000000,0.000000,0.000000,0.000000,0.000000,36.530000
12.633,0.000000,0.000000,0.000000,0.000000,0.000000,0.000000,36.530000
12.638,0.000000,0.000000,0.000000,0.000000,0.000000,0.000000,36.530000
12.650,0.000000,0.000000,0.000000,0.000000,0.000000,0.000000,36.530000
12.655,0.000000,0.000000,0.000000,0.000000,0.000000,0.000000,36.530000
12.666,0.000000,0.000000,0.000000,0.000000,0.000000,0.000000,36.530000
12.672,0.000000,0.000000,0.000000,0.000000,0.000000,0.000000,36.530000
12.682,0.000000,0.000000,0.000000,0.000000,0.000000,0.000000,36.530000
12.688,0.000000,0.000000,0.000000,0.000000,0.000000,0.000000,36.530000
12.699,0.000000,0.000000,0.000000,0.000000,0.000000,0.000000,36.530000
12.706,0.000000,0.000000,0.000000,0.000000,0.000000,0.000000,36.530000
12.716,0.000000,0.000000,0.000000,0.000000,0.000000,0.000000,36.530000
12.722,0.000000,0.000000,0.000000,0.000000,0.000000,0.000000,36.530000
12.733,0.000000,0.000000,0.000000,0.000000,0.000000,0.000000,36.530000
12.738,0.000000,0.000000,0.000000,0.000000,0.000000,0.000000,36.530000
12.750,0.000000,0.000000,0.000000,0.000000,0.000000,0.000000,36.530000
12.757,0.000000,0.000000,0.000000,0.000000,0.000000,0.000000,36.530000
12.767,0.000000,0.000000,0.000000,0.000000,0.000000,0.000000,36.530000
12.771,0.000000,0.000000,0.000000,0.000000,0.000000,0.000000,36.530000
12.782,0.000000,0.000000,0.000000,0.000000,0.000000,0.000000,36.530000
12.788,0.000000,0.000000,0.000000,0.000000,0.000000,0.000000,36.530000
12.800,0.000000,0.000000,0.000000,0.000000,0.000000,0.000000,36.530000
12.805,0.000000,0.000000,0.000000,0.000000,0.000000,0.000000,36.530000
12.816,0.000000,0.000000,0.000000,0.000000,0.000000,0.000000,36.530000
12.821,0.000000,0.000000,0.000000,0.000000,0.000000,0.000000,36.530000
12.833,0.000000,0.000000,0.000000,0.000000,0.000000,0.000000,36.530000
12.838,0.000000,0.000000,0.000000,0.000000,0.000000,0.000000,36.530000
12.849,0.000000,0.000000,0.000000,0.000000,0.000000,0.000000,36.530000
12.855,0.000000,0.000000,0.000000,0.000000,0.000000,0.000000,36.530000
12.866,0.000000,0.000000,0.000000,0.000000,0.000000,0.000000,36.530000
12.871,0.000000,0.000000,0.000000,0.000000,0.000000,0.000000,36.530000
12.882,0.000000,0.000000,0.000000,0.000000,0.000000,0.000000,36.530000
12.888,0.000000,0.000000,0.000000,0.000000,0.000000,0.000000,36.530000
12.899,0.000000,0.000000,0.000000,0.000000,0.000000,0.000000,36.530000
12.906,0.000000,0.000000,0.000000,0.000000,0.000000,0.000000,36.530000
12.916,0.000000,0.000000,0.000000,0.000000,0.000000,0.000000,36.530000
12.922,0.000000,0.000000,0.000000,0.000000,0.000000,0.000000,36.530000
12.933,0.000000,0.000000,0.000000,0.000000,0.000000,0.000000,36.530000
12.938,0.000000,0.000000,0.000000,0.000000,0.000000,0.000000,36.530000
12.950,0.000000,0.000000,0.000000,0.000000,0.000000,0.000000,36.530000
12.955,0.000000,0.000000,0.000000,0.000000,0.000000,0.000000,36.530000
12.966,0.000000,0.000000,0.000000,0.000000,0.000000,0.000000,36.530000
12.972,0.000000,0.000000,0.000000,0.000000,0.000000,0.000000,36.530000
12.982,0.000000,0.000000,0.000000,0.000000,0.000000,0.000000,36.530000
12.988,0.000000,0.000000,0.000000,0.000000,0.000000,0.000000,36.530000
12.999,0.000000,0.000000,0.000000,0.000000,0.000000,0.000000,36.530000
13.006,0.000000,0.000000,0.000000,0.000000,0.000000,0.000000,36.530000
13.016,0.000000,0.000000,0.000000,0.000000,0.000000,0.000000,36.530000
13.022,0.000000,0.000000,0.000000,0.000000,0.000000,0.000000,36.530000
13.032,0.000000,0.000000,0.000000,0.000000,0.000000,0.000000,36.530000
13.038,0.000000,0.000000,0.000000,0.000000,0.000000,0.000000,36.530000
13.050,0.000000,0.000000,0.000000,0.000000,0.000000,0.000000,36.530000
13.055,0.000000,0.000000,0.000000,0.000000,0.000000,0.000000,36.530000
13.066,0.000000,0.000000,0.000000,0.000000,0.000000,0.000000,36.530000
13.072,0.000000,0.000000,0.000000,0.000000,0.000000,0.000000,36.530000
13.082,0.000000,0.000000,0.000000,0.000000,0.000000,0.000000,36.530000
13.088,0.000000,0.000000,0.000000,0.000000,0.000000,0.000000,36.530000
13.099,0.000000,0.000000,0.000000,0.000000,0.000000,0.000000,36.530000
13.105,0.000000,0.000000,0.000000,0.000000,0.000000,0.000000,36.530000
13.116,0.000000,0.000000,0.000000,0.000000,0.000000,0.000000,36.530000
13.122,0.000000,0.000000,0.000000,0.000000,0.000000,0.000000,36.530000
13.132,0.000000,0.000000,0.000000,0.000000,0.000000,0.000000,36.530000
13.138,0.000000,0.000000,0.000000,0.000000,0.000000,0.000000,36.530000
13.149,0.000000,0.000000,0.000000,0.000000,0.000000,0.000000,36.530000
13.155,0.000000,0.000000,0.000000,0.000000,0.000000,0.000000,36.530000
13.166,0.000000,0.000000,0.000000,0.000000,0.000000,0.000000,36.530000
13.172,0.000000,0.000000,0.000000,0.000000,0.000000,0.000000,36.530000
13.182,0.000000,0.000000,0.000000,0.000000,0.000000,0.000000,36.530000
13.188,0.000000,0.000000,0.000000,0.000000,0.000000,0.000000,36.530000
13.199,0.000000,0.000000,0.000000,0.000000,0.000000,0.000000,36.530000
13.206,0.000000,0.000000,0.000000,0.000000,0.000000,0.000000,36.530000
13.216,0.000000,0.000000,0.000000,0.000000,0.000000,0.000000,36.530000
13.222,0.000000,0.000000,0.000000,0.000000,0.000000,0.000000,36.530000
13.232,0.000000,0.000000,0.000000,0.000000,0.000000,0.000000,36.530000
13.238,0.000000,0.000000,0.000000,0.000000,0.000000,0.000000,36.530000
13.249,0.000000,0.000000,0.000000,0.000000,0.000000,0.000000,36.530000
13.255,0.000000,0.000000,0.000000,0.000000,0.000000,0.000000,36.530000
13.266,0.000000,0.000000,0.000000,0.000000,0.000000,0.000000,36.530000
13.271,0.000000,0.000000,0.000000,0.000000,0.000000,0.000000,36.530000
13.282,0.000000,0.000000,0.000000,0.000000,0.000000,0.000000,36.530000
13.288,0.000000,0.000000,0.000000,0.000000,0.000000,0.000000,36.530000
13.299,0.000000,0.000000,0.000000,0.000000,0.000000,0.000000,36.530000
13.305,0.000000,0.000000,0.000000,0.000000,0.000000,0.000000,36.530000
13.316,0.000000,0.000000,0.000000,0.000000,0.000000,0.000000,36.530000
13.321,0.000000,0.000000,0.000000,0.000000,0.000000,0.000000,36.530000
13.332,0.000000,0.000000,0.000000,0.000000,0.000000,0.000000,36.530000
13.338,0.000000,0.000000,0.000000,0.000000,0.000000,0.000000,36.530000
13.350,0.000000,0.000000,0.000000,0.000000,0.000000,0.000000,36.530000
13.355,0.000000,0.000000,0.000000,0.000000,0.000000,0.000000,36.530000
13.366,0.000000,0.000000,0.000000,0.000000,0.000000,0.000000,36.530000
13.372,0.000000,0.000000,0.000000,0.000000,0.000000,0.000000,36.530000
13.382,0.000000,0.000000,0.000000,0.000000,0.000000,0.000000,36.530000
13.388,0.000000,0.000000,0.000000,0.000000,0.000000,0.000000,36.530000
13.399,0.000000,0.000000,0.000000,0.000000,0.000000,0.000000,36.530000
13.405,0.000000,0.000000,0.000000,0.000000,0.000000,0.000000,36.530000
13.416,0.000000,0.000000,0.000000,0.000000,0.000000,0.000000,36.530000
13.421,0.000000,0.000000,0.000000,0.000000,0.000000,0.000000,36.530000
13.432,0.000000,0.000000,0.000000,0.000000,0.000000,0.000000,36.530000
13.438,0.000000,0.000000,0.000000,0.000000,0.000000,0.000000,36.530000
13.449,0.000000,0.000000,0.000000,0.000000,0.000000,0.000000,36.530000
13.455,0.000000,0.000000,0.000000,0.000000,0.000000,0.000000,36.530000
13.466,0.000000,0.000000,0.000000,0.000000,0.000000,0.000000,36.530000
13.472,0.000000,0.000000,0.000000,0.000000,0.000000,0.000000,36.530000
13.482,0.000000,0.000000,0.000000,0.000000,0.000000,0.000000,36.530000
13.488,0.000000,0.000000,0.000000,0.000000,0.000000,0.000000,36.530000
13.499,0.000000,0.000000,0.000000,0.000000,0.000000,0.000000,36.530000
13.505,0.000000,0.000000,0.000000,0.000000,0.000000,0.000000,36.530000
13.516,0.000000,0.000000,0.000000,0.000000,0.000000,0.000000,36.530000
13.522,0.000000,0.000000,0.000000,0.000000,0.000000,0.000000,36.530000
13.532,0.000000,0.000000,0.000000,0.000000,0.000000,0.000000,36.530000
13.538,0.000000,0.000000,0.000000,0.000000,0.000000,0.000000,36.530000
13.549,0.000000,0.000000,0.000000,0.000000,0.000000,0.000000,36.530000
13.556,0.000000,0.000000,0.000000,0.000000,0.000000,0.000000,36.530000
13.566,0.000000,0.000000,0.000000,0.000000,0.000000,0.000000,36.530000
13.572,0.000000,0.000000,0.000000,0.000000,0.000000,0.000000,36.530000
13.582,0.000000,0.000000,0.000000,0.000000,0.000000,0.000000,36.530000
13.588,0.000000,0.000000,0.000000,0.000000,0.000000,0.000000,36.530000
13.599,0.000000,0.000000,0.000000,0.000000,0.000000,0.000000,36.530000
13.605,0.000000,0.000000,0.000000,0.000000,0.000000,0.000000,36.530000
13.616,0.000000,0.000000,0.000000,0.000000,0.000000,0.000000,36.530000
13.622,0.000000,0.000000,0.000000,0.000000,0.000000,0.000000,36.530000
13.632,0.000000,0.000000,0.000000,0.000000,0.000000,0.000000,36.530000
13.638,0.000000,0.000000,0.000000,0.000000,0.000000,0.000000,36.530000
13.649,0.000000,0.000000,0.000000,0.000000,0.000000,0.000000,36.530000
13.656,0.000000,0.000000,0.000000,0.000000,0.000000,0.000000,36.530000
13.666,0.000000,0.000000,0.000000,0.000000,0.000000,0.000000,36.530000
13.671,0.000000,0.000000,0.000000,0.000000,0.000000,0.000000,36.530000
13.682,0.000000,0.000000,0.000000,0.000000,0.000000,0.000000,36.530000
13.688,0.000000,0.000000,0.000000,0.000000,0.000000,0.000000,36.530000
13.699,0.000000,0.000000,0.000000,0.000000,0.000000,0.000000,36.530000
13.705,0.000000,0.000000,0.000000,0.000000,0.000000,0.000000,36.530000
13.716,0.000000,0.000000,0.000000,0.000000,0.000000,0.000000,36.530000
13.721,0.000000,0.000000,0.000000,0.000000,0.000000,0.000000,36.530000
13.732,0.000000,0.000000,0.000000,0.000000,0.000000,0.000000,36.530000
13.738,0.000000,0.000000,0.000000,0.000000,0.000000,0.000000,36.530000
13.750,0.000000,0.000000,0.000000,0.000000,0.000000,0.000000,36.530000
13.755,0.000000,0.000000,0.000000,0.000000,0.000000,0.000000,36.530000
13.766,0.000000,0.000000,0.000000,0.000000,0.000000,0.000000,36.530000
13.772,0.000000,0.000000,0.000000,0.000000,0.000000,0.000000,36.530000
13.782,0.000000,0.000000,0.000000,0.000000,0.000000,0.000000,36.530000
13.788,0.000000,0.000000,0.000000,0.000000,0.000000,0.000000,36.530000
13.799,0.000000,0.000000,0.000000,0.000000,0.000000,0.000000,36.530000
13.806,0.000000,0.000000,0.000000,0.000000,0.000000,0.000000,36.530000
13.816,0.000000,0.000000,0.000000,0.000000,0.000000,0.000000,36.530000
13.821,0.000000,0.000000,0.000000,0.000000,0.000000,0.000000,36.530000
13.832,0.000000,0.000000,0.000000,0.000000,0.000000,0.000000,36.530000
13.838,0.000000,0.000000,0.000000,0.000000,0.000000,0.000000,36.530000
13.850,0.000000,0.000000,0.000000,0.000000,0.000000,0.000000,36.530000
13.855,0.000000,0.000000,0.000000,0.000000,0.000000,0.000000,36.530000
13.866,0.000000,0.000000,0.000000,0.000000,0.000000,0.000000,36.530000
13.872,0.000000,0.000000,0.000000,0.000000,0.000000,0.000000,36.530000
13.882,0.000000,0.000000,0.000000,0.000000,0.000000,0.000000,36.530000
13.888,0.000000,0.000000,0.000000,0.000000,0.000000,0.000000,36.530000
13.899,0.000000,0.000000,0.000000,0.000000,0.000000,0.000000,36.530000
13.905,0.000000,0.000000,0.000000,0.000000,0.000000,0.000000,36.530000
13.916,0.000000,0.000000,0.000000,0.000000,0.000000,0.000000,36.530000
13.922,0.000000,0.000000,0.000000,0.000000,0.000000,0.000000,36.530000
13.932,0.000000,0.000000,0.000000,0.000000,0.000000,0.000000,36.530000
13.938,0.000000,0.000000,0.000000,0.000000,0.000000,0.000000,36.530000
13.949,0.000000,0.000000,0.000000,0.000000,0.000000,0.000000,36.530000
13.955,0.000000,0.000000,0.000000,0.000000,0.000000,0.000000,36.530000
13.966,0.000000,0.000000,0.000000,0.000000,0.000000,0.000000,36.530000
13.972,0.000000,0.000000,0.000000,0.000000,0.000000,0.000000,36.530000
13.982,0.000000,0.000000,0.000000,0.000000,0.000000,0.000000,36.530000
13.988,0.000000,0.000000,0.000000,0.000000,0.000000,0.000000,36.530000
14.000,0.000000,0.000000,0.000000,0.000000,0.000000,0.000000,36.530000
14.005,0.000000,0.000000,0.000000,0.000000,0.000000,0.000000,36.530000
14.016,0.000000,0.000000,0.000000,0.000000,0.000000,0.000000,36.530000
14.021,0.000000,0.000000,0.000000,0.000000,0.000000,0.000000,36.530000
14.032,0.000000,0.000000,0.000000,0.000000,0.000000,0.000000,36.530000
14.038,0.000000,0.000000,0.000000,0.000000,0.000000,0.000000,36.530000
14.049,0.000000,0.000000,0.000000,0.000000,0.000000,0.000000,36.530000
14.055,0.000000,0.000000,0.000000,0.000000,0.000000,0.000000,36.530000
14.066,0.000000,0.000000,0.000000,0.000000,0.000000,0.000000,36.530000
14.071,0.000000,0.000000,0.000000,0.000000,0.000000,0.000000,36.530000
14.082,0.000000,0.000000,0.000000,0.000000,0.000000,0.000000,36.530000
14.088,0.000000,0.000000,0.000000,0.000000,0.000000,0.000000,36.530000
14.099,0.000000,0.000000,0.000000,0.000000,0.000000,0.000000,36.530000
14.105,0.000000,0.000000,0.000000,0.000000,0.000000,0.000000,36.530000
14.116,0.000000,0.000000,0.000000,0.000000,0.000000,0.000000,36.530000
14.121,0.000000,0.000000,0.000000,0.000000,0.000000,0.000000,36.530000
14.132,0.000000,0.000000,0.000000,0.000000,0.000000,0.000000,36.530000
14.138,0.000000,0.000000,0.000000,0.000000,0.000000,0.000000,36.530000
14.149,0.000000,0.000000,0.000000,0.000000,0.000000,0.000000,36.530000
14.155,0.000000,0.000000,0.000000,0.000000,0.000000,0.000000,36.530000
14.166,0.000000,0.000000,0.000000,0.000000,0.000000,0.000000,36.530000
14.172,0.000000,0.000000,0.000000,0.000000,0.000000,0.000000,36.530000
14.182,0.000000,0.000000,0.000000,0.000000,0.000000,0.000000,36.530000
14.188,0.000000,0.000000,0.000000,0.000000,0.000000,0.000000,36.530000
14.199,0.000000,0.000000,0.000000,0.000000,0.000000,0.000000,36.530000
14.205,0.000000,0.000000,0.000000,0.000000,0.000000,0.000000,36.530000
14.216,0.000000,0.000000,0.000000,0.000000,0.000000,0.000000,36.530000
14.222,0.000000,0.000000,0.000000,0.000000,0.000000,0.000000,36.530000
14.232,0.000000,0.000000,0.000000,0.000000,0.000000,0.000000,36.530000
14.238,0.000000,0.000000,0.000000,0.000000,0.000000,0.000000,36.530000
14.249,0.000000,0.000000,0.000000,0.000000,0.000000,0.000000,36.530000
14.255,0.000000,0.000000,0.000000,0.000000,0.000000,0.000000,36.530000
14.266,0.000000,0.000000,0.000000,0.000000,0.000000,0.000000,36.530000
14.271,0.000000,0.000000,0.000000,0.000000,0.000000,0.000000,36.530000
14.282,0.000000,0.000000,0.000000,0.000000,0.000000,0.000000,36.530000
14.288,0.000000,0.000000,0.000000,0.000000,0.000000,0.000000,36.530000
14.300,0.000000,0.000000,0.000000,0.000000,0.000000,0.000000,36.530000
14.306,0.000000,0.000000,0.000000,0.000000,0.000000,0.000000,36.530000
14.316,0.000000,0.000000,0.000000,0.000000,0.000000,0.000000,36.530000
14.321,0.000000,0.000000,0.000000,0.000000,0.000000,0.000000,36.530000
14.332,0.000000,0.000000,0.000000,0.000000,0.000000,0.000000,36.530000
14.338,0.000000,0.000000,0.000000,0.000000,0.000000,0.000000,36.530000
14.349,0.000000,0.000000,0.000000,0.000000,0.000000,0.000000,36.530000
14.355,0.000000,0.000000,0.000000,0.000000,0.000000,0.000000,36.530000
14.366,0.000000,0.000000,0.000000,0.000000,0.000000,0.000000,36.530000
14.372,0.000000,0.000000,0.000000,0.000000,0.000000,0.000000,36.530000
14.382,0.000000,0.000000,0.000000,0.000000,0.000000,0.000000,36.530000
14.388,0.000000,0.000000,0.000000,0.000000,0.000000,0.000000,36.530000
14.400,0.000000,0.000000,0.000000,0.000000,0.000000,0.000000,36.530000
14.405,0.000000,0.000000,0.000000,0.000000,0.000000,0.000000,36.530000
14.416,0.000000,0.000000,0.000000,0.000000,0.000000,0.000000,36.530000
14.421,0.000000,0.000000,0.000000,0.000000,0.000000,0.000000,36.530000
14.432,0.000000,0.000000,0.000000,0.000000,0.000000,0.000000,36.530000
14.438,0.000000,0.000000,0.000000,0.000000,0.000000,0.000000,36.530000
14.449,0.000000,0.000000,0.000000,0.000000,0.000000,0.000000,36.530000
14.455,0.000000,0.000000,0.000000,0.000000,0.000000,0.000000,36.530000
14.466,0.000000,0.000000,0.000000,0.000000,0.000000,0.000000,36.530000
14.471,0.000000,0.000000,0.000000,0.000000,0.000000,0.000000,36.530000
14.482,0.000000,0.000000,0.000000,0.000000,0.000000,0.000000,36.530000
14.488,0.000000,0.000000,0.000000,0.000000,0.000000,0.000000,36.530000
14.499,0.000000,0.000000,0.000000,0.000000,0.000000,0.000000,36.530000
14.505,0.000000,0.000000,0.000000,0.000000,0.000000,0.000000,36.530000
14.516,0.000000,0.000000,0.000000,0.000000,0.000000,0.000000,36.530000
14.522,0.000000,0.000000,0.000000,0.000000,0.000000,0.000000,36.530000
14.532,0.000000,0.000000,0.000000,0.000000,0.000000,0.000000,36.530000
14.538,0.000000,0.000000,0.000000,0.000000,0.000000,0.000000,36.530000
14.550,0.000000,0.000000,0.000000,0.000000,0.000000,0.000000,36.530000
14.555,0.000000,0.000000,0.000000,0.000000,0.000000,0.000000,36.530000
14.566,0.000000,0.000000,0.000000,0.000000,0.000000,0.000000,36.530000
14.572,0.000000,0.000000,0.000000,0.000000,0.000000,0.000000,36.530000
14.582,0.000000,0.000000,0.000000,0.000000,0.000000,0.000000,36.530000
14.588,0.000000,0.000000,0.000000,0.000000,0.000000,0.000000,36.530000
14.600,0.000000,0.000000,0.000000,0.000000,0.000000,0.000000,36.530000
14.605,0.000000,0.000000,0.000000,0.000000,0.000000,0.000000,36.530000
14.616,0.000000,0.000000,0.000000,0.000000,0.000000,0.000000,36.530000
14.621,0.000000,0.000000,0.000000,0.000000,0.000000,0.000000,36.530000
14.632,0.000000,0.000000,0.000000,0.000000,0.000000,0.000000,36.530000
14.638,0.000000,0.000000,0.000000,0.000000,0.000000,0.000000,36.530000
14.650,0.000000,0.000000,0.000000,0.000000,0.000000,0.000000,36.530000
14.655,0.000000,0.000000,0.000000,0.000000,0.000000,0.000000,36.530000
14.666,0.000000,0.000000,0.000000,0.000000,0.000000,0.000000,36.530000
14.671,0.000000,0.000000,0.000000,0.000000,0.000000,0.000000,36.530000
14.682,0.000000,0.000000,0.000000,0.000000,0.000000,0.000000,36.530000
14.688,0.000000,0.000000,0.000000,0.000000,0.000000,0.000000,36.530000
14.699,0.000000,0.000000,0.000000,0.000000,0.000000,0.000000,36.530000
14.705,0.000000,0.000000,0.000000,0.000000,0.000000,0.000000,36.530000
14.716,0.000000,0.000000,0.000000,0.000000,0.000000,0.000000,36.530000
14.721,0.000000,0.000000,0.000000,0.000000,0.000000,0.000000,36.530000
14.732,0.000000,0.000000,0.000000,0.000000,0.000000,0.000000,36.530000
14.738,0.000000,0.000000,0.000000,0.000000,0.000000,0.000000,36.530000
14.749,0.000000,0.000000,0.000000,0.000000,0.000000,0.000000,36.530000
14.755,0.000000,0.000000,0.000000,0.000000,0.000000,0.000000,36.530000
14.766,0.000000,0.000000,0.000000,0.000000,0.000000,0.000000,36.530000
14.772,0.000000,0.000000,0.000000,0.000000,0.000000,0.000000,36.530000
14.782,0.000000,0.000000,0.000000,0.000000,0.000000,0.000000,36.530000
14.788,0.000000,0.000000,0.000000,0.000000,0.000000,0.000000,36.530000
14.799,0.000000,0.000000,0.000000,0.000000,0.000000,0.000000,36.530000
14.805,0.000000,0.000000,0.000000,0.000000,0.000000,0.000000,36.530000
14.816,0.000000,0.000000,0.000000,0.000000,0.000000,0.000000,36.530000
14.822,0.000000,0.000000,0.000000,0.000000,0.000000,0.000000,36.530000
14.832,0.000000,0.000000,0.000000,0.000000,0.000000,0.000000,36.530000
14.838,0.000000,0.000000,0.000000,0.000000,0.000000,0.000000,36.530000
14.849,0.000000,0.000000,0.000000,0.000000,0.000000,0.000000,36.530000
14.855,0.000000,0.000000,0.000000,0.000000,0.000000,0.000000,36.530000
14.866,0.000000,0.000000,0.000000,0.000000,0.000000,0.000000,36.530000
14.871,0.000000,0.000000,0.000000,0.000000,0.000000,0.000000,36.530000
14.882,0.000000,0.000000,0.000000,0.000000,0.000000,0.000000,36.530000
14.888,0.000000,0.000000,0.000000,0.000000,0.000000,0.000000,36.530000
14.899,0.000000,0.000000,0.000000,0.000000,0.000000,0.000000,36.530000
14.906,0.000000,0.000000,0.000000,0.000000,0.000000,0.000000,36.530000
14.916,0.000000,0.000000,0.000000,0.000000,0.000000,0.000000,36.530000
14.921,0.000000,0.000000,0.000000,0.000000,0.000000,0.000000,36.530000
14.932,0.000000,0.000000,0.000000,0.000000,0.000000,0.000000,36.530000
14.938,0.000000,0.000000,0.000000,0.000000,0.000000,0.000000,36.530000
14.949,0.000000,0.000000,0.000000,0.000000,0.000000,0.000000,36.530000
14.956,0.000000,0.000000,0.000000,0.000000,0.000000,0.000000,36.530000
14.966,0.000000,0.000000,0.000000,0.000000,0.000000,0.000000,36.530000
14.972,0.000000,0.000000,0.000000,0.000000,0.000000,0.000000,36.530000
14.982,0.000000,0.000000,0.000000,0.000000,0.000000,0.000000,36.530000
14.988,0.000000,0.000000,0.000000,0.000000,0.000000,0.000000,36.530000
14.999,0.000000,0.000000,0.000000,0.000000,0.000000,0.000000,36.530000
15.005,0.000000,0.000000,0.000000,0.000000,0.000000,0.000000,36.530000
15.016,0.000000,0.000000,0.000000,0.000000,0.000000,0.000000,36.530000
15.021,0.000000,0.000000,0.000000,0.000000,0.000000,0.000000,36.530000
15.032,0.000000,0.000000,0.000000,0.000000,0.000000,0.000000,36.530000
15.038,0.000000,0.000000,0.000000,0.000000,0.000000,0.000000,36.530000
15.049,0.000000,0.000000,0.000000,0.000000,0.000000,0.000000,36.530000
15.056,0.000000,0.000000,0.000000,0.000000,0.000000,0.000000,36.530000
15.066,0.000000,0.000000,0.000000,0.000000,0.000000,0.000000,36.530000
15.071,0.000000,0.000000,0.000000,0.000000,0.000000,0.000000,36.530000
15.082,0.000000,0.000000,0.000000,0.000000,0.000000,0.000000,36.530000
15.088,0.000000,0.000000,0.000000,0.000000,0.000000,0.000000,36.530000
15.099,0.000000,0.000000,0.000000,0.000000,0.000000,0.000000,36.530000
15.105,0.000000,0.000000,0.000000,0.000000,0.000000,0.000000,36.530000
15.116,0.000000,0.000000,0.000000,0.000000,0.000000,0.000000,36.530000
15.121,0.000000,0.000000,0.000000,0.000000,0.000000,0.000000,36.530000
15.132,0.000000,0.000000,0.000000,0.000000,0.000000,0.000000,36.530000
15.138,0.000000,0.000000,0.000000,0.000000,0.000000,0.000000,36.530000
15.149,0.000000,0.000000,0.000000,0.000000,0.000000,0.000000,36.530000
15.155,0.000000,0.000000,0.000000,0.000000,0.000000,0.000000,36.530000
15.165,0.000000,0.000000,0.000000,0.000000,0.000000,0.000000,36.530000
15.172,0.000000,0.000000,0.000000,0.000000,0.000000,0.000000,36.530000
15.182,0.000000,0.000000,0.000000,0.000000,0.000000,0.000000,36.530000
15.188,0.000000,0.000000,0.000000,0.000000,0.000000,0.000000,36.530000
15.199,0.000000,0.000000,0.000000,0.000000,0.000000,0.000000,36.530000
15.205,0.000000,0.000000,0.000000,0.000000,0.000000,0.000000,36.530000
15.215,0.000000,0.000000,0.000000,0.000000,0.000000,0.000000,36.530000
15.221,0.000000,0.000000,0.000000,0.000000,0.000000,0.000000,36.530000
15.232,0.000000,0.000000,0.000000,0.000000,0.000000,0.000000,36.530000
15.238,0.000000,0.000000,0.000000,0.000000,0.000000,0.000000,36.530000
15.249,0.000000,0.000000,0.000000,0.000000,0.000000,0.000000,36.530000
15.256,0.000000,0.000000,0.000000,0.000000,0.000000,0.000000,36.530000
15.266,0.000000,0.000000,0.000000,0.000000,0.000000,0.000000,36.530000
15.271,0.000000,0.000000,0.000000,0.000000,0.000000,0.000000,36.530000
15.282,0.000000,0.000000,0.000000,0.000000,0.000000,0.000000,36.530000
15.288,0.000000,0.000000,0.000000,0.000000,0.000000,0.000000,36.530000
15.299,0.000000,0.000000,0.000000,0.000000,0.000000,0.000000,36.530000
15.306,0.000000,0.000000,0.000000,0.000000,0.000000,0.000000,36.530000
15.316,0.000000,0.000000,0.000000,0.000000,0.000000,0.000000,36.530000
15.321,0.000000,0.000000,0.000000,0.000000,0.000000,0.000000,36.530000
15.332,0.000000,0.000000,0.000000,0.000000,0.000000,0.000000,36.530000
15.338,0.000000,0.000000,0.000000,0.000000,0.000000,0.000000,36.530000
15.349,0.000000,0.000000,0.000000,0.000000,0.000000,0.000000,36.530000
15.356,0.000000,0.000000,0.000000,0.000000,0.000000,0.000000,36.530000
15.365,0.000000,0.000000,0.000000,0.000000,0.000000,0.000000,36.530000
15.371,0.000000,0.000000,0.000000,0.000000,0.000000,0.000000,36.530000
15.382,0.000000,0.000000,0.000000,0.000000,0.000000,0.000000,36.530000
15.388,0.000000,0.000000,0.000000,0.000000,0.000000,0.000000,36.530000
15.399,0.000000,0.000000,0.000000,0.000000,0.000000,0.000000,36.530000
15.405,0.000000,0.000000,0.000000,0.000000,0.000000,0.000000,36.530000
15.416,0.000000,0.000000,0.000000,0.000000,0.000000,0.000000,36.530000
15.421,0.000000,0.000000,0.000000,0.000000,0.000000,0.000000,36.530000
15.432,0.000000,0.000000,0.000000,0.000000,0.000000,0.000000,36.530000
15.438,0.000000,0.000000,0.000000,0.000000,0.000000,0.000000,36.530000
15.449,0.000000,0.000000,0.000000,0.000000,0.000000,0.000000,36.530000
15.455,0.000000,0.000000,0.000000,0.000000,0.000000,0.000000,36.530000
15.465,0.000000,0.000000,0.000000,0.000000,0.000000,0.000000,36.530000
15.472,0.000000,0.000000,0.000000,0.000000,0.000000,0.000000,36.530000
15.482,0.000000,0.000000,0.000000,0.000000,0.000000,0.000000,36.530000
15.488,0.000000,0.000000,0.000000,0.000000,0.000000,0.000000,36.530000
15.499,0.000000,0.000000,0.000000,0.000000,0.000000,0.000000,36.530000
15.506,0.000000,0.000000,0.000000,0.000000,0.000000,0.000000,36.530000
15.516,0.000000,0.000000,0.000000,0.000000,0.000000,0.000000,36.530000
15.521,0.000000,0.000000,0.000000,0.000000,0.000000,0.000000,36.530000
15.532,0.000000,0.000000,0.000000,0.000000,0.000000,0.000000,36.530000
15.538,0.000000,0.000000,0.000000,0.000000,0.000000,0.000000,36.530000
15.549,0.000000,0.000000,0.000000,0.000000,0.000000,0.000000,36.530000
15.556,0.000000,0.000000,0.000000,0.000000,0.000000,0.000000,36.530000
15.566,0.000000,0.000000,0.000000,0.000000,0.000000,0.000000,36.530000
15.571,0.000000,0.000000,0.000000,0.000000,0.000000,0.000000,36.530000
15.582,0.000000,0.000000,0.000000,0.000000,0.000000,0.000000,36.530000
15.588,0.000000,0.000000,0.000000,0.000000,0.000000,0.000000,36.530000
15.599,0.000000,0.000000,0.000000,0.000000,0.000000,0.000000,36.530000
15.606,0.000000,0.000000,0.000000,0.000000,0.000000,0.000000,36.530000
15.616,0.000000,0.000000,0.000000,0.000000,0.000000,0.000000,36.530000
15.621,0.000000,0.000000,0.000000,0.000000,0.000000,0.000000,36.530000
15.632,0.000000,0.000000,0.000000,0.000000,0.000000,0.000000,36.530000
15.638,0.000000,0.000000,0.000000,0.000000,0.000000,0.000000,36.530000
15.649,0.000000,0.000000,0.000000,0.000000,0.000000,0.000000,36.530000
15.656,0.000000,0.000000,0.000000,0.000000,0.000000,0.000000,36.530000
15.665,0.000000,0.000000,0.000000,0.000000,0.000000,0.000000,36.530000
15.671,0.000000,0.000000,0.000000,0.000000,0.000000,0.000000,36.530000
15.682,0.000000,0.000000,0.000000,0.000000,0.000000,0.000000,36.530000
15.688,0.000000,0.000000,0.000000,0.000000,0.000000,0.000000,36.530000
15.699,0.000000,0.000000,0.000000,0.000000,0.000000,0.000000,36.530000
15.706,0.000000,0.000000,0.000000,0.000000,0.000000,0.000000,36.530000
15.716,0.000000,0.000000,0.000000,0.000000,0.000000,0.000000,36.530000
15.721,0.000000,0.000000,0.000000,0.000000,0.000000,0.000000,36.530000
15.732,0.000000,0.000000,0.000000,0.000000,0.000000,0.000000,36.530000
15.738,0.000000,0.000000,0.000000,0.000000,0.000000,0.000000,36.530000
15.749,0.000000,0.000000,0.000000,0.000000,0.000000,0.000000,36.530000
15.756,0.000000,0.000000,0.000000,0.000000,0.000000,0.000000,36.530000
15.766,0.000000,0.000000,0.000000,0.000000,0.000000,0.000000,36.530000
15.771,0.000000,0.000000,0.000000,0.000000,0.000000,0.000000,36.530000
15.782,0.000000,0.000000,0.000000,0.000000,0.000000,0.000000,36.530000
15.788,0.000000,0.000000,0.000000,0.000000,0.000000,0.000000,36.530000
15.799,0.000000,0.000000,0.000000,0.000000,0.000000,0.000000,36.530000
15.806,0.000000,0.000000,0.000000,0.000000,0.000000,0.000000,36.530000
15.816,0.000000,0.000000,0.000000,0.000000,0.000000,0.000000,36.530000
15.821,0.000000,0.000000,0.000000,0.000000,0.000000,0.000000,36.530000
15.832,0.000000,0.000000,0.000000,0.000000,0.000000,0.000000,36.530000
15.838,0.000000,0.000000,0.000000,0.000000,0.000000,0.000000,36.530000
15.849,0.000000,0.000000,0.000000,0.000000,0.000000,0.000000,36.530000
15.856,0.000000,0.000000,0.000000,0.000000,0.000000,0.000000,36.530000
15.867,0.000000,0.000000,0.000000,0.000000,0.000000,0.000000,36.530000
15.871,0.000000,0.000000,0.000000,0.000000,0.000000,0.000000,36.530000
15.882,0.000000,0.000000,0.000000,0.000000,0.000000,0.000000,36.530000
15.888,0.000000,0.000000,0.000000,0.000000,0.000000,0.000000,36.530000
15.900,0.000000,0.000000,0.000000,0.000000,0.000000,0.000000,36.530000
15.907,0.000000,0.000000,0.000000,0.000000,0.000000,0.000000,36.530000
15.915,0.000000,0.000000,0.000000,0.000000,0.000000,0.000000,36.530000
15.921,0.000000,0.000000,0.000000,0.000000,0.000000,0.000000,36.530000
15.932,0.000000,0.000000,0.000000,0.000000,0.000000,0.000000,36.530000
15.938,0.000000,0.000000,0.000000,0.000000,0.000000,0.000000,36.530000
15.949,0.000000,0.000000,0.000000,0.000000,0.000000,0.000000,36.530000
15.955,0.000000,0.000000,0.000000,0.000000,0.000000,0.000000,36.530000
15.966,0.000000,0.000000,0.000000,0.000000,0.000000,0.000000,36.530000
15.972,0.000000,0.000000,0.000000,0.000000,0.000000,0.000000,36.530000
15.982,0.000000,0.000000,0.000000,0.000000,0.000000,0.000000,36.530000
15.988,0.000000,0.000000,0.000000,0.000000,0.000000,0.000000,36.530000
15.999,0.000000,0.000000,0.000000,0.000000,0.000000,0.000000,36.530000
16.007,0.000000,0.000000,0.000000,0.000000,0.000000,0.000000,36.530000
16.016,0.000000,0.000000,0.000000,0.000000,0.000000,0.000000,36.530000
16.021,0.000000,0.000000,0.000000,0.000000,0.000000,0.000000,36.530000
16.032,0.000000,0.000000,0.000000,0.000000,0.000000,0.000000,36.530000
16.038,0.000000,0.000000,0.000000,0.000000,0.000000,0.000000,36.530000
16.049,0.000000,0.000000,0.000000,0.000000,0.000000,0.000000,36.530000
16.056,0.000000,0.000000,0.000000,0.000000,0.000000,0.000000,36.530000
16.066,0.000000,0.000000,0.000000,0.000000,0.000000,0.000000,36.530000
16.071,0.000000,0.000000,0.000000,0.000000,0.000000,0.000000,36.530000
16.082,0.000000,0.000000,0.000000,0.000000,0.000000,0.000000,36.530000
16.088,0.000000,0.000000,0.000000,0.000000,0.000000,0.000000,36.530000
16.099,0.000000,0.000000,0.000000,0.000000,0.000000,0.000000,36.530000
16.105,0.000000,0.000000,0.000000,0.000000,0.000000,0.000000,36.530000
16.116,0.000000,0.000000,0.000000,0.000000,0.000000,0.000000,36.530000
16.121,0.000000,0.000000,0.000000,0.000000,0.000000,0.000000,36.530000
16.132,0.000000,0.000000,0.000000,0.000000,0.000000,0.000000,36.530000
16.138,0.000000,0.000000,0.000000,0.000000,0.000000,0.000000,36.530000
16.149,0.000000,0.000000,0.000000,0.000000,0.000000,0.000000,36.530000
16.156,0.000000,0.000000,0.000000,0.000000,0.000000,0.000000,36.530000
16.166,0.000000,0.000000,0.000000,0.000000,0.000000,0.000000,36.530000
16.171,0.000000,0.000000,0.000000,0.000000,0.000000,0.000000,36.530000
16.182,0.000000,0.000000,0.000000,0.000000,0.000000,0.000000,36.530000
16.188,0.000000,0.000000,0.000000,0.000000,0.000000,0.000000,36.530000
16.199,0.000000,0.000000,0.000000,0.000000,0.000000,0.000000,36.530000
16.206,0.000000,0.000000,0.000000,0.000000,0.000000,0.000000,36.530000
16.216,0.000000,0.000000,0.000000,0.000000,0.000000,0.000000,36.530000
16.221,0.000000,0.000000,0.000000,0.000000,0.000000,0.000000,36.530000
16.232,0.000000,0.000000,0.000000,0.000000,0.000000,0.000000,36.530000
16.238,0.000000,0.000000,0.000000,0.000000,0.000000,0.000000,36.530000
16.249,0.000000,0.000000,0.000000,0.000000,0.000000,0.000000,36.530000
16.256,0.000000,0.000000,0.000000,0.000000,0.000000,0.000000,36.530000
16.266,0.000000,0.000000,0.000000,0.000000,0.000000,0.000000,36.530000
16.271,0.000000,0.000000,0.000000,0.000000,0.000000,0.000000,36.530000
16.282,0.000000,0.000000,0.000000,0.000000,0.000000,0.000000,36.530000
16.288,0.000000,0.000000,0.000000,0.000000,0.000000,0.000000,36.530000
16.299,0.000000,0.000000,0.000000,0.000000,0.000000,0.000000,36.530000
16.306,0.000000,0.000000,0.000000,0.000000,0.000000,0.000000,36.530000
16.316,0.000000,0.000000,0.000000,0.000000,0.000000,0.000000,36.530000
16.321,0.000000,0.000000,0.000000,0.000000,0.000000,0.000000,36.530000
16.332,0.000000,0.000000,0.000000,0.000000,0.000000,0.000000,36.530000
16.338,0.000000,0.000000,0.000000,0.000000,0.000000,0.000000,36.530000
16.349,0.000000,0.000000,0.000000,0.000000,0.000000,0.000000,36.530000
16.356,0.000000,0.000000,0.000000,0.000000,0.000000,0.000000,36.530000
16.366,0.000000,0.000000,0.000000,0.000000,0.000000,0.000000,36.530000
16.371,0.000000,0.000000,0.000000,0.000000,0.000000,0.000000,36.530000
16.382,0.000000,0.000000,0.000000,0.000000,0.000000,0.000000,36.530000
16.388,0.000000,0.000000,0.000000,0.000000,0.000000,0.000000,36.530000
16.399,0.000000,0.000000,0.000000,0.000000,0.000000,0.000000,36.530000
16.406,0.000000,0.000000,0.000000,0.000000,0.000000,0.000000,36.530000
16.416,0.000000,0.000000,0.000000,0.000000,0.000000,0.000000,36.530000
16.421,0.000000,0.000000,0.000000,0.000000,0.000000,0.000000,36.530000
16.432,0.000000,0.000000,0.000000,0.000000,0.000000,0.000000,36.530000
16.438,0.000000,0.000000,0.000000,0.000000,0.000000,0.000000,36.530000
16.449,0.000000,0.000000,0.000000,0.000000,0.000000,0.000000,36.530000
16.456,0.000000,0.000000,0.000000,0.000000,0.000000,0.000000,36.530000
16.466,0.000000,0.000000,0.000000,0.000000,0.000000,0.000000,36.530000
16.471,0.000000,0.000000,0.000000,0.000000,0.000000,0.000000,36.530000
16.482,0.000000,0.000000,0.000000,0.000000,0.000000,0.000000,36.530000
16.488,0.000000,0.000000,0.000000,0.000000,0.000000,0.000000,36.530000
16.499,0.000000,0.000000,0.000000,0.000000,0.000000,0.000000,36.530000
16.506,0.000000,0.000000,0.000000,0.000000,0.000000,0.000000,36.530000
16.516,0.000000,0.000000,0.000000,0.000000,0.000000,0.000000,36.530000
16.521,0.000000,0.000000,0.000000,0.000000,0.000000,0.000000,36.530000
16.532,0.000000,0.000000,0.000000,0.000000,0.000000,0.000000,36.530000
16.538,0.000000,0.000000,0.000000,0.000000,0.000000,0.000000,36.530000
16.549,0.000000,0.000000,0.000000,0.000000,0.000000,0.000000,36.530000
16.557,0.000000,0.000000,0.000000,0.000000,0.000000,0.000000,36.530000
16.566,0.000000,0.000000,0.000000,0.000000,0.000000,0.000000,36.530000
16.571,0.000000,0.000000,0.000000,0.000000,0.000000,0.000000,36.530000
16.589,0.000000,0.000000,0.000000,0.000000,0.000000,0.000000,36.530000
16.589,0.000000,0.000000,0.000000,0.000000,0.000000,0.000000,36.530000
time_sec,ax,ay,az,gx,gy,gz,temp_c
0.020,0.000000,0.000000,0.000000,0.000000,0.000000,0.000000,36.530000
0.020,0.000000,0.000000,0.000000,0.000000,0.000000,0.000000,36.530000
0.021,0.000000,0.000000,0.000000,0.000000,0.000000,0.000000,36.530000
0.032,0.000000,0.000000,0.000000,0.000000,0.000000,0.000000,36.530000
0.037,0.000000,0.000000,0.000000,0.000000,0.000000,0.000000,36.530000
0.048,0.000000,0.000000,0.000000,0.000000,0.000000,0.000000,36.530000
0.054,0.000000,0.000000,0.000000,0.000000,0.000000,0.000000,36.530000
0.065,0.000000,0.000000,0.000000,0.000000,0.000000,0.000000,36.530000
0.070,0.000000,0.000000,0.000000,0.000000,0.000000,0.000000,36.530000
0.082,0.000000,0.000000,0.000000,0.000000,0.000000,0.000000,36.530000
0.090,0.000000,0.000000,0.000000,0.000000,0.000000,0.000000,36.530000
0.100,0.000000,0.000000,0.000000,0.000000,0.000000,0.000000,36.530000
0.104,0.000000,0.000000,0.000000,0.000000,0.000000,0.000000,36.530000
0.115,0.000000,0.000000,0.000000,0.000000,0.000000,0.000000,36.530000
0.122,0.000000,0.000000,0.000000,0.000000,0.000000,0.000000,36.530000
0.132,0.000000,0.000000,0.000000,0.000000,0.000000,0.000000,36.530000
0.137,0.000000,0.000000,0.000000,0.000000,0.000000,0.000000,36.530000
0.148,0.000000,0.000000,0.000000,0.000000,0.000000,0.000000,36.530000
0.154,0.000000,0.000000,0.000000,0.000000,0.000000,0.000000,36.530000
0.165,0.000000,0.000000,0.000000,0.000000,0.000000,0.000000,36.530000
0.170,0.000000,0.000000,0.000000,0.000000,0.000000,0.000000,36.530000
0.182,0.000000,0.000000,0.000000,0.000000,0.000000,0.000000,36.530000
0.188,0.000000,0.000000,0.000000,0.000000,0.000000,0.000000,36.530000
0.198,0.000000,0.000000,0.000000,0.000000,0.000000,0.000000,36.530000
0.204,0.000000,0.000000,0.000000,0.000000,0.000000,0.000000,36.530000
0.215,0.000000,0.000000,0.000000,0.000000,0.000000,0.000000,36.530000
0.220,0.000000,0.000000,0.000000,0.000000,0.000000,0.000000,36.530000
0.232,0.000000,0.000000,0.000000,0.000000,0.000000,0.000000,36.530000
0.238,0.000000,0.000000,0.000000,0.000000,0.000000,0.000000,36.530000
0.248,0.000000,0.000000,0.000000,0.000000,0.000000,0.000000,36.530000
0.255,0.000000,0.000000,0.000000,0.000000,0.000000,0.000000,36.530000
0.265,0.000000,0.000000,0.000000,0.000000,0.000000,0.000000,36.530000
0.270,0.000000,0.000000,0.000000,0.000000,0.000000,0.000000,36.530000
0.282,0.000000,0.000000,0.000000,0.000000,0.000000,0.000000,36.530000
0.288,0.000000,0.000000,0.000000,0.000000,0.000000,0.000000,36.530000
0.298,0.000000,0.000000,0.000000,0.000000,0.000000,0.000000,36.530000
0.304,0.000000,0.000000,0.000000,0.000000,0.000000,0.000000,36.530000
0.315,0.000000,0.000000,0.000000,0.000000,0.000000,0.000000,36.530000
0.321,0.000000,0.000000,0.000000,0.000000,0.000000,0.000000,36.530000
0.331,0.000000,0.000000,0.000000,0.000000,0.000000,0.000000,36.530000
0.338,0.000000,0.000000,0.000000,0.000000,0.000000,0.000000,36.530000
0.348,0.000000,0.000000,0.000000,0.000000,0.000000,0.000000,36.530000
0.355,0.000000,0.000000,0.000000,0.000000,0.000000,0.000000,36.530000
0.365,0.000000,0.000000,0.000000,0.000000,0.000000,0.000000,36.530000
0.370,0.000000,0.000000,0.000000,0.000000,0.000000,0.000000,36.530000
0.382,0.000000,0.000000,0.000000,0.000000,0.000000,0.000000,36.530000
0.388,0.000000,0.000000,0.000000,0.000000,0.000000,0.000000,36.530000
0.398,0.000000,0.000000,0.000000,0.000000,0.000000,0.000000,36.530000
0.404,0.000000,0.000000,0.000000,0.000000,0.000000,0.000000,36.530000
0.415,0.000000,0.000000,0.000000,0.000000,0.000000,0.000000,36.530000
0.420,0.000000,0.000000,0.000000,0.000000,0.000000,0.000000,36.530000
0.432,0.000000,0.000000,0.000000,0.000000,0.000000,0.000000,36.530000
0.438,0.000000,0.000000,0.000000,0.000000,0.000000,0.000000,36.530000
0.448,0.000000,0.000000,0.000000,0.000000,0.000000,0.000000,36.530000
0.455,0.000000,0.000000,0.000000,0.000000,0.000000,0.000000,36.530000
0.465,0.000000,0.000000,0.000000,0.000000,0.000000,0.000000,36.530000
0.470,0.000000,0.000000,0.000000,0.000000,0.000000,0.000000,36.530000
0.481,0.000000,0.000000,0.000000,0.000000,0.000000,0.000000,36.530000
0.488,0.000000,0.000000,0.000000,0.000000,0.000000,0.000000,36.530000
0.498,0.000000,0.000000,0.000000,0.000000,0.000000,0.000000,36.530000
0.506,0.000000,0.000000,0.000000,0.000000,0.000000,0.000000,36.530000
0.515,0.000000,0.000000,0.000000,0.000000,0.000000,0.000000,36.530000
0.520,0.000000,0.000000,0.000000,0.000000,0.000000,0.000000,36.530000
0.532,0.000000,0.000000,0.000000,0.000000,0.000000,0.000000,36.530000
0.538,0.000000,0.000000,0.000000,0.000000,0.000000,0.000000,36.530000
0.548,0.000000,0.000000,0.000000,0.000000,0.000000,0.000000,36.530000
0.554,0.000000,0.000000,0.000000,0.000000,0.000000,0.000000,36.530000
0.565,0.000000,0.000000,0.000000,0.000000,0.000000,0.000000,36.530000
0.570,0.000000,0.000000,0.000000,0.000000,0.000000,0.000000,36.530000
0.581,0.000000,0.000000,0.000000,0.000000,0.000000,0.000000,36.530000
0.588,0.000000,0.000000,0.000000,0.000000,0.000000,0.000000,36.530000
0.598,0.000000,0.000000,0.000000,0.000000,0.000000,0.000000,36.530000
0.604,0.000000,0.000000,0.000000,0.000000,0.000000,0.000000,36.530000
0.615,0.000000,0.000000,0.000000,0.000000,0.000000,0.000000,36.530000
0.620,0.000000,0.000000,0.000000,0.000000,0.000000,0.000000,36.530000
0.631,0.000000,0.000000,0.000000,0.000000,0.000000,0.000000,36.530000
0.638,0.000000,0.000000,0.000000,0.000000,0.000000,0.000000,36.530000
0.648,0.000000,0.000000,0.000000,0.000000,0.000000,0.000000,36.530000
0.655,0.000000,0.000000,0.000000,0.000000,0.000000,0.000000,36.530000
0.665,0.000000,0.000000,0.000000,0.000000,0.000000,0.000000,36.530000
0.670,0.000000,0.000000,0.000000,0.000000,0.000000,0.000000,36.530000
0.681,0.000000,0.000000,0.000000,0.000000,0.000000,0.000000,36.530000
0.689,0.000000,0.000000,0.000000,0.000000,0.000000,0.000000,36.530000
0.698,0.000000,0.000000,0.000000,0.000000,0.000000,0.000000,36.530000
0.704,0.000000,0.000000,0.000000,0.000000,0.000000,0.000000,36.530000
0.715,0.000000,0.000000,0.000000,0.000000,0.000000,0.000000,36.530000
0.720,0.000000,0.000000,0.000000,0.000000,0.000000,0.000000,36.530000
0.732,0.000000,0.000000,0.000000,0.000000,0.000000,0.000000,36.530000
0.738,0.000000,0.000000,0.000000,0.000000,0.000000,0.000000,36.530000
0.748,0.000000,0.000000,0.000000,0.000000,0.000000,0.000000,36.530000
0.755,0.000000,0.000000,0.000000,0.000000,0.000000,0.000000,36.530000
0.765,0.000000,0.000000,0.000000,0.000000,0.000000,0.000000,36.530000
0.770,0.000000,0.000000,0.000000,0.000000,0.000000,0.000000,36.530000
0.782,0.000000,0.000000,0.000000,0.000000,0.000000,0.000000,36.530000
0.788,0.000000,0.000000,0.000000,0.000000,0.000000,0.000000,36.530000
0.798,0.000000,0.000000,0.000000,0.000000,0.000000,0.000000,36.530000
0.804,0.000000,0.000000,0.000000,0.000000,0.000000,0.000000,36.530000
0.815,0.000000,0.000000,0.000000,0.000000,0.000000,0.000000,36.530000
0.820,0.000000,0.000000,0.000000,0.000000,0.000000,0.000000,36.530000
0.831,0.000000,0.000000,0.000000,0.000000,0.000000,0.000000,36.530000
0.838,0.000000,0.000000,0.000000,0.000000,0.000000,0.000000,36.530000
0.848,0.000000,0.000000,0.000000,0.000000,0.000000,0.000000,36.530000
0.854,0.000000,0.000000,0.000000,0.000000,0.000000,0.000000,36.530000
0.865,0.000000,0.000000,0.000000,0.000000,0.000000,0.000000,36.530000
0.870,0.000000,0.000000,0.000000,0.000000,0.000000,0.000000,36.530000
0.881,0.000000,0.000000,0.000000,0.000000,0.000000,0.000000,36.530000
0.888,0.000000,0.000000,0.000000,0.000000,0.000000,0.000000,36.530000
0.898,0.000000,0.000000,0.000000,0.000000,0.000000,0.000000,36.530000
0.904,0.000000,0.000000,0.000000,0.000000,0.000000,0.000000,36.530000
0.915,0.000000,0.000000,0.000000,0.000000,0.000000,0.000000,36.530000
0.920,0.000000,0.000000,0.000000,0.000000,0.000000,0.000000,36.530000
0.931,0.000000,0.000000,0.000000,0.000000,0.000000,0.000000,36.530000
0.938,0.000000,0.000000,0.000000,0.000000,0.000000,0.000000,36.530000
0.948,0.000000,0.000000,0.000000,0.000000,0.000000,0.000000,36.530000
0.955,0.000000,0.000000,0.000000,0.000000,0.000000,0.000000,36.530000
0.965,0.000000,0.000000,0.000000,0.000000,0.000000,0.000000,36.530000
0.970,0.000000,0.000000,0.000000,0.000000,0.000000,0.000000,36.530000
0.981,0.000000,0.000000,0.000000,0.000000,0.000000,0.000000,36.530000
0.988,0.000000,0.000000,0.000000,0.000000,0.000000,0.000000,36.530000
0.998,0.000000,0.000000,0.000000,0.000000,0.000000,0.000000,36.530000
1.005,0.000000,0.000000,0.000000,0.000000,0.000000,0.000000,36.530000
1.015,0.000000,0.000000,0.000000,0.000000,0.000000,0.000000,36.530000
1.020,0.000000,0.000000,0.000000,0.000000,0.000000,0.000000,36.530000
1.032,0.000000,0.000000,0.000000,0.000000,0.000000,0.000000,36.530000
1.038,0.000000,0.000000,0.000000,0.000000,0.000000,0.000000,36.530000
1.048,0.000000,0.000000,0.000000,0.000000,0.000000,0.000000,36.530000
1.054,0.000000,0.000000,0.000000,0.000000,0.000000,0.000000,36.530000
1.065,0.000000,0.000000,0.000000,0.000000,0.000000,0.000000,36.530000
1.070,0.000000,0.000000,0.000000,0.000000,0.000000,0.000000,36.530000
1.081,0.000000,0.000000,0.000000,0.000000,0.000000,0.000000,36.530000
1.088,0.000000,0.000000,0.000000,0.000000,0.000000,0.000000,36.530000
1.098,0.000000,0.000000,0.000000,0.000000,0.000000,0.000000,36.530000
1.104,0.000000,0.000000,0.000000,0.000000,0.000000,0.000000,36.530000
1.115,0.000000,0.000000,0.000000,0.000000,0.000000,0.000000,36.530000
1.120,0.000000,0.000000,0.000000,0.000000,0.000000,0.000000,36.530000
1.131,0.000000,0.000000,0.000000,0.000000,0.000000,0.000000,36.530000
1.138,0.000000,0.000000,0.000000,0.000000,0.000000,0.000000,36.530000
1.148,0.000000,0.000000,0.000000,0.000000,0.000000,0.000000,36.530000
1.154,0.000000,0.000000,0.000000,0.000000,0.000000,0.000000,36.530000
1.165,0.000000,0.000000,0.000000,0.000000,0.000000,0.000000,36.530000
1.170,0.000000,0.000000,0.000000,0.000000,0.000000,0.000000,36.530000
1.181,0.000000,0.000000,0.000000,0.000000,0.000000,0.000000,36.530000
1.189,0.000000,0.000000,0.000000,0.000000,0.000000,0.000000,36.530000
1.198,0.000000,0.000000,0.000000,0.000000,0.000000,0.000000,36.530000
1.204,0.000000,0.000000,0.000000,0.000000,0.000000,0.000000,36.530000
1.215,0.000000,0.000000,0.000000,0.000000,0.000000,0.000000,36.530000
1.220,0.000000,0.000000,0.000000,0.000000,0.000000,0.000000,36.530000
1.231,0.000000,0.000000,0.000000,0.000000,0.000000,0.000000,36.530000
1.238,0.000000,0.000000,0.000000,0.000000,0.000000,0.000000,36.530000
1.248,0.000000,0.000000,0.000000,0.000000,0.000000,0.000000,36.530000
1.254,0.000000,0.000000,0.000000,0.000000,0.000000,0.000000,36.530000
1.265,0.000000,0.000000,0.000000,0.000000,0.000000,0.000000,36.530000
1.270,0.000000,0.000000,0.000000,0.000000,0.000000,0.000000,36.530000
1.281,0.000000,0.000000,0.000000,0.000000,0.000000,0.000000,36.530000
1.287,0.000000,0.000000,0.000000,0.000000,0.000000,0.000000,36.530000
1.298,0.000000,0.000000,0.000000,0.000000,0.000000,0.000000,36.530000
1.305,0.000000,0.000000,0.000000,0.000000,0.000000,0.000000,36.530000
1.315,0.000000,0.000000,0.000000,0.000000,0.000000,0.000000,36.530000
1.320,0.000000,0.000000,0.000000,0.000000,0.000000,0.000000,36.530000
1.331,0.000000,0.000000,0.000000,0.000000,0.000000,0.000000,36.530000
1.338,0.000000,0.000000,0.000000,0.000000,0.000000,0.000000,36.530000
1.348,0.000000,0.000000,0.000000,0.000000,0.000000,0.000000,36.530000
1.354,0.000000,0.000000,0.000000,0.000000,0.000000,0.000000,36.530000
1.365,0.000000,0.000000,0.000000,0.000000,0.000000,0.000000,36.530000
1.370,0.000000,0.000000,0.000000,0.000000,0.000000,0.000000,36.530000
1.381,0.000000,0.000000,0.000000,0.000000,0.000000,0.000000,36.530000
1.388,0.000000,0.000000,0.000000,0.000000,0.000000,0.000000,36.530000
1.398,0.000000,0.000000,0.000000,0.000000,0.000000,0.000000,36.530000
1.404,0.000000,0.000000,0.000000,0.000000,0.000000,0.000000,36.530000
1.415,0.000000,0.000000,0.000000,0.000000,0.000000,0.000000,36.530000
1.420,0.000000,0.000000,0.000000,0.000000,0.000000,0.000000,36.530000
1.431,0.000000,0.000000,0.000000,0.000000,0.000000,0.000000,36.530000
1.438,0.000000,0.000000,0.000000,0.000000,0.000000,0.000000,36.530000
1.448,0.000000,0.000000,0.000000,0.000000,0.000000,0.000000,36.530000
1.454,0.000000,0.000000,0.000000,0.000000,0.000000,0.000000,36.530000
1.465,0.000000,0.000000,0.000000,0.000000,0.000000,0.000000,36.530000
1.470,0.000000,0.000000,0.000000,0.000000,0.000000,0.000000,36.530000
1.481,0.000000,0.000000,0.000000,0.000000,0.000000,0.000000,36.530000
1.488,0.000000,0.000000,0.000000,0.000000,0.000000,0.000000,36.530000
1.498,0.000000,0.000000,0.000000,0.000000,0.000000,0.000000,36.530000
1.505,0.000000,0.000000,0.000000,0.000000,0.000000,0.000000,36.530000
1.515,0.000000,0.000000,0.000000,0.000000,0.000000,0.000000,36.530000
1.520,0.000000,0.000000,0.000000,0.000000,0.000000,0.000000,36.530000
1.531,0.000000,0.000000,0.000000,0.000000,0.000000,0.000000,36.530000
1.538,0.000000,0.000000,0.000000,0.000000,0.000000,0.000000,36.530000
1.548,0.000000,0.000000,0.000000,0.000000,0.000000,0.000000,36.530000
1.554,0.000000,0.000000,0.000000,0.000000,0.000000,0.000000,36.530000
1.565,0.000000,0.000000,0.000000,0.000000,0.000000,0.000000,36.530000
1.570,0.000000,0.000000,0.000000,0.000000,0.000000,0.000000,36.530000
1.581,0.000000,0.000000,0.000000,0.000000,0.000000,0.000000,36.530000
1.588,0.000000,0.000000,0.000000,0.000000,0.000000,0.000000,36.530000
1.598,0.000000,0.000000,0.000000,0.000000,0.000000,0.000000,36.530000
1.605,0.000000,0.000000,0.000000,0.000000,0.000000,0.000000,36.530000
1.615,0.000000,0.000000,0.000000,0.000000,0.000000,0.000000,36.530000
1.620,0.000000,0.000000,0.000000,0.000000,0.000000,0.000000,36.530000
1.631,0.000000,0.000000,0.000000,0.000000,0.000000,0.000000,36.530000
1.638,0.000000,0.000000,0.000000,0.000000,0.000000,0.000000,36.530000
1.648,0.000000,0.000000,0.000000,0.000000,0.000000,0.000000,36.530000
1.655,0.000000,0.000000,0.000000,0.000000,0.000000,0.000000,36.530000
1.665,0.000000,0.000000,0.000000,0.000000,0.000000,0.000000,36.530000
1.670,0.000000,0.000000,0.000000,0.000000,0.000000,0.000000,36.530000
1.681,0.000000,0.000000,0.000000,0.000000,0.000000,0.000000,36.530000
1.688,0.000000,0.000000,0.000000,0.000000,0.000000,0.000000,36.530000
1.698,0.000000,0.000000,0.000000,0.000000,0.000000,0.000000,36.530000
1.706,0.000000,0.000000,0.000000,0.000000,0.000000,0.000000,36.530000
1.715,0.000000,0.000000,0.000000,0.000000,0.000000,0.000000,36.530000
1.720,0.000000,0.000000,0.000000,0.000000,0.000000,0.000000,36.530000
1.731,0.000000,0.000000,0.000000,0.000000,0.000000,0.000000,36.530000
1.739,0.000000,0.000000,0.000000,0.000000,0.000000,0.000000,36.530000
1.749,0.000000,0.000000,0.000000,0.000000,0.000000,0.000000,36.530000
1.755,0.000000,0.000000,0.000000,0.000000,0.000000,0.000000,36.530000
1.765,0.000000,0.000000,0.000000,0.000000,0.000000,0.000000,36.530000
1.770,0.000000,0.000000,0.000000,0.000000,0.000000,0.000000,36.530000
1.781,0.000000,0.000000,0.000000,0.000000,0.000000,0.000000,36.530000
1.788,0.000000,0.000000,0.000000,0.000000,0.000000,0.000000,36.530000
1.798,0.000000,0.000000,0.000000,0.000000,0.000000,0.000000,36.530000
1.804,0.000000,0.000000,0.000000,0.000000,0.000000,0.000000,36.530000
1.815,0.000000,0.000000,0.000000,0.000000,0.000000,0.000000,36.530000
1.820,0.000000,0.000000,0.000000,0.000000,0.000000,0.000000,36.530000
1.831,0.000000,0.000000,0.000000,0.000000,0.000000,0.000000,36.530000
1.838,0.000000,0.000000,0.000000,0.000000,0.000000,0.000000,36.530000
1.848,0.000000,0.000000,0.000000,0.000000,0.000000,0.000000,36.530000
1.854,0.000000,0.000000,0.000000,0.000000,0.000000,0.000000,36.530000
1.865,0.000000,0.000000,0.000000,0.000000,0.000000,0.000000,36.530000
1.870,0.000000,0.000000,0.000000,0.000000,0.000000,0.000000,36.530000
1.881,0.000000,0.000000,0.000000,0.000000,0.000000,0.000000,36.530000
1.888,0.000000,0.000000,0.000000,0.000000,0.000000,0.000000,36.530000
1.898,0.000000,0.000000,0.000000,0.000000,0.000000,0.000000,36.530000
1.905,0.000000,0.000000,0.000000,0.000000,0.000000,0.000000,36.530000
1.915,0.000000,0.000000,0.000000,0.000000,0.000000,0.000000,36.530000
1.920,0.000000,0.000000,0.000000,0.000000,0.000000,0.000000,36.530000
1.931,0.000000,0.000000,0.000000,0.000000,0.000000,0.000000,36.530000
1.938,0.000000,0.000000,0.000000,0.000000,0.000000,0.000000,36.530000
1.948,0.000000,0.000000,0.000000,0.000000,0.000000,0.000000,36.530000
1.954,0.000000,0.000000,0.000000,0.000000,0.000000,0.000000,36.530000
1.965,0.000000,0.000000,0.000000,0.000000,0.000000,0.000000,36.530000
1.970,0.000000,0.000000,0.000000,0.000000,0.000000,0.000000,36.530000
1.981,0.000000,0.000000,0.000000,0.000000,0.000000,0.000000,36.530000
1.989,0.000000,0.000000,0.000000,0.000000,0.000000,0.000000,36.530000
1.998,0.000000,0.000000,0.000000,0.000000,0.000000,0.000000,36.530000
2.004,0.000000,0.000000,0.000000,0.000000,0.000000,0.000000,36.530000
2.015,0.000000,0.000000,0.000000,0.000000,0.000000,0.000000,36.530000
2.020,0.000000,0.000000,0.000000,0.000000,0.000000,0.000000,36.530000
2.031,0.000000,0.000000,0.000000,0.000000,0.000000,0.000000,36.530000
2.038,0.000000,0.000000,0.000000,0.000000,0.000000,0.000000,36.530000
2.048,0.000000,0.000000,0.000000,0.000000,0.000000,0.000000,36.530000
2.054,0.000000,0.000000,0.000000,0.000000,0.000000,0.000000,36.530000
2.065,0.000000,0.000000,0.000000,0.000000,0.000000,0.000000,36.530000
2.070,0.000000,0.000000,0.000000,0.000000,0.000000,0.000000,36.530000
2.081,0.000000,0.000000,0.000000,0.000000,0.000000,0.000000,36.530000
2.087,0.000000,0.000000,0.000000,0.000000,0.000000,0.000000,36.530000
2.098,0.000000,0.000000,0.000000,0.000000,0.000000,0.000000,36.530000
2.104,0.000000,0.000000,0.000000,0.000000,0.000000,0.000000,36.530000
2.115,0.000000,0.000000,0.000000,0.000000,0.000000,0.000000,36.530000
2.120,0.000000,0.000000,0.000000,0.000000,0.000000,0.000000,36.530000
2.131,0.000000,0.000000,0.000000,0.000000,0.000000,0.000000,36.530000
2.138,0.000000,0.000000,0.000000,0.000000,0.000000,0.000000,36.530000
2.149,0.000000,0.000000,0.000000,0.000000,0.000000,0.000000,36.530000
2.155,0.000000,0.000000,0.000000,0.000000,0.000000,0.000000,36.530000
2.165,0.000000,0.000000,0.000000,0.000000,0.000000,0.000000,36.530000
2.170,0.000000,0.000000,0.000000,0.000000,0.000000,0.000000,36.530000
2.181,0.000000,0.000000,0.000000,0.000000,0.000000,0.000000,36.530000
2.187,0.000000,0.000000,0.000000,0.000000,0.000000,0.000000,36.530000
2.198,0.000000,0.000000,0.000000,0.000000,0.000000,0.000000,36.530000
2.204,0.000000,0.000000,0.000000,0.000000,0.000000,0.000000,36.530000
2.215,0.000000,0.000000,0.000000,0.000000,0.000000,0.000000,36.530000
2.220,0.000000,0.000000,0.000000,0.000000,0.000000,0.000000,36.530000
2.231,0.000000,0.000000,0.000000,0.000000,0.000000,0.000000,36.530000
2.239,0.000000,0.000000,0.000000,0.000000,0.000000,0.000000,36.530000
2.249,0.000000,0.000000,0.000000,0.000000,0.000000,0.000000,36.530000
2.254,0.000000,0.000000,0.000000,0.000000,0.000000,0.000000,36.530000
2.265,0.000000,0.000000,0.000000,0.000000,0.000000,0.000000,36.530000
2.270,0.000000,0.000000,0.000000,0.000000,0.000000,0.000000,36.530000
2.281,0.000000,0.000000,0.000000,0.000000,0.000000,0.000000,36.530000
2.290,0.000000,0.000000,0.000000,0.000000,0.000000,0.000000,36.530000
2.299,0.000000,0.000000,0.000000,0.000000,0.000000,0.000000,36.530000
2.304,0.000000,0.000000,0.000000,0.000000,0.000000,0.000000,36.530000
2.315,0.000000,0.000000,0.000000,0.000000,0.000000,0.000000,36.530000
2.320,0.000000,0.000000,0.000000,0.000000,0.000000,0.000000,36.530000
2.331,0.000000,0.000000,0.000000,0.000000,0.000000,0.000000,36.530000
2.339,0.000000,0.000000,0.000000,0.000000,0.000000,0.000000,36.530000
2.348,0.000000,0.000000,0.000000,0.000000,0.000000,0.000000,36.530000
2.354,0.000000,0.000000,0.000000,0.000000,0.000000,0.000000,36.530000
2.365,0.000000,0.000000,0.000000,0.000000,0.000000,0.000000,36.530000
2.370,0.000000,0.000000,0.000000,0.000000,0.000000,0.000000,36.530000
2.381,0.000000,0.000000,0.000000,0.000000,0.000000,0.000000,36.530000
2.389,0.000000,0.000000,0.000000,0.000000,0.000000,0.000000,36.530000
2.398,0.000000,0.000000,0.000000,0.000000,0.000000,0.000000,36.530000
2.406,0.000000,0.000000,0.000000,0.000000,0.000000,0.000000,36.530000
2.415,0.000000,0.000000,0.000000,0.000000,0.000000,0.000000,36.530000
2.420,0.000000,0.000000,0.000000,0.000000,0.000000,0.000000,36.530000
2.431,0.000000,0.000000,0.000000,0.000000,0.000000,0.000000,36.530000
2.438,0.000000,0.000000,0.000000,0.000000,0.000000,0.000000,36.530000
2.448,0.000000,0.000000,0.000000,0.000000,0.000000,0.000000,36.530000
2.454,0.000000,0.000000,0.000000,0.000000,0.000000,0.000000,36.530000
2.465,0.000000,0.000000,0.000000,0.000000,0.000000,0.000000,36.530000
2.470,0.000000,0.000000,0.000000,0.000000,0.000000,0.000000,36.530000
2.481,0.000000,0.000000,0.000000,0.000000,0.000000,0.000000,36.530000
2.487,0.000000,0.000000,0.000000,0.000000,0.000000,0.000000,36.530000
2.498,0.000000,0.000000,0.000000,0.000000,0.000000,0.000000,36.530000
2.504,0.000000,0.000000,0.000000,0.000000,0.000000,0.000000,36.530000
2.515,0.000000,0.000000,0.000000,0.000000,0.000000,0.000000,36.530000
2.520,0.000000,0.000000,0.000000,0.000000,0.000000,0.000000,36.530000
2.531,0.000000,0.000000,0.000000,0.000000,0.000000,0.000000,36.530000
2.538,0.000000,0.000000,0.000000,0.000000,0.000000,0.000000,36.530000
2.548,0.000000,0.000000,0.000000,0.000000,0.000000,0.000000,36.530000
2.555,0.000000,0.000000,0.000000,0.000000,0.000000,0.000000,36.530000
2.565,0.000000,0.000000,0.000000,0.000000,0.000000,0.000000,36.530000
2.570,0.000000,0.000000,0.000000,0.000000,0.000000,0.000000,36.530000
2.581,0.000000,0.000000,0.000000,0.000000,0.000000,0.000000,36.530000
2.588,0.000000,0.000000,0.000000,0.000000,0.000000,0.000000,36.530000
2.598,0.000000,0.000000,0.000000,0.000000,0.000000,0.000000,36.530000
2.604,0.000000,0.000000,0.000000,0.000000,0.000000,0.000000,36.530000
2.615,0.000000,0.000000,0.000000,0.000000,0.000000,0.000000,36.530000
2.620,0.000000,0.000000,0.000000,0.000000,0.000000,0.000000,36.530000
2.631,0.000000,0.000000,0.000000,0.000000,0.000000,0.000000,36.530000
2.638,0.000000,0.000000,0.000000,0.000000,0.000000,0.000000,36.530000
2.648,0.000000,0.000000,0.000000,0.000000,0.000000,0.000000,36.530000
2.654,0.000000,0.000000,0.000000,0.000000,0.000000,0.000000,36.530000
2.665,0.000000,0.000000,0.000000,0.000000,0.000000,0.000000,36.530000
2.670,0.000000,0.000000,0.000000,0.000000,0.000000,0.000000,36.530000
2.681,0.000000,0.000000,0.000000,0.000000,0.000000,0.000000,36.530000
2.688,0.000000,0.000000,0.000000,0.000000,0.000000,0.000000,36.530000
2.698,0.000000,0.000000,0.000000,0.000000,0.000000,0.000000,36.530000
2.704,0.000000,0.000000,0.000000,0.000000,0.000000,0.000000,36.530000
2.715,0.000000,0.000000,0.000000,0.000000,0.000000,0.000000,36.530000
2.720,0.000000,0.000000,0.000000,0.000000,0.000000,0.000000,36.530000
2.731,0.000000,0.000000,0.000000,0.000000,0.000000,0.000000,36.530000
2.738,0.000000,0.000000,0.000000,0.000000,0.000000,0.000000,36.530000
2.748,0.000000,0.000000,0.000000,0.000000,0.000000,0.000000,36.530000
2.755,0.000000,0.000000,0.000000,0.000000,0.000000,0.000000,36.530000
2.765,0.000000,0.000000,0.000000,0.000000,0.000000,0.000000,36.530000
2.770,0.000000,0.000000,0.000000,0.000000,0.000000,0.000000,36.530000
2.781,0.000000,0.000000,0.000000,0.000000,0.000000,0.000000,36.530000
2.787,0.000000,0.000000,0.000000,0.000000,0.000000,0.000000,36.530000
2.798,0.000000,0.000000,0.000000,0.000000,0.000000,0.000000,36.530000
2.804,0.000000,0.000000,0.000000,0.000000,0.000000,0.000000,36.530000
2.815,0.000000,0.000000,0.000000,0.000000,0.000000,0.000000,36.530000
2.820,0.000000,0.000000,0.000000,0.000000,0.000000,0.000000,36.530000
2.831,0.000000,0.000000,0.000000,0.000000,0.000000,0.000000,36.530000
2.839,0.000000,0.000000,0.000000,0.000000,0.000000,0.000000,36.530000
2.849,0.000000,0.000000,0.000000,0.000000,0.000000,0.000000,36.530000
2.854,0.000000,0.000000,0.000000,0.000000,0.000000,0.000000,36.530000
2.865,0.000000,0.000000,0.000000,0.000000,0.000000,0.000000,36.530000
2.870,0.000000,0.000000,0.000000,0.000000,0.000000,0.000000,36.530000
2.881,0.000000,0.000000,0.000000,0.000000,0.000000,0.000000,36.530000
2.888,0.000000,0.000000,0.000000,0.000000,0.000000,0.000000,36.530000
2.898,0.000000,0.000000,0.000000,0.000000,0.000000,0.000000,36.530000
2.904,0.000000,0.000000,0.000000,0.000000,0.000000,0.000000,36.530000
2.915,0.000000,0.000000,0.000000,0.000000,0.000000,0.000000,36.530000
2.920,0.000000,0.000000,0.000000,0.000000,0.000000,0.000000,36.530000
2.931,0.000000,0.000000,0.000000,0.000000,0.000000,0.000000,36.530000
2.938,0.000000,0.000000,0.000000,0.000000,0.000000,0.000000,36.530000
2.948,0.000000,0.000000,0.000000,0.000000,0.000000,0.000000,36.530000
2.955,0.000000,0.000000,0.000000,0.000000,0.000000,0.000000,36.530000
2.965,0.000000,0.000000,0.000000,0.000000,0.000000,0.000000,36.530000
2.970,0.000000,0.000000,0.000000,0.000000,0.000000,0.000000,36.530000
2.981,0.000000,0.000000,0.000000,0.000000,0.000000,0.000000,36.530000
2.988,0.000000,0.000000,0.000000,0.000000,0.000000,0.000000,36.530000
2.998,0.000000,0.000000,0.000000,0.000000,0.000000,0.000000,36.530000
3.004,0.000000,0.000000,0.000000,0.000000,0.000000,0.000000,36.530000
3.015,0.000000,0.000000,0.000000,0.000000,0.000000,0.000000,36.530000
3.020,0.000000,0.000000,0.000000,0.000000,0.000000,0.000000,36.530000
3.031,0.000000,0.000000,0.000000,0.000000,0.000000,0.000000,36.530000
3.038,0.000000,0.000000,0.000000,0.000000,0.000000,0.000000,36.530000
3.048,0.000000,0.000000,0.000000,0.000000,0.000000,0.000000,36.530000
3.055,0.000000,0.000000,0.000000,0.000000,0.000000,0.000000,36.530000
3.064,0.000000,0.000000,0.000000,0.000000,0.000000,0.000000,36.530000
3.070,0.000000,0.000000,0.000000,0.000000,0.000000,0.000000,36.530000
3.081,0.000000,0.000000,0.000000,0.000000,0.000000,0.000000,36.530000
3.087,0.000000,0.000000,0.000000,0.000000,0.000000,0.000000,36.530000
3.098,0.000000,0.000000,0.000000,0.000000,0.000000,0.000000,36.530000
3.104,0.000000,0.000000,0.000000,0.000000,0.000000,0.000000,36.530000
3.115,0.000000,0.000000,0.000000,0.000000,0.000000,0.000000,36.530000
3.120,0.000000,0.000000,0.000000,0.000000,0.000000,0.000000,36.530000
3.131,0.000000,0.000000,0.000000,0.000000,0.000000,0.000000,36.530000
3.140,0.000000,0.000000,0.000000,0.000000,0.000000,0.000000,36.530000
3.148,0.000000,0.000000,0.000000,0.000000,0.000000,0.000000,36.530000
3.154,0.000000,0.000000,0.000000,0.000000,0.000000,0.000000,36.530000
3.165,0.000000,0.000000,0.000000,0.000000,0.000000,0.000000,36.530000
3.170,0.000000,0.000000,0.000000,0.000000,0.000000,0.000000,36.530000
3.181,0.000000,0.000000,0.000000,0.000000,0.000000,0.000000,36.530000
3.188,0.000000,0.000000,0.000000,0.000000,0.000000,0.000000,36.530000
3.198,0.000000,0.000000,0.000000,0.000000,0.000000,0.000000,36.530000
3.205,0.000000,0.000000,0.000000,0.000000,0.000000,0.000000,36.530000
3.215,0.000000,0.000000,0.000000,0.000000,0.000000,0.000000,36.530000
3.220,0.000000,0.000000,0.000000,0.000000,0.000000,0.000000,36.530000
3.231,0.000000,0.000000,0.000000,0.000000,0.000000,0.000000,36.530000
3.239,0.000000,0.000000,0.000000,0.000000,0.000000,0.000000,36.530000
3.249,0.000000,0.000000,0.000000,0.000000,0.000000,0.000000,36.530000
3.254,0.000000,0.000000,0.000000,0.000000,0.000000,0.000000,36.530000
3.265,0.000000,0.000000,0.000000,0.000000,0.000000,0.000000,36.530000
3.270,0.000000,0.000000,0.000000,0.000000,0.000000,0.000000,36.530000
3.281,0.000000,0.000000,0.000000,0.000000,0.000000,0.000000,36.530000
3.289,0.000000,0.000000,0.000000,0.000000,0.000000,0.000000,36.530000
3.299,0.000000,0.000000,0.000000,0.000000,0.000000,0.000000,36.530000
3.304,0.000000,0.000000,0.000000,0.000000,0.000000,0.000000,36.530000
3.315,0.000000,0.000000,0.000000,0.000000,0.000000,0.000000,36.530000
3.320,0.000000,0.000000,0.000000,0.000000,0.000000,0.000000,36.530000
3.331,0.000000,0.000000,0.000000,0.000000,0.000000,0.000000,36.530000
3.339,0.000000,0.000000,0.000000,0.000000,0.000000,0.000000,36.530000
3.348,0.000000,0.000000,0.000000,0.000000,0.000000,0.000000,36.530000
3.355,0.000000,0.000000,0.000000,0.000000,0.000000,0.000000,36.530000
3.364,0.000000,0.000000,0.000000,0.000000,0.000000,0.000000,36.530000
3.370,0.000000,0.000000,0.000000,0.000000,0.000000,0.000000,36.530000
3.381,0.000000,0.000000,0.000000,0.000000,0.000000,0.000000,36.530000
3.388,0.000000,0.000000,0.000000,0.000000,0.000000,0.000000,36.530000
3.398,0.000000,0.000000,0.000000,0.000000,0.000000,0.000000,36.530000
3.404,0.000000,0.000000,0.000000,0.000000,0.000000,0.000000,36.530000
3.415,0.000000,0.000000,0.000000,0.000000,0.000000,0.000000,36.530000
3.420,0.000000,0.000000,0.000000,0.000000,0.000000,0.000000,36.530000
3.431,0.000000,0.000000,0.000000,0.000000,0.000000,0.000000,36.530000
3.438,0.000000,0.000000,0.000000,0.000000,0.000000,0.000000,36.530000
3.448,0.000000,0.000000,0.000000,0.000000,0.000000,0.000000,36.530000
3.455,0.000000,0.000000,0.000000,0.000000,0.000000,0.000000,36.530000
3.465,0.000000,0.000000,0.000000,0.000000,0.000000,0.000000,36.530000
3.470,0.000000,0.000000,0.000000,0.000000,0.000000,0.000000,36.530000
3.481,0.000000,0.000000,0.000000,0.000000,0.000000,0.000000,36.530000
3.491,0.000000,0.000000,0.000000,0.000000,0.000000,0.000000,36.530000
3.499,0.000000,0.000000,0.000000,0.000000,0.000000,0.000000,36.530000
3.504,0.000000,0.000000,0.000000,0.000000,0.000000,0.000000,36.530000
3.515,0.000000,0.000000,0.000000,0.000000,0.000000,0.000000,36.530000
3.520,0.000000,0.000000,0.000000,0.000000,0.000000,0.000000,36.530000
3.531,0.000000,0.000000,0.000000,0.000000,0.000000,0.000000,36.530000
3.538,0.000000,0.000000,0.000000,0.000000,0.000000,0.000000,36.530000
3.549,0.000000,0.000000,0.000000,0.000000,0.000000,0.000000,36.530000
3.554,0.000000,0.000000,0.000000,0.000000,0.000000,0.000000,36.530000
3.564,0.000000,0.000000,0.000000,0.000000,0.000000,0.000000,36.530000
3.570,0.000000,0.000000,0.000000,0.000000,0.000000,0.000000,36.530000
3.581,0.000000,0.000000,0.000000,0.000000,0.000000,0.000000,36.530000
3.589,0.000000,0.000000,0.000000,0.000000,0.000000,0.000000,36.530000
3.598,0.000000,0.000000,0.000000,0.000000,0.000000,0.000000,36.530000
3.605,0.000000,0.000000,0.000000,0.000000,0.000000,0.000000,36.530000
3.615,0.000000,0.000000,0.000000,0.000000,0.000000,0.000000,36.530000
3.620,0.000000,0.000000,0.000000,0.000000,0.000000,0.000000,36.530000
3.631,0.000000,0.000000,0.000000,0.000000,0.000000,0.000000,36.530000
3.639,0.000000,0.000000,0.000000,0.000000,0.000000,0.000000,36.530000
3.649,0.000000,0.000000,0.000000,0.000000,0.000000,0.000000,36.530000
3.654,0.000000,0.000000,0.000000,0.000000,0.000000,0.000000,36.530000
3.665,0.000000,0.000000,0.000000,0.000000,0.000000,0.000000,36.530000
3.670,0.000000,0.000000,0.000000,0.000000,0.000000,0.000000,36.530000
3.681,0.000000,0.000000,0.000000,0.000000,0.000000,0.000000,36.530000
3.689,0.000000,0.000000,0.000000,0.000000,0.000000,0.000000,36.530000
3.699,0.000000,0.000000,0.000000,0.000000,0.000000,0.000000,36.530000
3.704,0.000000,0.000000,0.000000,0.000000,0.000000,0.000000,36.530000
3.715,0.000000,0.000000,0.000000,0.000000,0.000000,0.000000,36.530000
3.720,0.000000,0.000000,0.000000,0.000000,0.000000,0.000000,36.530000
3.731,0.000000,0.000000,0.000000,0.000000,0.000000,0.000000,36.530000
3.737,0.000000,0.000000,0.000000,0.000000,0.000000,0.000000,36.530000
3.748,0.000000,0.000000,0.000000,0.000000,0.000000,0.000000,36.530000
3.754,0.000000,0.000000,0.000000,0.000000,0.000000,0.000000,36.530000
3.764,0.000000,0.000000,0.000000,0.000000,0.000000,0.000000,36.530000
3.770,0.000000,0.000000,0.000000,0.000000,0.000000,0.000000,36.530000
3.781,0.000000,0.000000,0.000000,0.000000,0.000000,0.000000,36.530000
3.787,0.000000,0.000000,0.000000,0.000000,0.000000,0.000000,36.530000
3.798,0.000000,0.000000,0.000000,0.000000,0.000000,0.000000,36.530000
3.804,0.000000,0.000000,0.000000,0.000000,0.000000,0.000000,36.530000
3.815,0.000000,0.000000,0.000000,0.000000,0.000000,0.000000,36.530000
3.820,0.000000,0.000000,0.000000,0.000000,0.000000,0.000000,36.530000
3.831,0.000000,0.000000,0.000000,0.000000,0.000000,0.000000,36.530000
3.839,0.000000,0.000000,0.000000,0.000000,0.000000,0.000000,36.530000
3.849,0.000000,0.000000,0.000000,0.000000,0.000000,0.000000,36.530000
3.853,0.000000,0.000000,0.000000,0.000000,0.000000,0.000000,36.530000
3.864,0.000000,0.000000,0.000000,0.000000,0.000000,0.000000,36.530000
3.870,0.000000,0.000000,0.000000,0.000000,0.000000,0.000000,36.530000
3.881,0.000000,0.000000,0.000000,0.000000,0.000000,0.000000,36.530000
3.889,0.000000,0.000000,0.000000,0.000000,0.000000,0.000000,36.530000
3.898,0.000000,0.000000,0.000000,0.000000,0.000000,0.000000,36.530000
3.905,0.000000,0.000000,0.000000,0.000000,0.000000,0.000000,36.530000
3.914,0.000000,0.000000,0.000000,0.000000,0.000000,0.000000,36.530000
3.920,0.000000,0.000000,0.000000,0.000000,0.000000,0.000000,36.530000
3.931,0.000000,0.000000,0.000000,0.000000,0.000000,0.000000,36.530000
3.939,0.000000,0.000000,0.000000,0.000000,0.000000,0.000000,36.530000
3.948,0.000000,0.000000,0.000000,0.000000,0.000000,0.000000,36.530000
3.955,0.000000,0.000000,0.000000,0.000000,0.000000,0.000000,36.530000
3.964,0.000000,0.000000,0.000000,0.000000,0.000000,0.000000,36.530000
3.970,0.000000,0.000000,0.000000,0.000000,0.000000,0.000000,36.530000
3.981,0.000000,0.000000,0.000000,0.000000,0.000000,0.000000,36.530000
3.988,0.000000,0.000000,0.000000,0.000000,0.000000,0.000000,36.530000
3.998,0.000000,0.000000,0.000000,0.000000,0.000000,0.000000,36.530000
4.004,0.000000,0.000000,0.000000,0.000000,0.000000,0.000000,36.530000
4.014,0.000000,0.000000,0.000000,0.000000,0.000000,0.000000,36.530000
4.020,0.000000,0.000000,0.000000,0.000000,0.000000,0.000000,36.530000
4.031,0.000000,0.000000,0.000000,0.000000,0.000000,0.000000,36.530000
4.039,0.000000,0.000000,0.000000,0.000000,0.000000,0.000000,36.530000
4.048,0.000000,0.000000,0.000000,0.000000,0.000000,0.000000,36.530000
4.055,0.000000,0.000000,0.000000,0.000000,0.000000,0.000000,36.530000
4.064,0.000000,0.000000,0.000000,0.000000,0.000000,0.000000,36.530000
4.070,0.000000,0.000000,0.000000,0.000000,0.000000,0.000000,36.530000
4.081,0.000000,0.000000,0.000000,0.000000,0.000000,0.000000,36.530000
4.089,0.000000,0.000000,0.000000,0.000000,0.000000,0.000000,36.530000
4.099,0.000000,0.000000,0.000000,0.000000,0.000000,0.000000,36.530000
4.104,0.000000,0.000000,0.000000,0.000000,0.000000,0.000000,36.530000
4.114,0.000000,0.000000,0.000000,0.000000,0.000000,0.000000,36.530000
4.120,0.000000,0.000000,0.000000,0.000000,0.000000,0.000000,36.530000
4.131,0.000000,0.000000,0.000000,0.000000,0.000000,0.000000,36.530000
4.140,0.000000,0.000000,0.000000,0.000000,0.000000,0.000000,36.530000
4.148,0.000000,0.000000,0.000000,0.000000,0.000000,0.000000,36.530000
4.155,0.000000,0.000000,0.000000,0.000000,0.000000,0.000000,36.530000
4.164,0.000000,0.000000,0.000000,0.000000,0.000000,0.000000,36.530000
4.170,0.000000,0.000000,0.000000,0.000000,0.000000,0.000000,36.530000
4.181,0.000000,0.000000,0.000000,0.000000,0.000000,0.000000,36.530000
4.188,0.000000,0.000000,0.000000,0.000000,0.000000,0.000000,36.530000
4.198,0.000000,0.000000,0.000000,0.000000,0.000000,0.000000,36.530000
4.205,0.000000,0.000000,0.000000,0.000000,0.000000,0.000000,36.530000
4.214,0.000000,0.000000,0.000000,0.000000,0.000000,0.000000,36.530000
4.220,0.000000,0.000000,0.000000,0.000000,0.000000,0.000000,36.530000
4.231,0.000000,0.000000,0.000000,0.000000,0.000000,0.000000,36.530000
4.241,0.000000,0.000000,0.000000,0.000000,0.000000,0.000000,36.530000
4.248,0.000000,0.000000,0.000000,0.000000,0.000000,0.000000,36.530000
4.254,0.000000,0.000000,0.000000,0.000000,0.000000,0.000000,36.530000
4.264,0.000000,0.000000,0.000000,0.000000,0.000000,0.000000,36.530000
4.270,0.000000,0.000000,0.000000,0.000000,0.000000,0.000000,36.530000
4.281,0.000000,0.000000,0.000000,0.000000,0.000000,0.000000,36.530000
4.289,0.000000,0.000000,0.000000,0.000000,0.000000,0.000000,36.530000
4.298,0.000000,0.000000,0.000000,0.000000,0.000000,0.000000,36.530000
4.305,0.000000,0.000000,0.000000,0.000000,0.000000,0.000000,36.530000
4.315,0.000000,0.000000,0.000000,0.000000,0.000000,0.000000,36.530000
4.320,0.000000,0.000000,0.000000,0.000000,0.000000,0.000000,36.530000
4.331,0.000000,0.000000,0.000000,0.000000,0.000000,0.000000,36.530000
4.338,0.000000,0.000000,0.000000,0.000000,0.000000,0.000000,36.530000
4.349,0.000000,0.000000,0.000000,0.000000,0.000000,0.000000,36.530000
4.354,0.000000,0.000000,0.000000,0.000000,0.000000,0.000000,36.530000
4.364,0.000000,0.000000,0.000000,0.000000,0.000000,0.000000,36.530000
4.370,0.000000,0.000000,0.000000,0.000000,0.000000,0.000000,36.530000
4.381,0.000000,0.000000,0.000000,0.000000,0.000000,0.000000,36.530000
4.390,0.000000,0.000000,0.000000,0.000000,0.000000,0.000000,36.530000
4.398,0.000000,0.000000,0.000000,0.000000,0.000000,0.000000,36.530000
4.405,0.000000,0.000000,0.000000,0.000000,0.000000,0.000000,36.530000
4.414,0.000000,0.000000,0.000000,0.000000,0.000000,0.000000,36.530000
4.420,0.000000,0.000000,0.000000,0.000000,0.000000,0.000000,36.530000
4.431,0.000000,0.000000,0.000000,0.000000,0.000000,0.000000,36.530000
4.440,0.000000,0.000000,0.000000,0.000000,0.000000,0.000000,36.530000
4.449,0.000000,0.000000,0.000000,0.000000,0.000000,0.000000,36.530000
4.453,0.000000,0.000000,0.000000,0.000000,0.000000,0.000000,36.530000
4.464,0.000000,0.000000,0.000000,0.000000,0.000000,0.000000,36.530000
4.470,0.000000,0.000000,0.000000,0.000000,0.000000,0.000000,36.530000
4.481,0.000000,0.000000,0.000000,0.000000,0.000000,0.000000,36.530000
4.488,0.000000,0.000000,0.000000,0.000000,0.000000,0.000000,36.530000
4.498,0.000000,0.000000,0.000000,0.000000,0.000000,0.000000,36.530000
4.504,0.000000,0.000000,0.000000,0.000000,0.000000,0.000000,36.530000
4.514,0.000000,0.000000,0.000000,0.000000,0.000000,0.000000,36.530000
4.520,0.000000,0.000000,0.000000,0.000000,0.000000,0.000000,36.530000
4.531,0.000000,0.000000,0.000000,0.000000,0.000000,0.000000,36.530000
4.539,0.000000,0.000000,0.000000,0.000000,0.000000,0.000000,36.530000
4.548,0.000000,0.000000,0.000000,0.000000,0.000000,0.000000,36.530000
4.553,0.000000,0.000000,0.000000,0.000000,0.000000,0.000000,36.530000
4.564,0.000000,0.000000,0.000000,0.000000,0.000000,0.000000,36.530000
4.570,0.000000,0.000000,0.000000,0.000000,0.000000,0.000000,36.530000
4.581,0.000000,0.000000,0.000000,0.000000,0.000000,0.000000,36.530000
4.588,0.000000,0.000000,0.000000,0.000000,0.000000,0.000000,36.530000
4.598,0.000000,0.000000,0.000000,0.000000,0.000000,0.000000,36.530000
4.605,0.000000,0.000000,0.000000,0.000000,0.000000,0.000000,36.530000
4.614,0.000000,0.000000,0.000000,0.000000,0.000000,0.000000,36.530000
4.620,0.000000,0.000000,0.000000,0.000000,0.000000,0.000000,36.530000
4.631,0.000000,0.000000,0.000000,0.000000,0.000000,0.000000,36.530000
4.640,0.000000,0.000000,0.000000,0.000000,0.000000,0.000000,36.530000
4.649,0.000000,0.000000,0.000000,0.000000,0.000000,0.000000,36.530000
4.653,0.000000,0.000000,0.000000,0.000000,0.000000,0.000000,36.530000
4.664,0.000000,0.000000,0.000000,0.000000,0.000000,0.000000,36.530000
4.670,0.000000,0.000000,0.000000,0.000000,0.000000,0.000000,36.530000
4.681,0.000000,0.000000,0.000000,0.000000,0.000000,0.000000,36.530000
4.689,0.000000,0.000000,0.000000,0.000000,0.000000,0.000000,36.530000
4.698,0.000000,0.000000,0.000000,0.000000,0.000000,0.000000,36.530000
4.704,0.000000,0.000000,0.000000,0.000000,0.000000,0.000000,36.530000
4.714,0.000000,0.000000,0.000000,0.000000,0.000000,0.000000,36.530000
4.720,0.000000,0.000000,0.000000,0.000000,0.000000,0.000000,36.530000
4.731,0.000000,0.000000,0.000000,0.000000,0.000000,0.000000,36.530000
4.740,0.000000,0.000000,0.000000,0.000000,0.000000,0.000000,36.530000
4.748,0.000000,0.000000,0.000000,0.000000,0.000000,0.000000,36.530000
4.754,0.000000,0.000000,0.000000,0.000000,0.000000,0.000000,36.530000
4.765,0.000000,0.000000,0.000000,0.000000,0.000000,0.000000,36.530000
4.770,0.000000,0.000000,0.000000,0.000000,0.000000,0.000000,36.530000
4.781,0.000000,0.000000,0.000000,0.000000,0.000000,0.000000,36.530000
4.789,0.000000,0.000000,0.000000,0.000000,0.000000,0.000000,36.530000
4.798,0.000000,0.000000,0.000000,0.000000,0.000000,0.000000,36.530000
4.803,0.000000,0.000000,0.000000,0.000000,0.000000,0.000000,36.530000
4.814,0.000000,0.000000,0.000000,0.000000,0.000000,0.000000,36.530000
4.820,0.000000,0.000000,0.000000,0.000000,0.000000,0.000000,36.530000
4.831,0.000000,0.000000,0.000000,0.000000,0.000000,0.000000,36.530000
4.839,0.000000,0.000000,0.000000,0.000000,0.000000,0.000000,36.530000
4.849,0.000000,0.000000,0.000000,0.000000,0.000000,0.000000,36.530000
4.853,0.000000,0.000000,0.000000,0.000000,0.000000,0.000000,36.530000
4.864,0.000000,0.000000,0.000000,0.000000,0.000000,0.000000,36.530000
4.870,0.000000,0.000000,0.000000,0.000000,0.000000,0.000000,36.530000
4.881,0.000000,0.000000,0.000000,0.000000,0.000000,0.000000,36.530000
4.889,0.000000,0.000000,0.000000,0.000000,0.000000,0.000000,36.530000
4.898,0.000000,0.000000,0.000000,0.000000,0.000000,0.000000,36.530000
4.904,0.000000,0.000000,0.000000,0.000000,0.000000,0.000000,36.530000
4.914,0.000000,0.000000,0.000000,0.000000,0.000000,0.000000,36.530000
4.920,0.000000,0.000000,0.000000,0.000000,0.000000,0.000000,36.530000
4.931,0.000000,0.000000,0.000000,0.000000,0.000000,0.000000,36.530000
4.941,0.000000,0.000000,0.000000,0.000000,0.000000,0.000000,36.530000
4.948,0.000000,0.000000,0.000000,0.000000,0.000000,0.000000,36.530000
4.954,0.000000,0.000000,0.000000,0.000000,0.000000,0.000000,36.530000
4.964,0.000000,0.000000,0.000000,0.000000,0.000000,0.000000,36.530000
4.970,0.000000,0.000000,0.000000,0.000000,0.000000,0.000000,36.530000
4.981,0.000000,0.000000,0.000000,0.000000,0.000000,0.000000,36.530000
4.988,0.000000,0.000000,0.000000,0.000000,0.000000,0.000000,36.530000
4.998,0.000000,0.000000,0.000000,0.000000,0.000000,0.000000,36.530000
5.005,0.000000,0.000000,0.000000,0.000000,0.000000,0.000000,36.530000
5.014,0.000000,0.000000,0.000000,0.000000,0.000000,0.000000,36.530000
5.020,0.000000,0.000000,0.000000,0.000000,0.000000,0.000000,36.530000
5.031,0.000000,0.000000,0.000000,0.000000,0.000000,0.000000,36.530000
5.038,0.000000,0.000000,0.000000,0.000000,0.000000,0.000000,36.530000
5.048,0.000000,0.000000,0.000000,0.000000,0.000000,0.000000,36.530000
5.053,0.000000,0.000000,0.000000,0.000000,0.000000,0.000000,36.530000
5.064,0.000000,0.000000,0.000000,0.000000,0.000000,0.000000,36.530000
5.070,0.000000,0.000000,0.000000,0.000000,0.000000,0.000000,36.530000
5.081,0.000000,0.000000,0.000000,0.000000,0.000000,0.000000,36.530000
5.090,0.000000,0.000000,0.000000,0.000000,0.000000,0.000000,36.530000
5.099,0.000000,0.000000,0.000000,0.000000,0.000000,0.000000,36.530000
5.104,0.000000,0.000000,0.000000,0.000000,0.000000,0.000000,36.530000
5.114,0.000000,0.000000,0.000000,0.000000,0.000000,0.000000,36.530000
5.120,0.000000,0.000000,0.000000,0.000000,0.000000,0.000000,36.530000
5.131,0.000000,0.000000,0.000000,0.000000,0.000000,0.000000,36.530000
5.140,0.000000,0.000000,0.000000,0.000000,0.000000,0.000000,36.530000
5.148,0.000000,0.000000,0.000000,0.000000,0.000000,0.000000,36.530000
5.154,0.000000,0.000000,0.000000,0.000000,0.000000,0.000000,36.530000
5.164,0.000000,0.000000,0.000000,0.000000,0.000000,0.000000,36.530000
5.170,0.000000,0.000000,0.000000,0.000000,0.000000,0.000000,36.530000
5.181,0.000000,0.000000,0.000000,0.000000,0.000000,0.000000,36.530000
5.189,0.000000,0.000000,0.000000,0.000000,0.000000,0.000000,36.530000
5.198,0.000000,0.000000,0.000000,0.000000,0.000000,0.000000,36.530000
5.204,0.000000,0.000000,0.000000,0.000000,0.000000,0.000000,36.530000
5.214,0.000000,0.000000,0.000000,0.000000,0.000000,0.000000,36.530000
5.220,0.000000,0.000000,0.000000,0.000000,0.000000,0.000000,36.530000
5.231,0.000000,0.000000,0.000000,0.000000,0.000000,0.000000,36.530000
5.239,0.000000,0.000000,0.000000,0.000000,0.000000,0.000000,36.530000
5.249,0.000000,0.000000,0.000000,0.000000,0.000000,0.000000,36.530000
5.253,0.000000,0.000000,0.000000,0.000000,0.000000,0.000000,36.530000
5.264,0.000000,0.000000,0.000000,0.000000,0.000000,0.000000,36.530000
5.270,0.000000,0.000000,0.000000,0.000000,0.000000,0.000000,36.530000
5.281,0.000000,0.000000,0.000000,0.000000,0.000000,0.000000,36.530000
5.289,0.000000,0.000000,0.000000,0.000000,0.000000,0.000000,36.530000
5.298,0.000000,0.000000,0.000000,0.000000,0.000000,0.000000,36.530000
5.304,0.000000,0.000000,0.000000,0.000000,0.000000,0.000000,36.530000
5.314,0.000000,0.000000,0.000000,0.000000,0.000000,0.000000,36.530000
5.320,0.000000,0.000000,0.000000,0.000000,0.000000,0.000000,36.530000
5.331,0.000000,0.000000,0.000000,0.000000,0.000000,0.000000,36.530000
5.339,0.000000,0.000000,0.000000,0.000000,0.000000,0.000000,36.530000
5.349,0.000000,0.000000,0.000000,0.000000,0.000000,0.000000,36.530000
5.354,0.000000,0.000000,0.000000,0.000000,0.000000,0.000000,36.530000
5.364,0.000000,0.000000,0.000000,0.000000,0.000000,0.000000,36.530000
5.370,0.000000,0.000000,0.000000,0.000000,0.000000,0.000000,36.530000
5.381,0.000000,0.000000,0.000000,0.000000,0.000000,0.000000,36.530000
5.390,0.000000,0.000000,0.000000,0.000000,0.000000,0.000000,36.530000
5.398,0.000000,0.000000,0.000000,0.000000,0.000000,0.000000,36.530000
5.405,0.000000,0.000000,0.000000,0.000000,0.000000,0.000000,36.530000
5.414,0.000000,0.000000,0.000000,0.000000,0.000000,0.000000,36.530000
5.420,0.000000,0.000000,0.000000,0.000000,0.000000,0.000000,36.530000
5.431,0.000000,0.000000,0.000000,0.000000,0.000000,0.000000,36.530000
5.439,0.000000,0.000000,0.000000,0.000000,0.000000,0.000000,36.530000
5.449,0.000000,0.000000,0.000000,0.000000,0.000000,0.000000,36.530000
5.453,0.000000,0.000000,0.000000,0.000000,0.000000,0.000000,36.530000
5.464,0.000000,0.000000,0.000000,0.000000,0.000000,0.000000,36.530000
5.470,0.000000,0.000000,0.000000,0.000000,0.000000,0.000000,36.530000
5.481,0.000000,0.000000,0.000000,0.000000,0.000000,0.000000,36.530000
5.489,0.000000,0.000000,0.000000,0.000000,0.000000,0.000000,36.530000
5.499,0.000000,0.000000,0.000000,0.000000,0.000000,0.000000,36.530000
5.503,0.000000,0.000000,0.000000,0.000000,0.000000,0.000000,36.530000
5.514,0.000000,0.000000,0.000000,0.000000,0.000000,0.000000,36.530000
5.520,0.000000,0.000000,0.000000,0.000000,0.000000,0.000000,36.530000
5.531,0.000000,0.000000,0.000000,0.000000,0.000000,0.000000,36.530000
5.539,0.000000,0.000000,0.000000,0.000000,0.000000,0.000000,36.530000
5.548,0.000000,0.000000,0.000000,0.000000,0.000000,0.000000,36.530000
5.553,0.000000,0.000000,0.000000,0.000000,0.000000,0.000000,36.530000
5.564,0.000000,0.000000,0.000000,0.000000,0.000000,0.000000,36.530000
5.570,0.000000,0.000000,0.000000,0.000000,0.000000,0.000000,36.530000
5.581,0.000000,0.000000,0.000000,0.000000,0.000000,0.000000,36.530000
5.589,0.000000,0.000000,0.000000,0.000000,0.000000,0.000000,36.530000
5.599,0.000000,0.000000,0.000000,0.000000,0.000000,0.000000,36.530000
5.603,0.000000,0.000000,0.000000,0.000000,0.000000,0.000000,36.530000
5.614,0.000000,0.000000,0.000000,0.000000,0.000000,0.000000,36.530000
5.620,0.000000,0.000000,0.000000,0.000000,0.000000,0.000000,36.530000
5.631,0.000000,0.000000,0.000000,0.000000,0.000000,0.000000,36.530000
5.641,0.000000,0.000000,0.000000,0.000000,0.000000,0.000000,36.530000
5.648,0.000000,0.000000,0.000000,0.000000,0.000000,0.000000,36.530000
5.654,0.000000,0.000000,0.000000,0.000000,0.000000,0.000000,36.530000
5.664,0.000000,0.000000,0.000000,0.000000,0.000000,0.000000,36.530000
5.670,0.000000,0.000000,0.000000,0.000000,0.000000,0.000000,36.530000
5.681,0.000000,0.000000,0.000000,0.000000,0.000000,0.000000,36.530000
5.689,0.000000,0.000000,0.000000,0.000000,0.000000,0.000000,36.530000
5.698,0.000000,0.000000,0.000000,0.000000,0.000000,0.000000,36.530000
5.703,0.000000,0.000000,0.000000,0.000000,0.000000,0.000000,36.530000
5.714,0.000000,0.000000,0.000000,0.000000,0.000000,0.000000,36.530000
5.720,0.000000,0.000000,0.000000,0.000000,0.000000,0.000000,36.530000
5.731,0.000000,0.000000,0.000000,0.000000,0.000000,0.000000,36.530000
5.739,0.000000,0.000000,0.000000,0.000000,0.000000,0.000000,36.530000
5.749,0.000000,0.000000,0.000000,0.000000,0.000000,0.000000,36.530000
5.753,0.000000,0.000000,0.000000,0.000000,0.000000,0.000000,36.530000
5.764,0.000000,0.000000,0.000000,0.000000,0.000000,0.000000,36.530000
5.770,0.000000,0.000000,0.000000,0.000000,0.000000,0.000000,36.530000
5.781,0.000000,0.000000,0.000000,0.000000,0.000000,0.000000,36.530000
5.789,0.000000,0.000000,0.000000,0.000000,0.000000,0.000000,36.530000
5.798,0.000000,0.000000,0.000000,0.000000,0.000000,0.000000,36.530000
5.805,0.000000,0.000000,0.000000,0.000000,0.000000,0.000000,36.530000
5.814,0.000000,0.000000,0.000000,0.000000,0.000000,0.000000,36.530000
5.820,0.000000,0.000000,0.000000,0.000000,0.000000,0.000000,36.530000
5.831,0.000000,0.000000,0.000000,0.000000,0.000000,0.000000,36.530000
5.839,0.000000,0.000000,0.000000,0.000000,0.000000,0.000000,36.530000
5.849,0.000000,0.000000,0.000000,0.000000,0.000000,0.000000,36.530000
5.853,0.000000,0.000000,0.000000,0.000000,0.000000,0.000000,36.530000
5.864,0.000000,0.000000,0.000000,0.000000,0.000000,0.000000,36.530000
5.870,0.000000,0.000000,0.000000,0.000000,0.000000,0.000000,36.530000
5.881,0.000000,0.000000,0.000000,0.000000,0.000000,0.000000,36.530000
5.888,0.000000,0.000000,0.000000,0.000000,0.000000,0.000000,36.530000
5.898,0.000000,0.000000,0.000000,0.000000,0.000000,0.000000,36.530000
5.905,0.000000,0.000000,0.000000,0.000000,0.000000,0.000000,36.530000
5.914,0.000000,0.000000,0.000000,0.000000,0.000000,0.000000,36.530000
5.920,0.000000,0.000000,0.000000,0.000000,0.000000,0.000000,36.530000
5.931,0.000000,0.000000,0.000000,0.000000,0.000000,0.000000,36.530000
5.940,0.000000,0.000000,0.000000,0.000000,0.000000,0.000000,36.530000
5.949,0.000000,0.000000,0.000000,0.000000,0.000000,0.000000,36.530000
5.954,0.000000,0.000000,0.000000,0.000000,0.000000,0.000000,36.530000
5.964,0.000000,0.000000,0.000000,0.000000,0.000000,0.000000,36.530000
5.970,0.000000,0.000000,0.000000,0.000000,0.000000,0.000000,36.530000
5.981,0.000000,0.000000,0.000000,0.000000,0.000000,0.000000,36.530000
5.991,0.000000,0.000000,0.000000,0.000000,0.000000,0.000000,36.530000
5.999,0.000000,0.000000,0.000000,0.000000,0.000000,0.000000,36.530000
6.003,0.000000,0.000000,0.000000,0.000000,0.000000,0.000000,36.530000
6.014,0.000000,0.000000,0.000000,0.000000,0.000000,0.000000,36.530000
6.020,0.000000,0.000000,0.000000,0.000000,0.000000,0.000000,36.530000
6.031,0.000000,0.000000,0.000000,0.000000,0.000000,0.000000,36.530000
6.039,0.000000,0.000000,0.000000,0.000000,0.000000,0.000000,36.530000
6.049,0.000000,0.000000,0.000000,0.000000,0.000000,0.000000,36.530000
6.054,0.000000,0.000000,0.000000,0.000000,0.000000,0.000000,36.530000
6.064,0.000000,0.000000,0.000000,0.000000,0.000000,0.000000,36.530000
6.070,0.000000,0.000000,0.000000,0.000000,0.000000,0.000000,36.530000
6.081,0.000000,0.000000,0.000000,0.000000,0.000000,0.000000,36.530000
6.089,0.000000,0.000000,0.000000,0.000000,0.000000,0.000000,36.530000
6.099,0.000000,0.000000,0.000000,0.000000,0.000000,0.000000,36.530000
6.103,0.000000,0.000000,0.000000,0.000000,0.000000,0.000000,36.530000
6.114,0.000000,0.000000,0.000000,0.000000,0.000000,0.000000,36.530000
6.120,0.000000,0.000000,0.000000,0.000000,0.000000,0.000000,36.530000
6.131,0.000000,0.000000,0.000000,0.000000,0.000000,0.000000,36.530000
6.140,0.000000,0.000000,0.000000,0.000000,0.000000,0.000000,36.530000
6.148,0.000000,0.000000,0.000000,0.000000,0.000000,0.000000,36.530000
6.154,0.000000,0.000000,0.000000,0.000000,0.000000,0.000000,36.530000
6.164,0.000000,0.000000,0.000000,0.000000,0.000000,0.000000,36.530000
6.170,0.000000,0.000000,0.000000,0.000000,0.000000,0.000000,36.530000
6.181,0.000000,0.000000,0.000000,0.000000,0.000000,0.000000,36.530000
6.189,0.000000,0.000000,0.000000,0.000000,0.000000,0.000000,36.530000
6.199,0.000000,0.000000,0.000000,0.000000,0.000000,0.000000,36.530000
6.203,0.000000,0.000000,0.000000,0.000000,0.000000,0.000000,36.530000
6.214,0.000000,0.000000,0.000000,0.000000,0.000000,0.000000,36.530000
6.220,0.000000,0.000000,0.000000,0.000000,0.000000,0.000000,36.530000
6.231,0.000000,0.000000,0.000000,0.000000,0.000000,0.000000,36.530000
6.239,0.000000,0.000000,0.000000,0.000000,0.000000,0.000000,36.530000
6.249,0.000000,0.000000,0.000000,0.000000,0.000000,0.000000,36.530000
6.253,0.000000,0.000000,0.000000,0.000000,0.000000,0.000000,36.530000
6.264,0.000000,0.000000,0.000000,0.000000,0.000000,0.000000,36.530000
6.270,0.000000,0.000000,0.000000,0.000000,0.000000,0.000000,36.530000
6.281,0.000000,0.000000,0.000000,0.000000,0.000000,0.000000,36.530000
6.289,0.000000,0.000000,0.000000,0.000000,0.000000,0.000000,36.530000
6.299,0.000000,0.000000,0.000000,0.000000,0.000000,0.000000,36.530000
6.303,0.000000,0.000000,0.000000,0.000000,0.000000,0.000000,36.530000
6.314,0.000000,0.000000,0.000000,0.000000,0.000000,0.000000,36.530000
6.320,0.000000,0.000000,0.000000,0.000000,0.000000,0.000000,36.530000
6.331,0.000000,0.000000,0.000000,0.000000,0.000000,0.000000,36.530000
6.339,0.000000,0.000000,0.000000,0.000000,0.000000,0.000000,36.530000
6.349,0.000000,0.000000,0.000000,0.000000,0.000000,0.000000,36.530000
6.354,0.000000,0.000000,0.000000,0.000000,0.000000,0.000000,36.530000
6.364,0.000000,0.000000,0.000000,0.000000,0.000000,0.000000,36.530000
6.370,0.000000,0.000000,0.000000,0.000000,0.000000,0.000000,36.530000
6.381,0.000000,0.000000,0.000000,0.000000,0.000000,0.000000,36.530000
6.389,0.000000,0.000000,0.000000,0.000000,0.000000,0.000000,36.530000
6.398,0.000000,0.000000,0.000000,0.000000,0.000000,0.000000,36.530000
6.405,0.000000,0.000000,0.000000,0.000000,0.000000,0.000000,36.530000
6.414,0.000000,0.000000,0.000000,0.000000,0.000000,0.000000,36.530000
6.420,0.000000,0.000000,0.000000,0.000000,0.000000,0.000000,36.530000
6.431,0.000000,0.000000,0.000000,0.000000,0.000000,0.000000,36.530000
6.439,0.000000,0.000000,0.000000,0.000000,0.000000,0.000000,36.530000
6.449,0.000000,0.000000,0.000000,0.000000,0.000000,0.000000,36.530000
6.453,0.000000,0.000000,0.000000,0.000000,0.000000,0.000000,36.530000
6.464,0.000000,0.000000,0.000000,0.000000,0.000000,0.000000,36.530000
6.470,0.000000,0.000000,0.000000,0.000000,0.000000,0.000000,36.530000
6.481,0.000000,0.000000,0.000000,0.000000,0.000000,0.000000,36.530000
6.489,0.000000,0.000000,0.000000,0.000000,0.000000,0.000000,36.530000
6.498,0.000000,0.000000,0.000000,0.000000,0.000000,0.000000,36.530000
6.503,0.000000,0.000000,0.000000,0.000000,0.000000,0.000000,36.530000
6.514,0.000000,0.000000,0.000000,0.000000,0.000000,0.000000,36.530000
6.520,0.000000,0.000000,0.000000,0.000000,0.000000,0.000000,36.530000
6.531,0.000000,0.000000,0.000000,0.000000,0.000000,0.000000,36.530000
6.539,0.000000,0.000000,0.000000,0.000000,0.000000,0.000000,36.530000
6.547,0.000000,0.000000,0.000000,0.000000,0.000000,0.000000,36.530000
6.554,0.000000,0.000000,0.000000,0.000000,0.000000,0.000000,36.530000
6.564,0.000000,0.000000,0.000000,0.000000,0.000000,0.000000,36.530000
6.570,0.000000,0.000000,0.000000,0.000000,0.000000,0.000000,36.530000
6.581,0.000000,0.000000,0.000000,0.000000,0.000000,0.000000,36.530000
6.589,0.000000,0.000000,0.000000,0.000000,0.000000,0.000000,36.530000
6.599,0.000000,0.000000,0.000000,0.000000,0.000000,0.000000,36.530000
6.603,0.000000,0.000000,0.000000,0.000000,0.000000,0.000000,36.530000
6.614,0.000000,0.000000,0.000000,0.000000,0.000000,0.000000,36.530000
6.620,0.000000,0.000000,0.000000,0.000000,0.000000,0.000000,36.530000
6.631,0.000000,0.000000,0.000000,0.000000,0.000000,0.000000,36.530000
6.639,0.000000,0.000000,0.000000,0.000000,0.000000,0.000000,36.530000
6.648,0.000000,0.000000,0.000000,0.000000,0.000000,0.000000,36.530000
6.654,0.000000,0.000000,0.000000,0.000000,0.000000,0.000000,36.530000
6.664,0.000000,0.000000,0.000000,0.000000,0.000000,0.000000,36.530000
6.670,0.000000,0.000000,0.000000,0.000000,0.000000,0.000000,36.530000
6.681,0.000000,0.000000,0.000000,0.000000,0.000000,0.000000,36.530000
6.691,0.000000,0.000000,0.000000,0.000000,0.000000,0.000000,36.530000
6.697,0.000000,0.000000,0.000000,0.000000,0.000000,0.000000,36.530000
6.703,0.000000,0.000000,0.000000,0.000000,0.000000,0.000000,36.530000
6.714,0.000000,0.000000,0.000000,0.000000,0.000000,0.000000,36.530000
6.720,0.000000,0.000000,0.000000,0.000000,0.000000,0.000000,36.530000
6.731,0.000000,0.000000,0.000000,0.000000,0.000000,0.000000,36.530000
6.738,0.000000,0.000000,0.000000,0.000000,0.000000,0.000000,36.530000
6.748,0.000000,0.000000,0.000000,0.000000,0.000000,0.000000,36.530000
6.753,0.000000,0.000000,0.000000,0.000000,0.000000,0.000000,36.530000
6.764,0.000000,0.000000,0.000000,0.000000,0.000000,0.000000,36.530000
6.770,0.000000,0.000000,0.000000,0.000000,0.000000,0.000000,36.530000
6.781,0.000000,0.000000,0.000000,0.000000,0.000000,0.000000,36.530000
6.790,0.000000,0.000000,0.000000,0.000000,0.000000,0.000000,36.530000
6.798,0.000000,0.000000,0.000000,0.000000,0.000000,0.000000,36.530000
6.803,0.000000,0.000000,0.000000,0.000000,0.000000,0.000000,36.530000
6.814,0.000000,0.000000,0.000000,0.000000,0.000000,0.000000,36.530000
6.820,0.000000,0.000000,0.000000,0.000000,0.000000,0.000000,36.530000
6.831,0.000000,0.000000,0.000000,0.000000,0.000000,0.000000,36.530000
6.839,0.000000,0.000000,0.000000,0.000000,0.000000,0.000000,36.530000
6.848,0.000000,0.000000,0.000000,0.000000,0.000000,0.000000,36.530000
6.854,0.000000,0.000000,0.000000,0.000000,0.000000,0.000000,36.530000
6.864,0.000000,0.000000,0.000000,0.000000,0.000000,0.000000,36.530000
6.870,0.000000,0.000000,0.000000,0.000000,0.000000,0.000000,36.530000
6.881,0.000000,0.000000,0.000000,0.000000,0.000000,0.000000,36.530000
6.889,0.000000,0.000000,0.000000,0.000000,0.000000,0.000000,36.530000
6.899,0.000000,0.000000,0.000000,0.000000,0.000000,0.000000,36.530000
6.903,0.000000,0.000000,0.000000,0.000000,0.000000,0.000000,36.530000
6.914,0.000000,0.000000,0.000000,0.000000,0.000000,0.000000,36.530000
6.920,0.000000,0.000000,0.000000,0.000000,0.000000,0.000000,36.530000
6.931,0.000000,0.000000,0.000000,0.000000,0.000000,0.000000,36.530000
6.939,0.000000,0.000000,0.000000,0.000000,0.000000,0.000000,36.530000
6.948,0.000000,0.000000,0.000000,0.000000,0.000000,0.000000,36.530000
6.953,0.000000,0.000000,0.000000,0.000000,0.000000,0.000000,36.530000
6.964,0.000000,0.000000,0.000000,0.000000,0.000000,0.000000,36.530000
6.970,0.000000,0.000000,0.000000,0.000000,0.000000,0.000000,36.530000
6.981,0.000000,0.000000,0.000000,0.000000,0.000000,0.000000,36.530000
6.989,0.000000,0.000000,0.000000,0.000000,0.000000,0.000000,36.530000
6.999,0.000000,0.000000,0.000000,0.000000,0.000000,0.000000,36.530000
7.003,0.000000,0.000000,0.000000,0.000000,0.000000,0.000000,36.530000
7.014,0.000000,0.000000,0.000000,0.000000,0.000000,0.000000,36.530000
7.020,0.000000,0.000000,0.000000,0.000000,0.000000,0.000000,36.530000
7.031,0.000000,0.000000,0.000000,0.000000,0.000000,0.000000,36.530000
7.039,0.000000,0.000000,0.000000,0.000000,0.000000,0.000000,36.530000
7.049,0.000000,0.000000,0.000000,0.000000,0.000000,0.000000,36.530000
7.053,0.000000,0.000000,0.000000,0.000000,0.000000,0.000000,36.530000
7.064,0.000000,0.000000,0.000000,0.000000,0.000000,0.000000,36.530000
7.070,0.000000,0.000000,0.000000,0.000000,0.000000,0.000000,36.530000
7.081,0.000000,0.000000,0.000000,0.000000,0.000000,0.000000,36.530000
7.089,0.000000,0.000000,0.000000,0.000000,0.000000,0.000000,36.530000
7.099,0.000000,0.000000,0.000000,0.000000,0.000000,0.000000,36.530000
7.104,0.000000,0.000000,0.000000,0.000000,0.000000,0.000000,36.530000
7.114,0.000000,0.000000,0.000000,0.000000,0.000000,0.000000,36.530000
7.120,0.000000,0.000000,0.000000,0.000000,0.000000,0.000000,36.530000
7.131,0.000000,0.000000,0.000000,0.000000,0.000000,0.000000,36.530000
7.138,0.000000,0.000000,0.000000,0.000000,0.000000,0.000000,36.530000
7.148,0.000000,0.000000,0.000000,0.000000,0.000000,0.000000,36.530000
7.153,0.000000,0.000000,0.000000,0.000000,0.000000,0.000000,36.530000
7.164,0.000000,0.000000,0.000000,0.000000,0.000000,0.000000,36.530000
7.170,0.000000,0.000000,0.000000,0.000000,0.000000,0.000000,36.530000
7.181,0.000000,0.000000,0.000000,0.000000,0.000000,0.000000,36.530000
7.188,0.000000,0.000000,0.000000,0.000000,0.000000,0.000000,36.530000
7.198,0.000000,0.000000,0.000000,0.000000,0.000000,0.000000,36.530000
7.204,0.000000,0.000000,0.000000,0.000000,0.000000,0.000000,36.530000
7.214,0.000000,0.000000,0.000000,0.000000,0.000000,0.000000,36.530000
7.220,0.000000,0.000000,0.000000,0.000000,0.000000,0.000000,36.530000
7.231,0.000000,0.000000,0.000000,0.000000,0.000000,0.000000,36.530000
7.239,0.000000,0.000000,0.000000,0.000000,0.000000,0.000000,36.530000
7.248,0.000000,0.000000,0.000000,0.000000,0.000000,0.000000,36.530000
7.253,0.000000,0.000000,0.000000,0.000000,0.000000,0.000000,36.530000
7.264,0.000000,0.000000,0.000000,0.000000,0.000000,0.000000,36.530000
7.270,0.000000,0.000000,0.000000,0.000000,0.000000,0.000000,36.530000
7.281,0.000000,0.000000,0.000000,0.000000,0.000000,0.000000,36.530000
7.289,0.000000,0.000000,0.000000,0.000000,0.000000,0.000000,36.530000
7.298,0.000000,0.000000,0.000000,0.000000,0.000000,0.000000,36.530000
7.304,0.000000,0.000000,0.000000,0.000000,0.000000,0.000000,36.530000
7.314,0.000000,0.000000,0.000000,0.000000,0.000000,0.000000,36.530000
7.320,0.000000,0.000000,0.000000,0.000000,0.000000,0.000000,36.530000
7.331,0.000000,0.000000,0.000000,0.000000,0.000000,0.000000,36.530000
7.339,0.000000,0.000000,0.000000,0.000000,0.000000,0.000000,36.530000
7.349,0.000000,0.000000,0.000000,0.000000,0.000000,0.000000,36.530000
7.354,0.000000,0.000000,0.000000,0.000000,0.000000,0.000000,36.530000
7.364,0.000000,0.000000,0.000000,0.000000,0.000000,0.000000,36.530000
7.370,0.000000,0.000000,0.000000,0.000000,0.000000,0.000000,36.530000
7.381,0.000000,0.000000,0.000000,0.000000,0.000000,0.000000,36.530000
7.389,0.000000,0.000000,0.000000,0.000000,0.000000,0.000000,36.530000
7.398,0.000000,0.000000,0.000000,0.000000,0.000000,0.000000,36.530000
7.403,0.000000,0.000000,0.000000,0.000000,0.000000,0.000000,36.530000
7.414,0.000000,0.000000,0.000000,0.000000,0.000000,0.000000,36.530000
7.420,0.000000,0.000000,0.000000,0.000000,0.000000,0.000000,36.530000
7.431,0.000000,0.000000,0.000000,0.000000,0.000000,0.000000,36.530000
7.440,0.000000,0.000000,0.000000,0.000000,0.000000,0.000000,36.530000
7.449,0.000000,0.000000,0.000000,0.000000,0.000000,0.000000,36.530000
7.453,0.000000,0.000000,0.000000,0.000000,0.000000,0.000000,36.530000
7.464,0.000000,0.000000,0.000000,0.000000,0.000000,0.000000,36.530000
7.470,0.000000,0.000000,0.000000,0.000000,0.000000,0.000000,36.530000
7.481,0.000000,0.000000,0.000000,0.000000,0.000000,0.000000,36.530000
7.490,0.000000,0.000000,0.000000,0.000000,0.000000,0.000000,36.530000
7.498,0.000000,0.000000,0.000000,0.000000,0.000000,0.000000,36.530000
7.504,0.000000,0.000000,0.000000,0.000000,0.000000,0.000000,36.530000
7.514,0.000000,0.000000,0.000000,0.000000,0.000000,0.000000,36.530000
7.520,0.000000,0.000000,0.000000,0.000000,0.000000,0.000000,36.530000
7.531,0.000000,0.000000,0.000000,0.000000,0.000000,0.000000,36.530000
7.539,0.000000,0.000000,0.000000,0.000000,0.000000,0.000000,36.530000
7.548,0.000000,0.000000,0.000000,0.000000,0.000000,0.000000,36.530000
7.553,0.000000,0.000000,0.000000,0.000000,0.000000,0.000000,36.530000
7.564,0.000000,0.000000,0.000000,0.000000,0.000000,0.000000,36.530000
7.570,0.000000,0.000000,0.000000,0.000000,0.000000,0.000000,36.530000
7.581,0.000000,0.000000,0.000000,0.000000,0.000000,0.000000,36.530000
7.589,0.000000,0.000000,0.000000,0.000000,0.000000,0.000000,36.530000
7.599,0.000000,0.000000,0.000000,0.000000,0.000000,0.000000,36.530000
7.604,0.000000,0.000000,0.000000,0.000000,0.000000,0.000000,36.530000
7.614,0.000000,0.000000,0.000000,0.000000,0.000000,0.000000,36.530000
7.620,0.000000,0.000000,0.000000,0.000000,0.000000,0.000000,36.530000
7.631,0.000000,0.000000,0.000000,0.000000,0.000000,0.000000,36.530000
7.639,0.000000,0.000000,0.000000,0.000000,0.000000,0.000000,36.530000
7.649,0.000000,0.000000,0.000000,0.000000,0.000000,0.000000,36.530000
7.653,0.000000,0.000000,0.000000,0.000000,0.000000,0.000000,36.530000
7.664,0.000000,0.000000,0.000000,0.000000,0.000000,0.000000,36.530000
7.670,0.000000,0.000000,0.000000,0.000000,0.000000,0.000000,36.530000
7.681,0.000000,0.000000,0.000000,0.000000,0.000000,0.000000,36.530000
7.689,0.000000,0.000000,0.000000,0.000000,0.000000,0.000000,36.530000
7.700,0.000000,0.000000,0.000000,0.000000,0.000000,0.000000,36.530000
7.703,0.000000,0.000000,0.000000,0.000000,0.000000,0.000000,36.530000
7.714,0.000000,0.000000,0.000000,0.000000,0.000000,0.000000,36.530000
7.720,0.000000,0.000000,0.000000,0.000000,0.000000,0.000000,36.530000
7.731,0.000000,0.000000,0.000000,0.000000,0.000000,0.000000,36.530000
7.739,0.000000,0.000000,0.000000,0.000000,0.000000,0.000000,36.530000
7.749,0.000000,0.000000,0.000000,0.000000,0.000000,0.000000,36.530000
7.754,0.000000,0.000000,0.000000,0.000000,0.000000,0.000000,36.530000
7.764,0.000000,0.000000,0.000000,0.000000,0.000000,0.000000,36.530000
7.770,0.000000,0.000000,0.000000,0.000000,0.000000,0.000000,36.530000
7.781,0.000000,0.000000,0.000000,0.000000,0.000000,0.000000,36.530000
7.789,0.000000,0.000000,0.000000,0.000000,0.000000,0.000000,36.530000
7.797,0.000000,0.000000,0.000000,0.000000,0.000000,0.000000,36.530000
7.803,0.000000,0.000000,0.000000,0.000000,0.000000,0.000000,36.530000
7.814,0.000000,0.000000,0.000000,0.000000,0.000000,0.000000,36.530000
7.820,0.000000,0.000000,0.000000,0.000000,0.000000,0.000000,36.530000
7.831,0.000000,0.000000,0.000000,0.000000,0.000000,0.000000,36.530000
7.840,0.000000,0.000000,0.000000,0.000000,0.000000,0.000000,36.530000
7.849,0.000000,0.000000,0.000000,0.000000,0.000000,0.000000,36.530000
7.853,0.000000,0.000000,0.000000,0.000000,0.000000,0.000000,36.530000
7.864,0.000000,0.000000,0.000000,0.000000,0.000000,0.000000,36.530000
7.870,0.000000,0.000000,0.000000,0.000000,0.000000,0.000000,36.530000
7.881,0.000000,0.000000,0.000000,0.000000,0.000000,0.000000,36.530000
7.889,0.000000,0.000000,0.000000,0.000000,0.000000,0.000000,36.530000
7.897,0.000000,0.000000,0.000000,0.000000,0.000000,0.000000,36.530000
7.903,0.000000,0.000000,0.000000,0.000000,0.000000,0.000000,36.530000
7.914,0.000000,0.000000,0.000000,0.000000,0.000000,0.000000,36.530000
7.920,0.000000,0.000000,0.000000,0.000000,0.000000,0.000000,36.530000
7.931,0.000000,0.000000,0.000000,0.000000,0.000000,0.000000,36.530000
7.938,0.000000,0.000000,0.000000,0.000000,0.000000,0.000000,36.530000
7.948,0.000000,0.000000,0.000000,0.000000,0.000000,0.000000,36.530000
7.953,0.000000,0.000000,0.000000,0.000000,0.000000,0.000000,36.530000
7.964,0.000000,0.000000,0.000000,0.000000,0.000000,0.000000,36.530000
7.970,0.000000,0.000000,0.000000,0.000000,0.000000,0.000000,36.530000
7.981,0.000000,0.000000,0.000000,0.000000,0.000000,0.000000,36.530000
7.990,0.000000,0.000000,0.000000,0.000000,0.000000,0.000000,36.530000
7.997,0.000000,0.000000,0.000000,0.000000,0.000000,0.000000,36.530000
8.004,0.000000,0.000000,0.000000,0.000000,0.000000,0.000000,36.530000
8.014,0.000000,0.000000,0.000000,0.000000,0.000000,0.000000,36.530000
8.020,0.000000,0.000000,0.000000,0.000000,0.000000,0.000000,36.530000
8.031,0.000000,0.000000,0.000000,0.000000,0.000000,0.000000,36.530000
8.039,0.000000,0.000000,0.000000,0.000000,0.000000,0.000000,36.530000
8.047,0.000000,0.000000,0.000000,0.000000,0.000000,0.000000,36.530000
8.053,0.000000,0.000000,0.000000,0.000000,0.000000,0.000000,36.530000
8.064,0.000000,0.000000,0.000000,0.000000,0.000000,0.000000,36.530000
8.070,0.000000,0.000000,0.000000,0.000000,0.000000,0.000000,36.530000
8.081,0.000000,0.000000,0.000000,0.000000,0.000000,0.000000,36.530000
8.088,0.000000,0.000000,0.000000,0.000000,0.000000,0.000000,36.530000
8.097,0.000000,0.000000,0.000000,0.000000,0.000000,0.000000,36.530000
8.104,0.000000,0.000000,0.000000,0.000000,0.000000,0.000000,36.530000
8.114,0.000000,0.000000,0.000000,0.000000,0.000000,0.000000,36.530000
8.120,0.000000,0.000000,0.000000,0.000000,0.000000,0.000000,36.530000
8.131,0.000000,0.000000,0.000000,0.000000,0.000000,0.000000,36.530000
8.139,0.000000,0.000000,0.000000,0.000000,0.000000,0.000000,36.530000
8.148,0.000000,0.000000,0.000000,0.000000,0.000000,0.000000,36.530000
8.154,0.000000,0.000000,0.000000,0.000000,0.000000,0.000000,36.530000
8.164,0.000000,0.000000,0.000000,0.000000,0.000000,0.000000,36.530000
8.170,0.000000,0.000000,0.000000,0.000000,0.000000,0.000000,36.530000
8.181,0.000000,0.000000,0.000000,0.000000,0.000000,0.000000,36.530000
8.190,0.000000,0.000000,0.000000,0.000000,0.000000,0.000000,36.530000
8.198,0.000000,0.000000,0.000000,0.000000,0.000000,0.000000,36.530000
8.204,0.000000,0.000000,0.000000,0.000000,0.000000,0.000000,36.530000
8.214,0.000000,0.000000,0.000000,0.000000,0.000000,0.000000,36.530000
8.220,0.000000,0.000000,0.000000,0.000000,0.000000,0.000000,36.530000
8.231,0.000000,0.000000,0.000000,0.000000,0.000000,0.000000,36.530000
8.239,0.000000,0.000000,0.000000,0.000000,0.000000,0.000000,36.530000
8.247,0.000000,0.000000,0.000000,0.000000,0.000000,0.000000,36.530000
8.253,0.000000,0.000000,0.000000,0.000000,0.000000,0.000000,36.530000
8.264,0.000000,0.000000,0.000000,0.000000,0.000000,0.000000,36.530000
8.270,0.000000,0.000000,0.000000,0.000000,0.000000,0.000000,36.530000
8.281,0.000000,0.000000,0.000000,0.000000,0.000000,0.000000,36.530000
8.288,0.000000,0.000000,0.000000,0.000000,0.000000,0.000000,36.530000
8.298,0.000000,0.000000,0.000000,0.000000,0.000000,0.000000,36.530000
8.304,0.000000,0.000000,0.000000,0.000000,0.000000,0.000000,36.530000
8.314,0.000000,0.000000,0.000000,0.000000,0.000000,0.000000,36.530000
8.320,0.000000,0.000000,0.000000,0.000000,0.000000,0.000000,36.530000
8.331,0.000000,0.000000,0.000000,0.000000,0.000000,0.000000,36.530000
8.339,0.000000,0.000000,0.000000,0.000000,0.000000,0.000000,36.530000
8.347,0.000000,0.000000,0.000000,0.000000,0.000000,0.000000,36.530000
8.353,0.000000,0.000000,0.000000,0.000000,0.000000,0.000000,36.530000
8.364,0.000000,0.000000,0.000000,0.000000,0.000000,0.000000,36.530000
8.370,0.000000,0.000000,0.000000,0.000000,0.000000,0.000000,36.530000
8.381,0.000000,0.000000,0.000000,0.000000,0.000000,0.000000,36.530000
8.390,0.000000,0.000000,0.000000,0.000000,0.000000,0.000000,36.530000
8.398,0.000000,0.000000,0.000000,0.000000,0.000000,0.000000,36.530000
8.405,0.000000,0.000000,0.000000,0.000000,0.000000,0.000000,36.530000
8.414,0.000000,0.000000,0.000000,0.000000,0.000000,0.000000,36.530000
8.420,0.000000,0.000000,0.000000,0.000000,0.000000,0.000000,36.530000
8.431,0.000000,0.000000,0.000000,0.000000,0.000000,0.000000,36.530000
8.439,0.000000,0.000000,0.000000,0.000000,0.000000,0.000000,36.530000
8.449,0.000000,0.000000,0.000000,0.000000,0.000000,0.000000,36.530000
8.453,0.000000,0.000000,0.000000,0.000000,0.000000,0.000000,36.530000
8.464,0.000000,0.000000,0.000000,0.000000,0.000000,0.000000,36.530000
8.470,0.000000,0.000000,0.000000,0.000000,0.000000,0.000000,36.530000
8.481,0.000000,0.000000,0.000000,0.000000,0.000000,0.000000,36.530000
8.487,0.000000,0.000000,0.000000,0.000000,0.000000,0.000000,36.530000
8.498,0.000000,0.000000,0.000000,0.000000,0.000000,0.000000,36.530000
8.504,0.000000,0.000000,0.000000,0.000000,0.000000,0.000000,36.530000
8.514,0.000000,0.000000,0.000000,0.000000,0.000000,0.000000,36.530000
8.520,0.000000,0.000000,0.000000,0.000000,0.000000,0.000000,36.530000
8.531,0.000000,0.000000,0.000000,0.000000,0.000000,0.000000,36.530000
8.540,0.000000,0.000000,0.000000,0.000000,0.000000,0.000000,36.530000
8.548,0.000000,0.000000,0.000000,0.000000,0.000000,0.000000,36.530000
8.553,0.000000,0.000000,0.000000,0.000000,0.000000,0.000000,36.530000
8.564,0.000000,0.000000,0.000000,0.000000,0.000000,0.000000,36.530000
8.570,0.000000,0.000000,0.000000,0.000000,0.000000,0.000000,36.530000
8.581,0.000000,0.000000,0.000000,0.000000,0.000000,0.000000,36.530000
8.589,0.000000,0.000000,0.000000,0.000000,0.000000,0.000000,36.530000
8.598,0.000000,0.000000,0.000000,0.000000,0.000000,0.000000,36.530000
8.603,0.000000,0.000000,0.000000,0.000000,0.000000,0.000000,36.530000
8.614,0.000000,0.000000,0.000000,0.000000,0.000000,0.000000,36.530000
8.620,0.000000,0.000000,0.000000,0.000000,0.000000,0.000000,36.530000
8.631,0.000000,0.000000,0.000000,0.000000,0.000000,0.000000,36.530000
8.641,0.000000,0.000000,0.000000,0.000000,0.000000,0.000000,36.530000
8.647,0.000000,0.000000,0.000000,0.000000,0.000000,0.000000,36.530000
8.653,0.000000,0.000000,0.000000,0.000000,0.000000,0.000000,36.530000
8.664,0.000000,0.000000,0.000000,0.000000,0.000000,0.000000,36.530000
8.670,0.000000,0.000000,0.000000,0.000000,0.000000,0.000000,36.530000
8.681,0.000000,0.000000,0.000000,0.000000,0.000000,0.000000,36.530000
8.688,0.000000,0.000000,0.000000,0.000000,0.000000,0.000000,36.530000
8.698,0.000000,0.000000,0.000000,0.000000,0.000000,0.000000,36.530000
8.704,0.000000,0.000000,0.000000,0.000000,0.000000,0.000000,36.530000
8.714,0.000000,0.000000,0.000000,0.000000,0.000000,0.000000,36.530000
8.720,0.000000,0.000000,0.000000,0.000000,0.000000,0.000000,36.530000
8.731,0.000000,0.000000,0.000000,0.000000,0.000000,0.000000,36.530000
8.738,0.000000,0.000000,0.000000,0.000000,0.000000,0.000000,36.530000
8.749,0.000000,0.000000,0.000000,0.000000,0.000000,0.000000,36.530000
8.753,0.000000,0.000000,0.000000,0.000000,0.000000,0.000000,36.530000
8.764,0.000000,0.000000,0.000000,0.000000,0.000000,0.000000,36.530000
8.770,0.000000,0.000000,0.000000,0.000000,0.000000,0.000000,36.530000
8.781,0.000000,0.000000,0.000000,0.000000,0.000000,0.000000,36.530000
8.788,0.000000,0.000000,0.000000,0.000000,0.000000,0.000000,36.530000
8.798,0.000000,0.000000,0.000000,0.000000,0.000000,0.000000,36.530000
8.804,0.000000,0.000000,0.000000,0.000000,0.000000,0.000000,36.530000
8.814,0.000000,0.000000,0.000000,0.000000,0.000000,0.000000,36.530000
8.820,0.000000,0.000000,0.000000,0.000000,0.000000,0.000000,36.530000
8.831,0.000000,0.000000,0.000000,0.000000,0.000000,0.000000,36.530000
8.839,0.000000,0.000000,0.000000,0.000000,0.000000,0.000000,36.530000
8.848,0.000000,0.000000,0.000000,0.000000,0.000000,0.000000,36.530000
8.853,0.000000,0.000000,0.000000,0.000000,0.000000,0.000000,36.530000
8.864,0.000000,0.000000,0.000000,0.000000,0.000000,0.000000,36.530000
8.870,0.000000,0.000000,0.000000,0.000000,0.000000,0.000000,36.530000
8.881,0.000000,0.000000,0.000000,0.000000,0.000000,0.000000,36.530000
8.889,0.000000,0.000000,0.000000,0.000000,0.000000,0.000000,36.530000
8.898,0.000000,0.000000,0.000000,0.000000,0.000000,0.000000,36.530000
8.904,0.000000,0.000000,0.000000,0.000000,0.000000,0.000000,36.530000
8.914,0.000000,0.000000,0.000000,0.000000,0.000000,0.000000,36.530000
8.919,0.000000,0.000000,0.000000,0.000000,0.000000,0.000000,36.530000
8.931,0.000000,0.000000,0.000000,0.000000,0.000000,0.000000,36.530000
8.939,0.000000,0.000000,0.000000,0.000000,0.000000,0.000000,36.530000
8.948,0.000000,0.000000,0.000000,0.000000,0.000000,0.000000,36.530000
8.953,0.000000,0.000000,0.000000,0.000000,0.000000,0.000000,36.530000
8.964,0.000000,0.000000,0.000000,0.000000,0.000000,0.000000,36.530000
8.970,0.000000,0.000000,0.000000,0.000000,0.000000,0.000000,36.530000
8.981,0.000000,0.000000,0.000000,0.000000,0.000000,0.000000,36.530000
8.990,0.000000,0.000000,0.000000,0.000000,0.000000,0.000000,36.530000
8.998,0.000000,0.000000,0.000000,0.000000,0.000000,0.000000,36.530000
9.004,0.000000,0.000000,0.000000,0.000000,0.000000,0.000000,36.530000
9.014,0.000000,0.000000,0.000000,0.000000,0.000000,0.000000,36.530000
9.019,0.000000,0.000000,0.000000,0.000000,0.000000,0.000000,36.530000
9.031,0.000000,0.000000,0.000000,0.000000,0.000000,0.000000,36.530000
9.039,0.000000,0.000000,0.000000,0.000000,0.000000,0.000000,36.530000
9.048,0.000000,0.000000,0.000000,0.000000,0.000000,0.000000,36.530000
9.054,0.000000,0.000000,0.000000,0.000000,0.000000,0.000000,36.530000
9.064,0.000000,0.000000,0.000000,0.000000,0.000000,0.000000,36.530000
9.070,0.000000,0.000000,0.000000,0.000000,0.000000,0.000000,36.530000
9.081,0.000000,0.000000,0.000000,0.000000,0.000000,0.000000,36.530000
9.089,0.000000,0.000000,0.000000,0.000000,0.000000,0.000000,36.530000
9.098,0.000000,0.000000,0.000000,0.000000,0.000000,0.000000,36.530000
9.105,0.000000,0.000000,0.000000,0.000000,0.000000,0.000000,36.530000
9.114,0.000000,0.000000,0.000000,0.000000,0.000000,0.000000,36.530000
9.120,0.000000,0.000000,0.000000,0.000000,0.000000,0.000000,36.530000
9.131,0.000000,0.000000,0.000000,0.000000,0.000000,0.000000,36.530000
9.139,0.000000,0.000000,0.000000,0.000000,0.000000,0.000000,36.530000
9.148,0.000000,0.000000,0.000000,0.000000,0.000000,0.000000,36.530000
9.154,0.000000,0.000000,0.000000,0.000000,0.000000,0.000000,36.530000
9.164,0.000000,0.000000,0.000000,0.000000,0.000000,0.000000,36.530000
9.170,0.000000,0.000000,0.000000,0.000000,0.000000,0.000000,36.530000
9.181,0.000000,0.000000,0.000000,0.000000,0.000000,0.000000,36.530000
9.189,0.000000,0.000000,0.000000,0.000000,0.000000,0.000000,36.530000
9.199,0.000000,0.000000,0.000000,0.000000,0.000000,0.000000,36.530000
9.203,0.000000,0.000000,0.000000,0.000000,0.000000,0.000000,36.530000
9.214,0.000000,0.000000,0.000000,0.000000,0.000000,0.000000,36.530000
9.220,0.000000,0.000000,0.000000,0.000000,0.000000,0.000000,36.530000
9.231,0.000000,0.000000,0.000000,0.000000,0.000000,0.000000,36.530000
9.240,0.000000,0.000000,0.000000,0.000000,0.000000,0.000000,36.530000
9.247,0.000000,0.000000,0.000000,0.000000,0.000000,0.000000,36.530000
9.254,0.000000,0.000000,0.000000,0.000000,0.000000,0.000000,36.530000
9.264,0.000000,0.000000,0.000000,0.000000,0.000000,0.000000,36.530000
9.270,0.000000,0.000000,0.000000,0.000000,0.000000,0.000000,36.530000
9.281,0.000000,0.000000,0.000000,0.000000,0.000000,0.000000,36.530000
9.288,0.000000,0.000000,0.000000,0.000000,0.000000,0.000000,36.530000
9.298,0.000000,0.000000,0.000000,0.000000,0.000000,0.000000,36.530000
9.303,0.000000,0.000000,0.000000,0.000000,0.000000,0.000000,36.530000
9.314,0.000000,0.000000,0.000000,0.000000,0.000000,0.000000,36.530000
9.320,0.000000,0.000000,0.000000,0.000000,0.000000,0.000000,36.530000
9.331,0.000000,0.000000,0.000000,0.000000,0.000000,0.000000,36.530000
9.340,0.000000,0.000000,0.000000,0.000000,0.000000,0.000000,36.530000
9.348,0.000000,0.000000,0.000000,0.000000,0.000000,0.000000,36.530000
9.353,0.000000,0.000000,0.000000,0.000000,0.000000,0.000000,36.530000
9.364,0.000000,0.000000,0.000000,0.000000,0.000000,0.000000,36.530000
9.370,0.000000,0.000000,0.000000,0.000000,0.000000,0.000000,36.530000
9.381,0.000000,0.000000,0.000000,0.000000,0.000000,0.000000,36.530000
9.389,0.000000,0.000000,0.000000,0.000000,0.000000,0.000000,36.530000
9.399,0.000000,0.000000,0.000000,0.000000,0.000000,0.000000,36.530000
9.403,0.000000,0.000000,0.000000,0.000000,0.000000,0.000000,36.530000
9.414,0.000000,0.000000,0.000000,0.000000,0.000000,0.000000,36.530000
9.420,0.000000,0.000000,0.000000,0.000000,0.000000,0.000000,36.530000
9.431,0.000000,0.000000,0.000000,0.000000,0.000000,0.000000,36.530000
9.440,0.000000,0.000000,0.000000,0.000000,0.000000,0.000000,36.530000
9.448,0.000000,0.000000,0.000000,0.000000,0.000000,0.000000,36.530000
9.453,0.000000,0.000000,0.000000,0.000000,0.000000,0.000000,36.530000
9.464,0.000000,0.000000,0.000000,0.000000,0.000000,0.000000,36.530000
9.470,0.000000,0.000000,0.000000,0.000000,0.000000,0.000000,36.530000
9.481,0.000000,0.000000,0.000000,0.000000,0.000000,0.000000,36.530000
9.488,0.000000,0.000000,0.000000,0.000000,0.000000,0.000000,36.530000
9.498,0.000000,0.000000,0.000000,0.000000,0.000000,0.000000,36.530000
9.503,0.000000,0.000000,0.000000,0.000000,0.000000,0.000000,36.530000
9.514,0.000000,0.000000,0.000000,0.000000,0.000000,0.000000,36.530000
9.520,0.000000,0.000000,0.000000,0.000000,0.000000,0.000000,36.530000
9.531,0.000000,0.000000,0.000000,0.000000,0.000000,0.000000,36.530000
9.538,0.000000,0.000000,0.000000,0.000000,0.000000,0.000000,36.530000
9.549,0.000000,0.000000,0.000000,0.000000,0.000000,0.000000,36.530000
9.553,0.000000,0.000000,0.000000,0.000000,0.000000,0.000000,36.530000
9.564,0.000000,0.000000,0.000000,0.000000,0.000000,0.000000,36.530000
9.570,0.000000,0.000000,0.000000,0.000000,0.000000,0.000000,36.530000
9.581,0.000000,0.000000,0.000000,0.000000,0.000000,0.000000,36.530000
9.588,0.000000,0.000000,0.000000,0.000000,0.000000,0.000000,36.530000
9.601,0.000000,0.000000,0.000000,0.000000,0.000000,0.000000,36.530000
9.604,0.000000,0.000000,0.000000,0.000000,0.000000,0.000000,36.530000
9.614,0.000000,0.000000,0.000000,0.000000,0.000000,0.000000,36.530000
9.619,0.000000,0.000000,0.000000,0.000000,0.000000,0.000000,36.530000
9.631,0.000000,0.000000,0.000000,0.000000,0.000000,0.000000,36.530000
9.638,0.000000,0.000000,0.000000,0.000000,0.000000,0.000000,36.530000
9.648,0.000000,0.000000,0.000000,0.000000,0.000000,0.000000,36.530000
9.653,0.000000,0.000000,0.000000,0.000000,0.000000,0.000000,36.530000
9.664,0.000000,0.000000,0.000000,0.000000,0.000000,0.000000,36.530000
9.670,0.000000,0.000000,0.000000,0.000000,0.000000,0.000000,36.530000
9.681,0.000000,0.000000,0.000000,0.000000,0.000000,0.000000,36.530000
9.688,0.000000,0.000000,0.000000,0.000000,0.000000,0.000000,36.530000
9.698,0.000000,0.000000,0.000000,0.000000,0.000000,0.000000,36.530000
9.704,0.000000,0.000000,0.000000,0.000000,0.000000,0.000000,36.530000
9.714,0.000000,0.000000,0.000000,0.000000,0.000000,0.000000,36.530000
9.720,0.000000,0.000000,0.000000,0.000000,0.000000,0.000000,36.530000
9.731,0.000000,0.000000,0.000000,0.000000,0.000000,0.000000,36.530000
9.738,0.000000,0.000000,0.000000,0.000000,0.000000,0.000000,36.530000
9.748,0.000000,0.000000,0.000000,0.000000,0.000000,0.000000,36.530000
9.755,0.000000,0.000000,0.000000,0.000000,0.000000,0.000000,36.530000
9.764,0.000000,0.000000,0.000000,0.000000,0.000000,0.000000,36.530000
9.769,0.000000,0.000000,0.000000,0.000000,0.000000,0.000000,36.530000
9.781,0.000000,0.000000,0.000000,0.000000,0.000000,0.000000,36.530000
9.789,0.000000,0.000000,0.000000,0.000000,0.000000,0.000000,36.530000
9.797,0.000000,0.000000,0.000000,0.000000,0.000000,0.000000,36.530000
9.803,0.000000,0.000000,0.000000,0.000000,0.000000,0.000000,36.530000
9.814,0.000000,0.000000,0.000000,0.000000,0.000000,0.000000,36.530000
9.819,0.000000,0.000000,0.000000,0.000000,0.000000,0.000000,36.530000
9.831,0.000000,0.000000,0.000000,0.000000,0.000000,0.000000,36.530000
9.838,0.000000,0.000000,0.000000,0.000000,0.000000,0.000000,36.530000
9.847,0.000000,0.000000,0.000000,0.000000,0.000000,0.000000,36.530000
9.853,0.000000,0.000000,0.000000,0.000000,0.000000,0.000000,36.530000
9.864,0.000000,0.000000,0.000000,0.000000,0.000000,0.000000,36.530000
9.870,0.000000,0.000000,0.000000,0.000000,0.000000,0.000000,36.530000
9.881,0.000000,0.000000,0.000000,0.000000,0.000000,0.000000,36.530000
9.888,0.000000,0.000000,0.000000,0.000000,0.000000,0.000000,36.530000
9.898,0.000000,0.000000,0.000000,0.000000,0.000000,0.000000,36.530000
9.904,0.000000,0.000000,0.000000,0.000000,0.000000,0.000000,36.530000
9.914,0.000000,0.000000,0.000000,0.000000,0.000000,0.000000,36.530000
9.920,0.000000,0.000000,0.000000,0.000000,0.000000,0.000000,36.530000
9.931,0.000000,0.000000,0.000000,0.000000,0.000000,0.000000,36.530000
9.939,0.000000,0.000000,0.000000,0.000000,0.000000,0.000000,36.530000
9.947,0.000000,0.000000,0.000000,0.000000,0.000000,0.000000,36.530000
9.954,0.000000,0.000000,0.000000,0.000000,0.000000,0.000000,36.530000
9.964,0.000000,0.000000,0.000000,0.000000,0.000000,0.000000,36.530000
9.969,0.000000,0.000000,0.000000,0.000000,0.000000,0.000000,36.530000
9.981,0.000000,0.000000,0.000000,0.000000,0.000000,0.000000,36.530000
9.989,0.000000,0.000000,0.000000,0.000000,0.000000,0.000000,36.530000
9.999,0.000000,0.000000,0.000000,0.000000,0.000000,0.000000,36.530000
10.003,0.000000,0.000000,0.000000,0.000000,0.000000,0.000000,36.530000
10.014,0.000000,0.000000,0.000000,0.000000,0.000000,0.000000,36.530000
10.019,0.000000,0.000000,0.000000,0.000000,0.000000,0.000000,36.530000
10.031,0.000000,0.000000,0.000000,0.000000,0.000000,0.000000,36.530000
10.039,0.000000,0.000000,0.000000,0.000000,0.000000,0.000000,36.530000
10.048,0.000000,0.000000,0.000000,0.000000,0.000000,0.000000,36.530000
10.054,0.000000,0.000000,0.000000,0.000000,0.000000,0.000000,36.530000
10.064,0.000000,0.000000,0.000000,0.000000,0.000000,0.000000,36.530000
10.070,0.000000,0.000000,0.000000,0.000000,0.000000,0.000000,36.530000
10.081,0.000000,0.000000,0.000000,0.000000,0.000000,0.000000,36.530000
10.089,0.000000,0.000000,0.000000,0.000000,0.000000,0.000000,36.530000
10.098,0.000000,0.000000,0.000000,0.000000,0.000000,0.000000,36.530000
10.103,0.000000,0.000000,0.000000,0.000000,0.000000,0.000000,36.530000
10.114,0.000000,0.000000,0.000000,0.000000,0.000000,0.000000,36.530000
10.119,0.000000,0.000000,0.000000,0.000000,0.000000,0.000000,36.530000
10.131,0.000000,0.000000,0.000000,0.000000,0.000000,0.000000,36.530000
10.139,0.000000,0.000000,0.000000,0.000000,0.000000,0.000000,36.530000
10.147,0.000000,0.000000,0.000000,0.000000,0.000000,0.000000,36.530000
10.153,0.000000,0.000000,0.000000,0.000000,0.000000,0.000000,36.530000
10.164,0.000000,0.000000,0.000000,0.000000,0.000000,0.000000,36.530000
10.169,0.000000,0.000000,0.000000,0.000000,0.000000,0.000000,36.530000
10.181,0.000000,0.000000,0.000000,0.000000,0.000000,0.000000,36.530000
10.189,0.000000,0.000000,0.000000,0.000000,0.000000,0.000000,36.530000
10.197,0.000000,0.000000,0.000000,0.000000,0.000000,0.000000,36.530000
10.203,0.000000,0.000000,0.000000,0.000000,0.000000,0.000000,36.530000
10.214,0.000000,0.000000,0.000000,0.000000,0.000000,0.000000,36.530000
10.219,0.000000,0.000000,0.000000,0.000000,0.000000,0.000000,36.530000
10.231,0.000000,0.000000,0.000000,0.000000,0.000000,0.000000,36.530000
10.239,0.000000,0.000000,0.000000,0.000000,0.000000,0.000000,36.530000
10.247,0.000000,0.000000,0.000000,0.000000,0.000000,0.000000,36.530000
10.253,0.000000,0.000000,0.000000,0.000000,0.000000,0.000000,36.530000
10.264,0.000000,0.000000,0.000000,0.000000,0.000000,0.000000,36.530000
10.283,0.000000,0.000000,0.000000,0.000000,0.000000,0.000000,36.530000
10.283,0.000000,0.000000,0.000000,0.000000,0.000000,0.000000,36.530000
time_sec,ax,ay,az,gx,gy,gz,temp_c
0.020,-0.069000,-0.650000,0.569000,-51.802000,9.748000,15.771000,28.250000
0.032,-0.107000,-0.669000,0.556000,-51.489000,10.664000,16.282000,28.290000
0.039,-0.095000,-0.697000,0.532000,-51.153000,11.328000,15.389000,28.290000
0.051,-0.091000,-0.722000,0.490000,-54.382000,10.779000,15.046000,28.290000
0.058,-0.084000,-0.776000,0.456000,-51.427000,6.771000,17.695000,28.340000
0.070,-0.077000,-0.813000,0.420000,-49.542000,11.183000,14.702000,28.340000
0.083,-0.096000,-0.830000,0.415000,-44.893000,10.336000,16.420000,28.290000
0.090,-0.105000,-0.833000,0.401000,-39.565000,11.885000,15.038000,28.200000
0.103,-0.105000,-0.835000,0.395000,-36.069000,13.305000,12.443000,28.290000
0.111,-0.142000,-0.830000,0.415000,-33.550000,11.176000,11.534000,28.250000
0.123,-0.143000,-0.844000,0.406000,-30.641000,9.008000,8.481000,28.340000
0.129,-0.128000,-0.860000,0.390000,-31.847000,7.038000,6.481000,28.290000
0.141,-0.108000,-0.891000,0.388000,-31.412000,1.985000,7.053000,28.200000
0.153,-0.101000,-0.876000,0.407000,-27.863000,-2.748000,9.420000,28.250000
0.160,-0.060000,-0.892000,0.392000,-27.305000,-1.183000,10.901000,28.340000
0.172,-0.062000,-0.915000,0.393000,-22.954000,-3.397000,15.176000,28.340000
0.179,-0.068000,-0.899000,0.410000,-20.260000,1.046000,13.908000,28.390000
0.192,-0.107000,-0.895000,0.423000,-17.038000,1.015000,14.641000,28.290000
0.198,-0.101000,-0.890000,0.433000,-17.817000,-0.328000,13.458000,28.340000
0.211,-0.086000,-0.876000,0.431000,-19.107000,-1.504000,12.053000,28.250000
0.223,-0.078000,-0.898000,0.421000,-21.176000,0.115000,10.527000,28.340000
0.230,-0.076000,-0.899000,0.421000,-15.779000,-1.115000,11.031000,28.290000
0.243,-0.060000,-0.906000,0.414000,-9.954000,4.450000,9.992000,28.390000
0.251,-0.051000,-0.897000,0.423000,-7.611000,13.427000,6.611000,28.340000
0.262,-0.076000,-0.885000,0.422000,-1.947000,15.672000,5.328000,28.340000
0.269,-0.083000,-0.890000,0.419000,-1.336000,18.916000,1.069000,28.290000
0.281,-0.094000,-0.884000,0.425000,-1.046000,20.748000,-1.641000,28.390000
0.288,-0.095000,-0.897000,0.423000,-1.534000,18.595000,-1.656000,28.290000
0.301,-0.088000,-0.884000,0.424000,-3.588000,13.626000,-0.321000,28.390000
0.313,-0.082000,-0.882000,0.419000,-4.344000,6.985000,3.405000,28.340000
0.320,-0.078000,-0.894000,0.418000,-4.168000,1.557000,7.244000,28.290000
0.333,-0.078000,-0.903000,0.415000,-2.267000,-0.710000,10.466000,28.290000
0.341,-0.080000,-0.906000,0.422000,1.107000,1.244000,11.313000,28.290000
0.352,-0.092000,-0.893000,0.452000,4.389000,5.511000,9.145000,28.340000
0.360,-0.108000,-0.887000,0.457000,5.687000,11.321000,3.802000,28.340000
0.372,-0.101000,-0.891000,0.471000,8.328000,11.901000,0.046000,28.290000
0.379,-0.114000,-0.882000,0.472000,9.328000,12.298000,-2.412000,28.390000
0.392,-0.103000,-0.863000,0.489000,11.473000,11.412000,-3.947000,28.290000
0.399,-0.100000,-0.862000,0.502000,11.084000,11.191000,-4.939000,28.340000
0.411,-0.097000,-0.860000,0.524000,12.824000,8.725000,-4.382000,28.250000
0.416,-0.089000,-0.850000,0.521000,15.145000,7.374000,-3.733000,28.290000
0.430,-0.080000,-0.821000,0.550000,15.664000,10.718000,-6.107000,28.390000
0.443,-0.081000,-0.815000,0.563000,14.641000,10.748000,-7.397000,28.290000
0.451,-0.067000,-0.794000,0.564000,11.038000,11.458000,-9.229000,28.340000
0.462,-0.072000,-0.810000,0.575000,6.221000,12.710000,-10.527000,28.250000
0.469,-0.083000,-0.822000,0.568000,4.305000,5.542000,-6.901000,28.390000
0.482,-0.093000,-0.824000,0.554000,1.053000,-2.702000,-2.176000,28.290000
0.489,-0.083000,-0.828000,0.554000,-2.855000,-6.870000,-0.244000,28.390000
0.501,-0.071000,-0.836000,0.536000,-7.275000,-10.053000,1.252000,28.340000
0.513,-0.044000,-0.855000,0.504000,-9.664000,-13.420000,1.824000,28.340000
0.520,-0.024000,-0.895000,0.494000,-9.908000,-15.481000,1.443000,28.290000
0.533,0.011000,-0.917000,0.487000,-6.534000,-14.008000,1.313000,28.390000
0.541,0.011000,-0.942000,0.498000,-1.481000,-11.107000,1.053000,28.340000
0.553,0.001000,-0.984000,0.505000,6.046000,-10.580000,0.611000,28.340000
0.560,-0.004000,-0.980000,0.540000,11.573000,-5.550000,-1.985000,28.340000
0.572,-0.002000,-0.953000,0.597000,16.580000,0.015000,-5.611000,28.390000
0.579,-0.007000,-0.943000,0.625000,17.695000,7.756000,-8.145000,28.390000
0.591,-0.014000,-0.922000,0.665000,21.229000,9.679000,-8.557000,28.340000
0.599,-0.032000,-0.892000,0.707000,15.710000,12.901000,-7.840000,28.340000
0.611,-0.067000,-0.872000,0.731000,10.008000,13.718000,-5.786000,28.340000
0.623,-0.090000,-0.862000,0.719000,1.115000,13.595000,-4.382000,28.290000
0.630,-0.127000,-0.883000,0.730000,-4.405000,9.947000,-2.580000,28.290000
0.643,-0.132000,-0.880000,0.710000,-9.550000,4.679000,0.771000,28.340000
0.650,-0.120000,-0.899000,0.689000,-14.588000,0.977000,1.267000,28.340000
0.662,-0.099000,-0.911000,0.651000,-18.924000,1.939000,-0.183000,28.440000
0.669,-0.094000,-0.927000,0.613000,-22.916000,7.153000,-4.282000,28.390000
0.681,-0.110000,-0.992000,0.588000,-22.863000,8.405000,-7.870000,28.390000
0.688,-0.091000,-1.023000,0.564000,-19.015000,10.382000,-11.817000,28.290000
0.702,-0.113000,-1.013000,0.562000,-18.557000,12.420000,-13.450000,28.250000
0.713,-0.132000,-0.986000,0.541000,-14.198000,9.084000,-13.504000,28.290000
0.719,-0.096000,-0.957000,0.570000,-9.718000,9.962000,-13.420000,28.290000
0.732,-0.088000,-0.896000,0.574000,-10.260000,10.710000,-12.878000,28.290000
0.738,-0.102000,-0.861000,0.581000,-11.260000,10.527000,-12.267000,28.440000
0.751,-0.144000,-0.864000,0.569000,-14.137000,7.962000,-11.687000,28.340000
0.763,-0.158000,-0.875000,0.553000,-16.290000,3.237000,-10.977000,28.390000
0.770,-0.164000,-0.880000,0.529000,-15.542000,-1.763000,-9.405000,28.390000
0.782,-0.134000,-0.851000,0.517000,-14.084000,-0.359000,-9.450000,28.290000
0.789,-0.115000,-0.822000,0.512000,-12.794000,6.511000,-12.084000,28.340000
0.802,-0.180000,-0.787000,0.537000,-12.397000,6.626000,-11.458000,28.340000
0.808,-0.227000,-0.771000,0.520000,-12.221000,3.489000,-12.031000,28.390000
0.820,-0.256000,-0.754000,0.549000,-14.214000,-3.733000,-13.771000,28.290000
0.833,-0.255000,-0.774000,0.549000,-15.832000,-13.000000,-15.832000,28.290000
0.839,-0.226000,-0.779000,0.536000,-16.550000,-21.878000,-18.588000,28.440000
0.852,-0.173000,-0.793000,0.532000,-21.481000,-26.130000,-20.725000,28.250000
0.859,-0.118000,-0.821000,0.518000,-16.756000,-29.710000,-23.183000,28.390000
0.870,-0.019000,-0.846000,0.506000,-16.817000,-24.519000,-25.435000,28.480000
0.882,0.046000,-0.883000,0.501000,-12.969000,-19.771000,-23.954000,28.290000
0.889,0.079000,-0.880000,0.518000,-4.824000,-16.893000,-20.321000,28.340000
0.902,0.021000,-0.852000,0.515000,-3.634000,-16.595000,-16.885000,28.340000
0.909,-0.046000,-0.832000,0.528000,-4.137000,-20.893000,-15.366000,28.390000
0.920,-0.060000,-0.818000,0.521000,-5.374000,-27.489000,-15.008000,28.390000
0.933,-0.032000,-0.823000,0.525000,-6.137000,-33.550000,-14.084000,28.340000
0.942,0.011000,-0.842000,0.539000,-3.023000,-41.275000,-10.397000,28.440000
0.952,0.052000,-0.839000,0.526000,-5.321000,-40.023000,-7.939000,28.250000
0.959,0.060000,-0.856000,0.531000,-8.328000,-36.863000,-4.901000,28.290000
0.971,0.073000,-0.872000,0.513000,-14.107000,-32.198000,-3.641000,28.390000
0.978,0.093000,-0.883000,0.493000,-19.244000,-26.817000,-1.817000,28.440000
0.991,0.106000,-0.902000,0.462000,-20.412000,-29.863000,1.611000,28.440000
1.003,0.146000,-0.904000,0.437000,-19.298000,-30.275000,6.366000,28.340000
1.010,0.186000,-0.875000,0.459000,-14.969000,-22.366000,8.008000,28.390000
1.022,0.167000,-0.875000,0.466000,-8.695000,-21.244000,12.649000,28.390000
1.029,0.132000,-0.887000,0.454000,-8.550000,-15.267000,11.260000,28.340000
1.042,0.080000,-0.895000,0.462000,-7.023000,-13.817000,10.344000,28.340000
1.050,0.036000,-0.871000,0.454000,-6.534000,-20.687000,11.344000,28.290000
1.062,0.051000,-0.851000,0.450000,-11.115000,-18.496000,7.992000,28.390000
1.073,0.096000,-0.840000,0.455000,-13.511000,-14.641000,7.511000,28.390000
1.080,0.113000,-0.841000,0.432000,-18.267000,-10.840000,9.557000,28.390000
1.093,0.085000,-0.868000,0.420000,-19.733000,-19.931000,16.260000,28.440000
1.100,0.064000,-0.881000,0.411000,-22.718000,-27.290000,25.374000,28.480000
1.112,0.041000,-0.860000,0.408000,-21.092000,-34.870000,29.779000,28.390000
1.118,0.049000,-0.875000,0.423000,-24.397000,-34.015000,29.672000,28.390000
1.131,0.053000,-0.870000,0.413000,-23.000000,-40.641000,31.053000,28.440000
1.143,0.091000,-0.876000,0.417000,-27.023000,-34.344000,28.191000,28.340000
1.151,0.107000,-0.868000,0.393000,-27.008000,-35.924000,30.611000,28.480000
1.162,0.129000,-0.885000,0.384000,-23.656000,-35.397000,33.481000,28.390000
1.169,0.084000,-0.893000,0.376000,-24.420000,-32.962000,33.443000,28.290000
1.181,0.080000,-0.917000,0.367000,-19.916000,-34.870000,35.321000,28.440000
1.188,0.079000,-0.921000,0.360000,-15.000000,-37.527000,36.557000,28.440000
1.201,0.066000,-0.897000,0.374000,-12.382000,-35.015000,35.229000,28.290000
1.213,0.072000,-0.885000,0.383000,-10.092000,-28.130000,31.916000,28.290000
1.220,0.065000,-0.872000,0.396000,-9.756000,-17.908000,26.885000,28.480000
1.232,0.031000,-0.900000,0.401000,-6.649000,-15.099000,24.885000,28.440000
1.239,-0.013000,-0.890000,0.390000,-5.863000,-13.275000,22.878000,28.340000
1.252,-0.038000,-0.893000,0.386000,-5.107000,-17.061000,22.122000,28.480000
1.259,-0.052000,-0.907000,0.394000,-5.298000,-26.084000,23.229000,28.390000
1.270,-0.051000,-0.902000,0.382000,-6.534000,-35.344000,25.183000,28.390000
1.283,-0.006000,-0.904000,0.391000,-5.672000,-37.740000,25.786000,28.440000
1.292,0.032000,-0.882000,0.414000,-6.527000,-37.969000,27.992000,28.340000
1.302,0.034000,-0.856000,0.427000,-6.191000,-33.229000,27.374000,28.390000
1.309,-0.024000,-0.856000,0.424000,-7.336000,-29.534000,27.061000,28.390000
1.321,-0.050000,-0.863000,0.406000,-7.489000,-30.565000,25.702000,28.340000
1.327,-0.047000,-0.872000,0.418000,-7.229000,-34.000000,25.275000,28.340000
1.341,-0.024000,-0.880000,0.406000,-8.718000,-35.298000,24.794000,28.390000
1.353,0.002000,-0.881000,0.402000,-10.534000,-38.847000,27.145000,28.390000
1.360,0.002000,-0.879000,0.402000,-12.595000,-42.916000,31.046000,28.290000
1.372,0.020000,-0.870000,0.416000,-12.885000,-44.221000,34.214000,28.440000
1.379,0.001000,-0.873000,0.416000,-13.137000,-44.977000,36.366000,28.340000
1.391,0.006000,-0.884000,0.429000,-10.740000,-38.023000,32.710000,28.290000
1.404,0.023000,-0.883000,0.427000,-7.099000,-26.588000,26.397000,28.290000
1.410,0.000000,-0.878000,0.422000,-4.198000,-15.229000,19.023000,28.440000
1.423,-0.024000,-0.890000,0.406000,-1.786000,-6.832000,13.145000,28.340000
1.430,-0.028000,-0.910000,0.358000,1.313000,-5.023000,10.557000,28.440000
1.443,-0.055000,-0.876000,0.374000,0.473000,-1.740000,9.481000,28.290000
1.450,-0.087000,-0.878000,0.345000,0.519000,-3.916000,10.824000,28.390000
1.462,-0.131000,-0.878000,0.334000,-1.924000,-10.908000,12.992000,28.290000
1.468,-0.114000,-0.871000,0.345000,-2.748000,-17.794000,13.038000,28.440000
1.481,-0.081000,-0.875000,0.351000,-2.542000,-22.260000,14.496000,28.390000
1.493,-0.050000,-0.878000,0.349000,-1.115000,-27.565000,15.435000,28.390000
1.502,-0.028000,-0.877000,0.357000,0.664000,-28.137000,16.565000,28.390000
1.513,-0.021000,-0.862000,0.380000,3.328000,-27.305000,18.298000,28.340000
1.519,-0.047000,-0.834000,0.389000,2.908000,-25.656000,17.695000,28.530000
1.532,-0.063000,-0.825000,0.394000,0.878000,-22.153000,16.069000,28.390000
1.538,-0.073000,-0.844000,0.376000,-0.466000,-21.710000,13.580000,28.290000
1.551,-0.049000,-0.866000,0.360000,-0.366000,-21.534000,12.763000,28.440000
1.563,-0.027000,-0.875000,0.370000,1.489000,-21.153000,12.771000,28.340000
1.570,-0.017000,-0.876000,0.365000,3.092000,-19.954000,13.427000,28.340000
1.582,-0.019000,-0.871000,0.380000,4.740000,-18.198000,14.183000,28.480000
1.591,-0.043000,-0.853000,0.385000,5.321000,-19.069000,14.962000,28.290000
1.602,-0.068000,-0.859000,0.382000,4.145000,-18.756000,13.145000,28.340000
1.610,-0.041000,-0.873000,0.376000,4.153000,-19.015000,10.939000,28.340000
1.621,-0.025000,-0.887000,0.369000,4.000000,-16.076000,8.756000,28.290000
1.628,-0.027000,-0.908000,0.366000,5.786000,-16.221000,9.008000,28.390000
1.642,-0.021000,-0.898000,0.366000,6.351000,-18.595000,10.672000,28.390000
1.653,-0.038000,-0.890000,0.376000,6.160000,-19.496000,11.626000,28.340000
1.660,-0.030000,-0.871000,0.402000,6.618000,-21.374000,11.794000,28.440000
1.672,-0.024000,-0.869000,0.398000,7.145000,-20.786000,10.618000,28.480000
1.679,0.009000,-0.861000,0.408000,7.893000,-15.115000,7.710000,28.290000
1.692,0.013000,-0.886000,0.413000,10.580000,-13.611000,8.489000,28.530000
1.700,0.003000,-0.887000,0.412000,10.580000,-9.557000,9.092000,28.340000
1.712,-0.055000,-0.884000,0.413000,10.565000,-9.122000,9.733000,28.440000
1.718,-0.088000,-0.873000,0.407000,8.695000,-11.679000,9.137000,28.480000
1.731,-0.086000,-0.856000,0.408000,7.160000,-16.588000,6.962000,28.390000
1.743,-0.038000,-0.859000,0.417000,6.176000,-16.626000,3.885000,28.440000
1.752,0.019000,-0.873000,0.423000,6.718000,-16.435000,3.031000,28.440000
1.763,0.050000,-0.901000,0.438000,9.931000,-18.756000,8.191000,28.390000
1.770,0.033000,-0.903000,0.444000,10.641000,-18.420000,12.740000,28.480000
1.782,-0.006000,-0.901000,0.443000,9.443000,-16.542000,16.008000,28.390000
1.789,-0.048000,-0.864000,0.448000,7.298000,-16.145000,16.305000,28.340000
1.802,-0.074000,-0.851000,0.428000,4.885000,-16.015000,12.664000,28.440000
1.810,-0.076000,-0.842000,0.400000,2.641000,-18.122000,10.160000,28.480000
1.821,-0.011000,-0.830000,0.435000,4.496000,-16.641000,4.649000,28.390000
1.828,0.033000,-0.856000,0.439000,4.580000,-14.351000,4.382000,28.390000
1.842,0.031000,-0.886000,0.445000,5.824000,-12.863000,7.244000,28.340000
1.853,-0.012000,-0.886000,0.437000,5.534000,-12.740000,10.534000,28.440000
1.860,-0.011000,-0.873000,0.435000,6.603000,-16.214000,13.008000,28.390000
1.873,-0.031000,-0.859000,0.443000,4.672000,-16.466000,12.435000,28.480000
1.879,-0.036000,-0.860000,0.444000,3.260000,-14.038000,8.374000,28.440000
1.894,-0.021000,-0.868000,0.435000,2.985000,-12.626000,5.786000,28.440000
1.900,-0.026000,-0.860000,0.443000,3.618000,-11.618000,3.672000,28.480000
1.912,-0.026000,-0.856000,0.445000,4.443000,-12.939000,3.420000,28.390000
1.918,-0.030000,-0.866000,0.452000,3.649000,-14.519000,3.878000,28.480000
1.931,-0.018000,-0.875000,0.443000,1.947000,-13.893000,4.160000,28.440000
1.936,0.016000,-0.895000,0.433000,4.290000,-12.305000,5.802000,28.340000
1.951,0.009000,-0.894000,0.429000,5.870000,-8.863000,7.962000,28.480000
1.963,-0.046000,-0.879000,0.408000,6.588000,-7.740000,9.351000,28.480000
1.970,-0.060000,-0.849000,0.410000,7.603000,-8.740000,8.122000,28.390000
1.983,-0.074000,-0.835000,0.442000,7.328000,-11.863000,6.145000,28.530000
1.992,-0.066000,-0.844000,0.445000,5.328000,-12.901000,1.855000,28.440000
2.002,-0.041000,-0.860000,0.438000,5.901000,-13.107000,-0.305000,28.390000
2.010,-0.015000,-0.856000,0.456000,5.069000,-11.756000,-0.237000,28.390000
2.021,-0.019000,-0.854000,0.443000,5.702000,-11.656000,0.687000,28.480000
2.028,-0.044000,-0.847000,0.456000,4.321000,-10.130000,-0.893000,28.340000
2.041,-0.042000,-0.835000,0.466000,4.977000,-10.038000,-5.969000,28.440000
2.053,-0.023000,-0.841000,0.472000,5.489000,-6.359000,-12.000000,28.480000
2.060,0.026000,-0.862000,0.477000,9.924000,-0.336000,-14.985000,28.390000
2.073,0.034000,-0.861000,0.479000,12.489000,5.672000,-14.405000,28.440000
2.080,-0.001000,-0.848000,0.449000,11.130000,6.359000,-12.176000,28.340000
2.093,-0.008000,-0.851000,0.448000,11.565000,2.702000,-9.939000,28.390000
2.102,-0.011000,-0.827000,0.462000,10.840000,4.252000,-10.947000,28.480000
2.112,0.014000,-0.799000,0.484000,11.023000,5.496000,-10.954000,28.390000
2.119,-0.004000,-0.805000,0.488000,11.061000,3.840000,-8.221000,28.440000
2.131,-0.032000,-0.799000,0.495000,9.443000,0.878000,-5.405000,28.440000
2.138,-0.042000,-0.820000,0.482000,5.351000,-4.496000,-2.794000,28.480000
2.151,-0.050000,-0.845000,0.460000,0.901000,-8.366000,-1.649000,28.390000
2.163,-0.024000,-0.874000,0.448000,-1.802000,-6.649000,-2.855000,28.440000
2.170,-0.013000,-0.885000,0.424000,-1.198000,-7.038000,-1.412000,28.340000
2.183,0.005000,-0.879000,0.403000,1.282000,-7.573000,1.534000,28.440000
2.192,0.000000,-0.869000,0.406000,4.153000,-11.336000,4.786000,28.390000
2.202,-0.014000,-0.873000,0.417000,6.756000,-17.313000,7.252000,28.390000
2.210,0.004000,-0.869000,0.433000,7.053000,-21.198000,6.557000,28.390000
2.222,0.037000,-0.926000,0.427000,7.985000,-26.977000,7.542000,28.440000
2.229,0.073000,-0.940000,0.427000,8.580000,-27.870000,8.206000,28.480000
2.245,0.077000,-0.930000,0.411000,9.412000,-23.351000,8.710000,28.390000
2.249,0.057000,-0.904000,0.404000,10.679000,-20.595000,9.939000,28.390000
2.261,0.022000,-0.871000,0.397000,8.687000,-13.290000,9.931000,28.440000
2.267,-0.030000,-0.857000,0.387000,9.786000,-14.359000,10.450000,28.440000
2.280,-0.047000,-0.866000,0.386000,10.992000,-19.847000,10.756000,28.480000
2.293,-0.022000,-0.868000,0.370000,14.672000,-21.985000,9.092000,28.390000
2.300,-0.026000,-0.846000,0.385000,19.794000,-28.069000,10.405000,28.440000
2.312,-0.022000,-0.834000,0.405000,21.641000,-29.901000,9.618000,28.440000
2.319,0.005000,-0.806000,0.428000,24.763000,-31.817000,10.351000,28.440000
2.331,0.012000,-0.793000,0.469000,24.023000,-28.153000,7.221000,28.480000
2.338,0.051000,-0.820000,0.480000,27.382000,-22.160000,8.496000,28.480000
2.352,0.059000,-0.805000,0.460000,25.221000,-17.206000,5.809000,28.440000
2.363,0.048000,-0.790000,0.443000,27.542000,-18.473000,5.336000,28.530000
2.370,0.064000,-0.802000,0.476000,28.374000,-19.496000,6.870000,28.390000
2.383,0.080000,-0.774000,0.500000,26.000000,-14.176000,8.618000,28.480000
2.392,0.083000,-0.768000,0.534000,26.069000,-10.687000,8.618000,28.480000
2.402,0.058000,-0.773000,0.567000,24.145000,-9.718000,10.733000,28.440000
2.410,0.035000,-0.778000,0.557000,19.817000,-7.656000,14.832000,28.530000
2.422,0.016000,-0.776000,0.531000,13.626000,-7.985000,16.137000,28.480000
2.429,-0.039000,-0.781000,0.503000,10.687000,-12.298000,20.824000,28.480000
2.442,-0.031000,-0.766000,0.513000,12.122000,-12.817000,18.191000,28.530000
2.453,0.008000,-0.767000,0.532000,11.435000,-10.351000,15.305000,28.440000
2.460,0.000000,-0.758000,0.520000,11.618000,-5.069000,11.321000,28.440000
2.473,0.006000,-0.772000,0.522000,12.466000,-1.260000,6.924000,28.480000
2.480,0.016000,-0.784000,0.541000,16.000000,-1.435000,5.153000,28.480000
2.493,0.000000,-0.778000,0.520000,14.359000,1.397000,5.099000,28.440000
2.501,-0.037000,-0.773000,0.516000,13.282000,-0.374000,7.450000,28.440000
2.512,-0.059000,-0.771000,0.503000,11.893000,-4.504000,9.344000,28.480000
2.519,-0.072000,-0.765000,0.519000,10.374000,-9.420000,9.176000,28.480000
2.532,-0.047000,-0.765000,0.519000,4.802000,-12.992000,9.870000,28.440000
2.539,-0.046000,-0.788000,0.526000,8.641000,-17.191000,6.947000,28.440000
2.551,-0.004000,-0.808000,0.504000,8.443000,-18.145000,6.237000,28.440000
2.559,0.031000,-0.823000,0.497000,8.985000,-15.275000,6.557000,28.480000
2.571,0.035000,-0.833000,0.506000,10.840000,-16.008000,8.053000,28.480000
2.583,0.011000,-0.812000,0.498000,12.191000,-13.382000,8.489000,28.390000
2.592,0.040000,-0.808000,0.506000,14.115000,-15.305000,8.634000,28.440000
2.603,0.064000,-0.801000,0.514000,16.221000,-17.847000,9.176000,28.480000
2.610,0.075000,-0.791000,0.545000,16.557000,-18.504000,11.908000,28.390000
2.622,0.084000,-0.769000,0.544000,17.458000,-18.893000,14.916000,28.440000
2.629,0.059000,-0.746000,0.557000,13.931000,-18.275000,19.351000,28.530000
2.641,0.003000,-0.730000,0.561000,13.084000,-20.275000,24.542000,28.390000
2.649,-0.045000,-0.708000,0.576000,8.565000,-21.313000,24.588000,28.480000
2.661,-0.078000,-0.708000,0.568000,4.260000,-23.557000,20.573000,28.390000
2.673,-0.057000,-0.743000,0.566000,-0.038000,-18.969000,13.481000,28.440000
2.680,-0.022000,-0.791000,0.549000,-0.504000,-14.351000,5.366000,28.530000
2.692,-0.004000,-0.822000,0.526000,1.748000,-7.496000,-1.687000,28.390000
2.701,0.010000,-0.844000,0.486000,5.229000,-0.344000,-7.031000,28.480000
2.713,0.031000,-0.853000,0.459000,9.496000,5.183000,-11.916000,28.440000
2.719,0.022000,-0.873000,0.423000,13.053000,5.969000,-14.160000,28.440000
2.731,-0.007000,-0.886000,0.391000,16.481000,3.779000,-14.977000,28.530000
2.738,-0.021000,-0.888000,0.399000,21.969000,1.649000,-12.802000,28.480000
2.752,0.050000,-0.908000,0.363000,30.260000,-10.115000,-15.458000,28.480000
2.763,0.100000,-0.941000,0.348000,34.649000,-18.046000,-11.298000,28.480000
2.770,0.131000,-0.937000,0.350000,42.405000,-22.947000,-5.015000,28.440000
2.782,0.081000,-0.893000,0.380000,46.656000,-22.786000,2.954000,28.480000
2.789,0.121000,-0.869000,0.453000,53.794000,-32.000000,4.290000,28.580000
2.802,0.124000,-0.817000,0.484000,57.366000,-29.824000,6.374000,28.530000
2.811,0.118000,-0.795000,0.545000,58.137000,-24.107000,7.847000,28.530000
2.821,0.089000,-0.798000,0.621000,64.366000,-23.695000,7.687000,28.480000
2.828,0.081000,-0.701000,0.601000,56.374000,-5.779000,4.420000,28.480000
2.841,0.074000,-0.699000,0.665000,51.687000,15.931000,-0.939000,28.480000
2.853,0.063000,-0.684000,0.692000,50.282000,24.481000,-7.664000,28.530000
2.860,0.057000,-0.630000,0.737000,47.198000,44.412000,-16.992000,28.440000
2.873,0.011000,-0.590000,0.752000,44.122000,53.290000,-20.130000,28.480000
2.879,-0.035000,-0.588000,0.760000,40.473000,46.794000,-19.977000,28.580000
2.893,-0.029000,-0.553000,0.779000,36.687000,42.710000,-21.710000,28.530000
2.900,-0.017000,-0.550000,0.809000,30.107000,35.481000,-20.550000,28.440000
2.911,0.050000,-0.568000,0.795000,23.878000,30.649000,-21.000000,28.390000
2.923,0.062000,-0.607000,0.767000,13.137000,29.885000,-17.412000,28.480000
2.930,0.057000,-0.651000,0.739000,6.298000,29.519000,-13.641000,28.480000
2.943,0.074000,-0.696000,0.693000,3.489000,23.832000,-7.878000,28.440000
2.952,0.044000,-0.727000,0.653000,2.466000,20.053000,-1.412000,28.530000
2.963,0.026000,-0.720000,0.633000,2.863000,16.763000,5.458000,28.480000
2.970,-0.009000,-0.736000,0.661000,4.099000,12.282000,8.649000,28.480000
2.982,-0.037000,-0.724000,0.661000,3.847000,9.969000,10.321000,28.530000
2.992,-0.083000,-0.715000,0.649000,2.496000,3.885000,10.557000,28.530000
3.003,-0.097000,-0.678000,0.681000,3.511000,-4.519000,9.649000,28.580000
3.010,-0.058000,-0.663000,0.702000,4.374000,-6.779000,3.069000,28.480000
3.022,0.015000,-0.656000,0.710000,4.267000,-7.534000,0.718000,28.340000
3.029,0.056000,-0.653000,0.732000,4.260000,-0.550000,-2.916000,28.440000
3.043,0.066000,-0.648000,0.729000,4.076000,10.466000,-5.351000,28.440000
3.048,0.034000,-0.654000,0.735000,1.084000,12.901000,-4.458000,28.480000
3.061,-0.014000,-0.652000,0.722000,-2.664000,10.756000,-4.008000,28.480000
3.073,-0.040000,-0.643000,0.731000,-7.344000,6.908000,-2.122000,28.530000
3.080,-0.038000,-0.631000,0.732000,-11.962000,-0.351000,0.695000,28.440000
3.093,-0.045000,-0.616000,0.745000,-16.298000,-8.160000,3.863000,28.480000
3.100,-0.040000,-0.612000,0.739000,-19.634000,-13.023000,6.725000,28.480000
3.112,-0.038000,-0.609000,0.738000,-24.527000,-17.534000,9.908000,28.480000
3.119,-0.031000,-0.615000,0.708000,-28.489000,-19.893000,11.137000,28.440000
3.131,-0.009000,-0.640000,0.688000,-32.427000,-19.603000,10.389000,28.440000
3.143,0.032000,-0.652000,0.675000,-34.542000,-15.695000,7.832000,28.580000
3.152,0.052000,-0.663000,0.648000,-33.977000,-9.641000,5.649000,28.480000
3.164,0.074000,-0.669000,0.644000,-32.947000,-5.725000,4.977000,28.440000
3.170,0.058000,-0.674000,0.631000,-30.771000,-1.588000,4.282000,28.530000
3.182,0.053000,-0.689000,0.643000,-29.191000,6.725000,0.298000,28.480000
3.192,0.022000,-0.705000,0.626000,-29.382000,7.519000,0.191000,28.580000
3.202,0.010000,-0.711000,0.621000,-27.847000,10.412000,-1.252000,28.480000
3.210,-0.007000,-0.685000,0.603000,-30.718000,16.458000,-5.351000,28.620000
3.221,-0.022000,-0.717000,0.572000,-32.374000,12.000000,-4.313000,28.530000
3.233,-0.004000,-0.694000,0.581000,-32.374000,15.267000,-9.740000,28.480000
3.242,0.002000,-0.710000,0.582000,-31.038000,15.802000,-12.947000,28.480000
3.252,0.017000,-0.710000,0.576000,-34.366000,18.053000,-15.756000,28.440000
3.260,0.008000,-0.690000,0.559000,-31.550000,21.817000,-18.107000,28.530000
3.272,0.025000,-0.745000,0.559000,-28.573000,20.656000,-18.718000,28.440000
3.278,0.041000,-0.789000,0.537000,-26.183000,16.718000,-18.221000,28.480000
3.291,0.012000,-0.789000,0.534000,-27.176000,12.702000,-19.214000,28.480000
3.303,0.018000,-0.783000,0.539000,-22.656000,6.656000,-19.252000,28.530000
3.311,0.118000,-0.770000,0.562000,-20.985000,7.527000,-20.527000,28.530000
3.322,0.118000,-0.753000,0.585000,-22.611000,9.420000,-22.489000,28.480000
3.329,0.124000,-0.764000,0.587000,-23.847000,16.107000,-21.626000,28.480000
3.342,0.115000,-0.794000,0.572000,-24.458000,18.618000,-20.878000,28.620000
3.349,0.107000,-0.813000,0.578000,-24.473000,20.802000,-18.107000,28.440000
3.361,0.105000,-0.801000,0.570000,-24.458000,26.053000,-16.382000,28.580000
3.373,0.106000,-0.781000,0.558000,-24.840000,27.947000,-16.137000,28.480000
3.380,0.125000,-0.771000,0.564000,-23.924000,31.611000,-15.527000,28.480000
3.394,0.146000,-0.788000,0.554000,-22.832000,40.122000,-14.641000,28.530000
3.399,0.104000,-0.788000,0.547000,-23.290000,47.473000,-13.595000,28.440000
3.411,0.065000,-0.789000,0.526000,-22.855000,50.763000,-12.611000,28.480000
3.418,0.006000,-0.815000,0.511000,-21.412000,50.374000,-10.359000,28.390000
3.430,-0.019000,-0.784000,0.510000,-22.168000,53.084000,-10.191000,28.530000
3.443,-0.081000,-0.788000,0.491000,-22.725000,46.595000,-8.031000,28.440000
3.450,-0.077000,-0.796000,0.488000,-18.855000,37.504000,-9.779000,28.480000
3.462,-0.000000,-0.787000,0.500000,-16.550000,36.733000,-11.985000,28.580000
3.468,0.024000,-0.782000,0.545000,-14.252000,41.160000,-14.275000,28.480000
3.481,0.015000,-0.812000,0.554000,-12.382000,47.656000,-13.527000,28.530000
3.493,-0.052000,-0.768000,0.548000,-15.985000,55.931000,-15.000000,28.440000
3.501,-0.153000,-0.742000,0.513000,-20.321000,51.023000,-13.985000,28.480000
3.512,-0.146000,-0.762000,0.501000,-22.756000,43.527000,-15.298000,28.480000
3.519,-0.125000,-0.736000,0.486000,-24.580000,36.489000,-17.267000,28.530000
3.531,-0.082000,-0.711000,0.492000,-25.550000,31.122000,-20.489000,28.440000
3.543,-0.026000,-0.740000,0.538000,-23.168000,24.656000,-18.573000,28.480000
3.552,0.021000,-0.743000,0.538000,-24.702000,26.794000,-16.282000,28.480000
3.563,0.021000,-0.734000,0.524000,-29.504000,32.298000,-15.817000,28.530000
3.569,-0.022000,-0.763000,0.502000,-31.939000,34.626000,-14.359000,28.440000
3.581,-0.046000,-0.788000,0.457000,-33.290000,31.870000,-14.198000,28.480000
3.588,-0.072000,-0.786000,0.444000,-31.046000,26.221000,-16.061000,28.580000
3.601,-0.027000,-0.779000,0.442000,-28.160000,23.473000,-18.000000,28.480000
3.613,0.021000,-0.801000,0.453000,-24.344000,24.366000,-19.702000,28.620000
3.619,0.034000,-0.821000,0.463000,-20.679000,27.321000,-18.969000,28.530000
3.632,0.022000,-0.833000,0.486000,-16.710000,29.420000,-17.351000,28.480000
3.638,-0.009000,-0.820000,0.500000,-17.595000,36.908000,-18.015000,28.580000
3.652,-0.068000,-0.775000,0.497000,-18.748000,33.130000,-18.183000,28.480000
3.663,-0.085000,-0.755000,0.485000,-22.382000,30.382000,-19.992000,28.530000
3.670,-0.052000,-0.727000,0.468000,-27.137000,29.168000,-24.664000,28.480000
3.682,-0.032000,-0.772000,0.475000,-27.977000,21.931000,-26.176000,28.480000
3.689,0.011000,-0.827000,0.486000,-27.206000,16.908000,-24.420000,28.530000
3.703,0.018000,-0.843000,0.490000,-27.214000,19.733000,-23.931000,28.530000
3.713,-0.013000,-0.845000,0.479000,-26.397000,17.374000,-21.176000,28.530000
3.720,-0.011000,-0.840000,0.474000,-28.351000,16.176000,-19.496000,28.480000
3.732,-0.016000,-0.809000,0.438000,-32.763000,14.427000,-18.924000,28.580000
3.739,-0.003000,-0.734000,0.423000,-35.397000,8.969000,-18.458000,28.530000
3.752,-0.006000,-0.806000,0.427000,-34.420000,4.275000,-17.802000,28.530000
3.761,0.045000,-0.878000,0.414000,-32.870000,7.145000,-19.122000,28.580000
3.771,0.050000,-0.953000,0.406000,-27.809000,7.557000,-17.809000,28.580000
3.783,0.026000,-0.979000,0.385000,-25.931000,5.099000,-15.557000,28.530000
3.791,0.054000,-0.982000,0.367000,-19.198000,0.519000,-14.565000,28.530000
3.803,0.116000,-0.927000,0.351000,-19.321000,1.382000,-15.260000,28.620000
3.810,0.169000,-0.855000,0.346000,-20.481000,7.145000,-15.931000,28.580000
3.822,0.180000,-0.836000,0.378000,-19.511000,16.489000,-17.092000,28.580000
3.829,0.152000,-0.884000,0.400000,-16.779000,23.427000,-16.328000,28.580000
3.842,0.075000,-0.885000,0.397000,-18.534000,32.252000,-17.916000,28.530000
3.853,-0.014000,-0.912000,0.394000,-18.779000,28.618000,-15.664000,28.480000
3.861,-0.029000,-0.936000,0.363000,-16.901000,14.580000,-11.840000,28.480000
3.872,0.004000,-0.907000,0.359000,-21.237000,14.198000,-14.069000,28.620000
3.879,0.058000,-0.866000,0.329000,-20.107000,13.786000,-15.336000,28.530000
3.891,0.112000,-0.803000,0.321000,-19.565000,16.107000,-16.260000,28.480000
3.899,0.129000,-0.804000,0.360000,-17.351000,20.229000,-16.168000,28.670000
3.911,0.090000,-0.855000,0.371000,-14.466000,21.099000,-14.695000,28.580000
3.923,-0.010000,-0.873000,0.392000,-13.855000,20.313000,-14.458000,28.530000
3.929,-0.061000,-0.865000,0.371000,-18.641000,20.550000,-16.298000,28.530000
3.942,-0.088000,-0.914000,0.364000,-18.908000,13.122000,-15.908000,28.480000
3.949,-0.049000,-0.902000,0.357000,-20.244000,8.466000,-17.489000,28.580000
3.963,0.001000,-0.902000,0.320000,-20.985000,10.809000,-22.168000,28.440000
3.973,0.075000,-0.892000,0.305000,-18.756000,11.328000,-23.641000,28.530000
3.980,0.115000,-0.876000,0.302000,-16.206000,14.160000,-23.359000,28.580000
3.992,0.107000,-0.889000,0.345000,-12.832000,17.420000,-20.954000,28.580000
4.001,0.040000,-0.900000,0.340000,-13.855000,16.931000,-18.519000,28.580000
4.012,-0.044000,-0.893000,0.344000,-15.626000,9.008000,-14.740000,28.620000
4.018,-0.058000,-0.882000,0.338000,-19.206000,6.168000,-15.679000,28.530000
4.030,-0.020000,-0.888000,0.313000,-19.771000,2.725000,-19.527000,28.580000
4.043,0.075000,-0.887000,0.312000,-16.992000,2.412000,-23.328000,28.580000
4.052,0.171000,-0.874000,0.309000,-13.672000,8.641000,-26.443000,28.530000
4.062,0.202000,-0.868000,0.309000,-7.435000,11.160000,-25.084000,28.530000
4.069,0.184000,-0.915000,0.303000,-5.840000,15.954000,-22.183000,28.480000
4.082,0.074000,-0.937000,0.292000,-5.244000,15.069000,-19.252000,28.580000
4.088,0.006000,-0.940000,0.291000,-6.618000,10.115000,-18.473000,28.620000
4.102,0.011000,-0.911000,0.285000,-9.366000,9.427000,-22.183000,28.530000
4.114,0.055000,-0.915000,0.260000,-9.748000,8.634000,-25.878000,28.530000
4.120,0.165000,-0.910000,0.244000,-5.954000,13.389000,-29.641000,28.480000
4.133,0.249000,-0.915000,0.222000,-0.649000,18.427000,-29.122000,28.580000
4.142,0.227000,-0.937000,0.243000,7.092000,18.252000,-25.290000,28.530000
4.153,0.181000,-0.978000,0.277000,14.115000,17.687000,-21.191000,28.530000
4.159,0.106000,-0.996000,0.276000,13.443000,20.542000,-20.214000,28.670000
4.171,0.061000,-0.977000,0.300000,14.137000,12.481000,-18.771000,28.580000
4.178,0.106000,-0.959000,0.310000,11.992000,11.550000,-18.947000,28.580000
4.191,0.165000,-0.954000,0.322000,11.534000,10.649000,-15.618000,28.620000
4.203,0.199000,-0.943000,0.339000,12.695000,11.794000,-11.061000,28.530000
4.210,0.167000,-0.935000,0.349000,12.565000,12.763000,-5.992000,28.580000
4.223,0.116000,-0.896000,0.379000,10.130000,13.824000,-4.145000,28.580000
4.230,0.083000,-0.907000,0.389000,6.969000,10.641000,-2.160000,28.620000
4.244,0.054000,-0.909000,0.393000,3.992000,6.099000,-1.221000,28.530000
4.249,0.076000,-0.923000,0.415000,2.137000,3.496000,-3.000000,28.480000
4.262,0.114000,-0.966000,0.398000,3.160000,-2.290000,-1.336000,28.580000
4.269,0.186000,-0.960000,0.431000,5.763000,-3.267000,-0.458000,28.580000
4.282,0.275000,-0.943000,0.443000,6.008000,3.924000,-0.435000,28.620000
4.289,0.314000,-0.906000,0.443000,4.725000,16.656000,0.718000,28.530000
4.302,0.302000,-0.918000,0.427000,2.863000,28.489000,3.672000,28.580000
4.310,0.221000,-0.943000,0.416000,2.573000,33.557000,8.504000,28.580000
4.322,0.126000,-0.932000,0.396000,-0.557000,36.290000,9.870000,28.530000
4.328,0.078000,-0.933000,0.387000,-4.015000,32.870000,9.908000,28.530000
4.342,0.129000,-0.959000,0.374000,-4.534000,27.626000,12.084000,28.580000
4.347,0.212000,-0.974000,0.351000,-2.817000,32.580000,14.298000,28.580000
4.361,0.243000,-0.970000,0.351000,1.634000,35.496000,20.664000,28.580000
4.373,0.161000,-0.996000,0.357000,3.603000,34.817000,28.924000,28.620000
4.380,0.067000,-0.968000,0.335000,2.565000,35.695000,33.084000,28.620000
4.393,-0.042000,-0.939000,0.362000,-1.122000,27.275000,37.061000,28.480000
4.400,-0.053000,-0.904000,0.367000,-4.527000,20.870000,36.924000,28.580000
4.412,-0.032000,-0.878000,0.391000,-7.924000,17.237000,35.557000,28.620000
4.419,0.003000,-0.857000,0.396000,-10.863000,14.863000,35.748000,28.620000
4.431,0.044000,-0.836000,0.405000,-11.908000,14.832000,36.382000,28.480000
4.438,-0.002000,-0.905000,0.420000,-11.924000,11.771000,41.824000,28.480000
4.452,-0.080000,-0.928000,0.416000,-14.550000,9.458000,44.489000,28.580000
4.463,-0.159000,-0.945000,0.403000,-18.000000,4.565000,42.344000,28.530000
4.470,-0.159000,-0.951000,0.389000,-23.031000,-1.519000,38.710000,28.620000
4.482,-0.085000,-0.955000,0.403000,-28.595000,2.206000,31.183000,28.580000
4.489,-0.041000,-0.938000,0.391000,-29.611000,5.595000,26.695000,28.580000
4.502,-0.010000,-0.930000,0.378000,-28.275000,7.878000,25.351000,28.530000
4.510,-0.011000,-0.962000,0.382000,-25.397000,10.221000,24.580000,28.530000
4.520,-0.038000,-1.017000,0.380000,-20.924000,11.023000,24.511000,28.580000
4.533,-0.092000,-1.024000,0.357000,-16.824000,9.046000,23.382000,28.580000
4.543,-0.116000,-0.994000,0.361000,-15.618000,3.542000,21.282000,28.580000
4.552,-0.083000,-0.983000,0.361000,-15.672000,3.267000,16.244000,28.580000
4.560,-0.015000,-0.981000,0.352000,-13.908000,9.740000,9.664000,28.530000
4.572,0.008000,-0.991000,0.352000,-10.458000,16.519000,4.710000,28.670000
4.579,0.030000,-1.002000,0.324000,-4.779000,22.153000,1.664000,28.580000
4.593,0.010000,-0.998000,0.300000,-0.595000,28.458000,-1.473000,28.620000
4.599,-0.015000,-0.973000,0.303000,2.885000,32.427000,-4.374000,28.530000
4.611,-0.014000,-0.946000,0.291000,4.962000,36.702000,-7.015000,28.530000
4.623,-0.009000,-0.940000,0.279000,6.397000,38.328000,-7.496000,28.580000
4.630,-0.026000,-0.947000,0.266000,7.344000,37.641000,-5.023000,28.670000
4.644,-0.034000,-0.955000,0.226000,8.435000,36.168000,-1.076000,28.620000
4.651,-0.069000,-0.983000,0.226000,8.366000,30.176000,4.198000,28.530000
4.662,-0.110000,-1.033000,0.226000,10.924000,21.183000,8.718000,28.580000
4.669,-0.131000,-1.035000,0.244000,12.473000,15.458000,10.267000,28.580000
4.682,-0.238000,-0.912000,0.227000,9.336000,4.992000,12.634000,28.620000
4.689,-0.137000,-0.948000,0.292000,5.878000,5.893000,7.389000,28.620000
4.702,-0.123000,-0.892000,0.315000,-0.565000,6.206000,1.130000,28.670000
4.710,-0.134000,-0.874000,0.358000,-6.756000,6.321000,-6.092000,28.580000
4.721,-0.131000,-0.889000,0.346000,-11.275000,10.023000,-14.046000,28.670000
4.733,-0.085000,-0.919000,0.327000,-10.229000,13.359000,-18.687000,28.770000
4.743,-0.047000,-0.974000,0.307000,-4.313000,17.565000,-18.847000,28.620000
4.753,-0.036000,-1.006000,0.286000,7.214000,17.863000,-14.305000,28.580000
4.760,-0.020000,-0.996000,0.269000,13.351000,21.496000,-12.099000,28.580000
4.771,-0.068000,-0.976000,0.281000,17.053000,20.366000,-10.000000,28.530000
4.778,-0.087000,-0.935000,0.288000,19.740000,12.878000,-9.458000,28.530000
4.791,-0.096000,-0.928000,0.317000,16.740000,5.290000,-9.855000,28.770000
4.803,-0.102000,-0.943000,0.326000,15.237000,-3.275000,-11.191000,28.670000
4.811,-0.070000,-0.940000,0.322000,13.214000,-10.809000,-12.740000,28.620000
4.822,-0.047000,-0.950000,0.346000,13.618000,-17.626000,-15.687000,28.620000
4.829,0.026000,-0.966000,0.338000,9.069000,-17.458000,-17.977000,28.620000
4.842,0.083000,-1.001000,0.348000,18.481000,-13.962000,-24.359000,28.580000
4.849,0.104000,-1.000000,0.352000,21.908000,-7.718000,-26.389000,28.580000
4.862,0.126000,-1.004000,0.357000,27.267000,-4.420000,-24.519000,28.620000
4.873,0.151000,-0.965000,0.363000,31.244000,0.160000,-22.198000,28.620000
4.880,0.120000,-0.966000,0.389000,31.573000,2.046000,-18.366000,28.670000
4.893,0.124000,-0.937000,0.381000,30.565000,4.595000,-15.634000,28.580000
4.901,0.122000,-0.916000,0.396000,25.748000,11.519000,-13.443000,28.580000
4.912,0.089000,-0.886000,0.403000,21.878000,16.145000,-10.092000,28.620000
4.919,0.074000,-0.846000,0.382000,15.794000,20.397000,-7.893000,28.620000
4.931,0.015000,-0.837000,0.370000,7.298000,17.771000,-4.489000,28.580000
4.939,-0.059000,-0.893000,0.351000,4.015000,9.069000,-1.656000,28.580000
4.951,-0.038000,-0.900000,0.321000,3.725000,1.901000,1.344000,28.620000
4.960,-0.052000,-0.957000,0.319000,6.137000,-5.779000,4.626000,28.620000
4.971,-0.005000,-0.996000,0.318000,11.374000,-10.466000,7.725000,28.580000
4.983,0.026000,-1.000000,0.326000,15.031000,-6.511000,7.908000,28.580000
4.991,0.024000,-0.960000,0.373000,18.389000,-2.366000,8.786000,28.620000
5.003,0.027000,-0.930000,0.404000,14.664000,6.466000,7.313000,28.620000
5.011,-0.008000,-0.913000,0.411000,9.344000,7.756000,7.725000,28.670000
5.023,-0.063000,-0.914000,0.431000,6.336000,2.885000,9.359000,28.670000
5.030,-0.087000,-0.894000,0.428000,1.733000,-0.916000,9.496000,28.720000
5.044,-0.093000,-0.874000,0.438000,-3.260000,-4.855000,8.954000,28.620000
5.050,-0.115000,-0.887000,0.456000,-4.687000,-9.580000,4.641000,28.580000
5.062,-0.070000,-0.865000,0.470000,-8.786000,-5.412000,-6.153000,28.670000
5.069,-0.038000,-0.854000,0.513000,-16.397000,2.679000,-18.992000,28.580000
5.081,0.005000,-0.912000,0.532000,-22.397000,5.466000,-27.313000,28.620000
5.093,0.095000,-0.938000,0.549000,-33.634000,24.176000,-35.427000,28.620000
5.101,0.042000,-0.903000,0.579000,-40.725000,40.725000,-43.947000,28.580000
5.112,-0.021000,-0.906000,0.567000,-45.481000,46.221000,-46.603000,28.670000
5.119,-0.051000,-0.863000,0.532000,-56.519000,51.550000,-51.603000,28.620000
5.132,-0.101000,-0.851000,0.487000,-62.672000,43.878000,-56.473000,28.620000
5.138,-0.107000,-0.840000,0.427000,-68.794000,34.191000,-61.855000,28.670000
5.151,-0.111000,-0.831000,0.388000,-75.084000,27.656000,-69.321000,28.580000
5.163,-0.061000,-0.844000,0.387000,-78.824000,14.580000,-72.427000,28.530000
5.169,0.063000,-0.819000,0.333000,-90.405000,31.466000,-84.351000,28.530000
5.182,0.007000,-0.915000,0.313000,-91.336000,33.756000,-86.183000,28.580000
5.189,0.040000,-0.994000,0.238000,-82.885000,22.969000,-79.069000,28.670000
5.201,0.137000,-1.073000,0.184000,-66.046000,20.107000,-70.344000,28.620000
5.214,0.182000,-1.164000,0.155000,-48.321000,19.115000,-57.427000,28.620000
5.220,0.221000,-1.142000,0.084000,-32.634000,16.687000,-41.122000,28.670000
5.232,0.244000,-1.071000,0.058000,-27.038000,17.023000,-25.344000,28.580000
5.239,0.251000,-1.008000,0.051000,-22.511000,12.863000,-11.351000,28.670000
5.252,0.264000,-0.981000,0.056000,-18.366000,7.237000,-0.519000,28.530000
5.260,0.268000,-1.039000,0.058000,-12.267000,0.099000,6.641000,28.670000
5.271,0.298000,-1.098000,0.055000,-3.718000,-4.176000,14.069000,28.580000
5.278,0.289000,-1.066000,0.046000,5.115000,1.618000,18.427000,28.720000
5.292,0.262000,-1.021000,0.052000,13.656000,8.336000,20.634000,28.620000
5.299,0.212000,-0.982000,0.064000,18.901000,8.840000,21.282000,28.670000
5.311,0.214000,-0.928000,0.090000,19.290000,13.038000,17.290000,28.670000
5.323,0.116000,-0.942000,0.113000,20.809000,15.740000,13.305000,28.620000
5.330,0.103000,-0.950000,0.146000,30.328000,11.382000,7.733000,28.620000
5.344,0.109000,-0.949000,0.202000,29.511000,12.076000,3.107000,28.580000
5.350,0.132000,-0.924000,0.223000,26.649000,13.313000,-1.092000,28.670000
5.363,0.144000,-0.929000,0.226000,35.855000,13.893000,-4.664000,28.620000
5.369,0.222000,-0.909000,0.240000,34.046000,20.321000,-7.687000,28.620000
5.382,0.248000,-0.935000,0.227000,26.954000,35.153000,-11.427000,28.670000
5.388,0.293000,-0.940000,0.184000,21.977000,53.458000,-10.534000,28.670000
5.402,0.268000,-0.975000,0.163000,22.649000,62.939000,-5.145000,28.670000
5.408,0.178000,-0.980000,0.154000,26.931000,57.069000,4.153000,28.620000
5.420,0.110000,-0.963000,0.170000,31.374000,51.275000,14.611000,28.620000
5.433,0.037000,-0.915000,0.211000,32.809000,43.504000,21.962000,28.670000
5.443,-0.005000,-0.869000,0.250000,37.863000,32.130000,25.443000,28.670000
5.453,-0.019000,-0.818000,0.302000,33.084000,20.672000,29.008000,28.620000
5.461,0.007000,-0.886000,0.350000,33.855000,14.618000,27.374000,28.620000
5.472,0.075000,-0.957000,0.370000,34.634000,14.290000,26.046000,28.670000
5.479,0.138000,-0.960000,0.400000,35.779000,28.969000,24.237000,28.580000
5.492,0.102000,-0.955000,0.429000,36.916000,42.511000,26.603000,28.620000
5.499,0.026000,-0.948000,0.436000,38.542000,39.550000,33.000000,28.620000
5.511,-0.052000,-1.003000,0.459000,40.481000,29.191000,38.321000,28.670000
5.523,-0.119000,-1.069000,0.510000,35.771000,21.275000,39.145000,28.580000
5.530,-0.227000,-1.066000,0.475000,40.557000,-3.420000,35.420000,28.620000
5.542,-0.221000,-1.079000,0.532000,41.763000,-15.756000,30.359000,28.620000
5.549,-0.146000,-0.988000,0.614000,33.664000,-5.305000,13.664000,28.770000
5.562,-0.224000,-0.914000,0.621000,26.168000,-10.573000,6.969000,28.670000
5.569,-0.117000,-0.919000,0.632000,19.260000,-13.206000,0.511000,28.620000
5.581,-0.069000,-0.864000,0.630000,9.473000,-14.649000,-2.038000,28.720000
5.593,-0.030000,-0.857000,0.612000,0.733000,-11.878000,-2.298000,28.670000
5.601,0.032000,-0.850000,0.587000,-13.053000,-3.947000,-4.916000,28.670000
5.613,0.009000,-0.854000,0.525000,-13.656000,1.641000,0.053000,28.620000
5.620,0.051000,-0.869000,0.437000,-16.061000,9.840000,1.595000,28.530000
5.632,0.036000,-0.859000,0.435000,-15.198000,10.366000,-0.626000,28.770000
5.642,0.017000,-0.863000,0.392000,-10.313000,14.069000,3.832000,28.670000
5.653,0.003000,-0.871000,0.371000,-6.733000,17.130000,4.183000,28.620000
5.660,0.000000,-0.889000,0.346000,-4.229000,18.618000,4.985000,28.720000
5.671,0.039000,-0.892000,0.344000,-4.313000,20.695000,4.969000,28.670000
5.679,0.021000,-0.890000,0.345000,-6.160000,22.603000,4.901000,28.670000
5.692,0.002000,-0.935000,0.324000,-7.176000,23.244000,5.221000,28.720000
5.699,-0.004000,-0.933000,0.303000,-8.145000,21.740000,6.198000,28.720000
5.711,-0.006000,-0.944000,0.313000,-10.351000,20.634000,5.504000,28.670000
5.723,-0.041000,-0.967000,0.309000,-9.061000,12.107000,7.069000,28.670000
5.730,-0.061000,-0.957000,0.311000,-7.267000,3.847000,9.191000,28.620000
5.743,-0.035000,-0.933000,0.298000,-5.534000,-0.366000,8.794000,28.620000
5.751,-0.022000,-0.921000,0.321000,-3.382000,-4.679000,7.489000,28.670000
5.762,-0.013000,-0.922000,0.311000,-0.718000,-8.542000,6.275000,28.580000
5.769,0.002000,-0.939000,0.302000,2.053000,-13.244000,4.519000,28.620000
5.782,0.044000,-0.975000,0.290000,8.275000,-14.214000,1.939000,28.720000
5.789,0.059000,-0.969000,0.306000,8.939000,-9.931000,-0.557000,28.670000
5.802,0.013000,-0.934000,0.325000,12.878000,-8.298000,-0.344000,28.670000
5.811,0.003000,-0.901000,0.326000,15.153000,-9.802000,0.656000,28.620000
5.821,-0.002000,-0.863000,0.357000,14.153000,-11.611000,1.145000,28.720000
5.833,0.009000,-0.848000,0.377000,13.214000,-16.557000,3.153000,28.580000
5.842,0.030000,-0.857000,0.377000,10.260000,-19.244000,5.008000,28.670000
5.853,0.055000,-0.854000,0.395000,8.244000,-16.908000,6.779000,28.620000
5.861,0.037000,-0.897000,0.391000,9.435000,-17.168000,10.153000,28.720000
5.874,0.036000,-0.921000,0.385000,8.397000,-10.733000,10.405000,28.670000
5.880,0.040000,-0.933000,0.382000,8.053000,-3.405000,9.198000,28.670000
5.893,0.012000,-0.950000,0.387000,8.084000,1.771000,8.985000,28.670000
5.901,-0.011000,-0.935000,0.378000,9.427000,3.237000,9.412000,28.720000
5.912,-0.023000,-0.923000,0.387000,8.649000,2.870000,8.794000,28.670000
5.919,-0.039000,-0.901000,0.388000,6.008000,3.687000,7.969000,28.670000
5.932,-0.048000,-0.898000,0.404000,5.191000,2.573000,7.748000,28.720000
5.939,-0.062000,-0.895000,0.411000,3.962000,-0.740000,8.679000,28.620000
5.952,-0.071000,-0.906000,0.401000,2.939000,-6.183000,9.435000,28.770000
5.960,-0.076000,-0.896000,0.395000,2.107000,-12.450000,9.847000,28.670000
5.971,-0.069000,-0.893000,0.409000,2.176000,-17.710000,9.397000,28.620000
5.978,-0.062000,-0.885000,0.413000,2.137000,-21.374000,8.504000,28.720000
5.992,-0.041000,-0.869000,0.411000,2.992000,-23.748000,6.954000,28.770000
6.004,-0.041000,-0.863000,0.421000,5.397000,-27.870000,5.420000,28.670000
6.011,-0.042000,-0.864000,0.430000,5.679000,-30.580000,3.832000,28.670000
6.023,-0.032000,-0.850000,0.439000,5.580000,-34.687000,2.481000,28.720000
6.030,-0.008000,-0.868000,0.418000,4.718000,-35.947000,0.305000,28.620000
6.042,0.016000,-0.890000,0.417000,4.298000,-35.916000,-1.237000,28.670000
6.050,0.061000,-0.892000,0.409000,3.939000,-31.542000,-2.718000,28.670000
6.062,0.074000,-0.913000,0.411000,3.496000,-26.267000,-2.679000,28.670000
6.069,0.095000,-0.918000,0.405000,3.221000,-20.107000,-1.634000,28.720000
6.081,0.107000,-0.921000,0.387000,3.504000,-12.427000,-1.443000,28.720000
6.088,0.094000,-0.920000,0.396000,2.947000,-4.802000,-0.962000,28.670000
6.102,0.073000,-0.922000,0.381000,3.870000,1.824000,-1.489000,28.670000
6.108,0.051000,-0.922000,0.372000,4.344000,8.847000,-2.450000,28.720000
6.120,0.024000,-0.922000,0.368000,4.985000,12.687000,-2.824000,28.720000
6.133,0.011000,-0.915000,0.388000,5.053000,17.634000,-4.893000,28.670000
6.142,-0.026000,-0.914000,0.394000,3.267000,19.267000,-5.687000,28.580000
6.153,-0.030000,-0.913000,0.385000,1.313000,18.183000,-5.626000,28.720000
6.161,-0.039000,-0.949000,0.376000,-0.740000,13.977000,-5.351000,28.720000
6.172,-0.037000,-0.949000,0.371000,-1.053000,12.794000,-5.321000,28.720000
6.179,-0.031000,-0.950000,0.369000,-0.252000,13.366000,-5.435000,28.770000
6.192,-0.034000,-0.934000,0.363000,1.313000,11.290000,-4.153000,28.670000
6.199,-0.048000,-0.916000,0.362000,3.702000,6.473000,-3.038000,28.720000
6.211,-0.041000,-0.885000,0.370000,4.473000,2.771000,-2.374000,28.620000
6.217,-0.038000,-0.859000,0.385000,4.977000,-0.847000,-2.802000,28.580000
6.231,-0.033000,-0.849000,0.401000,4.099000,-5.252000,-2.779000,28.670000
6.244,-0.040000,-0.848000,0.402000,5.519000,-12.885000,-2.023000,28.670000
6.250,-0.042000,-0.850000,0.417000,5.939000,-19.832000,-2.656000,28.720000
6.262,-0.026000,-0.868000,0.424000,6.023000,-26.779000,-3.824000,28.580000
6.269,-0.002000,-0.877000,0.430000,6.977000,-32.344000,-5.611000,28.670000
6.282,0.037000,-0.874000,0.438000,8.145000,-35.382000,-8.244000,28.720000
6.288,0.066000,-0.882000,0.440000,9.031000,-36.282000,-10.160000,28.720000
6.302,0.105000,-0.875000,0.442000,10.176000,-33.626000,-12.000000,28.720000
6.314,0.134000,-0.878000,0.460000,10.496000,-29.053000,-13.229000,28.670000
6.320,0.161000,-0.890000,0.441000,10.756000,-24.687000,-13.794000,28.670000
6.332,0.190000,-0.886000,0.463000,8.557000,-15.137000,-15.412000,28.720000
6.339,0.200000,-0.905000,0.462000,7.679000,-4.191000,-15.130000,28.620000
6.352,0.197000,-0.910000,0.460000,5.214000,1.496000,-11.893000,28.670000
6.360,0.177000,-0.910000,0.463000,2.374000,5.771000,-7.412000,28.670000
6.372,0.153000,-0.906000,0.449000,-0.664000,9.244000,-1.908000,28.720000
6.379,0.128000,-0.892000,0.444000,-5.061000,10.008000,4.214000,28.620000
6.392,0.099000,-0.889000,0.438000,-7.847000,8.992000,9.183000,28.720000
6.399,0.075000,-0.886000,0.431000,-9.351000,6.794000,12.237000,28.670000
6.412,0.048000,-0.884000,0.409000,-10.786000,6.275000,13.176000,28.670000
6.417,0.035000,-0.884000,0.409000,-10.725000,5.962000,12.389000,28.770000
6.431,0.026000,-0.885000,0.402000,-9.321000,4.443000,10.985000,28.720000
6.444,0.018000,-0.884000,0.404000,-7.511000,4.328000,8.252000,28.580000
6.453,0.016000,-0.887000,0.397000,-5.931000,5.382000,5.122000,28.670000
6.463,0.013000,-0.889000,0.400000,-3.626000,4.023000,2.649000,28.720000
6.470,0.027000,-0.886000,0.397000,-1.931000,3.832000,0.046000,28.720000
6.483,0.036000,-0.880000,0.395000,0.420000,0.985000,-1.351000,28.670000
6.490,0.044000,-0.879000,0.396000,1.656000,-0.916000,-1.481000,28.670000
6.503,0.063000,-0.886000,0.390000,2.565000,-0.031000,-2.053000,28.770000
6.510,0.062000,-0.890000,0.400000,3.031000,-0.595000,-2.046000,28.720000
6.522,0.057000,-0.898000,0.398000,3.664000,-1.672000,-1.649000,28.620000
6.529,0.066000,-0.898000,0.406000,3.855000,-2.511000,-0.863000,28.670000
6.542,0.064000,-0.894000,0.418000,2.511000,-2.061000,-0.053000,28.670000
6.550,0.068000,-0.885000,0.424000,0.725000,-1.290000,0.145000,28.720000
6.562,0.073000,-0.883000,0.421000,-1.244000,-0.382000,1.069000,28.720000
6.569,0.067000,-0.884000,0.420000,-3.137000,0.351000,2.389000,28.770000
6.581,0.053000,-0.894000,0.415000,-4.282000,0.504000,3.595000,28.670000
6.589,0.057000,-0.892000,0.407000,-4.748000,1.023000,4.176000,28.770000
6.602,0.048000,-0.895000,0.391000,-4.130000,1.580000,3.496000,28.620000
6.610,0.042000,-0.904000,0.386000,-2.725000,0.679000,2.252000,28.620000
6.621,0.039000,-0.915000,0.389000,-1.565000,0.137000,0.573000,28.670000
6.628,0.042000,-0.902000,0.384000,0.092000,-0.916000,-0.779000,28.770000
6.643,0.054000,-0.900000,0.383000,0.893000,0.260000,-2.267000,28.720000
6.648,0.056000,-0.884000,0.395000,0.634000,1.061000,-2.153000,28.620000
6.662,0.057000,-0.886000,0.396000,0.855000,0.504000,-1.878000,28.770000
6.673,0.064000,-0.900000,0.402000,1.679000,-0.481000,-1.099000,28.770000
6.680,0.081000,-0.905000,0.391000,2.099000,0.115000,-0.786000,28.770000
6.694,0.084000,-0.899000,0.402000,2.870000,2.656000,-0.779000,28.720000
6.703,0.099000,-0.909000,0.402000,4.328000,5.939000,-1.053000,28.720000
6.713,0.126000,-0.917000,0.423000,6.382000,14.198000,-2.321000,28.770000
6.720,0.137000,-0.912000,0.433000,7.443000,24.130000,-3.763000,28.770000
6.733,0.119000,-0.904000,0.424000,8.305000,30.168000,-3.855000,28.720000
6.739,0.091000,-0.883000,0.422000,8.305000,34.237000,-3.649000,28.720000
6.752,0.061000,-0.875000,0.425000,7.244000,34.489000,-3.366000,28.670000
6.760,0.033000,-0.866000,0.431000,5.321000,31.710000,-2.710000,28.770000
6.772,0.029000,-0.861000,0.430000,2.924000,27.504000,-1.641000,28.860000
6.779,0.017000,-0.871000,0.420000,1.176000,22.573000,0.389000,28.720000
6.792,0.005000,-0.885000,0.419000,0.435000,17.214000,2.168000,28.720000
6.799,-0.002000,-0.885000,0.419000,0.473000,14.779000,3.252000,28.770000
6.811,0.006000,-0.882000,0.413000,0.137000,12.504000,3.290000,28.670000
6.818,0.010000,-0.884000,0.397000,0.282000,10.076000,2.382000,28.720000
6.831,0.003000,-0.893000,0.402000,0.710000,8.611000,0.954000,28.720000
6.838,-0.011000,-0.882000,0.409000,0.748000,7.939000,-0.725000,28.770000
6.852,-0.011000,-0.891000,0.395000,1.023000,4.565000,-1.061000,28.770000
6.857,-0.017000,-0.889000,0.409000,0.702000,1.168000,-1.412000,28.720000
6.870,-0.011000,-0.903000,0.398000,0.962000,-2.145000,-1.290000,28.720000
6.883,0.019000,-0.887000,0.416000,1.389000,-4.481000,-0.786000,28.810000
6.892,0.039000,-0.882000,0.419000,1.298000,-4.000000,-0.779000,28.670000
6.903,0.049000,-0.881000,0.416000,0.771000,-2.183000,-0.244000,28.770000
6.910,0.035000,-0.884000,0.416000,0.473000,-0.427000,0.115000,28.720000
6.922,0.033000,-0.888000,0.402000,0.374000,1.244000,-0.290000,28.720000
6.930,0.011000,-0.896000,0.401000,0.626000,1.092000,-1.038000,28.770000
6.944,0.008000,-0.906000,0.400000,2.023000,-0.382000,-2.267000,28.770000
6.951,0.043000,-0.899000,0.399000,3.008000,-0.450000,-4.550000,28.670000
6.962,0.040000,-0.904000,0.395000,4.069000,-0.802000,-5.168000,28.720000
6.969,0.059000,-0.896000,0.410000,4.618000,-0.275000,-4.733000,28.620000
6.982,0.063000,-0.897000,0.417000,4.924000,0.000000,-3.298000,28.670000
6.989,0.071000,-0.882000,0.417000,3.916000,1.038000,-1.878000,28.770000
7.003,0.057000,-0.878000,0.427000,1.893000,2.779000,-0.893000,28.720000
7.011,0.031000,-0.885000,0.414000,0.771000,2.779000,-0.244000,28.720000
7.021,0.034000,-0.896000,0.417000,0.840000,1.695000,-0.305000,28.860000
7.028,0.047000,-0.903000,0.416000,1.412000,1.924000,-1.153000,28.770000
7.042,0.050000,-0.903000,0.417000,2.954000,2.137000,-1.649000,28.720000
7.049,0.039000,-0.894000,0.415000,4.771000,1.611000,-1.695000,28.720000
7.062,0.042000,-0.878000,0.427000,5.153000,2.969000,-2.405000,28.720000
7.068,0.045000,-0.882000,0.435000,4.802000,2.748000,-1.794000,28.770000
7.081,0.029000,-0.873000,0.431000,4.260000,2.634000,-0.817000,28.670000
7.086,0.034000,-0.863000,0.427000,3.527000,3.786000,-0.321000,28.720000
7.102,0.029000,-0.874000,0.421000,2.282000,4.282000,-0.740000,28.720000
7.113,0.018000,-0.890000,0.418000,2.229000,3.076000,-1.008000,28.770000
7.120,0.018000,-0.896000,0.414000,3.412000,2.611000,-2.336000,28.770000
7.133,0.024000,-0.902000,0.413000,5.420000,1.626000,-3.733000,28.860000
7.143,0.024000,-0.902000,0.420000,7.008000,1.008000,-4.534000,28.810000
7.153,0.035000,-0.897000,0.424000,7.847000,1.435000,-5.137000,28.720000
7.161,0.038000,-0.877000,0.436000,8.290000,1.786000,-4.863000,28.770000
7.173,0.035000,-0.863000,0.440000,7.473000,2.718000,-3.885000,28.670000
7.180,0.021000,-0.857000,0.438000,5.695000,2.832000,-3.634000,28.720000
7.194,0.017000,-0.857000,0.435000,4.771000,1.595000,-4.206000,28.810000
7.201,0.029000,-0.875000,0.434000,3.588000,2.145000,-5.840000,28.670000
7.212,0.038000,-0.882000,0.435000,3.313000,4.580000,-7.344000,28.670000
7.220,0.044000,-0.886000,0.422000,3.992000,6.985000,-8.336000,28.720000
7.242,0.042000,-0.891000,0.422000,4.924000,8.779000,-8.611000,28.720000
7.242,0.039000,-0.895000,0.412000,5.733000,10.817000,-8.939000,28.770000
