time_sec,ax,ay,az,gx,gy,gz,temp_c
time_sec,ax,ay,az,gx,gy,gz,temp_c
0.015,-0.934000,0.228000,-0.281000,0.718000,1.061000,3.275000,24.860000
0.027,-0.946000,0.229000,-0.302000,0.824000,1.008000,3.000000,24.950000
0.034,-0.945000,0.235000,-0.290000,0.084000,1.763000,0.290000,24.860000
0.047,-0.944000,0.242000,-0.289000,0.626000,0.328000,4.061000,24.910000
0.054,-0.949000,0.229000,-0.285000,0.000000,1.183000,2.305000,24.910000
0.067,-0.937000,0.228000,-0.299000,0.145000,0.733000,2.015000,25.000000
0.080,-0.944000,0.241000,-0.292000,0.473000,-0.084000,1.916000,24.950000
0.087,-0.941000,0.236000,-0.295000,0.679000,-0.145000,0.305000,24.860000
0.095,-0.946000,0.236000,-0.295000,0.550000,-0.031000,0.626000,24.950000
0.109,-0.942000,0.232000,-0.291000,0.969000,0.511000,0.176000,24.860000
0.114,-0.943000,0.236000,-0.297000,0.595000,0.405000,0.214000,24.950000
0.126,-0.944000,0.230000,-0.299000,0.763000,-0.214000,-0.412000,25.000000
0.139,-0.948000,0.225000,-0.301000,0.626000,-0.824000,-1.206000,24.910000
0.146,-0.947000,0.219000,-0.295000,0.511000,-1.557000,-1.779000,25.000000
0.158,-0.936000,0.223000,-0.286000,0.634000,-1.015000,-1.656000,24.910000
0.165,-0.931000,0.217000,-0.284000,0.603000,-0.351000,-1.115000,24.810000
0.178,-0.938000,0.219000,-0.292000,0.649000,-0.160000,-0.519000,24.860000
0.185,-0.945000,0.219000,-0.284000,0.420000,-0.656000,0.321000,24.950000
0.198,-0.939000,0.218000,-0.287000,0.863000,0.031000,1.008000,24.860000
0.205,-0.947000,0.221000,-0.289000,0.802000,0.206000,1.397000,24.950000
0.217,-0.940000,0.219000,-0.293000,0.901000,-0.046000,1.412000,24.860000
0.224,-0.938000,0.220000,-0.295000,0.832000,-0.107000,1.473000,24.910000
0.238,-0.939000,0.222000,-0.295000,0.771000,0.046000,1.992000,25.000000
0.245,-0.940000,0.218000,-0.296000,0.794000,0.191000,2.305000,24.910000
0.257,-0.938000,0.215000,-0.284000,0.832000,0.298000,3.198000,24.910000
0.264,-0.946000,0.218000,-0.290000,0.595000,0.313000,3.351000,24.910000
0.277,-0.942000,0.223000,-0.290000,0.702000,0.092000,2.824000,24.860000
0.282,-0.946000,0.221000,-0.279000,0.916000,0.000000,2.710000,24.860000
0.296,-0.946000,0.224000,-0.285000,0.618000,-0.099000,1.954000,24.950000
0.309,-0.950000,0.225000,-0.286000,0.817000,-0.046000,1.389000,24.950000
0.316,-0.950000,0.228000,-0.288000,0.985000,-0.252000,0.282000,24.860000
0.329,-0.949000,0.226000,-0.285000,1.107000,-0.115000,-0.496000,24.910000
0.338,-0.946000,0.230000,-0.284000,0.771000,-0.092000,-0.817000,24.910000
0.348,-0.955000,0.233000,-0.284000,0.840000,-0.153000,-1.718000,24.810000
0.355,-0.941000,0.223000,-0.285000,0.794000,-0.397000,-1.420000,25.000000
0.367,-0.947000,0.224000,-0.280000,0.634000,-0.809000,-0.901000,24.950000
0.374,-0.939000,0.224000,-0.283000,0.244000,-0.595000,-0.840000,24.950000
0.388,-0.938000,0.227000,-0.286000,0.198000,-0.145000,0.145000,24.950000
0.394,-0.931000,0.223000,-0.287000,-0.015000,0.458000,1.099000,24.860000
0.407,-0.932000,0.223000,-0.290000,-0.076000,0.733000,2.511000,24.950000
0.412,-0.932000,0.228000,-0.292000,-0.122000,1.076000,3.397000,24.950000
0.426,-0.941000,0.238000,-0.290000,-0.153000,1.466000,3.229000,24.950000
0.439,-0.949000,0.235000,-0.296000,-0.198000,0.947000,1.969000,24.910000
0.447,-0.943000,0.228000,-0.294000,-0.008000,0.168000,1.061000,24.910000
0.459,-0.941000,0.238000,-0.296000,-0.053000,0.084000,0.809000,24.910000
0.465,-0.940000,0.229000,-0.293000,-0.229000,-0.130000,0.840000,24.860000
0.478,-0.934000,0.221000,-0.286000,-0.573000,-0.092000,1.115000,24.860000
0.485,-0.936000,0.217000,-0.294000,-0.710000,0.534000,2.015000,24.860000
0.498,-0.944000,0.225000,-0.292000,-0.588000,0.725000,2.076000,24.950000
0.505,-0.944000,0.230000,-0.291000,-0.229000,0.458000,1.626000,24.910000
0.517,-0.955000,0.231000,-0.290000,-0.099000,0.473000,0.939000,24.810000
0.526,-0.949000,0.222000,-0.296000,0.107000,0.504000,0.420000,24.910000
0.538,-0.950000,0.226000,-0.300000,-0.008000,0.260000,-0.130000,24.910000
0.545,-0.945000,0.233000,-0.290000,0.298000,0.061000,-0.237000,24.810000
0.556,-0.939000,0.227000,-0.304000,0.061000,-0.031000,-0.229000,24.860000
0.569,-0.936000,0.223000,-0.293000,-0.115000,-0.374000,0.389000,24.950000
0.577,-0.940000,0.223000,-0.292000,-0.137000,-0.015000,1.137000,24.860000
0.589,-0.935000,0.220000,-0.288000,-0.084000,0.214000,1.687000,24.950000
0.596,-0.942000,0.217000,-0.289000,0.107000,0.290000,1.687000,24.950000
0.608,-0.950000,0.219000,-0.287000,0.214000,0.573000,1.580000,24.910000
0.615,-0.947000,0.225000,-0.285000,0.183000,0.229000,1.443000,24.910000
0.628,-0.941000,0.221000,-0.291000,0.237000,0.153000,1.290000,25.000000
0.637,-0.941000,0.223000,-0.291000,0.282000,-0.015000,1.618000,25.000000
0.648,-0.947000,0.223000,-0.284000,0.420000,0.313000,1.817000,24.950000
0.655,-0.947000,0.225000,-0.283000,0.344000,0.092000,2.053000,24.860000
0.668,-0.946000,0.219000,-0.284000,0.405000,0.298000,2.412000,24.860000
0.677,-0.947000,0.224000,-0.290000,0.550000,0.504000,2.115000,24.950000
0.688,-0.948000,0.230000,-0.285000,0.435000,0.191000,1.328000,24.950000
0.696,-0.947000,0.228000,-0.285000,0.649000,0.321000,0.420000,24.910000
0.707,-0.943000,0.232000,-0.288000,0.786000,-0.244000,-0.641000,25.000000
0.714,-0.939000,0.219000,-0.289000,0.626000,-0.359000,-0.969000,24.910000
0.728,-0.938000,0.220000,-0.284000,0.809000,0.313000,-0.374000,24.910000
0.735,-0.936000,0.224000,-0.287000,0.290000,0.634000,0.550000,24.910000
0.747,-0.941000,0.225000,-0.296000,0.267000,0.786000,0.962000,24.950000
0.754,-0.941000,0.223000,-0.289000,0.122000,0.153000,0.954000,24.860000
0.766,-0.946000,0.229000,-0.293000,0.244000,-0.008000,1.275000,24.860000
0.779,-0.942000,0.219000,-0.297000,0.031000,0.351000,1.565000,24.950000
0.786,-0.941000,0.221000,-0.290000,-0.275000,0.702000,2.267000,24.950000
0.799,-0.943000,0.219000,-0.292000,-0.115000,0.718000,2.550000,24.860000
0.806,-0.951000,0.226000,-0.287000,-0.084000,0.267000,2.176000,24.910000
0.818,-0.947000,0.227000,-0.290000,0.107000,0.313000,2.046000,24.910000
0.826,-0.945000,0.223000,-0.290000,-0.214000,0.084000,2.038000,24.910000
0.838,-0.947000,0.228000,-0.297000,-0.145000,0.115000,2.214000,24.950000
0.846,-0.948000,0.219000,-0.285000,-0.282000,-0.053000,2.160000,24.860000
0.858,-0.947000,0.222000,-0.287000,-0.221000,0.237000,2.191000,24.950000
0.865,-0.933000,0.226000,-0.290000,-0.107000,0.275000,1.985000,24.860000
0.879,-0.942000,0.225000,-0.287000,0.282000,0.763000,1.962000,24.950000
0.885,-0.949000,0.223000,-0.288000,0.351000,0.733000,1.634000,25.000000
0.897,-0.952000,0.229000,-0.288000,0.527000,0.298000,1.298000,24.910000
0.904,-0.948000,0.223000,-0.291000,0.374000,0.122000,0.977000,25.000000
0.917,-0.940000,0.223000,-0.287000,0.321000,-0.061000,0.969000,24.910000
0.924,-0.940000,0.224000,-0.282000,0.069000,-0.450000,0.847000,24.910000
0.938,-0.943000,0.222000,-0.287000,-0.160000,-0.351000,1.458000,24.910000
0.944,-0.941000,0.218000,-0.283000,-0.038000,0.237000,1.977000,25.050000
0.956,-0.939000,0.218000,-0.280000,-0.092000,0.221000,2.008000,24.950000
0.969,-0.939000,0.223000,-0.288000,0.198000,0.160000,1.580000,24.950000
0.977,-0.948000,0.219000,-0.296000,0.344000,0.397000,1.221000,24.950000
0.989,-0.941000,0.224000,-0.288000,0.489000,0.206000,1.557000,24.910000
0.996,-0.940000,0.221000,-0.290000,0.176000,0.412000,1.832000,24.910000
1.008,-0.937000,0.227000,-0.294000,-0.099000,0.435000,1.817000,24.910000
1.015,-0.935000,0.231000,-0.293000,0.206000,0.504000,1.603000,25.000000
1.028,-0.944000,0.233000,-0.282000,-0.046000,0.389000,1.053000,24.910000
1.038,-0.940000,0.230000,-0.280000,0.229000,0.214000,0.527000,24.950000
1.048,-0.940000,0.233000,-0.280000,0.168000,0.321000,1.496000,24.950000
1.055,-0.953000,0.243000,-0.280000,0.176000,1.664000,3.664000,24.950000
1.068,-0.979000,0.246000,-0.284000,0.351000,2.214000,3.527000,24.950000
1.077,-0.991000,0.246000,-0.313000,0.450000,1.160000,2.435000,24.950000
1.087,-0.988000,0.240000,-0.310000,1.084000,-1.931000,-2.244000,24.910000
1.095,-0.969000,0.226000,-0.297000,1.405000,-4.000000,-6.985000,25.000000
1.107,-0.930000,0.213000,-0.284000,1.038000,-3.557000,-8.626000,24.910000
1.114,-0.904000,0.213000,-0.280000,0.771000,-1.595000,-6.947000,25.000000
1.129,-0.903000,0.217000,-0.277000,0.573000,0.145000,-4.634000,25.000000
1.133,-0.920000,0.223000,-0.283000,0.382000,0.603000,-3.092000,24.860000
1.146,-0.927000,0.227000,-0.287000,0.031000,-1.099000,-2.802000,24.950000
1.158,-0.922000,0.223000,-0.290000,-0.374000,-2.924000,-0.527000,24.950000
1.166,-0.935000,0.219000,-0.280000,-1.038000,-2.565000,1.061000,24.950000
1.178,-0.954000,0.211000,-0.274000,-1.573000,0.397000,4.534000,24.860000
1.187,-0.978000,0.207000,-0.276000,-1.695000,3.237000,5.061000,24.950000
1.198,-0.989000,0.218000,-0.302000,-1.405000,2.481000,1.679000,24.950000
1.205,-0.979000,0.222000,-0.306000,0.214000,-0.672000,-2.511000,25.090000
1.217,-0.947000,0.220000,-0.286000,0.359000,-3.137000,-7.664000,25.000000
1.224,-0.917000,0.204000,-0.272000,0.069000,-2.305000,-7.336000,25.000000
1.237,-0.908000,0.209000,-0.265000,-0.733000,-0.740000,-3.947000,24.860000
1.249,-0.914000,0.207000,-0.268000,-1.031000,-0.015000,-0.992000,24.860000
1.256,-0.942000,0.220000,-0.276000,-1.695000,0.534000,0.046000,25.050000
1.269,-0.959000,0.215000,-0.279000,-2.244000,-0.122000,1.145000,24.950000
1.276,-0.956000,0.220000,-0.268000,-2.847000,-0.260000,-0.656000,24.950000
1.289,-0.958000,0.215000,-0.278000,-3.290000,-0.214000,-1.733000,24.910000
1.296,-0.943000,0.219000,-0.287000,-2.656000,0.168000,-2.252000,24.910000
1.307,-0.936000,0.218000,-0.288000,-2.511000,0.794000,-0.824000,24.910000
1.314,-0.943000,0.219000,-0.279000,-2.794000,1.954000,-0.328000,24.910000
1.329,-0.955000,0.230000,-0.283000,-3.519000,1.237000,-0.206000,25.000000
1.334,-0.940000,0.188000,-0.287000,-0.618000,2.397000,-3.779000,24.860000
1.347,-0.906000,0.232000,-0.296000,-3.420000,-0.198000,-0.321000,24.950000
1.359,-0.932000,0.191000,-0.295000,-4.038000,0.519000,-0.351000,24.860000
1.366,-0.938000,0.203000,-0.276000,-2.985000,1.214000,-0.481000,24.860000
1.379,-0.938000,0.226000,-0.301000,-3.954000,4.840000,1.458000,24.950000
1.386,-0.986000,0.214000,-0.305000,-3.840000,3.420000,-0.534000,24.910000
1.398,-0.969000,0.229000,-0.315000,-4.634000,-0.137000,-4.206000,24.910000
1.405,-0.962000,0.226000,-0.380000,1.450000,-2.076000,-4.214000,24.910000
1.417,-1.004000,0.210000,-0.277000,-1.939000,-3.565000,-8.427000,25.000000
1.424,-0.973000,0.239000,-0.285000,1.382000,-4.550000,-17.000000,24.810000
1.437,-0.919000,0.180000,-0.313000,-0.534000,-3.092000,-10.924000,25.050000
1.449,-0.928000,0.192000,-0.259000,-1.924000,-3.870000,-6.176000,24.860000
1.456,-0.884000,0.194000,-0.296000,-2.962000,0.130000,-5.053000,24.950000
1.468,-0.915000,0.192000,-0.285000,-1.458000,0.748000,6.397000,24.950000
1.476,-0.932000,0.197000,-0.281000,-2.252000,2.290000,6.771000,24.950000
1.488,-0.954000,0.192000,-0.282000,-2.664000,1.718000,10.374000,24.910000
1.496,-0.958000,0.208000,-0.295000,-1.206000,1.992000,11.450000,25.000000
1.507,-0.990000,0.212000,-0.263000,-1.038000,0.710000,9.214000,24.910000
1.515,-0.974000,0.202000,-0.281000,-2.084000,0.817000,4.359000,24.910000
1.528,-0.960000,0.189000,-0.300000,-2.878000,-2.084000,0.893000,25.000000
1.534,-0.958000,0.197000,-0.310000,-1.038000,-5.786000,-2.427000,24.860000
1.547,-0.962000,0.170000,-0.263000,-0.931000,-3.863000,-8.565000,24.860000
1.559,-0.939000,0.196000,-0.280000,-0.359000,-4.344000,-5.321000,24.950000
1.566,-0.948000,0.161000,-0.278000,1.351000,-0.878000,-7.634000,24.950000
1.578,-0.964000,0.183000,-0.266000,0.496000,-1.802000,-4.015000,24.950000
1.588,-0.974000,0.196000,-0.296000,2.214000,-1.557000,-8.763000,24.950000
1.598,-0.994000,0.170000,-0.278000,1.832000,-2.618000,-7.733000,25.000000
1.605,-0.958000,0.184000,-0.267000,1.687000,-3.198000,-3.496000,25.000000
1.617,-0.701000,0.379000,-2.000000,250.130000,250.130000,250.130000,24.910000
1.629,-2.000000,-1.014000,2.000000,136.473000,-245.427000,22.137000,24.910000
1.637,-0.130000,-0.762000,-0.376000,134.443000,-5.511000,-191.542000,25.050000
1.648,-1.275000,0.046000,0.543000,125.420000,-10.985000,-48.992000,25.050000
1.655,-1.115000,0.116000,-0.021000,23.924000,-64.672000,55.893000,24.950000
1.667,-0.905000,0.227000,-0.261000,22.336000,-19.084000,-29.153000,24.950000
1.674,-0.525000,0.541000,-0.016000,-23.695000,-5.023000,33.664000,24.950000
1.686,-0.736000,0.388000,-0.199000,-39.046000,46.817000,81.336000,24.910000
1.698,-1.233000,0.397000,-0.507000,-57.733000,29.763000,38.160000,25.000000
1.705,-1.230000,0.405000,-0.539000,-22.084000,5.260000,1.641000,24.910000
1.718,-1.113000,0.499000,-0.542000,-8.496000,-32.107000,-12.954000,24.910000
1.727,-0.964000,0.370000,-0.719000,-36.496000,-31.794000,-21.008000,24.910000
1.737,-1.021000,0.222000,-0.265000,-9.168000,-63.359000,-0.282000,24.950000
1.749,-1.098000,0.051000,-0.261000,22.847000,-75.328000,26.611000,24.860000
1.756,-1.148000,-0.052000,-0.499000,16.954000,-92.977000,-13.015000,24.950000
1.768,-0.939000,0.173000,-0.278000,29.649000,-49.893000,-56.550000,24.950000
1.777,-0.609000,0.177000,-0.293000,28.473000,-23.420000,-34.580000,24.910000
1.787,-0.806000,-0.103000,-0.374000,39.870000,-6.290000,7.275000,24.910000
1.795,0.135000,0.596000,0.093000,73.450000,-103.092000,147.191000,24.910000
1.806,-1.918000,0.051000,-0.548000,92.794000,-47.000000,-71.328000,25.000000
1.818,-0.811000,0.120000,-0.393000,71.183000,-69.237000,-70.244000,24.910000
1.827,-1.077000,0.139000,-0.243000,40.802000,-72.618000,-118.901000,25.050000
1.837,-1.083000,0.300000,-0.144000,89.840000,-86.244000,-116.817000,24.950000
1.844,-0.797000,0.850000,-0.322000,128.618000,-106.153000,28.969000,24.950000
1.856,-1.225000,0.238000,0.029000,92.817000,-111.397000,12.550000,24.950000
1.868,-1.104000,0.237000,-0.006000,54.214000,-109.519000,-8.809000,24.950000
1.877,-1.053000,0.186000,-0.145000,56.122000,-110.069000,-18.534000,25.000000
1.887,-0.901000,0.096000,-0.337000,52.832000,-105.855000,-27.931000,25.000000
1.895,-0.990000,0.117000,-0.170000,33.053000,-89.198000,-57.649000,25.000000
1.906,-1.061000,0.280000,0.056000,37.817000,-69.405000,-51.183000,25.000000
1.918,-0.946000,-0.100000,-0.129000,70.168000,-51.053000,-54.099000,24.910000
1.927,-0.983000,-0.063000,-0.051000,80.046000,-25.244000,-44.496000,25.050000
1.937,-1.072000,0.309000,0.291000,70.489000,-57.099000,-50.092000,24.860000
1.945,-1.177000,0.454000,-0.147000,63.969000,-77.817000,79.160000,24.950000
1.956,-0.962000,0.264000,-0.052000,30.748000,-95.130000,82.145000,25.050000
1.969,-1.016000,0.342000,0.024000,6.725000,-47.924000,41.519000,24.950000
1.977,-0.857000,0.159000,-0.143000,12.725000,21.313000,-15.137000,24.950000
1.988,-0.485000,0.000000,-0.342000,-0.794000,125.565000,-147.771000,25.000000
1.996,-1.204000,1.071000,0.539000,39.458000,66.244000,10.733000,24.910000
2.007,-1.675000,-0.045000,0.332000,-3.786000,-13.550000,-45.740000,25.000000
2.014,-0.420000,0.980000,-0.322000,17.115000,45.496000,-41.580000,24.950000
2.027,-1.158000,-0.232000,-0.139000,-5.397000,-7.290000,-87.412000,24.950000
2.038,-0.932000,0.483000,0.043000,-37.382000,-9.412000,-57.267000,24.950000
2.045,-1.034000,0.139000,-0.001000,-52.756000,-18.580000,-74.137000,24.950000
2.057,-1.123000,0.138000,0.157000,-84.840000,-58.046000,-36.573000,25.050000
2.064,-0.897000,-0.096000,0.016000,-54.954000,-73.382000,-24.489000,24.910000
2.076,-0.607000,-0.068000,-0.121000,-30.298000,-6.588000,16.427000,25.000000
2.089,-0.453000,0.576000,-0.080000,-21.786000,68.588000,85.718000,24.910000
2.095,0.682000,-0.510000,-0.895000,60.305000,250.130000,250.130000,24.910000
2.107,-2.000000,-0.421000,1.002000,-29.809000,124.702000,-250.137000,24.910000
2.114,-0.837000,-0.816000,0.420000,56.908000,-187.969000,-51.588000,24.950000
2.126,-1.040000,0.238000,-0.178000,3.450000,-78.351000,-93.931000,24.950000
2.138,-0.894000,-0.100000,-0.177000,-15.099000,-101.878000,-57.985000,25.050000
2.145,-0.965000,0.179000,-0.243000,-12.985000,-116.290000,12.519000,24.950000
2.157,-0.902000,0.006000,-0.141000,1.328000,-83.656000,6.855000,24.950000
2.164,-0.937000,-0.007000,-0.140000,11.244000,-73.519000,0.977000,25.000000
2.177,-0.976000,-0.066000,-0.177000,0.229000,-43.962000,-57.733000,25.000000
2.189,-0.978000,-0.014000,-0.216000,0.435000,-55.137000,-74.779000,25.000000
2.195,-0.937000,-0.010000,-0.110000,13.893000,-64.908000,-59.756000,25.000000
2.208,-0.980000,0.022000,0.052000,15.443000,-60.924000,-35.168000,24.910000
2.214,-1.080000,0.020000,0.129000,22.153000,-58.634000,-22.412000,24.950000
2.229,-1.148000,0.074000,0.118000,-2.870000,-63.305000,-35.740000,24.950000
2.240,-1.148000,0.035000,0.182000,-10.870000,-72.038000,-46.840000,25.050000
2.246,-1.176000,0.081000,0.166000,-20.947000,-95.725000,-38.588000,24.950000
2.258,-1.208000,0.086000,0.136000,-28.473000,-124.137000,-31.137000,25.050000
2.265,-1.283000,0.051000,0.183000,-31.260000,-135.084000,-18.092000,24.910000
2.280,-1.198000,0.035000,0.226000,-32.672000,-133.031000,-6.878000,25.090000
2.289,-1.138000,-0.031000,0.228000,-29.069000,-128.519000,11.344000,24.910000
2.297,-1.060000,-0.107000,0.248000,-20.206000,-129.069000,30.779000,25.000000
2.308,-1.109000,-0.085000,0.113000,-12.458000,-181.550000,52.122000,24.910000
2.314,-0.942000,-0.018000,0.305000,-30.489000,-206.336000,66.901000,25.050000
2.327,-1.010000,-0.081000,0.397000,-30.351000,-189.237000,53.046000,25.050000
2.339,-1.008000,-0.021000,0.396000,-48.275000,-205.260000,51.756000,25.140000
2.345,-0.966000,-0.019000,0.513000,-86.985000,-182.351000,30.008000,24.950000
2.357,-1.097000,-0.088000,0.344000,-72.191000,-250.137000,65.046000,24.950000
2.364,-0.866000,0.053000,0.458000,-124.458000,-200.053000,61.947000,24.950000
2.376,-0.884000,-0.111000,0.559000,-80.092000,-185.740000,97.000000,24.950000
2.388,-0.858000,-0.101000,0.485000,-85.267000,-197.000000,94.908000,25.000000
2.396,-0.853000,-0.072000,0.402000,-60.954000,-246.870000,100.252000,25.000000
2.407,-0.848000,-0.072000,0.538000,-37.885000,-191.916000,73.924000,25.000000
2.414,-0.737000,0.058000,0.459000,-85.504000,-235.573000,102.000000,24.950000
2.427,-0.712000,-0.039000,0.620000,-70.244000,-171.824000,85.359000,25.050000
2.438,-0.800000,-0.176000,0.789000,-47.786000,-214.985000,96.511000,25.050000
2.445,-0.779000,-0.022000,0.525000,-63.374000,-215.344000,84.687000,24.950000
2.457,-0.643000,-0.022000,0.709000,-59.328000,-240.290000,74.687000,24.950000
2.469,-0.715000,0.043000,0.727000,-43.550000,-232.260000,39.176000,25.000000
2.477,-0.738000,0.001000,0.640000,-51.863000,-243.771000,38.061000,24.910000
2.488,-0.596000,0.014000,0.810000,-58.847000,-211.550000,53.359000,25.000000
2.495,-0.627000,0.042000,0.781000,-51.878000,-238.122000,63.412000,25.000000
2.507,-0.591000,-0.016000,0.710000,-58.206000,-250.137000,73.710000,25.000000
2.512,-0.495000,0.051000,0.744000,-10.771000,-213.863000,66.824000,24.950000
2.527,-0.467000,-0.032000,0.749000,-53.786000,-210.603000,78.656000,24.950000
2.538,-0.393000,0.044000,0.745000,-57.092000,-224.802000,59.695000,25.050000
2.546,-0.243000,0.033000,0.710000,-61.969000,-215.084000,60.870000,24.950000
2.557,-0.240000,-0.101000,0.789000,-67.336000,-177.374000,59.008000,24.950000
2.569,-0.213000,-0.026000,0.681000,-41.198000,-171.595000,42.450000,25.090000
2.577,-0.215000,-0.060000,0.818000,-64.832000,-161.847000,57.374000,25.090000
2.588,-0.260000,-0.001000,0.854000,-55.046000,-145.763000,45.840000,25.000000
2.596,-0.274000,0.012000,0.758000,-60.031000,-164.969000,58.595000,25.000000
2.607,-0.247000,0.013000,0.737000,-44.244000,-151.038000,69.687000,25.000000
2.619,-0.200000,-0.013000,0.750000,-32.176000,-129.328000,73.084000,24.950000
2.627,-0.180000,-0.032000,0.750000,-27.282000,-120.008000,69.733000,25.050000
2.638,-0.250000,-0.032000,0.773000,-6.237000,-131.031000,73.069000,25.050000
2.646,-0.186000,0.044000,0.911000,6.023000,-81.183000,45.939000,24.860000
2.657,-0.115000,-0.120000,0.806000,9.115000,-79.046000,57.443000,25.090000
2.664,-0.082000,-0.046000,0.870000,5.664000,-124.565000,62.931000,25.000000
2.679,-0.002000,-0.060000,0.876000,15.573000,-100.000000,58.687000,25.000000
2.689,0.006000,-0.074000,0.862000,13.191000,-94.237000,64.290000,25.000000
2.696,0.033000,-0.057000,0.950000,32.176000,-102.214000,64.809000,25.000000
2.708,0.039000,-0.041000,1.010000,8.908000,-89.008000,57.267000,25.050000
2.715,0.024000,0.010000,1.067000,-2.763000,-85.221000,50.588000,24.950000
2.729,0.121000,-0.080000,0.996000,-23.115000,-127.481000,56.656000,25.050000
2.735,0.142000,-0.024000,0.873000,-43.023000,-103.053000,54.176000,24.950000
2.746,0.173000,-0.050000,0.834000,-66.290000,-101.252000,30.351000,24.950000
2.758,0.196000,-0.135000,0.811000,-54.626000,-91.229000,28.992000,25.050000
2.765,0.212000,-0.236000,0.884000,-37.649000,-48.099000,47.435000,25.090000
2.778,0.239000,-0.168000,0.781000,-31.855000,-27.832000,34.969000,25.000000
2.787,0.308000,-0.173000,0.761000,-25.756000,8.771000,18.214000,25.000000
2.797,0.362000,-0.208000,0.803000,-24.336000,42.641000,2.389000,25.000000
2.804,0.378000,-0.208000,0.731000,-29.695000,82.519000,-12.382000,24.950000
2.816,0.258000,-0.252000,0.769000,33.412000,157.305000,-17.084000,24.950000
2.829,0.370000,-0.244000,0.631000,-5.191000,131.336000,-52.076000,24.950000
2.837,0.366000,-0.273000,0.662000,23.496000,154.595000,-44.695000,25.140000
2.849,0.313000,-0.248000,0.592000,26.687000,191.763000,-57.885000,24.910000
2.855,0.283000,-0.280000,0.645000,52.405000,249.084000,-62.977000,25.000000
2.867,0.211000,-0.283000,0.715000,41.473000,250.130000,-90.679000,25.000000
2.874,0.128000,-0.299000,0.809000,63.092000,250.130000,-96.504000,25.000000
2.887,0.056000,-0.246000,0.831000,52.725000,250.130000,-114.817000,25.000000
2.898,-0.108000,-0.136000,1.042000,54.267000,250.130000,-112.840000,25.050000
2.905,-0.281000,-0.144000,1.151000,56.298000,250.130000,-110.901000,24.950000
2.917,-0.355000,-0.065000,1.156000,70.244000,250.130000,-108.603000,24.950000
2.929,-0.469000,-0.105000,1.096000,108.863000,250.130000,-120.504000,24.860000
2.938,-0.546000,-0.148000,0.961000,123.809000,250.130000,-133.313000,25.050000
2.948,-0.654000,-0.163000,0.782000,149.137000,250.130000,-155.229000,25.000000
2.954,-0.807000,-0.124000,0.735000,160.435000,250.130000,-143.679000,25.000000
2.966,-0.861000,-0.061000,0.521000,145.351000,250.130000,-127.229000,25.000000
2.979,-0.896000,-0.053000,0.606000,118.496000,239.183000,-111.672000,25.090000
2.988,-0.984000,-0.038000,0.648000,97.679000,223.580000,-105.748000,25.000000
2.997,-1.064000,-0.009000,0.638000,81.328000,202.962000,-94.305000,24.950000
3.004,-1.178000,0.045000,0.664000,59.397000,152.603000,-74.313000,24.950000
3.016,-1.278000,0.108000,0.662000,45.916000,60.389000,-49.160000,25.050000
3.030,-1.294000,0.147000,0.775000,34.275000,0.321000,-19.366000,25.050000
3.037,-1.319000,0.114000,0.722000,34.443000,-48.183000,9.916000,24.950000
3.048,-1.350000,0.118000,0.643000,28.130000,-94.122000,29.527000,25.000000
3.055,-1.335000,0.139000,0.603000,26.244000,-145.328000,64.191000,25.000000
3.067,-1.296000,0.162000,0.560000,15.260000,-202.527000,105.069000,25.000000
3.074,-1.191000,0.288000,0.608000,-41.588000,-225.061000,93.267000,24.910000
3.087,-1.192000,0.242000,0.785000,-37.008000,-250.137000,126.786000,24.910000
3.098,-0.967000,0.167000,0.739000,-47.763000,-250.137000,123.504000,24.950000
3.105,-0.758000,0.142000,0.751000,-69.267000,-250.137000,114.176000,24.950000
3.117,-0.555000,0.024000,0.585000,-100.771000,-236.344000,123.977000,25.050000
3.123,-0.446000,0.080000,0.826000,-120.733000,-233.053000,132.481000,25.050000
3.137,-0.395000,-0.052000,0.665000,-95.321000,-209.321000,116.924000,24.950000
3.149,-0.264000,-0.014000,0.626000,-93.756000,-169.130000,103.305000,24.950000
3.154,-0.283000,-0.052000,0.550000,-87.427000,-174.992000,104.603000,25.000000
3.166,-0.159000,-0.117000,0.509000,-33.763000,-120.878000,70.053000,25.000000
3.179,-0.055000,-0.091000,0.520000,-42.031000,-119.863000,49.168000,24.910000
3.187,0.004000,-0.112000,0.500000,-35.359000,-81.695000,42.855000,25.050000
3.198,0.011000,-0.054000,0.587000,-12.489000,-44.031000,26.458000,25.050000
3.205,-0.057000,-0.125000,0.515000,-9.947000,-12.198000,20.473000,25.050000
3.217,-0.104000,-0.074000,0.528000,2.298000,4.305000,20.321000,25.050000
3.224,-0.064000,-0.054000,0.576000,6.733000,12.962000,24.153000,25.050000
3.237,-0.079000,-0.109000,0.645000,8.885000,32.580000,16.603000,25.000000
3.249,-0.142000,-0.112000,0.480000,-20.947000,66.550000,4.130000,25.000000
3.256,-0.167000,-0.125000,0.713000,-4.550000,111.863000,-0.649000,25.090000
3.268,-0.225000,-0.151000,0.797000,-28.458000,115.748000,-6.328000,25.090000
3.277,-0.442000,-0.143000,0.928000,-29.183000,108.328000,8.344000,25.000000
3.288,-0.384000,-0.086000,1.328000,1.725000,100.031000,20.687000,25.140000
3.296,-0.606000,-0.032000,0.963000,23.275000,41.740000,44.763000,25.050000
3.307,-0.699000,0.011000,1.053000,36.595000,37.389000,42.718000,25.050000
3.314,-0.755000,0.068000,1.115000,47.557000,44.672000,40.908000,25.050000
3.328,-0.809000,0.221000,1.136000,21.206000,18.214000,28.366000,25.000000
3.339,-0.781000,0.110000,1.037000,65.756000,3.183000,32.031000,25.000000
3.346,-0.734000,0.165000,1.158000,32.687000,-10.733000,27.977000,25.090000
3.358,-0.583000,0.155000,1.338000,41.290000,-66.450000,31.542000,25.000000
3.365,-0.568000,0.117000,1.296000,25.756000,-102.863000,39.870000,25.090000
3.379,-0.499000,0.164000,1.038000,15.206000,-112.519000,36.366000,25.050000
3.385,-0.455000,0.199000,1.066000,9.176000,-116.229000,44.153000,25.050000
3.397,-0.362000,0.153000,1.038000,-5.458000,-94.321000,38.298000,24.950000
3.409,-0.393000,0.115000,0.877000,9.206000,-84.611000,29.649000,25.050000
3.416,-0.289000,0.065000,0.897000,-14.282000,-98.855000,24.115000,25.050000
3.428,-0.228000,0.055000,0.865000,-20.534000,-103.550000,36.649000,25.000000
3.437,-0.293000,0.091000,0.868000,-26.756000,-100.588000,40.458000,25.000000
3.447,-0.298000,0.071000,0.772000,-13.137000,-142.282000,57.504000,25.000000
3.454,-0.254000,0.087000,0.831000,-4.183000,-135.298000,54.099000,25.000000
3.466,-0.241000,0.118000,0.793000,-7.679000,-135.137000,58.412000,24.950000
3.479,-0.286000,0.088000,0.927000,-7.847000,-145.031000,71.389000,24.950000
3.487,-0.234000,0.079000,0.785000,-21.710000,-150.634000,68.023000,25.140000
3.498,-0.140000,0.003000,0.844000,-13.008000,-151.321000,78.183000,25.050000
3.504,-0.085000,0.026000,0.877000,-12.176000,-168.771000,84.947000,25.050000
3.516,-0.060000,0.029000,1.039000,-21.115000,-176.725000,78.832000,25.050000
3.529,-0.152000,0.094000,1.105000,-27.244000,-187.168000,55.214000,24.950000
3.536,-0.227000,0.125000,1.059000,-31.779000,-198.443000,22.947000,25.000000
3.548,-0.267000,0.164000,1.114000,-37.626000,-229.855000,44.366000,25.000000
3.554,-0.174000,0.278000,1.136000,-44.237000,-193.977000,59.191000,25.000000
3.567,-0.026000,0.222000,1.085000,-45.351000,-202.351000,82.458000,25.140000
3.579,0.086000,0.164000,1.248000,-56.168000,-211.069000,75.206000,25.050000
3.587,0.217000,0.068000,1.130000,-49.687000,-222.626000,43.718000,24.950000
3.599,0.308000,0.060000,1.023000,-35.756000,-228.405000,45.626000,25.140000
3.605,0.304000,0.084000,0.967000,-29.611000,-200.832000,42.382000,25.050000
3.617,0.289000,0.102000,0.950000,-34.305000,-169.611000,32.527000,25.090000
3.624,0.268000,0.025000,0.780000,-16.733000,-175.611000,38.702000,25.000000
3.637,0.224000,0.055000,0.878000,-21.443000,-152.053000,32.550000,25.090000
3.649,0.312000,-0.030000,0.750000,-18.824000,-166.237000,51.397000,25.090000
3.655,0.335000,-0.030000,0.740000,-22.656000,-173.870000,77.504000,25.000000
3.668,0.333000,-0.046000,0.755000,-20.939000,-160.855000,74.580000,25.050000
3.679,0.405000,-0.048000,0.795000,-20.336000,-132.511000,49.206000,25.050000
3.688,0.431000,-0.224000,0.815000,-51.893000,-138.191000,19.191000,25.140000
3.700,0.503000,-0.001000,0.854000,-30.275000,-153.939000,40.153000,25.050000
3.706,0.459000,-0.128000,0.771000,-17.458000,-126.099000,38.275000,25.140000
3.718,0.181000,0.010000,0.930000,17.252000,-105.397000,31.588000,25.090000
3.729,0.439000,0.010000,1.054000,8.725000,-101.855000,-14.015000,25.090000
3.738,0.549000,0.038000,0.809000,31.344000,-85.435000,7.580000,25.000000
3.746,0.525000,-0.031000,0.732000,33.763000,-67.725000,0.641000,25.090000
3.757,0.477000,-0.085000,0.787000,15.153000,-60.908000,-15.229000,25.090000
3.762,0.418000,-0.351000,0.813000,36.008000,-83.160000,15.031000,25.050000
3.777,0.535000,-0.176000,0.680000,43.481000,-88.076000,12.084000,25.240000
3.788,0.652000,-0.146000,0.544000,39.099000,-86.229000,28.458000,25.050000
3.796,0.592000,-0.109000,0.611000,27.214000,-104.634000,42.718000,25.050000
3.808,0.568000,-0.089000,0.690000,33.412000,-88.229000,25.679000,25.050000
3.815,0.865000,0.144000,0.694000,21.580000,-123.511000,35.771000,25.090000
3.829,0.141000,-0.230000,0.897000,38.840000,-126.710000,70.924000,25.090000
3.833,0.628000,-0.150000,0.774000,63.695000,-151.771000,202.282000,25.090000
3.846,0.529000,-0.331000,0.688000,51.710000,-104.382000,45.244000,25.000000
3.858,0.698000,-0.239000,0.546000,55.588000,-109.282000,-20.740000,25.190000
3.865,0.656000,-0.201000,0.422000,65.664000,-37.321000,-40.626000,25.050000
3.879,0.615000,0.008000,0.505000,45.924000,-94.817000,-18.802000,25.140000
3.885,0.593000,-0.013000,0.527000,96.145000,-85.611000,-26.160000,25.050000
3.897,0.496000,0.185000,0.587000,54.939000,-67.817000,-1.130000,25.140000
3.902,0.655000,0.200000,0.717000,32.107000,-67.519000,-10.748000,25.140000
3.916,0.774000,0.139000,0.642000,54.611000,-27.534000,-13.023000,25.050000
3.930,0.767000,0.051000,0.650000,45.985000,-53.046000,-12.176000,25.190000
3.938,0.859000,0.096000,0.597000,43.718000,-25.710000,-28.832000,25.090000
3.948,0.844000,0.190000,0.595000,33.634000,-11.641000,-5.611000,25.090000
3.955,1.005000,0.424000,0.616000,30.344000,-14.435000,3.916000,25.240000
3.967,0.733000,0.227000,0.768000,55.710000,-30.832000,24.000000,25.240000
3.974,0.677000,0.389000,0.631000,13.733000,-0.107000,-10.435000,25.240000
3.987,0.677000,0.304000,0.638000,-16.885000,-32.916000,-23.763000,25.140000
3.993,0.789000,0.223000,0.571000,-28.603000,-8.687000,-18.313000,25.140000
4.006,0.832000,0.157000,0.544000,-35.901000,0.481000,-12.038000,25.090000
4.019,0.841000,0.082000,0.662000,-39.519000,5.794000,-3.542000,25.190000
4.027,0.805000,0.035000,0.690000,-45.779000,18.107000,5.321000,25.280000
4.038,0.895000,0.169000,0.539000,-47.374000,33.908000,11.542000,25.280000
4.046,0.750000,0.149000,0.710000,-28.870000,40.824000,8.092000,25.190000
4.058,0.844000,0.118000,0.719000,-68.466000,95.092000,7.023000,25.140000
4.065,0.675000,0.103000,0.579000,-70.389000,94.092000,32.679000,25.240000
4.079,0.717000,0.061000,0.695000,-70.656000,103.244000,39.878000,25.240000
4.085,0.623000,-0.001000,0.750000,-75.443000,104.214000,138.313000,25.240000
4.097,0.714000,-0.080000,0.617000,-65.366000,94.618000,171.321000,25.280000
4.109,0.732000,-0.178000,0.618000,-62.962000,88.198000,143.794000,25.280000
4.116,0.661000,-0.355000,0.588000,-19.321000,89.481000,4.405000,25.190000
4.128,1.280000,-0.374000,0.436000,19.519000,111.687000,29.672000,25.280000
4.137,0.884000,-0.465000,0.520000,2.092000,153.031000,-41.718000,25.280000
4.147,0.618000,-0.240000,0.406000,14.519000,143.443000,-2.885000,25.330000
4.154,0.616000,-0.135000,0.573000,13.260000,162.985000,-25.863000,25.240000
4.167,0.684000,-0.214000,0.605000,11.122000,202.962000,-32.176000,25.330000
4.179,0.497000,-0.118000,0.853000,16.000000,190.664000,-49.290000,25.240000
4.187,0.539000,-0.014000,0.925000,-0.817000,244.504000,-56.328000,25.240000
4.198,0.438000,-0.047000,0.972000,27.237000,247.191000,-48.634000,25.280000
4.205,0.464000,-0.011000,0.876000,51.282000,250.130000,-28.473000,25.380000
4.217,0.135000,0.084000,1.065000,68.710000,240.473000,-41.382000,25.280000
4.224,-0.070000,0.244000,0.957000,42.893000,171.580000,-35.443000,25.280000
4.237,0.115000,0.249000,0.924000,33.511000,118.435000,10.550000,25.330000
4.245,0.123000,0.151000,0.908000,41.336000,94.168000,5.321000,25.240000
4.256,0.233000,0.077000,0.940000,63.817000,64.565000,19.786000,25.240000
4.269,0.190000,-0.004000,0.839000,64.382000,82.069000,12.565000,25.330000
4.277,0.315000,-0.018000,0.889000,65.420000,103.221000,5.328000,25.330000
4.289,0.270000,0.064000,0.934000,34.237000,81.595000,-3.443000,25.330000
4.296,0.271000,0.099000,0.894000,28.779000,66.763000,0.305000,25.330000
4.308,0.210000,0.022000,0.969000,42.794000,65.084000,1.870000,25.280000
4.315,0.160000,0.097000,1.082000,59.496000,50.969000,14.779000,25.380000
4.328,0.115000,0.298000,1.224000,69.977000,147.939000,16.763000,25.380000
4.336,0.358000,0.590000,1.234000,-7.687000,27.076000,30.031000,25.420000
4.347,0.124000,0.294000,1.080000,-20.038000,10.695000,30.069000,25.330000
4.354,0.165000,0.124000,0.938000,-35.756000,-5.550000,42.412000,25.420000
4.367,0.241000,0.140000,1.020000,-30.687000,-12.725000,47.863000,25.420000
4.374,0.256000,0.122000,1.100000,-32.664000,1.924000,41.786000,25.330000
4.387,0.709000,-0.154000,1.606000,-11.931000,-17.359000,-36.206000,25.380000
4.399,0.683000,0.096000,1.810000,7.542000,98.901000,-90.450000,25.380000
4.406,0.382000,0.276000,1.169000,-59.122000,71.473000,-52.557000,25.470000
4.418,0.516000,0.120000,0.778000,-67.588000,179.405000,-176.870000,25.380000
4.424,0.349000,0.034000,-0.374000,-33.443000,217.985000,-250.137000,25.380000
4.437,0.196000,-0.065000,0.038000,-41.458000,149.389000,-105.924000,25.420000
4.449,-0.033000,-0.296000,0.731000,-44.206000,101.595000,33.611000,25.330000
4.456,0.115000,-0.188000,1.052000,-43.565000,103.618000,71.542000,25.330000
4.468,0.404000,0.216000,1.078000,-23.313000,157.221000,-9.153000,25.420000
4.478,0.194000,0.198000,1.188000,-59.267000,205.389000,6.374000,25.380000
4.487,0.410000,0.168000,1.125000,-64.015000,215.916000,79.672000,25.380000
4.496,0.197000,-0.238000,0.593000,-57.695000,250.130000,-26.366000,25.380000
4.506,0.022000,-0.133000,0.461000,-36.374000,250.130000,-14.740000,25.470000
4.518,-0.110000,-0.165000,0.573000,-25.351000,250.130000,-51.977000,25.380000
4.529,-0.202000,-0.240000,0.756000,-5.779000,250.130000,-17.450000,25.420000
4.538,-0.349000,-0.259000,0.909000,6.756000,247.710000,8.511000,25.420000
4.545,-0.405000,-0.301000,0.934000,28.809000,241.733000,-17.229000,25.330000
4.557,-0.417000,-0.330000,-0.307000,115.641000,77.221000,-61.191000,25.330000
4.569,-0.427000,0.265000,0.223000,92.374000,181.412000,-250.137000,25.470000
4.579,-0.831000,0.338000,1.343000,46.992000,182.031000,34.519000,25.380000
4.588,-0.928000,0.118000,1.392000,-7.176000,136.985000,-50.840000,25.380000
4.596,-0.980000,-0.076000,1.162000,-27.443000,74.206000,-14.534000,25.380000
4.607,-0.988000,-0.234000,0.991000,13.061000,23.649000,-4.847000,25.470000
4.614,-0.847000,-0.227000,0.852000,42.695000,-39.038000,8.344000,25.420000
4.629,-0.602000,-0.082000,0.975000,60.931000,-62.244000,-8.656000,25.420000
4.639,-0.476000,-0.163000,0.906000,33.702000,-67.992000,64.771000,25.420000
4.647,-0.631000,-0.318000,0.650000,34.198000,-20.466000,-67.229000,25.420000
4.658,-0.469000,-0.235000,1.161000,88.275000,-166.183000,-157.649000,25.420000
4.664,0.216000,-0.079000,0.698000,133.969000,-15.267000,-141.664000,25.420000
4.679,-0.350000,-0.346000,1.189000,165.282000,55.794000,-128.534000,25.420000
4.689,0.676000,0.243000,0.468000,161.382000,64.076000,-196.214000,25.380000
4.696,0.260000,0.350000,0.609000,137.580000,238.351000,-179.084000,25.470000
4.708,-0.500000,-0.015000,0.609000,89.130000,250.130000,-158.458000,25.380000
4.714,-1.132000,-0.125000,1.024000,65.969000,242.641000,-193.107000,25.330000
4.729,-1.482000,-0.049000,1.302000,112.298000,128.580000,-170.771000,25.330000
4.739,-2.000000,1.347000,1.469000,67.779000,-16.595000,31.015000,25.420000
4.746,-1.194000,0.150000,0.974000,-57.565000,-228.351000,-6.115000,25.330000
4.758,-0.323000,0.226000,0.801000,-50.672000,-208.046000,60.641000,25.420000
4.764,-0.276000,0.094000,0.932000,-64.076000,-137.076000,83.878000,25.280000
4.779,-0.531000,0.002000,0.913000,-86.832000,-149.824000,122.328000,25.380000
4.789,-0.710000,-0.103000,0.966000,-59.481000,-191.504000,102.695000,25.380000
4.796,-0.274000,-0.129000,0.810000,-37.580000,-205.565000,96.473000,25.470000
4.807,0.018000,-0.098000,0.774000,-22.496000,-165.137000,95.817000,25.330000
4.814,-0.144000,-0.129000,0.885000,-11.611000,-132.611000,69.336000,25.420000
4.827,-0.184000,-0.011000,0.869000,7.290000,-109.664000,62.511000,25.420000
4.839,-0.425000,0.132000,0.974000,25.038000,-104.176000,21.099000,25.330000
4.846,-0.242000,-0.114000,0.831000,7.160000,-106.534000,-33.588000,25.330000
4.858,-0.182000,0.451000,0.985000,-25.573000,-134.893000,51.679000,25.380000
4.865,-0.170000,0.057000,0.880000,-34.511000,-108.641000,3.519000,25.380000
4.879,-0.390000,0.208000,1.106000,-45.618000,-178.679000,73.771000,25.470000
4.883,0.172000,0.045000,0.783000,-37.702000,-112.435000,11.107000,25.380000
4.897,-0.047000,-0.399000,0.931000,16.489000,-79.252000,16.656000,25.470000
4.909,0.035000,0.027000,0.956000,40.321000,-84.679000,3.511000,25.520000
4.915,0.129000,-0.004000,0.757000,17.244000,-68.947000,17.603000,25.420000
4.929,-0.187000,0.111000,0.959000,26.626000,-69.695000,37.481000,25.330000
4.938,-0.322000,0.280000,1.030000,-7.115000,-98.893000,1.977000,25.420000
4.947,-0.221000,-0.001000,0.904000,7.550000,-108.947000,-1.740000,25.380000
4.954,-0.315000,0.044000,0.687000,10.779000,-116.962000,21.840000,25.470000
4.966,-0.280000,0.379000,0.439000,-22.130000,-117.282000,-8.443000,25.470000
4.978,-0.877000,0.252000,-0.060000,-79.893000,-235.634000,29.298000,25.470000
4.987,0.633000,-0.132000,1.777000,-10.099000,-246.328000,17.038000,25.420000
4.997,0.228000,-0.373000,1.536000,10.061000,-36.244000,28.191000,25.420000
5.004,0.082000,-0.223000,0.482000,-13.214000,-33.664000,-46.863000,25.420000
5.017,-0.255000,0.639000,1.073000,8.191000,-68.198000,-10.427000,25.420000
5.029,0.180000,0.537000,0.869000,-21.328000,-40.885000,14.542000,25.420000
5.038,-0.298000,0.197000,1.078000,-6.328000,-51.107000,80.863000,25.420000
5.049,0.071000,0.385000,0.746000,-16.832000,-24.870000,58.237000,25.380000
5.055,-0.058000,-0.020000,0.948000,-27.954000,-26.603000,29.107000,25.470000
5.068,0.053000,0.226000,0.854000,-33.374000,13.718000,15.695000,25.380000
5.077,0.049000,0.215000,0.885000,-53.443000,-9.855000,1.557000,25.420000
5.088,0.327000,0.170000,0.642000,-38.046000,7.344000,14.481000,25.420000
5.096,0.038000,0.141000,1.012000,-48.344000,-12.786000,-0.542000,25.420000
5.106,-0.027000,0.079000,0.996000,-57.580000,-14.763000,-10.137000,25.520000
5.119,0.027000,-0.015000,1.394000,-48.588000,-35.351000,18.153000,25.420000
5.129,-0.040000,-0.045000,1.084000,-44.573000,12.473000,33.137000,25.380000
5.138,0.089000,0.321000,1.004000,-60.427000,-20.740000,-17.885000,25.470000
5.145,-0.022000,-0.030000,1.089000,-45.756000,-3.145000,13.458000,25.380000
5.157,0.447000,0.209000,0.910000,-38.771000,25.237000,13.298000,25.470000
5.164,-0.003000,-0.070000,1.157000,-31.244000,9.794000,13.496000,25.420000
5.177,0.353000,0.088000,1.008000,-34.099000,-18.015000,-23.084000,25.420000
5.189,0.454000,-0.010000,0.982000,-34.305000,1.321000,-40.366000,25.520000
5.197,0.220000,-0.198000,0.873000,-22.992000,9.481000,-41.450000,25.330000
5.208,0.280000,-0.333000,1.078000,-30.641000,-13.076000,-32.420000,25.420000
5.215,0.158000,-0.142000,0.834000,-36.076000,-15.679000,-33.282000,25.380000
5.229,0.400000,0.152000,0.636000,-59.031000,18.527000,-63.458000,25.470000
5.234,0.044000,-0.207000,0.937000,-22.000000,6.832000,-10.305000,25.380000
5.247,0.128000,-0.098000,0.911000,-24.718000,2.443000,-1.008000,25.470000
5.259,0.434000,0.052000,0.722000,-38.229000,19.916000,-15.267000,25.470000
5.266,0.184000,-0.101000,0.955000,-30.603000,33.420000,-24.611000,25.420000
5.279,0.103000,-0.375000,0.973000,0.282000,45.527000,0.550000,25.420000
5.286,0.455000,-0.127000,0.757000,2.130000,72.092000,-3.084000,25.420000
5.298,-0.015000,-0.115000,0.877000,12.160000,57.779000,-62.947000,25.330000
5.305,0.355000,-0.107000,0.705000,15.580000,82.183000,-53.214000,25.470000
5.317,0.127000,-0.288000,0.760000,27.542000,91.435000,-29.160000,25.470000
5.324,0.325000,-0.181000,0.691000,14.924000,92.336000,-47.084000,25.470000
5.337,0.130000,-0.458000,0.474000,37.405000,129.794000,-26.252000,25.380000
5.349,0.196000,-0.267000,0.572000,34.771000,138.718000,-37.046000,25.380000
5.356,-0.056000,0.048000,1.071000,9.099000,94.115000,-31.542000,25.420000
5.368,0.130000,-0.129000,1.043000,5.023000,125.389000,-38.191000,25.330000
5.379,-0.426000,-0.175000,1.224000,21.031000,109.824000,-34.458000,25.420000
5.388,-0.438000,-0.219000,1.316000,13.580000,39.374000,-33.962000,25.420000
5.394,-0.121000,-0.095000,1.228000,19.076000,50.588000,-12.366000,25.420000
5.406,-0.211000,-0.141000,1.011000,42.397000,72.359000,2.076000,25.420000
5.419,-0.197000,-0.221000,0.967000,37.939000,66.084000,-13.412000,25.470000
5.427,-0.245000,-0.194000,0.975000,37.802000,42.237000,3.893000,25.380000
5.438,-0.046000,-0.054000,0.905000,8.748000,17.122000,-17.634000,25.470000
5.445,-0.074000,-0.122000,0.842000,18.000000,28.305000,-17.229000,25.420000
5.458,-0.223000,-0.121000,0.994000,33.450000,4.344000,-3.794000,25.420000
5.464,-0.166000,0.079000,1.056000,19.336000,-12.702000,-12.496000,25.330000
5.477,-0.225000,0.134000,1.053000,11.611000,-43.519000,-28.794000,25.420000
5.489,-0.050000,-0.092000,0.947000,32.130000,-32.252000,9.626000,25.330000
5.496,-0.053000,-0.007000,1.029000,29.504000,-4.458000,-6.489000,25.380000
5.508,-0.087000,0.032000,1.000000,19.939000,16.740000,-14.305000,25.470000
5.515,-0.192000,-0.015000,0.909000,40.725000,3.321000,12.496000,25.470000
5.528,-0.083000,0.193000,0.882000,14.634000,12.817000,-11.756000,25.470000
5.536,0.003000,0.090000,0.802000,29.397000,12.458000,2.305000,25.420000
5.548,0.005000,0.388000,0.970000,-12.588000,-14.168000,4.038000,25.420000
5.554,-0.118000,0.196000,1.078000,13.214000,4.840000,32.450000,25.240000
5.567,-0.151000,-0.072000,1.035000,12.695000,28.153000,61.405000,25.420000
5.574,-0.195000,-0.021000,1.084000,-2.687000,-7.534000,39.359000,25.520000
5.588,-0.316000,0.094000,1.070000,3.282000,-51.496000,44.344000,25.470000
5.598,-0.191000,-0.163000,1.022000,12.878000,-93.176000,-26.603000,25.380000
5.605,-0.035000,-0.134000,0.962000,-1.763000,-108.389000,-16.107000,25.470000
5.617,-0.052000,0.034000,0.922000,-9.870000,-119.122000,-29.336000,25.470000
5.624,-0.106000,0.074000,1.020000,-22.985000,-133.031000,-30.237000,25.420000
5.638,0.099000,0.126000,0.898000,-31.840000,-128.405000,-14.511000,25.420000
5.649,0.030000,-0.123000,0.922000,-13.718000,-93.221000,6.000000,25.330000
5.655,0.072000,0.118000,0.908000,-29.237000,-61.901000,-15.366000,25.420000
5.668,-0.044000,0.162000,1.285000,-29.931000,-50.290000,49.130000,25.380000
5.679,0.027000,-0.154000,0.965000,-26.939000,-14.443000,73.298000,25.470000
5.688,0.125000,0.077000,0.990000,-11.198000,0.740000,48.137000,25.380000
5.695,0.502000,0.433000,0.532000,-46.275000,85.695000,20.069000,25.380000
5.706,-0.390000,-0.333000,1.093000,-57.046000,94.985000,-139.458000,25.470000
5.719,-0.176000,0.191000,1.064000,-1.183000,-37.855000,-53.061000,25.420000
5.727,0.059000,-0.272000,0.713000,11.573000,17.580000,-60.939000,25.420000
5.738,-0.125000,0.074000,0.911000,11.015000,-15.473000,-7.702000,25.420000
5.745,-0.041000,0.077000,0.853000,8.206000,6.641000,-27.252000,25.420000
5.757,-0.108000,0.098000,0.918000,-11.908000,-6.351000,-34.382000,25.520000
5.764,-0.001000,-0.003000,0.896000,-17.916000,-4.740000,-30.885000,25.420000
5.779,-0.014000,-0.103000,0.906000,-3.321000,-9.282000,-27.702000,25.470000
5.789,0.070000,-0.014000,0.899000,-5.313000,13.771000,-26.344000,25.470000
5.797,-0.151000,-0.070000,0.966000,9.618000,4.076000,-24.672000,25.470000
5.808,-0.048000,-0.003000,0.932000,7.718000,-0.130000,-43.321000,25.420000
5.815,0.018000,-0.082000,0.904000,6.198000,17.809000,-50.260000,25.520000
5.829,-0.046000,-0.121000,0.965000,20.237000,16.672000,-52.099000,25.420000
5.834,0.024000,-0.022000,0.969000,28.977000,26.779000,-45.076000,25.420000
5.847,-0.066000,0.097000,0.948000,11.282000,45.779000,-48.779000,25.470000
5.854,-0.243000,0.068000,1.027000,7.985000,6.221000,-63.908000,25.470000
5.866,0.045000,0.052000,0.832000,-0.573000,16.802000,-49.885000,25.380000
5.879,-0.153000,-0.450000,1.114000,33.756000,-21.969000,-79.542000,25.470000
5.888,0.855000,0.102000,0.740000,21.229000,133.023000,-26.832000,25.420000
5.898,-0.948000,-0.314000,1.366000,49.099000,41.557000,-55.214000,25.520000
5.905,0.290000,0.169000,0.891000,2.931000,34.931000,-69.008000,25.520000
5.917,-0.008000,-0.038000,0.895000,3.084000,72.863000,-52.336000,25.420000
5.924,-0.086000,-0.029000,0.892000,16.023000,81.053000,-54.344000,25.380000
5.938,0.070000,0.104000,0.834000,11.542000,93.214000,-45.534000,25.470000
5.949,-0.102000,0.235000,0.842000,-4.366000,119.344000,-38.000000,25.470000
5.956,-0.194000,0.006000,0.905000,-29.641000,108.389000,-30.962000,25.380000
5.968,-1.298000,-0.160000,1.331000,8.038000,15.557000,-18.328000,25.520000
5.977,-0.095000,0.509000,0.896000,-18.962000,-23.076000,-27.885000,25.420000
5.988,0.115000,-0.377000,0.664000,-13.626000,23.664000,-27.435000,25.520000
5.995,0.014000,0.338000,0.875000,-39.031000,32.626000,-41.893000,25.420000
6.006,-0.007000,-0.167000,0.818000,-6.618000,-22.924000,96.840000,25.380000
6.019,0.054000,-0.460000,0.884000,27.099000,2.962000,11.863000,25.470000
6.027,0.009000,-0.209000,0.945000,47.771000,27.351000,-19.672000,25.380000
6.039,-0.286000,-0.021000,0.932000,46.405000,-3.191000,-24.214000,25.470000
6.046,-0.050000,-0.044000,0.861000,57.901000,-10.634000,-0.573000,25.470000
6.057,-0.196000,-0.104000,0.954000,53.763000,-7.725000,-41.550000,25.420000
6.064,-0.186000,0.047000,0.966000,57.573000,-12.580000,-88.855000,25.420000
6.077,0.125000,0.228000,0.691000,29.580000,55.511000,-124.489000,25.520000
6.089,-0.319000,0.137000,0.845000,18.397000,43.046000,-96.794000,25.420000
6.096,-0.311000,0.363000,0.779000,-32.855000,36.939000,-14.763000,25.420000
6.108,-0.285000,0.175000,0.732000,-54.412000,30.710000,-62.420000,25.330000
6.115,-0.282000,0.335000,0.700000,-50.351000,36.489000,0.206000,25.380000
6.129,-0.420000,-0.189000,0.831000,-56.290000,15.099000,-32.908000,25.380000
6.135,-0.262000,0.280000,0.978000,-49.389000,-5.534000,155.313000,25.420000
6.147,-0.230000,-0.431000,0.943000,-48.130000,-1.878000,-105.229000,25.520000
6.159,-0.251000,0.094000,1.076000,-60.748000,-12.863000,77.473000,25.420000
6.165,-0.573000,-0.372000,0.833000,-32.519000,1.771000,-120.519000,25.520000
6.179,-0.766000,0.049000,1.078000,2.687000,-73.092000,-30.374000,25.470000
6.185,-0.322000,-0.031000,0.829000,-8.878000,-171.679000,224.664000,25.470000
6.197,-0.137000,-0.389000,1.077000,-14.168000,-143.885000,76.450000,25.470000
6.209,0.946000,1.114000,0.555000,-52.000000,-61.588000,250.130000,25.380000
6.216,-0.178000,-0.614000,1.414000,-67.130000,-9.099000,236.992000,25.420000
6.228,-0.650000,-0.162000,1.260000,-45.679000,-130.809000,163.588000,25.420000
6.236,0.187000,0.600000,0.916000,-63.977000,-176.313000,88.122000,25.420000
6.247,-0.002000,-0.003000,0.869000,-147.107000,-223.137000,-47.031000,25.520000
6.259,0.274000,-0.194000,0.833000,-127.550000,-184.366000,-25.695000,25.420000
6.265,0.274000,-0.383000,0.849000,-91.641000,-115.672000,3.824000,25.380000
6.278,-0.060000,0.003000,1.052000,-94.695000,-125.153000,95.191000,25.380000
6.285,0.027000,-0.366000,0.902000,-66.405000,-130.840000,188.626000,25.380000
6.298,0.395000,-0.328000,0.795000,-29.000000,-48.000000,84.107000,25.470000
6.309,0.012000,-0.025000,0.978000,-16.000000,-32.634000,171.695000,25.330000
6.316,0.157000,-0.485000,0.934000,1.061000,1.405000,172.168000,25.420000
6.328,0.144000,-0.364000,0.959000,11.985000,-22.779000,132.374000,25.520000
6.338,0.092000,-0.503000,0.920000,41.244000,-27.168000,147.023000,25.420000
6.347,0.523000,0.720000,0.194000,-46.618000,-58.817000,156.573000,25.470000
6.354,0.836000,-0.277000,0.652000,-26.519000,-72.763000,73.611000,25.470000
6.366,-1.188000,-1.096000,1.173000,42.504000,-10.244000,159.374000,25.570000
6.379,1.111000,0.356000,0.902000,-57.809000,-151.275000,250.130000,25.470000
6.388,0.150000,-0.314000,0.961000,23.305000,-53.397000,249.076000,25.420000
6.398,0.292000,-0.259000,0.882000,18.084000,-51.901000,250.130000,25.520000
6.405,0.369000,-0.337000,0.854000,43.802000,-4.313000,246.817000,25.420000
6.417,0.099000,-0.237000,0.847000,48.885000,10.802000,219.015000,25.420000
6.424,0.158000,-0.387000,0.898000,59.748000,-17.244000,206.626000,25.520000
6.439,0.244000,-0.345000,0.948000,71.748000,1.802000,165.092000,25.520000
6.449,0.268000,-0.308000,1.065000,114.542000,40.641000,93.519000,25.470000
6.456,0.268000,0.114000,1.041000,64.336000,69.916000,107.756000,25.470000
6.468,-0.208000,-0.300000,1.065000,69.672000,151.084000,121.313000,25.380000
6.479,-0.043000,-0.187000,0.964000,56.450000,73.115000,154.282000,25.520000
6.488,-0.198000,-0.106000,0.908000,51.870000,78.740000,138.198000,25.420000
6.495,-0.089000,0.464000,0.925000,-28.939000,69.985000,159.076000,25.420000
6.506,0.056000,-0.041000,0.909000,-67.573000,67.092000,110.947000,25.520000
6.519,0.007000,-0.242000,0.914000,-66.382000,55.366000,86.878000,25.330000
6.527,-0.156000,0.071000,1.155000,-79.000000,26.244000,7.588000,25.380000
6.538,-0.182000,-0.255000,1.101000,-82.076000,-19.435000,25.885000,25.470000
6.545,0.048000,-0.360000,1.058000,-25.969000,-12.901000,58.580000,25.380000
6.557,0.099000,-0.580000,0.926000,-5.786000,-7.290000,42.137000,25.380000
6.564,0.031000,-0.419000,1.052000,16.008000,-19.168000,18.183000,25.420000
6.577,-0.028000,-0.240000,1.050000,9.595000,-21.687000,-21.786000,25.420000
6.589,0.032000,-0.392000,1.089000,24.244000,-24.252000,-16.573000,25.520000
6.596,0.089000,-0.230000,1.069000,17.198000,-10.374000,-23.695000,25.520000
6.608,0.153000,-0.063000,0.988000,-11.366000,2.023000,-72.580000,25.570000
6.615,-0.016000,-0.189000,1.000000,-4.214000,3.534000,-106.031000,25.570000
6.629,0.082000,-0.256000,0.962000,-7.779000,24.931000,-86.969000,25.470000
6.635,0.092000,-0.114000,0.884000,-12.252000,36.878000,-97.282000,25.380000
6.648,0.102000,-0.186000,0.857000,-7.267000,54.595000,-100.244000,25.470000
6.659,0.073000,-0.135000,0.870000,-6.916000,56.977000,-106.855000,25.420000
6.666,0.119000,-0.156000,0.843000,-9.160000,72.740000,-90.672000,25.420000
6.678,-0.089000,-0.015000,0.959000,-7.832000,60.687000,-62.519000,25.520000
6.685,-0.050000,-0.159000,0.919000,-0.588000,43.809000,-42.122000,25.520000
6.698,-0.117000,-0.210000,0.914000,13.679000,6.603000,-42.519000,25.470000
6.704,-0.091000,-0.294000,0.966000,14.931000,-9.519000,14.450000,25.570000
6.716,0.203000,-0.235000,0.901000,-9.832000,-49.221000,40.977000,25.570000
6.729,-0.017000,-0.379000,1.035000,-12.084000,-71.931000,48.267000,25.470000
6.738,-0.104000,-0.195000,0.959000,-20.031000,-70.191000,63.031000,25.470000
6.748,-0.075000,-0.156000,0.870000,-27.794000,-83.359000,63.763000,25.520000
6.754,-0.039000,-0.143000,0.924000,-25.710000,-101.000000,65.382000,25.420000
6.767,0.017000,-0.142000,0.918000,-19.771000,-109.916000,82.137000,25.420000
6.779,0.021000,-0.185000,0.930000,-16.870000,-106.107000,80.214000,25.420000
6.787,0.041000,-0.169000,0.943000,-9.908000,-95.672000,70.634000,25.520000
6.798,0.034000,-0.221000,0.962000,-13.168000,-88.931000,63.214000,25.520000
6.805,0.278000,-0.146000,1.179000,-14.557000,-52.344000,8.924000,25.470000
6.817,0.012000,-0.187000,0.970000,-34.550000,-38.710000,-4.168000,25.570000
6.824,0.088000,-0.146000,0.961000,-28.107000,-54.366000,10.557000,25.520000
6.838,0.102000,-0.239000,0.953000,-22.931000,-52.557000,52.992000,25.420000
6.849,0.162000,-0.060000,0.854000,18.260000,-58.893000,70.191000,25.420000
6.856,0.115000,-0.213000,0.946000,26.824000,-85.084000,94.802000,25.520000
6.868,0.104000,-0.187000,0.970000,9.672000,-69.489000,105.947000,25.610000
6.879,0.147000,-0.182000,1.060000,-13.985000,-58.130000,88.840000,25.470000
6.888,0.212000,-0.203000,0.925000,-16.985000,-52.099000,83.443000,25.470000
6.895,0.255000,-0.190000,0.902000,-7.336000,-60.000000,104.405000,25.470000
6.906,0.149000,-0.175000,0.920000,-4.969000,-49.771000,118.878000,25.570000
6.919,0.110000,-0.173000,0.964000,-8.878000,-47.504000,99.252000,25.520000
6.928,0.153000,-0.210000,0.994000,-13.473000,-43.427000,82.863000,25.420000
6.939,0.204000,-0.198000,1.043000,-12.435000,-46.153000,75.435000,25.420000
6.945,0.315000,-0.198000,1.088000,-9.145000,-41.359000,69.687000,25.520000
6.957,0.411000,-0.200000,1.059000,2.985000,-28.420000,66.122000,25.420000
6.964,0.364000,-0.159000,1.122000,-18.832000,-10.565000,67.878000,25.570000
6.977,0.308000,-0.186000,1.101000,-28.832000,6.145000,63.221000,25.470000
6.989,0.256000,-0.216000,1.051000,-30.664000,11.038000,60.748000,25.470000
6.997,0.307000,-0.236000,1.077000,-24.756000,14.664000,53.832000,25.470000
7.009,0.323000,-0.233000,1.136000,-24.237000,24.832000,42.366000,25.570000
7.015,0.348000,-0.216000,1.166000,-22.160000,21.031000,40.420000,25.520000
7.029,0.380000,-0.248000,1.206000,-22.481000,19.137000,37.305000,25.520000
7.035,0.406000,-0.280000,1.221000,-20.107000,21.023000,35.916000,25.420000
7.048,0.409000,-0.307000,1.254000,-18.550000,31.275000,33.038000,25.420000
7.054,0.362000,-0.315000,1.267000,-17.550000,35.969000,26.954000,25.570000
7.066,0.329000,-0.311000,1.254000,-13.573000,29.168000,29.336000,25.470000
7.079,0.300000,-0.296000,1.242000,-15.130000,24.939000,26.198000,25.380000
7.087,0.301000,-0.331000,1.246000,-11.893000,17.237000,28.542000,25.470000
7.098,0.363000,-0.317000,1.310000,-10.252000,30.634000,22.084000,25.570000
7.105,0.369000,-0.324000,1.340000,-14.351000,45.618000,14.473000,25.520000
7.117,0.443000,-0.329000,1.379000,-24.229000,82.924000,9.092000,25.520000
7.124,0.375000,-0.236000,1.404000,-25.084000,94.504000,9.939000,25.420000
7.138,0.322000,-0.248000,1.267000,-35.695000,121.099000,9.450000,25.520000
7.143,0.206000,-0.275000,1.223000,-36.618000,117.336000,16.053000,25.520000
7.156,0.079000,-0.267000,1.155000,-40.206000,106.237000,21.084000,25.420000
7.168,0.015000,-0.315000,1.101000,-46.496000,100.076000,23.366000,25.470000
7.179,-0.038000,-0.342000,1.045000,-48.160000,94.718000,27.053000,25.570000
7.188,-0.095000,-0.345000,1.045000,-44.771000,69.031000,34.931000,25.470000
7.195,-0.129000,-0.321000,1.005000,-46.183000,41.443000,37.779000,25.420000
7.207,-0.109000,-0.237000,0.955000,-60.763000,25.313000,38.656000,25.420000
7.219,-0.088000,-0.304000,0.982000,-56.061000,24.260000,30.298000,25.520000
7.227,-0.068000,-0.319000,0.902000,-52.313000,30.687000,18.969000,25.420000
7.238,-0.070000,-0.312000,0.787000,-62.397000,53.672000,2.565000,25.420000
7.245,-0.162000,-0.380000,0.810000,-52.061000,61.328000,-4.611000,25.570000
7.257,-0.188000,-0.352000,0.788000,-50.267000,53.824000,-2.496000,25.470000
7.264,-0.243000,-0.387000,0.771000,-45.084000,35.023000,3.008000,25.470000
7.277,-0.229000,-0.401000,0.786000,-42.779000,21.298000,10.420000,25.470000
7.289,-0.223000,-0.392000,0.789000,-42.542000,15.092000,13.382000,25.520000
7.297,-0.237000,-0.402000,0.769000,-38.237000,11.527000,14.634000,25.520000
7.308,-0.229000,-0.400000,0.728000,-37.916000,3.924000,17.710000,25.610000
7.315,-0.229000,-0.430000,0.696000,-39.313000,11.802000,15.664000,25.520000
7.327,-0.291000,-0.327000,0.655000,-29.779000,18.924000,5.969000,25.420000
7.334,-0.328000,-0.438000,0.645000,-27.290000,15.733000,5.611000,25.570000
7.347,-0.317000,-0.490000,0.654000,-27.069000,2.214000,-3.176000,25.570000
7.359,-0.325000,-0.474000,0.685000,-16.336000,-0.244000,-11.962000,25.380000
7.365,-0.316000,-0.440000,0.653000,-15.008000,5.985000,-18.679000,25.470000
7.378,-0.203000,-0.502000,0.577000,-8.023000,6.427000,-27.878000,25.420000
7.388,-0.128000,-0.508000,0.624000,-0.893000,13.229000,-33.557000,25.520000
7.398,-0.142000,-0.515000,0.601000,5.901000,12.840000,-34.969000,25.520000
7.404,-0.114000,-0.444000,0.646000,11.718000,1.137000,-33.901000,25.420000
7.416,-0.109000,-0.502000,0.576000,20.115000,-14.099000,-26.244000,25.520000
7.429,-0.133000,-0.474000,0.593000,21.565000,-37.687000,-12.542000,25.470000
7.438,0.014000,-0.382000,0.669000,4.160000,-29.359000,-7.565000,25.660000
7.448,0.006000,-0.403000,0.660000,-10.130000,-30.504000,-1.031000,25.570000
7.455,0.038000,-0.406000,0.659000,-5.000000,-25.183000,18.725000,25.380000
7.467,0.006000,-0.376000,0.690000,-7.206000,-26.374000,27.489000,25.520000
7.474,-0.070000,-0.358000,0.625000,-26.618000,-26.359000,43.901000,25.420000
7.487,-0.083000,-0.411000,0.603000,-24.733000,-33.496000,56.985000,25.420000
7.499,-0.130000,-0.415000,0.533000,-19.863000,-44.191000,67.840000,25.610000
7.505,-0.147000,-0.427000,0.524000,-20.214000,-48.069000,71.145000,25.420000
7.518,-0.103000,-0.424000,0.572000,-16.366000,-47.557000,67.573000,25.420000
7.524,-0.100000,-0.399000,0.600000,-5.611000,-44.756000,61.870000,25.520000
7.538,-0.119000,-0.365000,0.647000,0.771000,-39.328000,53.282000,25.570000
7.550,-0.129000,-0.314000,0.648000,-2.198000,-28.504000,42.389000,25.570000
7.556,-0.177000,-0.359000,0.696000,3.985000,-26.603000,33.977000,25.470000
7.568,-0.154000,-0.356000,0.694000,3.496000,-13.290000,25.313000,25.520000
7.579,-0.096000,-0.299000,0.699000,-5.298000,22.611000,9.565000,25.520000
7.588,-0.085000,-0.399000,0.739000,-4.458000,9.565000,12.282000,25.420000
7.595,-0.113000,-0.420000,0.718000,0.023000,5.626000,12.298000,25.520000
7.607,-0.105000,-0.460000,0.757000,3.191000,9.748000,9.779000,25.470000
7.615,-0.119000,-0.486000,0.798000,7.252000,17.855000,6.061000,25.470000
7.629,-0.168000,-0.505000,0.831000,11.496000,19.389000,2.145000,25.570000
7.635,-0.208000,-0.492000,0.885000,9.595000,17.107000,0.985000,25.570000
7.648,-0.248000,-0.497000,0.918000,8.458000,10.321000,1.244000,25.570000
7.654,-0.223000,-0.492000,0.943000,5.611000,-2.580000,4.153000,25.520000
7.666,-0.192000,-0.509000,0.954000,0.695000,-15.321000,9.359000,25.520000
7.679,-0.131000,-0.568000,1.022000,-5.252000,-0.435000,2.473000,25.520000
7.687,-0.303000,-0.520000,1.028000,-6.115000,-26.672000,12.107000,25.610000
7.698,-0.211000,-0.569000,0.995000,-2.092000,-25.511000,9.870000,25.520000
7.705,-0.097000,-0.622000,1.014000,10.008000,1.588000,-5.565000,25.570000
7.718,-0.126000,-0.573000,0.971000,5.672000,3.366000,-5.260000,25.470000
7.729,-0.100000,-0.587000,0.970000,14.756000,9.763000,-8.290000,25.570000
7.739,-0.125000,-0.543000,0.936000,21.992000,6.053000,-8.107000,25.470000
7.744,-0.183000,-0.577000,0.968000,21.130000,8.855000,-10.107000,25.520000
7.756,-0.220000,-0.563000,0.908000,32.076000,-4.947000,-7.328000,25.520000
7.769,-0.190000,-0.548000,0.950000,35.527000,-16.908000,-7.420000,25.610000
7.777,-0.142000,-0.502000,0.996000,39.160000,-19.069000,-6.534000,25.610000
7.788,-0.104000,-0.426000,1.066000,35.015000,-41.046000,0.198000,25.420000
7.795,-0.027000,-0.447000,1.062000,31.252000,-58.977000,9.817000,25.570000
7.807,0.078000,-0.401000,1.087000,18.901000,-57.672000,18.824000,25.470000
7.814,0.074000,-0.388000,1.080000,5.977000,-50.733000,28.023000,25.570000
7.827,0.073000,-0.421000,1.034000,-3.099000,-39.290000,38.038000,25.570000
7.839,0.075000,-0.420000,0.985000,-11.954000,-20.626000,43.817000,25.570000
7.847,0.063000,-0.439000,0.886000,-16.405000,-6.359000,50.305000,25.520000
7.859,0.036000,-0.446000,0.843000,-16.053000,6.176000,54.542000,25.520000
7.865,-0.033000,-0.418000,0.796000,-17.366000,12.183000,56.771000,25.420000
7.878,-0.152000,-0.405000,0.749000,-16.214000,8.046000,58.153000,25.610000
7.885,-0.241000,-0.398000,0.749000,-8.985000,-6.412000,55.870000,25.610000
7.897,-0.254000,-0.381000,0.761000,-4.878000,-23.206000,50.908000,25.520000
7.903,-0.212000,-0.387000,0.800000,-0.473000,-38.198000,43.542000,25.470000
7.916,-0.115000,-0.365000,0.847000,1.611000,-50.031000,36.412000,25.570000
7.928,0.011000,-0.343000,0.880000,2.740000,-52.573000,31.809000,25.570000
7.936,0.186000,-0.285000,0.887000,7.237000,-27.130000,23.282000,25.520000
7.948,0.135000,-0.274000,0.859000,-11.313000,-7.328000,25.183000,25.610000
7.955,0.048000,-0.284000,0.866000,-22.290000,-8.496000,36.214000,25.520000
7.967,-0.023000,-0.247000,0.873000,-21.809000,-3.924000,46.641000,25.520000
7.974,-0.054000,-0.268000,0.876000,-29.786000,-9.740000,54.382000,25.520000
7.988,-0.023000,-0.258000,0.849000,-33.031000,-7.878000,55.725000,25.570000
7.998,0.009000,-0.246000,0.832000,-35.427000,-2.389000,54.924000,25.470000
8.005,0.008000,-0.236000,0.814000,-41.153000,4.542000,54.229000,25.470000
8.018,-0.005000,-0.251000,0.754000,-46.885000,7.824000,53.550000,25.570000
8.024,-0.030000,-0.295000,0.682000,-48.863000,8.924000,53.954000,25.520000
8.038,-0.063000,-0.317000,0.628000,-52.427000,5.756000,56.534000,25.420000
8.049,-0.113000,-0.327000,0.562000,-51.832000,-3.389000,59.519000,25.520000
8.056,-0.081000,-0.342000,0.505000,-52.328000,-9.702000,61.863000,25.420000
8.068,-0.146000,-0.337000,0.453000,-51.290000,-15.740000,61.840000,25.520000
8.078,-0.170000,-0.347000,0.387000,-48.977000,-27.053000,63.687000,25.660000
8.089,-0.153000,-0.369000,0.349000,-45.198000,-35.260000,65.824000,25.470000
8.099,-0.119000,-0.381000,0.318000,-37.618000,-37.305000,64.099000,25.570000
8.105,-0.097000,-0.364000,0.328000,-28.076000,-38.847000,61.802000,25.570000
8.118,-0.103000,-0.347000,0.301000,-21.565000,-41.290000,60.023000,25.520000
8.124,-0.126000,-0.332000,0.263000,-21.160000,-40.267000,58.824000,25.520000
8.138,-0.130000,-0.268000,0.264000,-20.260000,-43.656000,54.412000,25.610000
8.148,-0.204000,-0.250000,0.188000,-18.710000,-54.939000,55.550000,25.610000
8.155,-0.225000,-0.251000,0.143000,-18.473000,-62.450000,54.405000,25.520000
8.167,-0.288000,-0.210000,0.072000,-20.443000,-70.817000,52.466000,25.570000
8.174,-0.147000,-0.273000,0.055000,0.298000,-69.779000,40.695000,25.470000
8.188,-0.099000,-0.249000,0.196000,9.878000,-57.450000,27.802000,25.570000
8.199,-0.067000,-0.342000,0.276000,12.153000,-52.298000,19.855000,25.470000
8.205,0.045000,-0.405000,0.086000,20.443000,-38.389000,11.847000,25.610000
8.218,-0.090000,-0.306000,0.111000,7.756000,-58.511000,11.351000,25.610000
8.225,-0.031000,-0.280000,0.080000,11.534000,-64.824000,24.969000,25.520000
8.238,-0.053000,-0.215000,0.112000,5.649000,-77.237000,35.954000,25.610000
8.245,-0.134000,-0.212000,0.171000,7.885000,-97.519000,54.718000,25.520000
8.256,-0.112000,-0.203000,0.156000,4.069000,-94.939000,64.489000,25.610000
8.268,-0.165000,-0.302000,0.168000,7.084000,-112.977000,75.718000,25.570000
8.279,-0.088000,-0.365000,0.153000,26.130000,-118.183000,77.977000,25.570000
8.288,0.038000,-0.336000,0.283000,34.565000,-109.824000,71.931000,25.570000
8.295,0.056000,-0.268000,0.361000,46.038000,-97.069000,61.061000,25.610000
8.306,0.118000,-0.207000,0.380000,56.412000,-87.733000,53.870000,25.610000
8.319,0.140000,-0.072000,0.532000,63.565000,-82.924000,50.153000,25.520000
8.329,0.125000,-0.109000,0.620000,63.626000,-82.603000,52.282000,25.610000
8.338,0.135000,-0.204000,0.623000,57.405000,-73.107000,51.084000,25.750000
8.345,0.088000,-0.297000,0.653000,61.947000,-64.519000,52.985000,25.470000
8.357,0.058000,-0.330000,0.675000,68.038000,-51.786000,53.992000,25.570000
8.364,0.074000,-0.315000,0.702000,76.237000,-44.870000,57.420000,25.470000
8.376,0.205000,-0.259000,0.760000,78.565000,-20.832000,56.053000,25.660000
8.389,0.280000,-0.188000,0.791000,76.542000,16.626000,53.053000,25.610000
8.397,0.155000,-0.143000,0.816000,72.817000,30.557000,53.382000,25.610000
8.408,0.014000,-0.230000,0.892000,76.115000,22.893000,47.748000,25.520000
8.415,0.125000,-0.209000,0.958000,80.550000,24.595000,44.664000,25.610000
8.429,0.082000,-0.260000,1.036000,83.649000,13.725000,43.656000,25.570000
8.435,0.086000,-0.226000,1.063000,85.450000,6.863000,45.122000,25.660000
8.448,0.163000,-0.190000,1.106000,86.198000,5.939000,58.305000,25.570000
8.459,0.241000,-0.223000,1.162000,94.863000,17.679000,74.137000,25.570000
8.466,0.108000,-0.101000,1.193000,85.137000,23.046000,90.458000,25.660000
8.479,0.014000,-0.216000,1.119000,70.763000,2.985000,100.191000,25.610000
8.488,0.059000,-0.230000,1.128000,54.519000,20.267000,89.947000,25.610000
8.498,-0.011000,-0.286000,1.181000,63.229000,18.626000,80.275000,25.610000
8.504,0.022000,-0.348000,1.181000,72.321000,18.947000,66.641000,25.610000
8.517,0.064000,-0.340000,1.224000,84.863000,17.786000,62.015000,25.660000
8.522,0.043000,-0.292000,1.253000,108.588000,13.305000,67.519000,25.660000
8.538,0.080000,-0.327000,1.327000,121.481000,15.626000,71.542000,25.660000
8.548,0.057000,-0.189000,1.292000,113.954000,14.809000,76.313000,25.660000
8.555,-0.108000,-0.271000,1.316000,111.733000,-6.397000,76.313000,25.660000
8.567,-0.115000,-0.170000,1.240000,94.878000,-19.183000,70.321000,25.610000
8.574,-0.110000,-0.130000,1.399000,88.336000,-21.557000,54.794000,25.710000
8.588,-0.163000,-0.113000,1.463000,89.573000,-27.176000,39.183000,25.610000
8.598,-0.128000,-0.043000,1.472000,84.573000,-32.229000,31.878000,25.610000
8.605,0.003000,-0.009000,1.487000,84.351000,-23.901000,28.328000,25.610000
8.618,0.105000,0.031000,1.465000,64.145000,-4.817000,28.748000,25.710000
8.627,0.037000,-0.066000,1.492000,52.740000,-15.565000,37.870000,25.570000
8.638,0.030000,-0.099000,1.408000,54.710000,10.855000,30.740000,25.660000
8.645,-0.016000,-0.001000,1.542000,57.641000,19.374000,25.092000,25.520000
8.656,-0.114000,-0.007000,1.575000,42.290000,16.412000,17.008000,25.710000
8.668,-0.091000,-0.026000,1.503000,38.443000,-5.137000,9.977000,25.610000
8.679,0.047000,-0.019000,1.506000,40.237000,-17.046000,14.496000,25.610000
8.688,0.097000,-0.051000,1.411000,28.878000,-28.832000,22.794000,25.710000
8.695,0.014000,0.016000,1.267000,29.344000,-2.679000,31.076000,25.660000
8.707,0.073000,-0.108000,1.330000,27.809000,-21.344000,37.748000,25.660000
8.714,0.136000,-0.095000,1.298000,22.511000,-7.611000,39.977000,25.660000
8.727,0.097000,-0.100000,1.308000,21.389000,19.527000,41.740000,25.570000
8.739,0.108000,-0.060000,1.268000,24.069000,32.191000,42.023000,25.610000
8.747,-0.015000,-0.007000,1.265000,17.786000,39.038000,42.863000,25.610000
8.758,-0.094000,-0.027000,1.267000,19.878000,28.084000,44.305000,25.610000
8.765,-0.105000,-0.005000,1.355000,16.611000,7.183000,47.481000,25.610000
8.778,-0.017000,-0.015000,1.433000,14.435000,-7.733000,49.092000,25.660000
8.785,0.043000,0.018000,1.477000,4.718000,-5.145000,51.947000,25.660000
8.797,0.083000,-0.006000,1.495000,-4.450000,6.489000,55.275000,25.570000
8.809,0.062000,-0.030000,1.513000,-3.221000,26.840000,59.153000,25.570000
8.816,-0.033000,-0.063000,1.513000,5.412000,36.847000,60.473000,25.520000
8.829,-0.134000,-0.033000,1.565000,3.649000,34.672000,59.511000,25.610000
8.838,-0.186000,0.023000,1.672000,2.664000,34.710000,49.908000,25.610000
8.848,-0.333000,-0.004000,1.712000,-7.695000,10.733000,38.389000,25.610000
8.854,-0.347000,-0.007000,1.764000,-20.382000,-18.595000,25.313000,25.610000
8.866,-0.238000,-0.011000,1.791000,-33.260000,-32.802000,11.595000,25.660000
8.879,-0.021000,-0.022000,1.875000,-54.519000,-15.008000,-2.618000,25.660000
8.886,-0.004000,-0.148000,1.824000,-38.847000,-30.069000,2.992000,25.660000
8.898,-0.033000,-0.150000,1.788000,-53.008000,-35.183000,6.786000,25.660000
8.904,0.039000,-0.176000,1.806000,-54.611000,-21.290000,7.687000,25.610000
8.917,-0.007000,-0.156000,1.843000,-66.000000,-7.069000,1.649000,25.610000
8.929,0.062000,-0.152000,1.938000,-65.817000,21.092000,-7.069000,25.610000
8.938,0.002000,-0.101000,1.889000,-73.527000,19.153000,-10.282000,25.710000
8.948,-0.057000,-0.049000,1.905000,-83.420000,28.771000,-11.817000,25.710000
8.955,0.000000,-0.116000,1.773000,-73.969000,25.962000,-9.786000,25.750000
8.967,0.000000,-0.111000,1.715000,-77.336000,13.252000,-10.748000,25.570000
8.974,0.044000,-0.065000,1.731000,-87.053000,56.656000,-24.725000,25.660000
8.988,-0.044000,-0.136000,1.628000,-91.366000,74.168000,-35.153000,25.710000
8.998,-0.066000,-0.230000,1.450000,-103.229000,59.725000,-39.076000,25.610000
9.005,-0.074000,-0.218000,1.398000,-91.893000,50.817000,-37.015000,25.710000
9.017,0.054000,-0.275000,1.354000,-84.939000,62.427000,-34.985000,25.710000
9.029,0.021000,-0.265000,1.235000,-74.298000,62.275000,-33.099000,25.570000
9.038,-0.129000,-0.266000,1.244000,-57.763000,49.672000,-24.366000,25.660000
9.048,-0.292000,-0.232000,1.159000,-68.389000,28.389000,-21.626000,25.570000
9.055,-0.429000,-0.194000,1.104000,-70.282000,2.069000,-26.237000,25.660000
9.067,-0.493000,-0.153000,1.082000,-86.618000,-11.130000,-39.443000,25.610000
9.079,-0.574000,-0.172000,1.026000,-92.588000,-26.191000,-56.313000,25.710000
9.085,-0.411000,-0.195000,0.958000,-92.916000,-45.924000,-74.687000,25.710000
9.098,-0.231000,-0.228000,0.944000,-88.198000,-49.099000,-89.107000,25.710000
9.104,-0.139000,-0.296000,0.803000,-75.244000,-53.107000,-95.252000,25.660000
9.116,-0.035000,-0.361000,0.798000,-38.763000,-63.756000,-89.450000,25.570000
9.128,0.054000,-0.303000,0.736000,-27.191000,-53.519000,-89.931000,25.660000
9.136,0.127000,-0.261000,0.706000,-17.863000,-43.015000,-86.015000,25.660000
9.147,0.317000,-0.188000,0.798000,-16.168000,12.710000,-101.702000,25.710000
9.153,0.143000,-0.245000,0.763000,-18.679000,45.053000,-90.053000,25.610000
9.166,0.179000,-0.219000,0.625000,-21.626000,46.725000,-70.328000,25.610000
9.178,0.162000,-0.177000,0.722000,-31.191000,54.672000,-58.718000,25.710000
9.188,0.063000,-0.149000,0.689000,-27.382000,45.183000,-42.267000,25.570000
9.198,-0.016000,-0.133000,0.612000,-29.031000,41.885000,-33.573000,25.570000
9.203,-0.094000,-0.139000,0.545000,-14.198000,16.763000,-21.969000,25.750000
9.216,0.006000,-0.041000,0.491000,-13.817000,19.412000,-23.542000,25.660000
9.229,0.122000,-0.005000,0.578000,-25.573000,34.282000,-20.908000,25.610000
9.238,0.154000,0.031000,0.569000,-43.298000,55.870000,-15.084000,25.610000
9.248,0.114000,0.027000,0.590000,-48.305000,75.069000,-12.328000,25.710000
9.254,0.043000,0.052000,0.386000,-74.611000,92.519000,-14.672000,25.610000
9.266,-0.027000,-0.086000,0.350000,-72.679000,91.313000,-12.206000,25.710000
9.279,-0.119000,-0.134000,0.203000,-60.611000,64.130000,7.634000,25.610000
9.286,-0.076000,-0.134000,0.141000,-67.924000,69.099000,9.679000,25.660000
9.298,-0.031000,-0.145000,0.011000,-46.176000,46.443000,35.221000,25.660000
9.304,-0.042000,-0.169000,0.116000,-47.260000,58.519000,40.427000,25.570000
9.317,-0.028000,-0.097000,0.081000,-39.672000,41.840000,56.099000,25.610000
9.329,-0.140000,-0.169000,0.036000,-32.603000,20.725000,61.947000,25.710000
9.336,-0.284000,-0.172000,-0.035000,-30.397000,5.229000,66.145000,25.520000
9.348,-0.235000,-0.199000,-0.039000,-27.198000,-10.847000,65.244000,25.710000
9.354,-0.321000,-0.155000,0.001000,-26.053000,-26.992000,59.153000,25.660000
9.366,-0.303000,-0.117000,0.015000,-18.008000,-47.473000,53.183000,25.660000
9.378,-0.221000,-0.119000,0.058000,-11.687000,-65.924000,45.580000,25.570000
9.386,-0.204000,-0.196000,0.094000,-2.534000,-86.183000,38.412000,25.660000
9.398,-0.149000,-0.233000,0.093000,6.420000,-87.893000,29.176000,25.610000
9.404,-0.076000,-0.229000,0.132000,-2.198000,-76.977000,15.634000,25.800000
9.417,-0.033000,-0.253000,0.124000,4.275000,-44.916000,9.397000,25.710000
9.424,0.069000,-0.288000,0.100000,9.122000,-37.733000,7.191000,25.710000
9.438,0.089000,-0.244000,0.183000,13.450000,-33.046000,4.038000,25.660000
9.448,0.086000,-0.198000,0.162000,17.160000,-16.145000,0.183000,25.660000
9.456,0.060000,-0.226000,0.153000,18.679000,7.153000,-7.069000,25.660000
9.468,0.025000,-0.242000,0.150000,24.053000,20.267000,-16.695000,25.660000
9.477,-0.020000,-0.269000,0.128000,32.740000,25.863000,-23.061000,25.710000
9.488,-0.090000,-0.279000,0.100000,37.565000,18.405000,-23.580000,25.710000
9.499,-0.118000,-0.261000,0.081000,45.252000,-6.893000,-20.954000,25.610000
9.506,-0.011000,-0.273000,0.102000,49.092000,-7.023000,-25.282000,25.710000
9.518,0.046000,-0.258000,0.112000,51.885000,-0.748000,-29.756000,25.660000
9.529,0.072000,-0.245000,0.125000,63.702000,-3.611000,-29.786000,25.750000
9.538,0.069000,-0.323000,0.107000,71.817000,3.824000,-26.718000,25.750000
9.545,0.004000,-0.337000,0.118000,86.672000,-17.977000,-25.832000,25.660000
9.556,0.051000,-0.257000,0.160000,100.756000,-31.351000,-22.786000,25.710000
9.569,0.093000,-0.161000,0.259000,105.160000,-34.962000,-21.183000,25.710000
9.577,0.108000,-0.079000,0.338000,106.824000,-42.435000,-17.763000,25.710000
9.588,0.170000,0.096000,0.424000,102.534000,-54.099000,-7.046000,25.610000
9.595,0.196000,0.118000,0.517000,96.397000,-54.053000,2.954000,25.610000
9.607,0.200000,0.128000,0.534000,93.405000,-53.740000,11.137000,25.660000
9.612,0.210000,0.166000,0.565000,88.931000,-49.931000,20.130000,25.750000
9.628,0.170000,0.067000,0.582000,91.817000,-46.527000,26.359000,25.750000
9.639,0.178000,0.051000,0.554000,89.053000,-39.924000,28.366000,25.610000
9.646,0.195000,0.058000,0.542000,86.534000,-29.824000,33.412000,25.710000
9.658,0.175000,0.055000,0.588000,86.107000,-13.450000,36.061000,25.710000
9.665,0.087000,0.110000,0.604000,87.290000,-2.389000,35.832000,25.710000
9.679,0.038000,0.208000,0.679000,90.336000,-5.206000,36.947000,25.660000
9.685,0.010000,0.227000,0.783000,100.863000,-6.702000,33.809000,25.660000
9.697,0.085000,0.255000,0.874000,110.794000,-8.084000,35.313000,25.660000
9.709,0.137000,0.184000,1.030000,114.718000,-11.817000,42.069000,25.660000
9.716,0.181000,0.109000,0.962000,111.939000,5.992000,46.695000,25.800000
9.729,0.159000,0.131000,0.928000,106.023000,9.252000,59.099000,25.610000
9.738,0.019000,0.150000,0.963000,97.260000,15.290000,75.198000,25.610000
9.748,-0.127000,0.151000,0.968000,92.573000,6.168000,79.206000,25.710000
9.755,-0.256000,0.254000,1.079000,88.718000,-15.931000,79.985000,25.660000
9.767,-0.213000,0.338000,1.151000,81.351000,-35.626000,68.672000,25.750000
9.774,-0.163000,0.392000,1.254000,69.794000,-54.840000,54.840000,25.750000
9.788,-0.021000,0.309000,1.410000,64.542000,-77.588000,49.321000,25.750000
9.799,0.292000,0.213000,1.476000,71.069000,-35.962000,44.466000,25.710000
9.805,0.167000,0.201000,1.481000,64.954000,-33.702000,62.947000,25.610000
9.818,0.271000,0.187000,1.538000,66.015000,-11.206000,82.153000,25.710000
9.827,0.127000,0.262000,1.463000,49.481000,6.153000,100.168000,25.710000
9.838,0.006000,0.401000,1.421000,28.160000,22.229000,106.969000,25.710000
9.845,-0.202000,0.263000,1.391000,11.313000,21.160000,98.977000,25.750000
9.857,-0.160000,0.101000,1.439000,41.649000,26.771000,66.511000,25.750000
9.869,0.109000,0.111000,1.597000,87.901000,57.870000,33.481000,25.750000
9.878,0.176000,0.098000,1.590000,91.450000,88.718000,28.748000,25.750000
9.888,0.197000,0.146000,1.740000,86.496000,104.710000,32.664000,25.710000
9.897,0.103000,0.199000,1.703000,87.008000,80.084000,56.893000,25.710000
9.908,0.031000,0.293000,1.668000,63.435000,45.275000,87.718000,25.800000
9.915,-0.135000,0.307000,1.717000,64.099000,18.214000,110.863000,25.710000
9.929,-0.271000,0.224000,1.829000,38.931000,-7.244000,105.053000,25.710000
9.935,-0.213000,0.109000,1.783000,27.878000,-29.015000,99.359000,25.750000
9.947,0.047000,0.113000,1.898000,21.710000,-23.519000,84.153000,25.850000
9.959,0.244000,0.097000,1.956000,28.939000,-13.725000,77.679000,25.750000
9.966,0.090000,0.057000,1.802000,18.176000,1.366000,81.779000,25.800000
9.979,0.038000,0.017000,1.853000,25.344000,-7.183000,91.458000,25.710000
9.987,0.044000,0.002000,1.835000,31.366000,-3.565000,100.160000,25.710000
9.998,-0.008000,0.000000,1.858000,37.802000,27.420000,96.405000,25.710000
10.005,-0.052000,0.009000,1.922000,42.878000,45.832000,82.137000,25.660000
10.017,-0.088000,0.049000,1.973000,37.511000,61.008000,63.733000,25.660000
10.024,-0.048000,0.072000,1.943000,32.374000,73.275000,44.389000,25.750000
10.037,-0.086000,0.097000,1.956000,17.389000,84.099000,26.397000,25.750000
10.049,-0.165000,0.119000,1.862000,2.084000,90.656000,15.397000,25.800000
10.056,-0.213000,0.140000,1.864000,-9.641000,75.382000,11.603000,25.610000
10.068,-0.305000,0.177000,1.826000,-25.687000,57.534000,9.840000,25.800000
10.077,-0.277000,0.208000,1.840000,-26.702000,33.931000,14.252000,25.710000
10.088,-0.219000,0.234000,1.798000,-42.397000,26.168000,16.931000,25.850000
10.095,-0.210000,0.250000,1.815000,-40.557000,14.046000,17.336000,25.850000
10.106,-0.152000,0.249000,1.740000,-51.397000,7.557000,11.481000,25.750000
10.119,-0.140000,0.255000,1.729000,-68.740000,17.939000,3.962000,25.660000
10.127,-0.126000,0.267000,1.740000,-74.435000,33.504000,-3.221000,25.610000
10.138,-0.152000,0.261000,1.671000,-79.153000,30.931000,-4.885000,25.710000
10.146,-0.173000,0.320000,1.611000,-79.427000,37.344000,-4.702000,25.710000
10.157,-0.164000,0.296000,1.589000,-77.298000,47.031000,-0.969000,25.800000
10.164,-0.117000,0.358000,1.573000,-73.573000,69.023000,-5.244000,25.750000
10.177,-0.218000,0.373000,1.471000,-77.695000,75.412000,-10.756000,25.750000
10.188,-0.236000,0.374000,1.376000,-81.672000,83.359000,-23.534000,25.850000
10.197,-0.336000,0.286000,1.343000,-90.550000,81.550000,-39.748000,25.750000
10.208,-0.352000,0.250000,1.271000,-92.603000,75.756000,-53.443000,25.710000
10.214,-0.338000,0.249000,1.255000,-86.221000,66.198000,-59.084000,25.710000
10.229,-0.386000,0.213000,1.210000,-83.191000,49.008000,-64.908000,25.800000
10.239,-0.326000,0.161000,1.180000,-80.481000,35.832000,-66.450000,25.710000
10.247,-0.320000,0.084000,1.164000,-79.641000,31.809000,-67.557000,25.800000
10.258,-0.223000,0.000000,1.099000,-73.496000,28.130000,-70.924000,25.710000
10.264,-0.200000,-0.013000,1.128000,-63.290000,25.542000,-76.901000,25.660000
10.277,-0.090000,-0.010000,1.174000,-65.183000,47.374000,-87.107000,25.750000
10.289,-0.179000,-0.080000,1.076000,-53.412000,46.962000,-76.863000,25.750000
10.296,-0.142000,0.113000,1.189000,-57.000000,84.473000,-77.290000,25.710000
10.307,-0.238000,0.087000,1.131000,-64.611000,113.924000,-76.656000,25.710000
10.314,-0.410000,0.110000,1.020000,-83.130000,86.656000,-72.580000,25.800000
10.327,-0.472000,0.095000,1.002000,-90.427000,61.733000,-65.290000,25.800000
10.338,-0.488000,0.059000,0.977000,-90.160000,34.206000,-65.137000,25.750000
10.346,-0.437000,0.017000,0.924000,-95.511000,17.893000,-68.092000,25.660000
10.358,-0.377000,0.065000,0.872000,-92.580000,3.321000,-63.885000,25.750000
10.364,-0.348000,0.014000,0.792000,-87.145000,-9.855000,-62.053000,25.710000
10.377,-0.188000,0.045000,0.708000,-103.687000,-2.214000,-60.947000,25.710000
10.388,-0.126000,-0.024000,0.629000,-114.885000,13.176000,-63.282000,25.710000
10.396,-0.215000,-0.072000,0.636000,-107.412000,10.580000,-59.298000,25.800000
10.407,-0.161000,-0.126000,0.579000,-107.183000,13.924000,-63.000000,25.660000
10.414,-0.138000,-0.127000,0.505000,-97.176000,18.298000,-62.718000,25.750000
10.429,-0.121000,-0.167000,0.464000,-86.046000,9.160000,-50.244000,25.750000
10.438,-0.077000,-0.112000,0.454000,-71.725000,1.580000,-33.389000,25.750000
10.447,-0.120000,-0.120000,0.366000,-64.565000,-26.504000,-12.031000,25.710000
10.457,-0.053000,-0.085000,0.382000,-78.847000,-1.107000,-14.580000,25.710000
10.463,-0.059000,-0.118000,0.327000,-80.763000,20.351000,-18.328000,25.710000
10.477,-0.103000,-0.150000,0.210000,-80.504000,5.710000,-6.206000,25.610000
10.488,-0.072000,-0.198000,0.250000,-74.244000,1.427000,-3.847000,25.750000
10.495,-0.068000,-0.162000,0.228000,-64.855000,5.099000,-2.901000,25.750000
10.507,-0.046000,-0.117000,0.229000,-61.534000,6.702000,-0.641000,25.750000
10.514,-0.100000,-0.117000,0.209000,-52.603000,-11.298000,9.275000,25.750000
10.527,-0.108000,-0.111000,0.256000,-49.069000,-17.061000,12.282000,25.710000
10.538,-0.114000,-0.072000,0.200000,-52.557000,-15.779000,10.924000,25.800000
10.547,-0.147000,-0.103000,0.167000,-58.229000,-9.321000,7.115000,25.710000
10.557,-0.207000,-0.112000,0.143000,-58.191000,-19.046000,2.656000,25.710000
10.564,-0.240000,-0.106000,0.078000,-51.015000,-12.351000,3.450000,25.710000
10.577,-0.274000,-0.203000,0.122000,-53.580000,-26.824000,0.679000,25.610000
10.589,-0.242000,-0.272000,0.036000,-41.282000,-41.443000,3.809000,25.750000
10.596,-0.202000,-0.289000,0.019000,-35.977000,-43.397000,10.000000,25.750000
10.608,-0.121000,-0.319000,0.040000,-22.031000,-32.244000,8.641000,25.710000
10.614,-0.114000,-0.311000,0.128000,-10.641000,-17.832000,5.160000,25.710000
10.627,-0.079000,-0.293000,0.123000,0.374000,0.496000,0.221000,25.710000
10.635,-0.173000,-0.278000,0.055000,-1.038000,-2.916000,-5.397000,25.710000
10.646,-0.175000,-0.311000,0.047000,6.366000,2.908000,-6.550000,25.750000
10.659,-0.153000,-0.343000,0.091000,8.695000,2.351000,-9.298000,25.660000
10.665,-0.168000,-0.317000,0.102000,10.763000,-4.931000,-16.092000,25.750000
10.679,-0.198000,-0.284000,0.097000,14.733000,-6.519000,-16.985000,25.750000
10.685,-0.215000,-0.243000,0.140000,15.328000,-31.122000,-21.359000,25.710000
10.697,-0.226000,-0.236000,0.213000,30.084000,-40.244000,-19.427000,25.800000
10.709,-0.173000,-0.236000,0.189000,35.733000,-49.214000,-23.435000,25.800000
10.715,-0.065000,-0.239000,0.193000,45.351000,-43.679000,-30.328000,25.710000
10.729,0.051000,-0.209000,0.129000,49.939000,-34.595000,-34.038000,25.750000
10.735,0.062000,-0.219000,0.251000,58.061000,-22.748000,-33.397000,25.750000
10.747,-0.003000,-0.169000,0.259000,59.466000,-9.099000,-30.832000,25.750000
10.759,-0.048000,-0.110000,0.300000,63.252000,6.389000,-33.237000,25.750000
10.766,-0.060000,-0.035000,0.390000,66.656000,31.618000,-44.092000,25.710000
10.779,-0.059000,-0.029000,0.436000,73.122000,52.450000,-54.511000,25.710000
10.786,-0.040000,-0.014000,0.515000,71.023000,69.496000,-64.420000,25.710000
10.797,-0.105000,0.032000,0.547000,62.298000,83.511000,-69.756000,25.710000
10.803,-0.177000,0.046000,0.564000,56.725000,77.405000,-63.450000,25.750000
10.816,-0.209000,0.082000,0.543000,42.901000,59.321000,-50.046000,25.750000
10.828,-0.214000,0.107000,0.563000,29.885000,39.260000,-38.527000,25.750000
10.838,-0.239000,0.093000,0.608000,22.466000,19.092000,-27.588000,25.850000
10.847,-0.219000,0.002000,0.665000,21.878000,3.221000,-21.580000,25.800000
10.854,-0.146000,-0.103000,0.714000,19.504000,5.443000,-21.679000,25.800000
10.867,-0.146000,-0.155000,0.702000,20.328000,7.756000,-20.718000,25.710000
10.879,-0.171000,-0.172000,0.673000,24.649000,3.786000,-17.038000,25.710000
10.887,-0.137000,-0.117000,0.653000,23.374000,5.374000,-12.198000,25.710000
10.899,-0.130000,-0.077000,0.688000,20.237000,9.931000,-9.969000,25.750000
10.905,-0.165000,-0.210000,0.772000,25.069000,7.206000,-3.252000,25.750000
10.918,-0.150000,-0.325000,0.776000,28.664000,1.267000,1.969000,25.750000
10.927,-0.108000,-0.390000,0.805000,33.687000,9.076000,6.053000,25.800000
10.937,-0.138000,-0.460000,0.792000,38.076000,17.672000,12.809000,25.800000
10.946,-0.149000,-0.456000,0.757000,39.550000,24.702000,21.397000,25.710000
10.956,-0.152000,-0.412000,0.765000,42.366000,33.198000,34.107000,25.710000
10.968,-0.258000,-0.412000,0.847000,52.397000,31.588000,42.802000,25.750000
10.977,-0.278000,-0.419000,0.909000,59.969000,18.092000,48.542000,25.660000
10.987,-0.222000,-0.420000,1.015000,60.427000,13.405000,51.443000,25.850000
10.996,-0.343000,-0.515000,1.046000,52.885000,-2.763000,61.489000,25.710000
11.006,-0.448000,-0.558000,0.974000,46.435000,-29.977000,72.473000,25.800000
11.019,-0.426000,-0.524000,0.947000,41.160000,-53.198000,86.389000,25.800000
11.027,-0.354000,-0.454000,0.968000,46.000000,-67.053000,105.702000,25.800000
11.038,-0.324000,-0.324000,1.093000,50.061000,-71.328000,120.038000,25.660000
11.046,-0.314000,-0.331000,1.183000,53.282000,-67.160000,119.931000,25.850000
11.056,-0.234000,-0.420000,1.192000,55.618000,-55.489000,109.076000,25.850000
11.069,-0.210000,-0.347000,1.204000,64.885000,-15.626000,91.000000,25.850000
11.077,-0.214000,-0.395000,1.237000,69.359000,7.466000,69.901000,25.800000
11.088,-0.143000,-0.380000,1.255000,79.809000,16.260000,62.427000,25.800000
11.095,-0.160000,-0.256000,1.217000,79.847000,26.740000,62.107000,25.800000
11.107,-0.205000,-0.154000,1.161000,76.809000,47.420000,62.649000,25.850000
11.114,-0.198000,-0.230000,1.249000,77.809000,38.260000,69.443000,25.750000
11.127,-0.242000,-0.163000,1.238000,75.588000,25.382000,75.336000,25.750000
11.139,-0.210000,-0.166000,1.243000,80.649000,26.374000,82.282000,25.750000
11.146,-0.120000,-0.099000,1.246000,74.641000,39.786000,86.527000,25.800000
11.158,-0.143000,-0.063000,1.268000,68.420000,37.840000,93.229000,25.890000
11.164,-0.175000,-0.035000,1.247000,66.931000,43.221000,98.489000,25.800000
11.177,-0.222000,0.027000,1.183000,59.710000,40.794000,106.351000,25.800000
11.189,-0.327000,0.080000,1.191000,54.000000,40.855000,105.893000,25.800000
11.197,-0.429000,-0.024000,1.207000,57.176000,37.084000,101.939000,25.850000
11.208,-0.441000,0.036000,1.195000,28.695000,44.153000,88.977000,25.750000
11.215,-0.342000,-0.061000,1.251000,23.191000,40.473000,86.466000,25.890000
11.229,-0.411000,-0.107000,1.313000,36.267000,36.893000,77.565000,25.890000
11.235,-0.535000,-0.096000,1.291000,53.313000,-4.412000,79.527000,25.800000
11.247,-0.525000,-0.103000,1.288000,52.206000,7.412000,77.527000,25.800000
11.259,-0.685000,-0.128000,1.342000,43.046000,-13.412000,85.519000,25.750000
11.266,-0.764000,-0.111000,1.376000,40.771000,-25.534000,80.702000,25.750000
11.279,-0.822000,-0.127000,1.375000,50.527000,-46.008000,78.351000,25.750000
11.288,-0.777000,-0.098000,1.441000,62.099000,-56.366000,61.786000,25.800000
11.297,-0.587000,0.002000,1.353000,75.282000,-55.534000,31.992000,25.800000
11.304,-0.386000,0.111000,1.364000,67.718000,-21.954000,3.924000,25.890000
11.316,-0.236000,0.169000,1.269000,61.328000,27.939000,-19.679000,25.890000
11.329,-0.238000,0.169000,1.248000,46.969000,63.015000,-34.878000,25.750000
11.336,-0.237000,0.211000,1.099000,38.260000,90.099000,-42.802000,25.850000
11.348,-0.400000,0.254000,0.951000,27.458000,96.977000,-43.122000,25.850000
11.354,-0.412000,0.259000,0.868000,23.840000,78.916000,-31.870000,25.850000
11.367,-0.495000,0.251000,0.894000,24.450000,58.450000,-23.000000,25.800000
11.380,-0.525000,0.275000,0.856000,21.298000,44.420000,-26.588000,25.710000
11.387,-0.469000,0.251000,0.944000,21.809000,10.939000,-30.458000,25.890000
11.399,-0.385000,0.293000,0.958000,9.947000,2.038000,-27.229000,25.850000
11.405,-0.378000,0.238000,0.946000,11.221000,-24.206000,-27.969000,25.750000
11.418,-0.305000,0.268000,0.910000,6.435000,-22.611000,-20.573000,25.850000
11.424,-0.336000,0.258000,0.943000,-9.626000,-40.595000,-10.344000,25.850000
11.438,-0.369000,0.210000,0.913000,-6.580000,-53.092000,-3.351000,25.890000
11.449,-0.376000,0.208000,0.931000,-3.107000,-70.649000,5.450000,25.800000
11.456,-0.365000,0.215000,0.976000,-2.107000,-74.832000,9.702000,25.800000
11.468,-0.345000,0.209000,0.982000,-1.008000,-68.214000,6.595000,25.890000
11.477,-0.324000,0.209000,1.022000,-5.863000,-54.496000,2.557000,25.800000
11.487,-0.280000,0.213000,1.047000,-8.687000,-36.321000,-2.794000,25.850000
11.495,-0.260000,0.192000,1.025000,-14.450000,-19.954000,-8.084000,25.850000
11.507,-0.278000,0.180000,1.035000,-15.183000,-16.710000,-8.885000,25.800000
11.519,-0.257000,0.152000,1.046000,-26.992000,-9.328000,-2.214000,25.800000
11.527,-0.275000,0.164000,0.977000,-29.252000,-6.519000,-0.527000,25.800000
11.538,-0.289000,0.173000,0.977000,-26.397000,-2.565000,-4.046000,25.850000
11.545,-0.315000,0.155000,0.948000,-26.878000,1.000000,-13.000000,25.850000
11.557,-0.333000,0.135000,0.955000,-21.863000,-0.748000,-18.176000,25.850000
11.562,-0.305000,0.106000,0.902000,-26.504000,3.733000,-13.962000,25.850000
11.577,-0.380000,0.018000,0.793000,-30.916000,15.481000,-22.679000,25.800000
11.588,-0.310000,0.094000,0.966000,-32.031000,2.969000,-21.771000,25.710000
11.596,-0.317000,0.129000,0.907000,-24.931000,-9.695000,-20.359000,25.890000
11.607,-0.290000,0.105000,0.934000,-13.282000,-26.405000,-14.649000,25.890000
11.614,-0.238000,0.102000,0.890000,-14.412000,-31.214000,-9.015000,25.750000
11.627,-0.235000,0.134000,0.965000,-24.336000,-27.847000,-5.855000,25.850000
11.638,-0.239000,0.120000,0.911000,-27.969000,-21.954000,-7.573000,25.850000
11.648,-0.275000,0.102000,0.918000,-29.237000,-18.885000,-4.321000,25.750000
11.657,-0.256000,0.080000,0.905000,-28.099000,-17.374000,2.336000,25.800000
11.664,-0.279000,0.118000,0.897000,-22.893000,-20.084000,3.542000,25.800000
11.677,-0.250000,0.105000,0.941000,-28.992000,-20.901000,1.229000,25.800000
11.689,-0.174000,0.096000,0.989000,-28.366000,-17.061000,12.405000,25.850000
11.696,-0.179000,0.133000,0.957000,-26.748000,-11.748000,-0.313000,25.850000
11.708,-0.157000,0.098000,0.971000,-27.534000,-1.427000,-3.527000,25.850000
11.715,-0.214000,0.081000,0.934000,-28.321000,3.962000,-2.137000,25.750000
11.729,-0.238000,0.077000,0.917000,-26.740000,5.977000,0.679000,25.890000
11.734,-0.269000,0.051000,0.940000,-20.649000,4.649000,-0.649000,25.800000
11.747,-0.296000,0.050000,0.938000,-15.435000,2.336000,-6.580000,25.800000
11.759,-0.272000,0.069000,0.943000,-15.527000,-2.389000,-6.153000,25.800000
11.766,-0.255000,0.051000,0.949000,-17.282000,-5.160000,-10.137000,25.890000
11.778,-0.250000,0.040000,0.942000,-12.504000,-5.137000,-11.076000,25.940000
11.786,-0.213000,0.055000,0.944000,-18.565000,-6.275000,-11.221000,25.940000
11.797,-0.210000,0.032000,0.930000,-19.977000,-1.221000,-9.771000,25.800000
11.803,-0.236000,0.042000,0.896000,-23.580000,4.511000,-11.618000,25.800000
11.816,-0.230000,0.035000,0.917000,-22.595000,0.733000,-5.687000,25.890000
11.828,-0.218000,0.037000,0.907000,-19.023000,3.061000,-4.267000,25.800000
11.837,-0.192000,0.039000,0.919000,-18.924000,7.878000,-6.779000,25.850000
11.848,-0.263000,0.003000,0.893000,-18.893000,3.069000,-7.435000,25.850000
11.854,-0.284000,0.004000,0.889000,-22.954000,-1.931000,-8.084000,25.850000
11.867,-0.256000,-0.006000,0.894000,-31.565000,4.573000,-12.924000,25.890000
11.880,-0.254000,-0.016000,0.877000,-26.901000,7.481000,-12.542000,25.890000
11.887,-0.228000,-0.017000,0.870000,-20.237000,5.504000,-8.679000,25.800000
11.899,-0.243000,-0.027000,0.874000,-18.565000,0.282000,-7.229000,25.890000
11.905,-0.210000,-0.009000,0.881000,-11.137000,2.168000,-5.290000,25.850000
11.917,-0.237000,-0.016000,0.895000,-10.687000,5.817000,-6.137000,25.940000
11.924,-0.299000,-0.036000,0.869000,-15.626000,8.427000,-6.710000,25.940000
11.938,-0.308000,-0.050000,0.860000,-20.008000,3.313000,-5.458000,25.800000
11.949,-0.281000,-0.065000,0.887000,-21.458000,-3.397000,-2.634000,25.890000
11.955,-0.257000,-0.078000,0.882000,-21.160000,-5.328000,-3.176000,25.800000
11.968,-0.207000,-0.063000,0.911000,-18.588000,0.176000,-1.420000,25.890000
11.977,-0.239000,-0.080000,0.891000,-8.687000,2.435000,2.878000,25.850000
11.987,-0.304000,-0.085000,0.874000,-7.672000,-2.267000,-0.046000,25.850000
11.995,-0.300000,-0.092000,0.908000,-7.366000,-3.137000,-2.504000,25.940000
12.006,-0.284000,-0.073000,0.929000,-11.008000,-6.542000,-5.031000,25.890000
12.018,-0.227000,-0.086000,0.933000,-13.885000,-2.595000,-7.282000,25.800000
12.026,-0.204000,-0.090000,0.941000,-19.672000,-0.252000,-8.534000,25.890000
12.037,-0.295000,-0.083000,1.014000,-23.679000,-4.969000,-7.740000,25.800000
12.044,-0.214000,-0.077000,0.903000,-25.672000,8.603000,-5.145000,25.800000
12.056,-0.255000,-0.084000,0.905000,-23.092000,9.725000,-5.786000,25.850000
12.069,-0.289000,-0.091000,0.892000,-22.046000,12.351000,-6.397000,25.940000
12.077,-0.300000,-0.093000,0.885000,-18.664000,9.252000,-10.725000,25.890000
12.088,-0.288000,-0.095000,0.910000,-20.389000,11.191000,-14.023000,25.890000
12.096,-0.277000,-0.085000,0.914000,-19.382000,9.969000,-18.298000,25.890000
12.107,-0.266000,-0.085000,0.908000,-15.756000,6.924000,-18.053000,25.890000
12.119,-0.268000,-0.098000,0.894000,-15.061000,3.496000,-20.603000,25.940000
12.127,-0.266000,-0.075000,0.894000,-13.824000,2.092000,-18.641000,25.850000
12.138,-0.268000,-0.064000,0.874000,-12.115000,-0.038000,-16.573000,25.850000
12.146,-0.298000,-0.078000,0.872000,-12.992000,-2.840000,-14.221000,25.940000
12.157,-0.323000,-0.121000,0.847000,-13.450000,-10.252000,-14.115000,25.890000
12.168,-0.321000,-0.143000,0.841000,-11.435000,-16.229000,-14.336000,25.800000
12.177,-0.307000,-0.152000,0.847000,-6.473000,-20.260000,-16.656000,25.800000
12.188,-0.264000,-0.150000,0.884000,-1.557000,-21.153000,-20.679000,25.850000
12.195,-0.248000,-0.134000,0.906000,2.275000,-18.855000,-22.160000,25.850000
12.206,-0.235000,-0.123000,0.934000,2.802000,-17.763000,-21.595000,25.850000
12.218,-0.248000,-0.109000,0.947000,2.313000,-18.527000,-18.969000,25.940000
12.227,-0.245000,-0.101000,0.944000,1.214000,-17.603000,-16.374000,25.800000
12.238,-0.285000,-0.105000,0.944000,-1.756000,-18.595000,-16.878000,25.890000
12.245,-0.297000,-0.125000,0.941000,-3.267000,-20.969000,-18.878000,25.890000
12.256,-0.290000,-0.139000,0.951000,-4.168000,-24.603000,-22.023000,25.990000
12.268,-0.265000,-0.108000,0.987000,-4.809000,-28.321000,-25.832000,25.850000
12.277,-0.267000,-0.089000,1.002000,-7.878000,-32.336000,-29.366000,25.850000
12.288,-0.297000,-0.063000,0.985000,-11.550000,-39.237000,-31.771000,25.850000
12.299,-0.275000,-0.036000,0.998000,-14.649000,-49.977000,-30.947000,25.800000
12.306,-0.250000,-0.044000,0.985000,-15.947000,-57.985000,-33.779000,25.890000
12.318,-0.224000,-0.045000,0.959000,-19.321000,-66.809000,-33.534000,25.890000
12.324,-0.242000,-0.048000,0.965000,-28.809000,-69.565000,-41.595000,25.800000
12.338,-0.228000,-0.095000,0.925000,-22.832000,-74.542000,-43.099000,25.890000
12.348,-0.222000,-0.093000,0.928000,-23.389000,-83.092000,-45.641000,25.940000
12.355,-0.145000,-0.066000,0.909000,-24.763000,-81.481000,-50.267000,25.850000
12.367,-0.028000,-0.057000,0.959000,-26.748000,-72.740000,-56.412000,25.940000
12.373,0.045000,-0.065000,0.985000,-30.298000,-50.947000,-62.924000,25.890000
12.387,0.002000,-0.126000,0.935000,-29.557000,-38.435000,-62.786000,25.800000
12.399,-0.044000,-0.185000,0.869000,-32.542000,-30.405000,-59.267000,25.890000
12.404,-0.099000,-0.228000,0.854000,-29.069000,-31.672000,-51.718000,25.850000
12.416,-0.107000,-0.239000,0.845000,-27.863000,-37.260000,-48.710000,25.940000
12.429,-0.052000,-0.262000,0.863000,-21.756000,-40.992000,-45.527000,25.940000
12.436,0.008000,-0.258000,0.917000,-16.550000,-42.595000,-42.466000,25.850000
12.448,0.048000,-0.263000,0.930000,-10.122000,-35.366000,-41.718000,25.890000
12.454,0.109000,-0.250000,0.941000,-6.107000,-29.710000,-41.954000,25.890000
12.466,0.057000,-0.283000,0.942000,-4.412000,-13.618000,-38.840000,25.990000
12.479,0.033000,-0.297000,0.923000,-3.847000,-12.847000,-33.542000,25.940000
12.487,0.018000,-0.283000,0.933000,-6.725000,-8.870000,-26.733000,25.850000
12.498,0.035000,-0.298000,0.963000,-4.756000,-7.305000,-22.710000,25.850000
12.504,0.016000,-0.229000,0.974000,0.931000,-4.328000,-20.237000,25.940000
12.517,0.044000,-0.228000,0.949000,9.511000,-0.397000,-18.687000,25.800000
12.524,0.021000,-0.237000,0.951000,19.359000,1.130000,-19.389000,25.890000
12.537,0.040000,-0.224000,0.957000,17.260000,5.885000,-24.603000,25.890000
12.550,-0.024000,-0.260000,0.949000,14.557000,5.901000,-30.382000,25.940000
12.555,-0.015000,-0.213000,0.905000,-0.740000,13.740000,-28.015000,25.850000
12.568,0.002000,-0.198000,0.932000,3.046000,13.366000,-26.046000,25.850000
12.578,0.022000,-0.160000,0.956000,2.924000,12.924000,-21.405000,25.850000
12.587,0.042000,-0.150000,0.959000,6.053000,10.733000,-18.847000,25.990000
12.594,0.055000,-0.086000,1.053000,1.733000,3.145000,-11.328000,26.080000
12.606,-0.023000,-0.446000,0.716000,24.275000,-6.847000,24.527000,25.890000
12.619,0.098000,-0.188000,1.069000,9.901000,2.824000,5.565000,25.890000
12.627,0.101000,-0.219000,1.002000,10.954000,4.969000,9.244000,25.850000
12.639,0.076000,-0.252000,0.924000,14.702000,1.252000,11.420000,25.940000
12.646,0.053000,-0.251000,0.942000,19.504000,-2.137000,9.412000,25.850000
12.658,0.114000,-0.150000,0.996000,5.336000,5.069000,3.603000,25.890000
12.665,0.054000,-0.233000,0.905000,4.321000,-0.870000,2.481000,25.890000
12.679,0.053000,-0.241000,0.932000,5.405000,-3.885000,5.824000,25.890000
12.686,0.017000,-0.223000,0.915000,14.237000,-2.511000,-0.771000,25.850000
12.697,-0.012000,-0.184000,0.930000,15.504000,-1.656000,-0.832000,25.940000
12.704,-0.052000,-0.180000,0.934000,14.031000,-5.695000,4.366000,25.940000
12.716,-0.049000,-0.151000,0.939000,13.023000,-10.565000,7.305000,25.850000
12.729,-0.042000,-0.157000,0.934000,9.664000,-11.137000,9.679000,25.990000
12.737,-0.041000,-0.179000,0.941000,11.885000,-13.855000,11.977000,25.890000
12.748,-0.024000,-0.157000,0.959000,9.733000,-18.229000,10.076000,25.890000
12.755,0.016000,-0.125000,0.998000,4.160000,-18.183000,8.656000,25.940000
12.767,0.026000,-0.120000,1.014000,3.931000,-12.695000,9.328000,25.940000
12.774,0.007000,-0.121000,1.012000,-2.305000,-9.153000,10.763000,25.940000
12.787,-0.019000,-0.156000,0.996000,-6.817000,-8.206000,13.496000,25.940000
12.799,-0.023000,-0.183000,0.972000,-9.198000,-7.130000,14.336000,26.080000
12.806,-0.027000,-0.184000,0.951000,-14.420000,-4.115000,10.718000,25.990000
12.818,-0.022000,-0.179000,0.927000,-15.031000,-0.519000,6.473000,25.890000
12.827,0.010000,-0.175000,0.924000,-14.344000,6.282000,2.115000,25.940000
12.838,0.014000,-0.188000,0.917000,-14.611000,8.466000,0.397000,25.940000
12.845,0.002000,-0.197000,0.892000,-17.481000,7.519000,0.313000,25.850000
12.857,-0.007000,-0.202000,0.875000,-17.076000,1.336000,1.634000,25.940000
12.862,-0.001000,-0.206000,0.859000,-18.573000,-3.328000,2.069000,25.890000
12.877,-0.012000,-0.216000,0.864000,-21.031000,-8.214000,1.977000,26.080000
12.888,-0.015000,-0.235000,0.857000,-16.053000,-12.725000,0.382000,25.990000
12.896,-0.019000,-0.239000,0.878000,-8.786000,-17.435000,-3.198000,25.890000
12.907,0.011000,-0.221000,0.903000,-1.992000,-15.260000,-7.405000,25.940000
12.914,0.026000,-0.220000,0.927000,3.214000,-11.229000,-10.618000,25.940000
12.927,0.067000,-0.205000,0.940000,6.824000,-10.763000,-10.313000,25.890000
12.939,0.105000,-0.190000,0.989000,8.008000,-5.924000,-7.397000,25.890000
12.946,0.096000,-0.199000,0.984000,7.282000,-1.031000,-3.985000,25.890000
12.958,0.061000,-0.198000,0.979000,7.038000,0.931000,-0.092000,25.990000
12.966,0.027000,-0.208000,0.977000,6.557000,0.282000,2.939000,26.040000
12.979,0.015000,-0.214000,0.972000,7.412000,1.046000,2.763000,26.040000
12.988,0.011000,-0.208000,0.986000,9.252000,4.084000,1.183000,25.940000
12.998,0.026000,-0.205000,0.997000,10.580000,4.809000,1.290000,25.850000
13.005,0.050000,-0.189000,1.009000,10.466000,7.450000,4.344000,25.990000
13.018,0.031000,-0.170000,1.010000,9.527000,6.443000,7.618000,25.990000
13.027,0.015000,-0.155000,1.003000,6.366000,9.473000,9.206000,25.990000
13.037,-0.011000,-0.146000,0.991000,3.389000,12.427000,8.824000,25.850000
13.046,-0.041000,-0.160000,0.965000,1.198000,11.679000,8.443000,25.940000
13.057,-0.042000,-0.177000,0.941000,0.977000,8.557000,7.588000,26.040000
13.064,-0.053000,-0.182000,0.914000,1.771000,5.718000,6.725000,25.890000
13.077,-0.043000,-0.188000,0.903000,3.122000,3.740000,5.191000,25.990000
13.084,-0.048000,-0.181000,0.914000,3.901000,2.557000,2.924000,25.990000
13.097,-0.056000,-0.176000,0.909000,3.885000,-0.947000,1.298000,25.990000
13.109,-0.033000,-0.163000,0.934000,2.359000,-2.099000,0.076000,26.040000
13.115,-0.008000,-0.150000,0.958000,1.130000,-3.069000,0.061000,25.940000
13.128,0.000000,-0.159000,0.969000,0.489000,-3.405000,0.405000,26.040000
13.138,0.004000,-0.166000,0.966000,-0.718000,-0.282000,-1.244000,25.990000
13.148,0.003000,-0.180000,0.966000,0.290000,2.870000,-2.321000,25.990000
13.155,-0.002000,-0.190000,0.950000,1.290000,1.916000,-2.489000,25.990000
13.167,-0.005000,-0.183000,0.938000,1.565000,3.046000,-3.069000,25.890000
13.174,-0.010000,-0.185000,0.927000,0.817000,4.748000,-4.779000,25.990000
13.187,-0.010000,-0.192000,0.917000,2.450000,1.321000,-4.038000,25.940000
13.193,-0.002000,-0.179000,0.938000,2.282000,-0.176000,-3.779000,26.040000
13.206,-0.002000,-0.178000,0.941000,2.565000,0.786000,-3.153000,25.990000
13.219,0.001000,-0.178000,0.945000,3.252000,-1.794000,-2.809000,26.080000
13.228,0.012000,-0.174000,0.961000,2.542000,-1.252000,-2.260000,25.990000
13.238,0.013000,-0.176000,0.965000,1.000000,-1.107000,-1.336000,25.990000
13.245,0.006000,-0.172000,0.961000,-0.733000,-0.786000,-0.519000,26.040000
13.258,0.022000,-0.188000,0.946000,-0.939000,1.427000,0.580000,26.040000
13.264,0.031000,-0.180000,0.962000,-1.359000,2.611000,0.725000,26.040000
13.279,0.024000,-0.180000,0.951000,-1.252000,6.664000,0.031000,25.990000
13.285,0.001000,-0.192000,0.928000,-0.855000,7.023000,0.809000,25.990000
13.297,-0.019000,-0.188000,0.925000,-0.038000,4.641000,0.695000,25.990000
13.304,0.001000,-0.195000,0.938000,1.702000,2.664000,1.153000,26.040000
13.317,0.014000,-0.173000,0.953000,2.840000,1.107000,1.565000,26.040000
13.324,0.016000,-0.166000,0.959000,1.847000,1.832000,2.076000,26.040000
13.337,0.002000,-0.174000,0.942000,1.275000,2.115000,1.802000,26.080000
13.350,-0.009000,-0.180000,0.937000,0.710000,1.603000,1.679000,26.080000
13.356,-0.008000,-0.183000,0.927000,1.130000,1.740000,1.527000,25.990000
13.369,0.005000,-0.187000,0.937000,3.763000,2.046000,2.366000,25.990000
13.376,-0.001000,-0.189000,0.927000,4.771000,-0.756000,3.290000,26.040000
13.390,-0.010000,-0.185000,0.946000,5.313000,-1.160000,3.168000,26.040000
13.397,-0.012000,-0.179000,0.951000,4.832000,-1.817000,3.053000,26.040000
13.408,-0.013000,-0.179000,0.944000,4.511000,-1.740000,2.733000,25.990000
13.415,0.011000,-0.168000,0.948000,4.198000,0.748000,2.527000,26.080000
13.428,0.006000,-0.168000,0.954000,3.405000,3.397000,2.405000,26.080000
13.437,-0.005000,-0.158000,0.962000,1.885000,4.298000,1.992000,26.080000
13.447,-0.014000,-0.166000,0.964000,0.840000,5.069000,1.962000,25.990000
13.454,-0.008000,-0.168000,0.951000,-0.496000,5.672000,0.336000,26.040000
13.479,-0.012000,-0.175000,0.957000,-1.832000,4.160000,0.397000,26.040000
13.479,-0.011000,-0.166000,0.953000,-0.962000,2.695000,0.099000,26.080000
time_sec,ax,ay,az,gx,gy,gz,temp_c
0.020,-0.294000,-0.851000,0.418000,-2.420000,2.756000,1.489000,28.580000
0.027,-0.301000,-0.858000,0.416000,-2.450000,1.740000,1.092000,28.580000
0.039,-0.298000,-0.851000,0.410000,-1.664000,0.244000,0.511000,28.580000
0.051,-0.289000,-0.845000,0.422000,-1.038000,-0.855000,0.305000,28.530000
0.059,-0.281000,-0.844000,0.415000,-1.191000,0.397000,0.641000,28.530000
0.071,-0.284000,-0.853000,0.405000,-1.206000,-0.382000,0.855000,28.620000
0.080,-0.283000,-0.845000,0.407000,-0.840000,0.214000,0.954000,28.670000
0.092,-0.286000,-0.847000,0.409000,-1.092000,1.198000,0.824000,28.580000
0.098,-0.287000,-0.850000,0.401000,-1.191000,0.611000,0.931000,28.620000
0.110,-0.277000,-0.839000,0.406000,-0.977000,1.229000,0.840000,28.620000
0.117,-0.289000,-0.833000,0.411000,-1.588000,1.282000,1.130000,28.580000
0.129,-0.284000,-0.837000,0.408000,-1.702000,-0.397000,0.977000,28.580000
0.142,-0.282000,-0.839000,0.407000,-1.931000,-1.023000,0.702000,28.620000
0.149,-0.292000,-0.854000,0.406000,-1.931000,-3.527000,0.611000,28.620000
0.161,-0.285000,-0.851000,0.402000,-1.565000,-4.924000,-0.046000,28.620000
0.168,-0.287000,-0.854000,0.409000,-1.092000,-6.809000,-0.687000,28.580000
0.181,-0.267000,-0.852000,0.416000,-0.641000,-6.206000,-0.069000,28.580000
0.188,-0.257000,-0.853000,0.429000,-1.107000,-3.237000,0.260000,28.530000
0.200,-0.257000,-0.839000,0.430000,-1.992000,0.237000,1.855000,28.530000
0.206,-0.273000,-0.842000,0.411000,-2.573000,2.038000,2.969000,28.530000
0.219,-0.286000,-0.844000,0.407000,-3.298000,3.145000,3.718000,28.580000
0.232,-0.293000,-0.839000,0.402000,-2.992000,3.908000,2.664000,28.580000
0.239,-0.300000,-0.859000,0.402000,-2.832000,3.046000,1.573000,28.620000
0.251,-0.305000,-0.851000,0.392000,-2.069000,2.076000,-0.244000,28.530000
0.258,-0.300000,-0.844000,0.401000,-1.855000,0.458000,-1.389000,28.530000
0.270,-0.290000,-0.846000,0.410000,-1.649000,-0.718000,-1.824000,28.670000
0.278,-0.288000,-0.852000,0.405000,-1.511000,-1.779000,-1.412000,28.480000
0.290,-0.281000,-0.850000,0.405000,-1.206000,-2.000000,-0.870000,28.620000
0.302,-0.279000,-0.847000,0.399000,-1.160000,-2.260000,-0.389000,28.620000
0.308,-0.289000,-0.858000,0.396000,-0.183000,-2.076000,-0.832000,28.480000
0.321,-0.274000,-0.857000,0.409000,-0.206000,-0.206000,-2.191000,28.670000
0.328,-0.281000,-0.854000,0.419000,-0.511000,0.389000,-2.534000,28.580000
0.341,-0.283000,-0.857000,0.424000,-1.275000,0.382000,-2.779000,28.530000
0.347,-0.271000,-0.860000,0.415000,-1.298000,0.611000,-3.145000,28.530000
0.360,-0.267000,-0.857000,0.410000,-2.214000,0.038000,-2.595000,28.480000
0.373,-0.265000,-0.856000,0.408000,-2.840000,-0.748000,-2.527000,28.580000
0.379,-0.267000,-0.870000,0.407000,-3.664000,-0.702000,-1.687000,28.530000
0.391,-0.270000,-0.873000,0.396000,-3.145000,-0.763000,-1.275000,28.530000
0.398,-0.278000,-0.883000,0.395000,-2.336000,-0.664000,-1.496000,28.620000
0.410,-0.276000,-0.892000,0.410000,-0.641000,-1.191000,-2.382000,28.670000
0.417,-0.294000,-0.876000,0.413000,-0.229000,-2.229000,-3.244000,28.670000
0.429,-0.280000,-0.867000,0.445000,0.153000,-1.824000,-3.931000,28.620000
0.441,-0.278000,-0.856000,0.458000,-1.336000,-1.183000,-3.565000,28.620000
0.449,-0.269000,-0.862000,0.459000,-2.359000,0.069000,-3.305000,28.530000
0.461,-0.271000,-0.853000,0.459000,-4.229000,1.580000,-2.298000,28.580000
0.468,-0.281000,-0.870000,0.451000,-4.962000,1.855000,-2.351000,28.580000
0.481,-0.274000,-0.857000,0.454000,-6.076000,1.595000,-2.000000,28.620000
0.488,-0.285000,-0.865000,0.452000,-6.985000,2.183000,-1.641000,28.620000
0.499,-0.298000,-0.880000,0.439000,-7.802000,0.855000,-1.534000,28.580000
0.512,-0.279000,-0.865000,0.440000,-8.351000,3.153000,-2.679000,28.670000
0.519,-0.297000,-0.874000,0.429000,-8.374000,3.229000,-4.351000,28.620000
0.531,-0.290000,-0.877000,0.425000,-8.221000,1.420000,-5.695000,28.620000
0.539,-0.286000,-0.875000,0.413000,-9.130000,0.176000,-6.756000,28.620000
0.550,-0.275000,-0.882000,0.405000,-10.076000,-1.000000,-6.641000,28.580000
0.557,-0.260000,-0.877000,0.396000,-10.504000,-1.252000,-6.008000,28.580000
0.569,-0.257000,-0.876000,0.382000,-11.916000,-1.786000,-4.740000,28.620000
0.582,-0.250000,-0.880000,0.375000,-12.588000,-1.573000,-3.382000,28.620000
0.589,-0.248000,-0.893000,0.369000,-13.450000,-2.290000,-3.336000,28.480000
0.601,-0.273000,-0.930000,0.292000,-10.473000,-4.435000,-2.458000,28.670000
0.607,-0.243000,-0.898000,0.372000,-12.534000,-7.183000,-2.046000,28.530000
0.619,-0.229000,-0.940000,0.337000,-9.901000,-6.160000,-4.305000,28.530000
0.632,-0.229000,-0.908000,0.354000,-10.779000,-6.183000,-2.511000,28.620000
0.639,-0.226000,-0.911000,0.353000,-9.634000,-5.130000,-2.733000,28.620000
0.651,-0.203000,-0.891000,0.362000,-10.450000,-1.389000,-1.458000,28.580000
0.658,-0.233000,-0.909000,0.370000,-11.992000,-1.924000,0.794000,28.620000
0.670,-0.238000,-0.921000,0.366000,-12.519000,-3.267000,2.221000,28.620000
0.677,-0.271000,-0.945000,0.338000,-11.832000,-5.756000,5.466000,28.580000
0.689,-0.284000,-0.969000,0.345000,-10.450000,-10.969000,7.099000,28.580000
0.702,-0.308000,-0.995000,0.339000,-8.725000,-16.916000,8.870000,28.580000
0.708,-0.301000,-1.000000,0.367000,-4.832000,-18.969000,9.695000,28.620000
0.721,-0.273000,-0.974000,0.408000,-3.275000,-17.878000,12.321000,28.620000
0.728,-0.273000,-1.019000,0.394000,-0.061000,-18.160000,16.687000,28.580000
0.740,-0.278000,-1.012000,0.393000,0.779000,-19.779000,22.107000,28.670000
0.752,-0.295000,-1.035000,0.416000,1.473000,-18.679000,25.756000,28.620000
0.759,-0.334000,-1.012000,0.435000,4.954000,-32.382000,34.290000,28.720000
0.771,-0.418000,-1.067000,0.420000,4.634000,-34.863000,36.885000,28.620000
0.778,-0.436000,-1.095000,0.378000,10.374000,-50.893000,40.824000,28.670000
0.790,-0.403000,-1.081000,0.386000,19.450000,-58.504000,36.214000,28.580000
0.797,-0.253000,-0.958000,0.423000,13.702000,-39.832000,26.947000,28.620000
0.809,-0.182000,-0.893000,0.480000,7.053000,-11.718000,18.359000,28.530000
0.823,-0.257000,-0.869000,0.467000,-0.725000,1.435000,20.527000,28.720000
0.828,-0.309000,-0.912000,0.435000,-10.687000,1.832000,20.405000,28.670000
0.841,-0.314000,-0.961000,0.412000,-20.366000,-2.290000,22.916000,28.620000
0.847,-0.313000,-0.980000,0.402000,-24.840000,-6.962000,25.916000,28.720000
0.859,-0.324000,-1.013000,0.367000,-25.397000,-13.618000,29.733000,28.620000
0.873,-0.351000,-1.030000,0.350000,-21.870000,-24.115000,32.359000,28.580000
0.878,-0.371000,-1.041000,0.308000,-14.794000,-36.328000,30.573000,28.580000
0.891,-0.256000,-1.018000,0.301000,-9.786000,-32.122000,19.985000,28.620000
0.897,-0.229000,-1.003000,0.374000,-9.626000,-15.130000,10.504000,28.620000
0.909,-0.282000,-0.997000,0.412000,-7.641000,-3.084000,4.519000,28.670000
0.915,-0.268000,-1.048000,0.417000,0.931000,6.718000,-0.137000,28.670000
0.929,-0.285000,-1.047000,0.465000,13.000000,13.389000,0.557000,28.580000
0.942,-0.326000,-1.054000,0.449000,25.542000,14.122000,5.084000,28.620000
0.948,-0.304000,-1.056000,0.409000,40.084000,13.221000,5.092000,28.720000
0.961,-0.375000,-1.006000,0.414000,49.817000,0.931000,3.550000,28.670000
0.967,-0.414000,-0.981000,0.355000,53.931000,-16.405000,-1.252000,28.670000
0.980,-0.221000,-0.851000,0.415000,50.756000,-0.580000,-22.740000,28.670000
0.992,-0.248000,-0.799000,0.570000,43.206000,25.130000,-24.191000,28.620000
0.999,-0.296000,-0.795000,0.562000,44.115000,24.603000,-26.046000,28.720000
1.011,-0.230000,-0.739000,0.610000,37.252000,32.802000,-26.504000,28.620000
1.018,-0.324000,-0.703000,0.574000,26.420000,27.328000,-21.969000,28.770000
1.030,-0.343000,-0.772000,0.479000,8.954000,27.031000,-21.496000,28.720000
1.037,-0.314000,-0.779000,0.431000,-3.176000,15.000000,-23.679000,28.620000
1.049,-0.321000,-0.855000,0.346000,-12.832000,1.244000,-25.466000,28.620000
1.061,-0.183000,-0.966000,0.260000,-11.168000,-3.580000,-32.931000,28.580000
1.068,-0.144000,-0.959000,0.351000,-11.580000,11.939000,-29.420000,28.580000
1.080,-0.171000,-1.013000,0.303000,-2.985000,14.931000,-21.954000,28.620000
1.087,-0.214000,-0.998000,0.356000,10.534000,15.588000,-17.198000,28.620000
1.099,-0.253000,-0.910000,0.418000,22.069000,18.366000,-9.855000,28.670000
1.111,-0.283000,-0.860000,0.423000,28.618000,22.947000,-7.237000,28.580000
1.118,-0.292000,-0.762000,0.465000,29.206000,28.641000,-11.901000,28.670000
1.131,-0.376000,-0.734000,0.448000,21.954000,26.550000,-15.649000,28.620000
1.137,-0.328000,-0.773000,0.385000,14.878000,26.168000,-24.855000,28.620000
1.149,-0.343000,-0.841000,0.339000,6.725000,22.046000,-26.183000,28.580000
1.162,-0.343000,-0.908000,0.290000,-0.267000,9.107000,-23.130000,28.580000
1.168,-0.255000,-0.973000,0.260000,-4.458000,0.466000,-19.718000,28.620000
1.181,-0.205000,-1.013000,0.265000,-5.145000,-6.099000,-13.550000,28.620000
1.188,-0.105000,-1.063000,0.275000,4.901000,-4.069000,-10.420000,28.720000
1.200,-0.056000,-1.006000,0.346000,16.015000,7.076000,-3.557000,28.720000
1.207,-0.187000,-0.959000,0.346000,25.344000,11.321000,3.824000,28.670000
1.219,-0.226000,-0.947000,0.350000,32.420000,11.534000,5.695000,28.720000
1.232,-0.268000,-0.898000,0.357000,34.489000,8.718000,3.115000,28.620000
1.239,-0.318000,-0.872000,0.366000,32.214000,0.863000,-2.962000,28.670000
1.251,-0.292000,-0.870000,0.378000,27.153000,-2.985000,-8.130000,28.670000
1.258,-0.262000,-0.878000,0.364000,23.260000,-7.901000,-7.794000,28.670000
1.270,-0.216000,-0.833000,0.385000,25.870000,-9.641000,-6.084000,28.620000
1.278,-0.198000,-0.809000,0.433000,28.771000,-0.641000,2.214000,28.620000
1.290,-0.281000,-0.783000,0.485000,27.023000,-2.397000,8.504000,28.580000
1.302,-0.333000,-0.808000,0.464000,27.618000,-6.786000,8.481000,28.580000
1.309,-0.305000,-0.788000,0.503000,28.962000,-9.298000,3.031000,28.620000
1.321,-0.326000,-0.779000,0.502000,28.313000,-12.359000,1.473000,28.530000
1.328,-0.295000,-0.785000,0.466000,28.298000,-15.061000,-0.244000,28.620000
1.340,-0.290000,-0.755000,0.453000,27.366000,-13.603000,1.870000,28.580000
1.347,-0.333000,-0.739000,0.460000,28.908000,-17.481000,6.427000,28.670000
1.359,-0.347000,-0.714000,0.472000,29.817000,-24.809000,10.359000,28.620000
1.371,-0.391000,-0.713000,0.490000,26.664000,-36.153000,12.366000,28.620000
1.378,-0.331000,-0.707000,0.473000,17.435000,-41.092000,7.542000,28.620000
1.391,-0.273000,-0.687000,0.539000,10.206000,-45.260000,5.763000,28.670000
1.397,-0.172000,-0.731000,0.540000,5.221000,-44.046000,5.427000,28.670000
1.410,-0.113000,-0.747000,0.558000,2.847000,-32.145000,8.580000,28.720000
1.417,-0.142000,-0.732000,0.536000,8.626000,-22.672000,12.397000,28.720000
1.430,-0.232000,-0.749000,0.559000,5.481000,-17.305000,17.634000,28.670000
1.442,-0.276000,-0.729000,0.530000,3.092000,-20.802000,16.794000,28.670000
1.448,-0.307000,-0.745000,0.512000,-0.985000,-26.939000,14.389000,28.720000
1.460,-0.241000,-0.760000,0.507000,-1.588000,-33.389000,8.649000,28.620000
1.467,-0.194000,-0.741000,0.537000,-2.061000,-35.435000,8.084000,28.720000
1.481,-0.156000,-0.792000,0.523000,0.511000,-33.481000,10.595000,28.670000
1.492,-0.142000,-0.795000,0.527000,3.252000,-27.176000,13.237000,28.580000
1.499,-0.215000,-0.801000,0.519000,4.527000,-24.802000,16.061000,28.720000
1.511,-0.233000,-0.806000,0.503000,6.443000,-23.588000,15.534000,28.720000
1.518,-0.231000,-0.796000,0.502000,7.023000,-27.389000,13.550000,28.670000
1.530,-0.241000,-0.795000,0.498000,7.031000,-34.267000,11.954000,28.670000
1.537,-0.189000,-0.752000,0.495000,6.115000,-32.969000,12.809000,28.720000
1.549,-0.238000,-0.755000,0.518000,4.550000,-37.427000,15.664000,28.720000
1.562,-0.190000,-0.779000,0.491000,3.534000,-37.466000,14.191000,28.530000
1.568,-0.201000,-0.768000,0.544000,3.359000,-32.443000,12.237000,28.670000
1.580,-0.331000,-0.872000,0.564000,10.595000,-50.992000,15.176000,28.670000
1.588,-0.241000,-0.863000,0.515000,10.954000,-45.771000,9.557000,28.620000
1.600,-0.255000,-0.826000,0.515000,10.519000,-50.290000,11.573000,28.620000
1.612,-0.241000,-0.781000,0.545000,12.389000,-57.603000,10.374000,28.580000
1.619,-0.159000,-0.718000,0.565000,9.061000,-53.145000,7.794000,28.670000
1.632,-0.171000,-0.730000,0.573000,11.901000,-51.145000,7.924000,28.620000
1.639,-0.152000,-0.725000,0.587000,8.603000,-48.069000,6.168000,28.620000
1.650,-0.129000,-0.677000,0.572000,11.053000,-45.496000,3.809000,28.670000
1.657,-0.139000,-0.709000,0.553000,8.527000,-41.947000,0.962000,28.670000
1.670,-0.025000,-0.692000,0.538000,10.313000,-25.176000,-6.221000,28.670000
1.682,-0.028000,-0.625000,0.579000,9.794000,-5.260000,-3.901000,28.620000
1.689,-0.149000,-0.699000,0.530000,12.214000,-4.252000,-1.511000,28.720000
1.701,-0.167000,-0.663000,0.462000,15.870000,-4.969000,-0.435000,28.770000
1.708,-0.222000,-0.680000,0.469000,18.420000,-15.183000,2.580000,28.580000
1.720,-0.204000,-0.756000,0.428000,17.718000,-28.336000,3.061000,28.720000
1.728,-0.211000,-0.738000,0.398000,13.137000,-41.740000,6.672000,28.620000
1.740,-0.242000,-0.742000,0.394000,7.924000,-54.748000,9.649000,28.720000
1.752,-0.163000,-0.731000,0.441000,12.183000,-59.863000,8.206000,28.580000
1.759,-0.142000,-0.690000,0.472000,7.870000,-65.160000,6.252000,28.720000
1.771,-0.085000,-0.644000,0.512000,5.427000,-66.962000,0.176000,28.720000
1.778,-0.030000,-0.576000,0.580000,7.244000,-62.977000,-5.260000,28.620000
1.790,-0.056000,-0.606000,0.548000,10.511000,-58.855000,-7.267000,28.670000
1.797,0.005000,-0.628000,0.539000,12.832000,-59.237000,-4.702000,28.770000
1.809,-0.005000,-0.650000,0.523000,15.160000,-57.611000,2.588000,28.620000
1.823,0.060000,-0.735000,0.479000,23.305000,-58.519000,3.336000,28.620000
1.829,0.149000,-0.741000,0.571000,33.748000,-46.069000,3.504000,28.770000
1.841,0.178000,-0.734000,0.624000,44.084000,-33.840000,11.489000,28.770000
1.848,0.104000,-0.719000,0.542000,38.565000,-29.718000,14.298000,28.530000
1.860,0.057000,-0.618000,0.543000,37.008000,-28.664000,15.855000,28.720000
1.867,-0.048000,-0.630000,0.585000,31.359000,-34.924000,15.466000,28.720000
1.880,0.025000,-0.550000,0.652000,25.763000,-36.290000,12.443000,28.670000
1.891,0.026000,-0.473000,0.757000,13.290000,-33.389000,17.435000,28.670000
1.898,0.085000,-0.516000,0.725000,-1.046000,-32.015000,20.733000,28.620000
1.911,0.081000,-0.591000,0.781000,-7.389000,-26.023000,23.420000,28.620000
1.917,0.029000,-0.585000,0.738000,-11.916000,-11.695000,29.099000,28.720000
1.930,-0.015000,-0.633000,0.682000,-8.550000,-24.641000,34.664000,28.670000
1.942,0.042000,-0.646000,0.698000,-5.282000,-23.588000,39.099000,28.620000
1.949,0.092000,-0.661000,0.678000,0.885000,-20.954000,44.786000,28.720000
1.961,0.093000,-0.631000,0.684000,1.672000,-14.863000,50.427000,28.720000
1.968,0.093000,-0.600000,0.624000,6.916000,-2.229000,54.740000,28.580000
1.981,0.046000,-0.649000,0.580000,4.840000,11.374000,54.305000,28.580000
1.988,-0.040000,-0.629000,0.625000,14.656000,27.298000,52.763000,28.720000
2.000,-0.141000,-0.666000,0.581000,17.008000,22.519000,48.015000,28.620000
2.007,-0.221000,-0.655000,0.538000,21.305000,12.023000,39.496000,28.770000
2.019,-0.237000,-0.601000,0.566000,29.076000,4.084000,31.672000,28.670000
2.032,-0.209000,-0.599000,0.638000,32.885000,-5.702000,21.191000,28.720000
2.038,-0.082000,-0.534000,0.729000,32.901000,1.282000,10.260000,28.720000
2.051,-0.054000,-0.523000,0.780000,30.023000,13.160000,7.771000,28.670000
2.057,-0.068000,-0.567000,0.750000,18.626000,23.000000,10.122000,28.670000
2.070,-0.141000,-0.613000,0.764000,6.214000,28.130000,18.374000,28.770000
2.077,-0.108000,-0.611000,0.684000,-0.458000,34.511000,18.389000,28.720000
2.090,-0.193000,-0.625000,0.659000,-4.641000,20.481000,16.855000,28.720000
2.101,-0.179000,-0.579000,0.632000,-6.603000,19.290000,13.176000,28.720000
2.108,-0.207000,-0.626000,0.673000,-5.939000,15.649000,11.130000,28.770000
2.121,-0.230000,-0.621000,0.591000,-12.260000,14.397000,5.099000,28.720000
2.128,-0.248000,-0.671000,0.617000,-8.473000,8.595000,1.038000,28.720000
2.140,-0.159000,-0.693000,0.597000,-9.046000,1.252000,-5.359000,28.670000
2.147,-0.141000,-0.702000,0.594000,-4.511000,-9.298000,-8.489000,28.670000
2.159,-0.124000,-0.694000,0.577000,1.229000,-11.863000,-9.198000,28.620000
2.173,-0.104000,-0.693000,0.568000,1.206000,-9.443000,-6.000000,28.620000
2.178,-0.120000,-0.690000,0.549000,-4.427000,-5.695000,-2.282000,28.620000
2.191,-0.154000,-0.695000,0.550000,-6.221000,-5.107000,0.405000,28.670000
2.198,-0.148000,-0.753000,0.557000,-7.405000,-9.153000,-1.565000,28.670000
2.210,-0.126000,-0.698000,0.626000,-3.237000,-8.466000,-1.252000,28.620000
2.215,-0.126000,-0.709000,0.655000,-1.863000,-14.405000,-3.237000,28.620000
2.229,-0.065000,-0.687000,0.679000,4.687000,-9.992000,-4.954000,28.670000
2.242,-0.083000,-0.697000,0.699000,5.878000,-0.237000,-2.275000,28.670000
2.248,-0.112000,-0.721000,0.653000,3.244000,2.305000,0.061000,28.720000
2.261,-0.110000,-0.705000,0.629000,0.977000,7.153000,2.031000,28.720000
2.268,-0.153000,-0.700000,0.625000,-3.748000,3.916000,4.565000,28.620000
2.280,-0.157000,-0.692000,0.629000,-7.947000,-2.427000,5.252000,28.720000
2.288,-0.133000,-0.701000,0.651000,-8.542000,-5.206000,4.733000,28.770000
2.300,-0.129000,-0.699000,0.667000,-9.916000,-3.763000,4.412000,28.810000
2.307,-0.124000,-0.710000,0.661000,-8.809000,-0.519000,5.504000,28.720000
2.319,-0.139000,-0.709000,0.635000,-8.656000,3.557000,5.359000,28.770000
2.332,-0.170000,-0.699000,0.628000,-7.282000,4.221000,4.641000,28.670000
2.339,-0.185000,-0.700000,0.626000,-6.115000,0.794000,1.046000,28.670000
2.351,-0.194000,-0.690000,0.622000,-5.412000,-2.496000,-3.031000,28.720000
2.358,-0.160000,-0.666000,0.642000,-2.244000,-0.084000,-7.076000,28.720000
2.370,-0.138000,-0.682000,0.657000,0.481000,2.115000,-7.893000,28.670000
2.378,-0.129000,-0.696000,0.643000,0.916000,6.573000,-6.832000,28.670000
2.390,-0.137000,-0.702000,0.617000,2.718000,10.786000,-5.237000,28.620000
2.397,-0.168000,-0.708000,0.628000,3.137000,9.954000,-5.443000,28.620000
2.409,-0.137000,-0.699000,0.624000,3.550000,9.504000,-9.359000,28.770000
2.421,-0.106000,-0.658000,0.685000,1.733000,15.160000,-13.221000,28.580000
2.429,-0.076000,-0.643000,0.718000,-2.038000,19.916000,-13.107000,28.670000
2.441,-0.079000,-0.650000,0.719000,-6.595000,25.977000,-10.824000,28.620000
2.447,-0.105000,-0.666000,0.701000,-10.290000,30.115000,-6.802000,28.720000
2.459,-0.188000,-0.700000,0.639000,-14.397000,27.313000,-3.603000,28.720000
2.473,-0.232000,-0.690000,0.612000,-17.145000,20.153000,-2.481000,28.770000
2.478,-0.221000,-0.682000,0.609000,-18.412000,12.878000,-6.244000,28.810000
2.491,-0.148000,-0.634000,0.683000,-18.214000,14.290000,-14.580000,28.620000
2.497,-0.112000,-0.636000,0.729000,-18.565000,21.038000,-18.046000,28.720000
2.509,-0.077000,-0.686000,0.725000,-17.389000,24.176000,-19.855000,28.770000
2.521,-0.089000,-0.714000,0.719000,-17.962000,31.496000,-17.206000,28.770000
2.529,-0.144000,-0.732000,0.677000,-17.595000,35.008000,-14.153000,28.720000
2.541,-0.166000,-0.707000,0.663000,-18.824000,34.115000,-13.328000,28.620000
2.547,-0.154000,-0.679000,0.682000,-20.740000,32.084000,-14.626000,28.670000
2.559,-0.134000,-0.649000,0.709000,-25.130000,31.565000,-14.588000,28.670000
2.571,-0.065000,-0.663000,0.714000,-28.443000,38.359000,-17.656000,28.620000
2.578,-0.029000,-0.630000,0.760000,-32.069000,56.672000,-16.450000,28.720000
2.591,-0.071000,-0.672000,0.708000,-36.710000,61.160000,-11.916000,28.770000
2.597,-0.113000,-0.669000,0.667000,-40.298000,65.359000,-7.924000,28.670000
2.609,-0.164000,-0.654000,0.596000,-40.901000,63.313000,-5.527000,28.670000
2.621,-0.241000,-0.691000,0.548000,-47.786000,57.710000,-4.809000,28.810000
2.629,-0.261000,-0.672000,0.521000,-47.130000,51.137000,-8.427000,28.810000
2.640,-0.237000,-0.678000,0.541000,-42.565000,47.832000,-13.267000,28.810000
2.647,-0.214000,-0.679000,0.534000,-37.710000,49.382000,-17.481000,28.770000
2.659,-0.269000,-0.685000,0.514000,-34.229000,45.557000,-20.221000,28.720000
2.671,-0.311000,-0.728000,0.465000,-37.656000,42.863000,-22.954000,28.720000
2.678,-0.279000,-0.744000,0.468000,-40.519000,38.847000,-26.779000,28.770000
2.691,-0.225000,-0.741000,0.515000,-36.107000,44.527000,-34.649000,28.770000
2.702,-0.178000,-0.718000,0.551000,-32.374000,46.702000,-39.573000,28.770000
2.708,-0.122000,-0.705000,0.562000,-30.542000,51.122000,-43.389000,28.810000
2.721,-0.082000,-0.688000,0.579000,-27.687000,58.374000,-44.595000,28.720000
2.728,-0.106000,-0.723000,0.561000,-29.718000,61.588000,-40.328000,28.770000
2.740,-0.153000,-0.765000,0.522000,-31.092000,56.160000,-35.382000,28.670000
2.752,-0.228000,-0.744000,0.450000,-37.092000,51.084000,-30.153000,28.620000
2.758,-0.268000,-0.774000,0.407000,-39.435000,35.374000,-27.252000,28.810000
2.770,-0.183000,-0.801000,0.376000,-39.519000,35.382000,-32.916000,28.720000
2.778,-0.161000,-0.764000,0.445000,-37.924000,39.924000,-35.809000,28.770000
2.790,-0.114000,-0.771000,0.433000,-28.901000,41.817000,-41.458000,28.670000
2.802,-0.095000,-0.784000,0.465000,-24.061000,47.710000,-41.679000,28.810000
2.808,-0.145000,-0.792000,0.479000,-25.405000,48.832000,-38.992000,28.720000
2.820,-0.207000,-0.845000,0.403000,-26.939000,37.824000,-35.344000,28.810000
2.828,-0.179000,-0.815000,0.407000,-26.305000,33.863000,-35.656000,28.670000
2.839,-0.114000,-0.791000,0.442000,-24.252000,36.160000,-37.382000,28.620000
2.851,-0.046000,-0.773000,0.445000,-24.786000,44.496000,-40.168000,28.810000
2.858,0.002000,-0.753000,0.478000,-25.321000,56.374000,-40.221000,28.720000
2.870,-0.000000,-0.766000,0.490000,-30.740000,61.611000,-36.603000,28.670000
2.877,-0.008000,-0.798000,0.445000,-37.076000,65.115000,-29.542000,28.770000
2.889,-0.056000,-0.807000,0.389000,-41.473000,66.702000,-21.527000,28.720000
2.901,-0.073000,-0.814000,0.362000,-45.901000,66.840000,-15.458000,28.720000
2.908,-0.051000,-0.794000,0.360000,-44.947000,71.893000,-14.595000,28.770000
2.920,-0.089000,-0.756000,0.375000,-39.550000,72.031000,-11.504000,28.770000
2.932,-0.079000,-0.761000,0.375000,-37.954000,74.618000,-11.153000,28.720000
2.939,-0.083000,-0.787000,0.367000,-37.450000,78.771000,-13.099000,28.720000
2.951,-0.137000,-0.790000,0.364000,-38.695000,83.863000,-11.053000,28.720000
2.958,-0.216000,-0.794000,0.329000,-46.069000,73.618000,-11.802000,28.770000
2.970,-0.181000,-0.743000,0.345000,-57.084000,62.939000,-13.244000,28.670000
2.982,-0.136000,-0.739000,0.342000,-67.458000,57.244000,-13.702000,28.720000
2.989,-0.109000,-0.756000,0.348000,-75.336000,56.145000,-16.870000,28.720000
3.001,-0.122000,-0.827000,0.301000,-73.244000,44.450000,-11.519000,28.720000
3.007,-0.114000,-0.891000,0.267000,-75.756000,41.824000,-5.267000,28.770000
3.019,-0.129000,-0.941000,0.207000,-73.115000,40.847000,0.763000,28.770000
3.032,-0.115000,-0.909000,0.216000,-78.679000,49.458000,5.153000,28.810000
3.039,-0.152000,-0.885000,0.217000,-76.076000,51.794000,4.817000,28.720000
3.051,-0.134000,-0.842000,0.213000,-71.618000,52.893000,-1.649000,28.770000
3.057,-0.067000,-0.800000,0.213000,-66.053000,64.229000,-10.511000,28.770000
3.070,-0.061000,-0.891000,0.220000,-51.191000,70.847000,-13.405000,28.720000
3.082,-0.131000,-0.939000,0.186000,-55.176000,72.840000,-8.794000,28.720000
3.089,-0.170000,-0.971000,0.166000,-53.481000,67.420000,-9.130000,28.720000
3.101,-0.164000,-0.910000,0.190000,-60.511000,65.198000,-10.389000,28.770000
3.108,-0.198000,-0.908000,0.130000,-68.473000,55.443000,-10.130000,28.860000
3.120,-0.158000,-0.900000,0.111000,-78.069000,49.008000,-8.702000,28.720000
3.132,-0.100000,-0.902000,0.176000,-75.656000,41.580000,-5.565000,28.720000
3.139,-0.069000,-0.886000,0.130000,-76.664000,43.634000,-1.855000,28.770000
3.151,-0.047000,-0.920000,0.126000,-74.008000,54.237000,4.099000,28.770000
3.158,-0.103000,-0.949000,0.067000,-72.863000,59.519000,12.191000,28.670000
3.170,-0.178000,-0.949000,0.001000,-73.214000,56.344000,12.771000,28.720000
3.177,-0.217000,-0.955000,-0.038000,-75.809000,46.885000,11.221000,28.720000
3.192,-0.253000,-0.976000,-0.018000,-67.931000,40.023000,4.511000,28.720000
3.201,-0.181000,-0.876000,-0.024000,-65.649000,44.427000,-0.298000,28.770000
3.208,-0.152000,-0.858000,-0.021000,-64.282000,44.611000,-1.214000,28.720000
3.220,-0.127000,-0.885000,-0.042000,-65.076000,44.687000,1.237000,28.810000
3.226,-0.195000,-0.973000,-0.009000,-64.542000,40.710000,11.817000,28.720000
3.239,-0.208000,-0.984000,-0.101000,-63.397000,36.656000,10.237000,28.770000
3.251,-0.277000,-0.981000,-0.142000,-62.321000,29.649000,10.252000,28.670000
3.257,-0.281000,-0.964000,-0.197000,-65.618000,29.061000,7.847000,28.910000
3.270,-0.204000,-0.954000,-0.209000,-61.832000,34.092000,2.099000,28.720000
3.282,-0.205000,-0.958000,-0.166000,-50.740000,39.779000,-0.389000,28.580000
3.289,-0.181000,-0.983000,-0.166000,-42.084000,45.191000,-2.466000,28.770000
3.301,-0.241000,-1.028000,-0.166000,-38.389000,42.130000,-1.366000,28.770000
3.307,-0.281000,-1.010000,-0.179000,-37.893000,39.313000,0.901000,28.810000
3.320,-0.307000,-0.992000,-0.201000,-39.206000,35.305000,1.031000,28.720000
3.332,-0.310000,-0.982000,-0.219000,-38.763000,30.718000,-0.420000,28.770000
3.339,-0.256000,-0.965000,-0.207000,-37.702000,31.038000,-1.397000,28.670000
3.351,-0.230000,-0.941000,-0.196000,-31.870000,28.443000,-1.885000,28.720000
3.357,-0.202000,-0.919000,-0.162000,-30.595000,23.916000,-1.840000,28.810000
3.370,-0.226000,-0.966000,-0.167000,-34.290000,15.092000,1.290000,28.720000
3.382,-0.188000,-0.989000,-0.173000,-40.908000,13.809000,5.298000,28.770000
3.389,-0.231000,-0.999000,-0.207000,-43.603000,5.588000,7.183000,28.670000
3.401,-0.208000,-0.972000,-0.209000,-45.695000,2.298000,11.008000,28.720000
3.408,-0.172000,-0.923000,-0.249000,-51.656000,6.290000,12.779000,28.720000
3.420,-0.144000,-0.883000,-0.244000,-48.153000,11.015000,15.779000,28.770000
3.432,-0.170000,-0.907000,-0.220000,-45.748000,6.427000,18.748000,28.770000
3.439,-0.202000,-0.917000,-0.247000,-47.550000,5.046000,22.466000,28.670000
3.451,-0.257000,-0.941000,-0.260000,-49.473000,1.221000,26.023000,28.720000
3.457,-0.320000,-0.977000,-0.272000,-49.435000,-4.664000,27.756000,28.720000
3.470,-0.284000,-0.927000,-0.294000,-53.168000,-1.702000,26.420000,28.770000
3.482,-0.294000,-0.918000,-0.309000,-53.389000,-1.298000,27.031000,28.770000
3.489,-0.256000,-0.874000,-0.316000,-53.244000,1.519000,26.206000,28.720000
3.501,-0.250000,-0.875000,-0.335000,-51.061000,1.649000,24.435000,28.720000
3.508,-0.255000,-0.889000,-0.346000,-48.901000,-3.878000,24.290000,28.670000
3.520,-0.308000,-0.926000,-0.367000,-44.046000,-12.992000,26.389000,28.770000
3.532,-0.323000,-0.934000,-0.392000,-40.527000,-18.947000,26.885000,28.720000
3.538,-0.293000,-0.919000,-0.364000,-35.863000,-19.443000,28.130000,28.810000
3.550,-0.304000,-0.872000,-0.325000,-31.840000,-18.176000,31.122000,28.810000
3.557,-0.302000,-0.857000,-0.353000,-28.908000,-22.954000,33.099000,28.770000
3.569,-0.213000,-0.872000,-0.319000,-20.435000,-19.542000,34.496000,28.860000
3.581,-0.230000,-0.890000,-0.291000,-12.924000,-16.870000,40.473000,28.720000
3.588,-0.246000,-0.915000,-0.269000,-5.145000,-10.908000,46.763000,28.810000
3.600,-0.294000,-0.962000,-0.303000,1.282000,-7.183000,52.260000,28.770000
3.607,-0.323000,-0.946000,-0.325000,6.344000,-3.115000,56.664000,28.770000
3.619,-0.347000,-0.930000,-0.358000,8.702000,-3.397000,60.061000,28.810000
3.632,-0.344000,-0.928000,-0.389000,8.038000,-6.092000,61.458000,28.720000
3.639,-0.410000,-0.900000,-0.361000,8.008000,-7.252000,66.046000,28.720000
3.651,-0.440000,-0.926000,-0.373000,8.641000,-9.718000,68.802000,28.670000
3.657,-0.462000,-0.930000,-0.341000,10.817000,-14.519000,69.160000,28.860000
3.669,-0.480000,-0.900000,-0.335000,11.450000,-19.725000,68.198000,28.810000
3.682,-0.481000,-0.873000,-0.332000,10.023000,-28.115000,65.389000,28.810000
3.688,-0.515000,-0.857000,-0.333000,8.580000,-41.618000,63.679000,28.770000
3.700,-0.545000,-0.826000,-0.334000,4.573000,-55.313000,60.939000,28.860000
3.707,-0.550000,-0.841000,-0.341000,-1.305000,-65.748000,55.260000,28.720000
3.719,-0.563000,-0.782000,-0.260000,-7.473000,-70.092000,49.412000,28.810000
3.732,-0.573000,-0.829000,-0.246000,-18.115000,-72.122000,41.809000,28.720000
3.738,-0.598000,-0.865000,-0.253000,-29.183000,-76.786000,35.855000,28.770000
3.750,-0.601000,-0.896000,-0.253000,-33.458000,-80.710000,32.137000,28.860000
3.762,-0.584000,-0.941000,-0.230000,-33.748000,-82.389000,31.534000,28.720000
3.768,-0.596000,-0.948000,-0.274000,-33.756000,-81.221000,29.756000,28.810000
3.781,-0.583000,-1.014000,-0.334000,-32.137000,-76.458000,29.389000,28.860000
3.788,-0.600000,-1.049000,-0.351000,-30.328000,-72.893000,28.527000,28.670000
3.799,-0.731000,-1.063000,-0.405000,-22.832000,-78.908000,26.206000,28.810000
3.811,-0.647000,-1.070000,-0.386000,-11.450000,-79.824000,15.573000,28.810000
3.818,-0.614000,-1.073000,-0.348000,-8.947000,-74.718000,1.443000,28.810000
3.831,-0.627000,-1.051000,-0.354000,-1.718000,-83.511000,-10.679000,28.770000
3.837,-0.573000,-1.033000,-0.294000,1.618000,-89.229000,-17.679000,28.670000
3.849,-0.504000,-0.975000,-0.256000,1.382000,-90.962000,-21.618000,28.810000
3.861,-0.475000,-0.950000,-0.243000,-3.832000,-89.794000,-22.084000,28.720000
3.867,-0.478000,-0.968000,-0.275000,-7.695000,-90.244000,-18.191000,28.770000
3.880,-0.455000,-1.029000,-0.279000,-11.557000,-84.130000,-8.534000,28.860000
3.892,-0.481000,-1.027000,-0.317000,-2.290000,-84.824000,-1.962000,28.810000
3.898,-0.505000,-1.065000,-0.316000,5.679000,-79.076000,4.565000,28.720000
3.911,-0.476000,-1.073000,-0.304000,16.305000,-67.534000,2.084000,28.720000
3.917,-0.481000,-1.078000,-0.262000,26.534000,-54.458000,-1.557000,28.810000
3.930,-0.500000,-1.073000,-0.226000,38.366000,-45.397000,-4.870000,28.770000
3.942,-0.480000,-1.026000,-0.209000,46.870000,-37.580000,-5.824000,28.810000
3.948,-0.470000,-0.990000,-0.166000,52.458000,-29.183000,-6.160000,28.810000
3.961,-0.465000,-0.954000,-0.124000,53.840000,-25.397000,-5.748000,28.770000
3.967,-0.468000,-0.933000,-0.099000,51.595000,-25.542000,-1.290000,28.860000
3.979,-0.491000,-0.923000,-0.089000,47.511000,-22.664000,4.351000,28.770000
3.991,-0.516000,-0.910000,-0.065000,44.008000,-22.443000,10.580000,28.810000
3.998,-0.540000,-0.928000,-0.063000,42.374000,-22.321000,14.206000,28.720000
4.010,-0.592000,-0.948000,-0.061000,40.221000,-19.748000,17.191000,28.770000
4.017,-0.570000,-0.949000,-0.059000,44.290000,-17.794000,15.191000,28.860000
4.029,-0.565000,-0.922000,-0.011000,46.153000,-11.611000,14.359000,28.810000
4.042,-0.567000,-0.907000,0.007000,47.916000,-3.458000,12.496000,28.720000
4.048,-0.564000,-0.870000,0.010000,47.977000,3.275000,11.076000,28.770000
4.061,-0.584000,-0.842000,0.014000,46.359000,6.763000,9.282000,28.770000
4.068,-0.605000,-0.833000,-0.002000,44.107000,7.038000,7.511000,28.720000
4.080,-0.609000,-0.827000,-0.020000,41.695000,5.115000,5.885000,28.810000
4.088,-0.609000,-0.826000,-0.031000,38.580000,1.832000,3.779000,28.720000
4.099,-0.601000,-0.833000,-0.031000,36.260000,-2.023000,0.809000,28.810000
4.111,-0.593000,-0.841000,-0.036000,34.527000,-4.962000,-2.053000,28.770000
4.118,-0.551000,-0.837000,-0.047000,33.840000,-7.702000,-5.130000,28.810000
4.131,-0.510000,-0.814000,-0.021000,32.153000,-7.679000,-8.168000,28.810000
4.137,-0.499000,-0.792000,0.011000,28.473000,-7.198000,-11.992000,28.770000
4.149,-0.531000,-0.833000,0.024000,24.137000,-11.023000,-15.679000,28.770000
4.161,-0.550000,-0.855000,0.038000,20.260000,-14.359000,-19.405000,28.770000
4.168,-0.537000,-0.878000,0.042000,16.763000,-18.481000,-22.252000,28.810000
4.181,-0.529000,-0.890000,0.041000,13.511000,-22.038000,-24.664000,28.810000
4.187,-0.505000,-0.886000,0.046000,10.389000,-25.221000,-25.229000,28.860000
4.199,-0.476000,-0.896000,0.037000,7.794000,-27.847000,-24.481000,28.860000
4.212,-0.460000,-0.891000,0.049000,5.672000,-27.328000,-22.947000,28.810000
4.219,-0.440000,-0.902000,0.052000,2.458000,-24.115000,-20.489000,28.910000
4.232,-0.453000,-0.931000,0.074000,6.038000,-22.786000,-18.183000,28.860000
4.237,-0.446000,-0.934000,0.064000,5.962000,-17.809000,-16.275000,28.670000
4.250,-0.445000,-0.945000,0.062000,9.779000,-19.092000,-16.924000,28.770000
4.262,-0.451000,-0.939000,0.070000,10.977000,-18.336000,-15.626000,28.810000
4.268,-0.419000,-0.920000,0.086000,11.145000,-12.977000,-13.527000,28.810000
4.281,-0.440000,-0.933000,0.083000,9.817000,-8.786000,-9.427000,28.810000
4.288,-0.455000,-0.944000,0.075000,10.794000,-7.336000,-4.893000,28.770000
4.300,-0.458000,-0.949000,0.092000,13.160000,-5.160000,-0.679000,28.720000
4.307,-0.441000,-0.940000,0.092000,15.969000,-0.573000,1.847000,28.810000
4.319,-0.452000,-0.906000,0.102000,17.366000,3.847000,4.397000,28.720000
4.331,-0.467000,-0.902000,0.084000,17.641000,5.260000,5.130000,28.770000
4.339,-0.461000,-0.881000,0.090000,16.382000,7.649000,3.153000,28.860000
4.351,-0.494000,-0.880000,0.100000,14.573000,7.061000,2.015000,28.810000
4.358,-0.491000,-0.882000,0.075000,13.511000,3.893000,1.160000,28.810000
4.371,-0.479000,-0.870000,0.086000,12.893000,3.473000,-0.168000,28.770000
4.378,-0.466000,-0.859000,0.083000,11.634000,3.198000,-0.595000,28.770000
4.390,-0.438000,-0.862000,0.102000,9.275000,4.672000,1.305000,28.860000
4.397,-0.469000,-0.861000,0.081000,9.160000,3.076000,1.221000,28.620000
4.410,-0.482000,-0.889000,0.049000,9.046000,3.519000,2.137000,28.810000
4.417,-0.505000,-0.899000,0.040000,10.618000,2.580000,3.359000,28.860000
4.429,-0.515000,-0.904000,0.044000,13.374000,2.130000,4.382000,28.860000
4.442,-0.500000,-0.907000,0.072000,16.595000,4.290000,3.527000,28.810000
4.449,-0.491000,-0.898000,0.092000,18.939000,8.947000,2.603000,28.810000
4.461,-0.486000,-0.876000,0.106000,20.137000,13.901000,2.901000,28.810000
4.468,-0.502000,-0.868000,0.113000,19.527000,16.573000,3.443000,28.770000
4.480,-0.501000,-0.865000,0.140000,19.427000,16.313000,2.603000,28.860000
4.488,-0.517000,-0.835000,0.171000,16.519000,18.206000,1.466000,28.910000
4.500,-0.538000,-0.851000,0.175000,13.313000,16.718000,0.473000,28.910000
4.507,-0.550000,-0.860000,0.163000,9.588000,14.069000,-0.969000,28.770000
4.519,-0.551000,-0.860000,0.156000,7.015000,10.573000,-2.420000,28.770000
4.532,-0.530000,-0.876000,0.163000,5.588000,7.237000,-4.763000,28.810000
4.539,-0.511000,-0.893000,0.172000,5.374000,5.603000,-6.679000,28.910000
4.551,-0.498000,-0.908000,0.178000,6.244000,4.290000,-7.618000,28.910000
4.558,-0.476000,-0.898000,0.197000,6.817000,4.809000,-9.206000,28.860000
4.570,-0.447000,-0.902000,0.211000,6.427000,5.420000,-11.336000,28.770000
4.579,-0.443000,-0.912000,0.213000,4.038000,3.237000,-13.099000,28.910000
4.590,-0.437000,-0.900000,0.205000,0.969000,2.664000,-13.076000,28.810000
4.596,-0.431000,-0.909000,0.193000,-1.885000,2.153000,-11.779000,28.860000
4.609,-0.418000,-0.913000,0.188000,-4.130000,2.634000,-9.786000,28.950000
4.621,-0.407000,-0.916000,0.180000,-5.641000,3.031000,-6.405000,28.810000
4.629,-0.396000,-0.920000,0.163000,-6.160000,4.435000,-2.985000,28.910000
4.641,-0.402000,-0.947000,0.140000,-5.069000,5.023000,1.252000,28.810000
4.648,-0.399000,-0.958000,0.130000,-2.573000,6.756000,3.916000,28.770000
4.660,-0.386000,-0.955000,0.130000,-0.870000,11.397000,5.511000,28.770000
4.667,-0.381000,-0.952000,0.130000,2.313000,15.023000,6.878000,28.810000
4.680,-0.376000,-0.946000,0.127000,2.679000,16.626000,7.069000,28.810000
4.687,-0.401000,-0.926000,0.147000,3.656000,18.771000,9.855000,28.860000
4.699,-0.415000,-0.903000,0.140000,3.076000,20.168000,12.015000,28.950000
4.711,-0.435000,-0.893000,0.131000,0.931000,19.198000,13.183000,28.860000
4.718,-0.452000,-0.883000,0.125000,-1.618000,17.168000,14.191000,28.910000
4.731,-0.452000,-0.874000,0.131000,-3.626000,14.145000,14.847000,28.910000
4.738,-0.451000,-0.883000,0.122000,-5.397000,11.252000,15.611000,28.770000
4.750,-0.442000,-0.878000,0.114000,-6.481000,9.252000,16.595000,28.860000
4.757,-0.443000,-0.875000,0.092000,-6.473000,8.405000,18.580000,28.910000
4.769,-0.439000,-0.873000,0.095000,-5.672000,8.870000,20.336000,28.810000
4.782,-0.435000,-0.868000,0.070000,-4.870000,9.427000,20.878000,28.810000
4.789,-0.446000,-0.852000,0.076000,-3.733000,9.115000,21.282000,28.860000
4.801,-0.464000,-0.849000,0.060000,-1.969000,9.527000,22.893000,28.950000
4.808,-0.468000,-0.836000,0.052000,0.176000,10.580000,23.779000,28.720000
4.820,-0.473000,-0.825000,0.042000,1.687000,12.313000,23.931000,28.810000
4.827,-0.496000,-0.818000,0.054000,3.290000,13.427000,23.557000,28.810000
4.841,-0.506000,-0.818000,0.053000,4.473000,12.763000,22.885000,28.770000
4.852,-0.527000,-0.822000,0.048000,5.695000,10.847000,22.092000,28.810000
4.859,-0.527000,-0.829000,0.055000,5.786000,9.771000,20.588000,28.810000
4.874,-0.513000,-0.806000,0.044000,5.580000,4.405000,16.397000,28.810000
4.881,-0.526000,-0.796000,0.053000,3.252000,0.603000,14.893000,28.860000
4.891,-0.514000,-0.789000,0.052000,1.779000,-0.466000,14.695000,28.860000
4.898,-0.516000,-0.793000,0.054000,-0.687000,-1.008000,14.870000,28.810000
4.910,-0.531000,-0.802000,0.030000,-1.107000,-3.809000,15.626000,28.810000
4.917,-0.543000,-0.823000,0.020000,-0.031000,-6.374000,16.351000,28.770000
4.929,-0.548000,-0.828000,0.030000,2.344000,-7.366000,16.473000,28.770000
4.942,-0.533000,-0.821000,0.032000,4.588000,-5.214000,15.038000,28.860000
4.948,-0.533000,-0.811000,0.039000,5.580000,-2.282000,13.733000,28.910000
4.961,-0.560000,-0.822000,0.034000,6.305000,-2.611000,13.008000,28.810000
4.968,-0.567000,-0.826000,0.051000,8.130000,-2.382000,12.328000,28.770000
4.981,-0.570000,-0.815000,0.070000,8.786000,-1.092000,11.427000,28.770000
4.988,-0.564000,-0.815000,0.077000,8.786000,-0.687000,10.748000,28.910000
4.999,-0.564000,-0.806000,0.083000,7.855000,0.443000,10.557000,28.910000
5.005,-0.578000,-0.809000,0.095000,6.817000,1.099000,10.641000,28.810000
5.019,-0.592000,-0.812000,0.096000,6.542000,2.038000,10.527000,28.950000
5.032,-0.603000,-0.820000,0.112000,5.924000,2.313000,10.069000,28.810000
5.039,-0.600000,-0.819000,0.123000,5.672000,1.656000,8.908000,28.910000
5.051,-0.605000,-0.817000,0.131000,4.718000,1.435000,7.321000,28.810000
5.058,-0.603000,-0.823000,0.126000,3.786000,-1.435000,5.237000,28.860000
5.070,-0.618000,-0.816000,0.135000,2.458000,-3.176000,3.855000,28.860000
5.079,-0.592000,-0.809000,0.136000,0.282000,-2.557000,0.992000,28.810000
5.091,-0.584000,-0.807000,0.146000,-3.137000,-1.977000,-1.305000,28.910000
5.097,-0.594000,-0.814000,0.145000,-5.656000,-4.198000,-2.389000,28.770000
5.109,-0.570000,-0.824000,0.134000,-6.405000,-4.908000,-4.458000,28.860000
5.121,-0.552000,-0.829000,0.146000,-7.511000,-5.550000,-5.557000,28.910000
5.130,-0.533000,-0.833000,0.140000,-7.260000,-7.870000,-6.313000,28.910000
5.141,-0.523000,-0.842000,0.133000,-6.977000,-9.260000,-6.656000,28.810000
5.148,-0.501000,-0.843000,0.137000,-6.977000,-9.733000,-6.374000,28.860000
5.160,-0.495000,-0.852000,0.140000,-6.198000,-9.527000,-5.260000,28.860000
5.165,-0.476000,-0.858000,0.137000,-5.069000,-8.687000,-5.405000,28.910000
5.179,-0.475000,-0.859000,0.142000,-4.580000,-7.336000,-4.870000,28.910000
5.192,-0.488000,-0.860000,0.146000,-4.626000,-8.000000,-3.542000,28.810000
5.198,-0.486000,-0.869000,0.137000,-4.084000,-7.496000,-3.641000,28.950000
5.210,-0.483000,-0.885000,0.149000,-4.382000,-5.527000,-4.191000,28.810000
5.217,-0.492000,-0.893000,0.152000,-2.206000,-7.924000,-3.221000,28.810000
5.230,-0.486000,-0.900000,0.159000,-0.802000,-8.061000,-2.366000,28.950000
5.242,-0.470000,-0.923000,0.183000,0.908000,-6.718000,-1.427000,28.860000
5.249,-0.454000,-0.922000,0.195000,1.870000,-1.992000,-0.260000,28.910000
5.271,-0.457000,-0.904000,0.200000,3.534000,4.023000,2.626000,28.810000
5.271,-0.467000,-0.913000,0.197000,4.893000,8.855000,6.344000,28.910000
time_sec,ax,ay,az,gx,gy,gz,temp_c
0.014,-0.326000,-0.936000,-0.077000,7.893000,-6.466000,7.176000,29.240000
0.027,-0.327000,-0.916000,-0.055000,10.084000,-7.183000,6.489000,29.240000
0.034,-0.319000,-0.915000,-0.047000,12.275000,-7.725000,5.901000,29.280000
0.046,-0.299000,-0.915000,-0.035000,12.679000,-8.046000,6.458000,29.280000
0.053,-0.297000,-0.913000,-0.040000,12.008000,-7.412000,7.885000,29.140000
0.066,-0.317000,-0.958000,-0.054000,12.046000,-7.336000,10.168000,29.140000
0.078,-0.321000,-0.973000,-0.063000,14.122000,-7.092000,10.595000,29.280000
0.085,-0.320000,-0.967000,-0.059000,15.435000,-4.611000,8.832000,29.280000
0.098,-0.331000,-0.984000,-0.043000,17.008000,-3.260000,7.023000,29.240000
0.106,-0.322000,-0.988000,-0.039000,18.298000,-2.183000,6.756000,29.240000
0.117,-0.305000,-0.959000,-0.024000,18.489000,-1.198000,6.809000,29.280000
0.124,-0.290000,-0.959000,-0.012000,17.313000,3.305000,5.695000,29.280000
0.137,-0.280000,-0.951000,-0.007000,15.840000,6.023000,6.779000,29.240000
0.144,-0.284000,-0.947000,-0.006000,13.603000,8.473000,6.786000,29.330000
0.157,-0.308000,-0.972000,-0.019000,11.672000,8.267000,6.519000,29.280000
0.164,-0.330000,-0.990000,-0.028000,10.885000,7.389000,4.824000,29.190000
0.176,-0.339000,-0.994000,-0.033000,10.145000,5.282000,2.443000,29.140000
0.184,-0.315000,-0.991000,-0.035000,8.824000,3.718000,1.763000,29.240000
0.197,-0.303000,-0.995000,-0.029000,7.244000,3.626000,1.893000,29.140000
0.204,-0.277000,-0.986000,-0.019000,5.969000,3.947000,2.298000,29.190000
0.216,-0.263000,-0.985000,-0.023000,4.748000,5.244000,2.527000,29.140000
0.224,-0.288000,-1.003000,-0.021000,3.527000,6.221000,3.160000,29.240000
0.236,-0.295000,-1.018000,-0.017000,4.229000,5.893000,2.725000,29.190000
0.244,-0.307000,-1.010000,-0.019000,4.031000,5.672000,1.519000,29.190000
0.256,-0.303000,-0.990000,0.004000,2.924000,4.641000,0.481000,29.240000
0.263,-0.288000,-0.980000,0.018000,1.237000,3.420000,0.779000,29.240000
0.276,-0.268000,-0.968000,0.023000,-1.885000,4.374000,1.397000,29.240000
0.288,-0.256000,-0.964000,0.017000,-3.863000,4.740000,2.580000,29.190000
0.296,-0.268000,-0.968000,-0.004000,-4.855000,6.267000,3.771000,29.190000
0.308,-0.277000,-0.989000,-0.026000,-4.382000,7.847000,4.725000,29.330000
0.315,-0.291000,-0.986000,-0.031000,-3.198000,8.573000,5.023000,29.240000
0.328,-0.317000,-0.993000,-0.042000,-1.702000,9.191000,3.878000,29.190000
0.336,-0.326000,-0.971000,-0.037000,-1.183000,8.565000,3.740000,29.280000
0.347,-0.327000,-0.944000,-0.040000,-2.420000,6.511000,3.176000,29.240000
0.354,-0.313000,-0.939000,-0.037000,-4.565000,5.206000,4.076000,29.240000
0.367,-0.322000,-0.945000,-0.036000,-5.542000,4.710000,3.115000,29.330000
0.376,-0.324000,-0.977000,-0.053000,-4.893000,3.878000,2.214000,29.190000
0.387,-0.310000,-0.967000,-0.045000,-3.214000,3.763000,0.221000,29.240000
0.394,-0.310000,-0.956000,-0.021000,-3.595000,3.809000,-1.954000,29.240000
0.406,-0.298000,-0.960000,-0.017000,-4.687000,2.824000,-1.840000,29.280000
0.413,-0.292000,-0.959000,-0.014000,-5.885000,1.298000,-0.160000,29.280000
0.426,-0.287000,-0.963000,-0.016000,-7.267000,0.092000,0.489000,29.330000
0.438,-0.275000,-0.966000,-0.034000,-8.214000,0.107000,1.931000,29.240000
0.445,-0.292000,-0.984000,-0.051000,-8.069000,-0.290000,2.504000,29.330000
0.457,-0.289000,-0.981000,-0.066000,-7.305000,0.443000,2.687000,29.190000
0.465,-0.291000,-0.982000,-0.059000,-6.450000,0.763000,2.466000,29.190000
0.478,-0.291000,-0.967000,-0.062000,-6.053000,0.649000,3.214000,29.240000
0.486,-0.289000,-0.970000,-0.061000,-7.435000,0.107000,3.878000,29.240000
0.497,-0.306000,-0.983000,-0.068000,-7.817000,-1.595000,3.870000,29.280000
0.504,-0.302000,-0.986000,-0.065000,-8.198000,-2.031000,2.389000,29.190000
0.516,-0.291000,-0.981000,-0.069000,-9.634000,-1.878000,1.832000,29.240000
0.524,-0.292000,-0.978000,-0.079000,-10.840000,-1.542000,2.611000,29.330000
0.536,-0.306000,-0.991000,-0.071000,-11.092000,-2.298000,4.702000,29.240000
0.548,-0.308000,-1.010000,-0.080000,-10.481000,-1.344000,5.450000,29.280000
0.555,-0.317000,-1.021000,-0.086000,-8.977000,-0.504000,6.901000,29.240000
0.567,-0.335000,-1.023000,-0.093000,-7.145000,-0.405000,7.221000,29.240000
0.576,-0.341000,-1.014000,-0.081000,-6.573000,-0.389000,6.748000,29.240000
0.587,-0.348000,-1.011000,-0.072000,-5.382000,-1.550000,7.588000,29.280000
0.595,-0.322000,-0.983000,-0.055000,-6.397000,-0.267000,8.634000,29.280000
0.607,-0.305000,-0.970000,-0.044000,-7.878000,2.344000,9.466000,29.240000
0.613,-0.317000,-0.959000,-0.066000,-10.015000,3.718000,11.687000,29.240000
0.626,-0.350000,-1.001000,-0.091000,-8.290000,-0.176000,16.176000,29.280000
0.635,-0.375000,-1.059000,-0.084000,-5.702000,-3.145000,22.214000,29.280000
0.645,-0.352000,-1.047000,-0.065000,-3.489000,-2.618000,21.740000,29.240000
0.658,-0.391000,-1.085000,-0.045000,-1.580000,1.557000,18.092000,29.240000
0.665,-0.430000,-1.147000,-0.067000,6.481000,-4.313000,21.954000,29.190000
0.677,-0.416000,-1.147000,-0.071000,14.977000,-10.992000,27.649000,29.190000
0.686,-0.373000,-1.136000,-0.055000,23.573000,-17.740000,33.687000,29.240000
0.696,-0.264000,-1.089000,-0.061000,24.527000,-2.763000,30.053000,29.240000
0.703,-0.281000,-1.056000,-0.043000,27.084000,8.679000,24.664000,29.140000
0.716,-0.242000,-0.975000,-0.022000,24.000000,16.542000,24.466000,29.280000
0.728,-0.308000,-0.929000,-0.011000,16.756000,22.344000,25.412000,29.330000
0.736,-0.395000,-0.978000,-0.045000,9.786000,20.656000,25.046000,29.330000
0.747,-0.434000,-0.963000,-0.051000,5.160000,13.725000,29.672000,29.280000
0.755,-0.506000,-0.977000,-0.083000,0.015000,1.519000,29.015000,29.280000
0.767,-0.519000,-1.007000,-0.102000,0.153000,-8.672000,23.511000,29.280000
0.775,-0.508000,-0.989000,-0.074000,0.313000,-15.885000,17.244000,29.240000
0.787,-0.477000,-0.992000,-0.075000,1.168000,-19.290000,9.534000,29.240000
0.794,-0.407000,-0.966000,-0.064000,0.664000,-18.748000,3.489000,29.280000
0.806,-0.333000,-0.890000,-0.013000,-8.664000,-10.977000,1.550000,29.280000
0.813,-0.351000,-0.885000,0.003000,-21.137000,-9.718000,3.634000,29.240000
0.826,-0.371000,-0.948000,-0.010000,-23.916000,-9.481000,3.855000,29.330000
0.839,-0.401000,-0.967000,-0.006000,-24.794000,-8.053000,2.214000,29.380000
0.845,-0.422000,-0.986000,-0.047000,-22.496000,-10.931000,2.534000,29.280000
0.857,-0.425000,-0.991000,-0.042000,-19.092000,-13.641000,1.366000,29.330000
0.864,-0.426000,-0.994000,-0.050000,-17.221000,-17.580000,0.435000,29.240000
0.876,-0.439000,-0.991000,-0.069000,-14.962000,-22.198000,-1.008000,29.330000
0.888,-0.428000,-0.992000,-0.079000,-12.275000,-25.901000,-2.298000,29.280000
0.895,-0.388000,-0.958000,-0.094000,-12.061000,-22.359000,-5.229000,29.240000
0.907,-0.309000,-0.905000,-0.075000,-9.664000,-19.008000,-9.145000,29.330000
0.914,-0.244000,-0.849000,-0.023000,-13.809000,-10.863000,-7.519000,29.280000
0.926,-0.241000,-0.842000,-0.023000,-21.122000,3.015000,-5.504000,29.280000
0.935,-0.304000,-0.847000,-0.005000,-24.084000,-1.214000,2.496000,29.330000
0.946,-0.333000,-0.856000,0.017000,-30.137000,-4.931000,7.840000,29.330000
0.958,-0.384000,-0.884000,0.007000,-38.046000,-9.924000,10.557000,29.240000
0.965,-0.426000,-0.952000,-0.019000,-43.611000,-16.153000,12.214000,29.280000
0.977,-0.434000,-0.993000,-0.071000,-43.679000,-23.137000,12.015000,29.280000
0.984,-0.431000,-1.039000,-0.116000,-39.901000,-26.565000,10.893000,29.330000
0.997,-0.421000,-1.068000,-0.188000,-32.527000,-30.573000,10.832000,29.240000
1.003,-0.276000,-0.978000,-0.180000,-29.794000,-12.153000,2.931000,29.280000
1.015,-0.307000,-0.960000,-0.157000,-24.229000,-1.099000,-4.573000,29.280000
1.028,-0.300000,-0.929000,-0.127000,-19.099000,5.420000,-4.435000,29.240000
1.036,-0.332000,-0.903000,-0.081000,-13.183000,9.603000,-4.908000,29.240000
1.047,-0.347000,-0.875000,-0.060000,-12.931000,10.221000,-3.740000,29.330000
1.054,-0.411000,-0.882000,-0.072000,-16.176000,6.908000,-1.863000,29.280000
1.066,-0.457000,-0.937000,-0.101000,-19.557000,-0.336000,-0.183000,29.330000
1.074,-0.475000,-0.981000,-0.161000,-21.183000,-10.756000,2.076000,29.330000
1.086,-0.496000,-1.030000,-0.221000,-19.962000,-25.595000,5.695000,29.280000
1.098,-0.432000,-1.025000,-0.257000,-15.901000,-30.076000,1.725000,29.380000
1.104,-0.336000,-1.009000,-0.247000,-12.130000,-24.313000,-4.687000,29.240000
1.117,-0.295000,-0.984000,-0.201000,-12.595000,-11.351000,-7.672000,29.240000
1.124,-0.291000,-0.950000,-0.205000,-5.557000,-9.374000,-7.542000,29.380000
1.136,-0.303000,-0.947000,-0.140000,-4.916000,-5.405000,-1.878000,29.190000
1.144,-0.307000,-0.929000,-0.125000,-2.992000,-5.550000,3.290000,29.280000
1.155,-0.346000,-0.912000,-0.123000,-3.901000,-4.176000,6.046000,29.330000
1.168,-0.424000,-0.942000,-0.151000,-6.244000,-10.733000,12.214000,29.330000
1.175,-0.479000,-0.954000,-0.187000,-6.435000,-19.992000,14.137000,29.380000
1.187,-0.505000,-0.980000,-0.212000,-8.504000,-30.565000,14.756000,29.380000
1.194,-0.506000,-1.014000,-0.218000,-5.527000,-37.382000,8.206000,29.330000
1.206,-0.458000,-1.014000,-0.225000,-1.359000,-36.931000,0.588000,29.330000
1.213,-0.454000,-1.035000,-0.218000,7.840000,-38.305000,-5.550000,29.420000
1.226,-0.398000,-0.999000,-0.168000,18.908000,-36.855000,-10.580000,29.280000
1.238,-0.339000,-0.925000,-0.128000,24.824000,-32.466000,-14.038000,29.330000
1.244,-0.204000,-0.832000,-0.067000,19.809000,-17.267000,-15.588000,29.240000
1.257,-0.170000,-0.811000,-0.014000,13.298000,-3.382000,-12.405000,29.380000
1.264,-0.207000,-0.791000,-0.017000,3.344000,6.580000,-4.931000,29.380000
1.276,-0.303000,-0.824000,-0.028000,-5.756000,10.290000,2.305000,29.330000
1.285,-0.418000,-0.834000,-0.077000,-14.504000,5.275000,7.885000,29.330000
1.296,-0.486000,-0.857000,-0.098000,-21.290000,-4.260000,8.641000,29.380000
1.308,-0.524000,-0.916000,-0.155000,-26.130000,-11.756000,3.786000,29.380000
1.314,-0.541000,-1.004000,-0.202000,-24.992000,-23.191000,-0.756000,29.240000
1.327,-0.482000,-1.066000,-0.230000,-19.351000,-28.710000,-5.244000,29.330000
1.334,-0.423000,-1.092000,-0.253000,-8.931000,-32.695000,-9.832000,29.280000
1.346,-0.288000,-1.015000,-0.201000,1.863000,-28.786000,-10.931000,29.280000
1.353,-0.185000,-0.946000,-0.132000,4.840000,-13.542000,-9.405000,29.240000
1.365,-0.172000,-0.907000,-0.098000,6.420000,0.366000,-7.191000,29.330000
1.378,-0.256000,-0.938000,-0.095000,6.664000,10.344000,-3.229000,29.240000
1.386,-0.356000,-0.965000,-0.121000,6.924000,13.618000,-0.641000,29.280000
1.397,-0.428000,-0.979000,-0.132000,4.786000,11.252000,-1.160000,29.330000
1.404,-0.464000,-0.996000,-0.157000,5.107000,1.786000,-1.069000,29.330000
1.417,-0.470000,-0.986000,-0.163000,6.008000,-9.771000,1.214000,29.380000
1.426,-0.443000,-0.962000,-0.173000,6.176000,-21.595000,4.168000,29.380000
1.437,-0.401000,-0.962000,-0.179000,7.802000,-27.794000,5.206000,29.330000
1.444,-0.337000,-0.944000,-0.162000,7.710000,-24.939000,1.298000,29.330000
1.456,-0.269000,-0.901000,-0.121000,6.397000,-16.496000,-0.420000,29.280000
1.463,-0.259000,-0.891000,-0.083000,3.290000,-8.450000,-0.305000,29.280000
1.476,-0.246000,-0.882000,-0.073000,0.527000,-0.977000,-0.847000,29.330000
1.488,-0.247000,-0.880000,-0.076000,-0.527000,2.832000,0.137000,29.330000
1.495,-0.247000,-0.885000,-0.078000,0.298000,3.725000,3.748000,29.330000
1.508,-0.273000,-0.928000,-0.095000,4.557000,3.794000,7.656000,29.190000
1.515,-0.299000,-0.910000,-0.091000,7.664000,2.824000,10.664000,29.190000
1.528,-0.323000,-0.906000,-0.092000,6.718000,2.634000,12.863000,29.330000
1.536,-0.400000,-0.916000,-0.100000,6.107000,0.481000,9.603000,29.330000
1.547,-0.403000,-0.932000,-0.101000,7.473000,-2.481000,4.344000,29.190000
1.554,-0.359000,-0.906000,-0.103000,9.069000,-5.443000,1.832000,29.280000
1.567,-0.295000,-0.889000,-0.095000,11.298000,-6.092000,2.229000,29.420000
1.574,-0.266000,-0.865000,-0.075000,13.321000,-2.725000,3.405000,29.240000
1.586,-0.285000,-0.853000,-0.058000,14.115000,0.275000,6.634000,29.190000
1.594,-0.369000,-0.849000,-0.038000,10.122000,-2.221000,13.656000,29.280000
1.606,-0.436000,-0.850000,-0.041000,6.267000,-4.023000,13.466000,29.330000
1.613,-0.469000,-0.846000,-0.038000,2.954000,-5.366000,7.748000,29.240000
1.626,-0.465000,-0.874000,-0.035000,0.588000,-10.099000,1.588000,29.190000
1.638,-0.421000,-0.911000,-0.053000,1.878000,-15.664000,-0.626000,29.380000
1.645,-0.383000,-0.940000,-0.039000,4.420000,-18.992000,-0.702000,29.330000
1.657,-0.338000,-0.954000,-0.011000,5.183000,-19.351000,2.511000,29.330000
1.664,-0.383000,-0.978000,-0.016000,4.038000,-18.298000,2.145000,29.280000
1.677,-0.374000,-0.979000,-0.003000,2.588000,-14.870000,1.000000,29.190000
1.685,-0.358000,-0.964000,-0.004000,2.855000,-13.511000,1.359000,29.330000
1.696,-0.338000,-0.964000,-0.005000,1.282000,-9.206000,0.580000,29.240000
1.703,-0.342000,-0.994000,-0.016000,1.046000,-7.969000,2.237000,29.330000
1.716,-0.348000,-1.025000,-0.014000,3.359000,-9.237000,6.092000,29.380000
1.724,-0.360000,-1.038000,0.005000,4.840000,-6.771000,8.053000,29.330000
1.737,-0.383000,-1.029000,0.000000,1.878000,-2.397000,6.435000,29.330000
1.743,-0.413000,-1.030000,-0.016000,3.374000,0.092000,4.427000,29.280000
1.756,-0.427000,-1.022000,-0.035000,5.359000,-0.527000,3.053000,29.380000
1.768,-0.445000,-1.037000,-0.052000,8.611000,-5.183000,4.313000,29.330000
1.776,-0.458000,-1.032000,-0.063000,13.023000,-9.496000,2.252000,29.240000
1.788,-0.438000,-1.020000,-0.036000,17.817000,-9.450000,-2.725000,29.380000
1.794,-0.410000,-0.985000,-0.021000,19.504000,-5.832000,-7.282000,29.380000
1.807,-0.378000,-0.942000,-0.028000,19.618000,-3.183000,-6.504000,29.330000
1.814,-0.373000,-0.915000,-0.022000,17.260000,-0.473000,-3.870000,29.330000
1.826,-0.394000,-0.911000,-0.035000,13.412000,-0.916000,-1.000000,29.280000
1.835,-0.419000,-0.915000,-0.039000,10.000000,-4.328000,2.427000,29.380000
1.846,-0.421000,-0.934000,-0.048000,7.740000,-8.969000,4.954000,29.240000
1.858,-0.433000,-0.929000,-0.037000,6.092000,-12.504000,6.611000,29.330000
1.865,-0.463000,-0.916000,-0.041000,5.870000,-17.603000,7.069000,29.330000
1.878,-0.461000,-0.893000,-0.035000,5.344000,-22.534000,6.137000,29.280000
1.886,-0.438000,-0.867000,-0.034000,3.107000,-26.206000,3.855000,29.330000
1.898,-0.391000,-0.862000,-0.029000,2.389000,-28.397000,3.282000,29.330000
1.904,-0.322000,-0.850000,-0.017000,0.916000,-26.580000,5.740000,29.280000
1.917,-0.275000,-0.806000,0.035000,-2.160000,-19.366000,7.656000,29.280000
1.924,-0.322000,-0.823000,0.044000,-6.206000,-12.779000,8.824000,29.330000
1.936,-0.399000,-0.824000,0.024000,-9.260000,-10.969000,7.992000,29.420000
1.944,-0.438000,-0.831000,0.009000,-11.115000,-15.435000,8.145000,29.380000
1.955,-0.452000,-0.864000,-0.002000,-12.740000,-23.351000,9.214000,29.280000
1.968,-0.386000,-0.861000,-0.015000,-10.504000,-27.626000,7.603000,29.420000
1.975,-0.340000,-0.865000,-0.013000,-7.382000,-27.870000,7.840000,29.330000
1.987,-0.343000,-0.875000,-0.002000,-3.626000,-24.779000,6.015000,29.280000
1.994,-0.366000,-0.863000,-0.007000,-2.305000,-18.618000,2.031000,29.280000
2.006,-0.407000,-0.868000,-0.020000,0.893000,-16.656000,-1.893000,29.330000
2.013,-0.406000,-0.863000,-0.026000,3.504000,-15.954000,-6.328000,29.420000
2.026,-0.379000,-0.869000,-0.033000,5.870000,-17.000000,-7.481000,29.330000
2.038,-0.357000,-0.883000,-0.003000,6.084000,-19.847000,-2.595000,29.280000
2.046,-0.326000,-0.868000,0.010000,11.115000,-17.618000,-2.122000,29.420000
2.057,-0.356000,-0.866000,0.025000,9.595000,-13.191000,-3.908000,29.330000
2.065,-0.400000,-0.861000,0.040000,5.931000,-9.611000,-8.336000,29.280000
2.077,-0.435000,-0.876000,-0.005000,0.794000,-13.053000,-11.252000,29.380000
2.085,-0.416000,-0.909000,-0.034000,-0.267000,-19.145000,-11.603000,29.330000
2.096,-0.345000,-0.897000,-0.033000,-0.412000,-24.687000,-9.626000,29.330000
2.108,-0.311000,-0.897000,-0.023000,0.550000,-27.855000,-5.137000,29.380000
2.115,-0.318000,-0.882000,-0.010000,0.115000,-28.916000,-1.344000,29.380000
2.127,-0.345000,-0.861000,0.016000,-1.992000,-26.550000,-1.420000,29.240000
2.135,-0.400000,-0.856000,0.025000,-5.702000,-23.427000,-5.145000,29.240000
2.147,-0.460000,-0.878000,0.017000,-12.084000,-25.977000,-11.008000,29.280000
2.153,-0.448000,-0.925000,-0.012000,-16.107000,-36.405000,-11.427000,29.380000
2.166,-0.409000,-0.926000,-0.054000,-19.122000,-52.496000,-7.931000,29.280000
2.178,-0.281000,-0.923000,-0.054000,-20.718000,-60.992000,-4.145000,29.330000
2.185,-0.200000,-0.962000,-0.024000,-17.473000,-62.992000,1.519000,29.330000
2.197,-0.154000,-0.975000,-0.016000,-15.084000,-55.107000,3.580000,29.380000
2.204,-0.147000,-0.976000,-0.009000,-12.519000,-43.374000,3.771000,29.280000
2.216,-0.157000,-0.987000,-0.019000,-8.985000,-27.863000,1.733000,29.240000
2.226,-0.167000,-0.976000,-0.035000,-3.763000,-11.397000,0.740000,29.240000
2.236,-0.209000,-0.971000,-0.031000,3.824000,1.534000,-1.878000,29.380000
2.248,-0.276000,-0.976000,-0.039000,10.031000,10.969000,-1.267000,29.190000
2.255,-0.363000,-0.973000,-0.020000,14.229000,17.725000,-4.824000,29.240000
2.267,-0.465000,-0.967000,-0.023000,15.412000,21.290000,-10.649000,29.240000
2.276,-0.550000,-0.971000,-0.035000,16.847000,16.626000,-17.221000,29.380000
2.287,-0.572000,-0.966000,-0.034000,15.809000,4.176000,-18.992000,29.190000
2.294,-0.526000,-0.970000,-0.053000,13.832000,-9.947000,-21.153000,29.330000
2.305,-0.440000,-0.950000,-0.063000,15.168000,-23.069000,-18.427000,29.330000
2.318,-0.318000,-0.955000,-0.041000,18.672000,-29.511000,-10.763000,29.280000
2.326,-0.277000,-0.947000,-0.028000,20.298000,-27.321000,-5.206000,29.280000
2.337,-0.281000,-0.921000,-0.012000,21.275000,-17.481000,-3.733000,29.420000
2.344,-0.356000,-0.949000,-0.021000,22.275000,-7.176000,-3.763000,29.330000
2.356,-0.473000,-0.982000,-0.018000,28.191000,-5.901000,-4.840000,29.380000
2.363,-0.587000,-0.966000,-0.015000,22.550000,-9.840000,-8.740000,29.380000
2.376,-0.615000,-0.980000,-0.031000,17.321000,-23.458000,-18.122000,29.330000
2.388,-0.519000,-0.975000,-0.032000,18.176000,-41.527000,-22.092000,29.330000
2.394,-0.366000,-0.977000,-0.015000,23.084000,-54.878000,-19.229000,29.280000
2.407,-0.287000,-0.994000,0.011000,25.954000,-61.450000,-11.076000,29.280000
2.413,-0.248000,-0.971000,0.042000,30.145000,-64.550000,-3.000000,29.330000
2.426,-0.186000,-0.945000,0.071000,31.519000,-56.725000,4.046000,29.280000
2.434,-0.215000,-0.949000,0.068000,34.641000,-43.962000,8.221000,29.280000
2.446,-0.287000,-0.973000,0.098000,39.328000,-36.458000,10.878000,29.330000
2.458,-0.386000,-0.974000,0.104000,42.977000,-31.985000,8.534000,29.330000
2.465,-0.463000,-0.969000,0.105000,45.557000,-30.260000,1.870000,29.380000
2.477,-0.477000,-0.906000,0.152000,42.229000,-28.023000,-10.748000,29.280000
2.486,-0.477000,-0.919000,0.169000,40.794000,-34.046000,-19.015000,29.330000
2.497,-0.450000,-0.914000,0.181000,38.802000,-42.756000,-23.191000,29.330000
2.503,-0.374000,-0.889000,0.186000,32.954000,-51.847000,-24.824000,29.330000
2.515,-0.287000,-0.908000,0.174000,28.557000,-59.611000,-22.076000,29.280000
2.528,-0.233000,-0.947000,0.190000,27.931000,-62.802000,-17.168000,29.240000
2.535,-0.196000,-0.937000,0.216000,29.260000,-63.687000,-13.046000,29.240000
2.547,-0.188000,-0.913000,0.240000,32.000000,-61.145000,-10.916000,29.280000
2.554,-0.208000,-0.870000,0.254000,27.015000,-60.916000,-9.229000,29.380000
2.566,-0.207000,-0.857000,0.263000,24.427000,-66.519000,-11.160000,29.330000
2.574,-0.168000,-0.852000,0.256000,25.046000,-69.458000,-12.214000,29.240000
2.585,-0.123000,-0.823000,0.267000,21.427000,-71.168000,-15.611000,29.280000
2.597,-0.031000,-0.806000,0.285000,16.863000,-69.405000,-18.817000,29.380000
2.604,-0.003000,-0.819000,0.312000,11.809000,-63.412000,-17.191000,29.330000
2.617,0.010000,-0.830000,0.302000,8.977000,-58.679000,-12.748000,29.330000
2.625,0.058000,-0.825000,0.325000,8.702000,-50.336000,-6.427000,29.330000
2.636,0.050000,-0.807000,0.321000,8.435000,-36.282000,-1.405000,29.280000
2.644,-0.008000,-0.786000,0.332000,2.611000,-24.588000,-4.573000,29.380000
2.656,-0.028000,-0.859000,0.336000,-0.603000,-14.382000,-11.992000,29.330000
2.663,-0.072000,-0.833000,0.293000,-5.687000,-0.122000,-19.618000,29.330000
2.676,-0.116000,-0.846000,0.294000,-9.481000,8.458000,-27.977000,29.330000
2.688,-0.142000,-0.900000,0.258000,-14.252000,8.466000,-26.359000,29.280000
2.695,-0.212000,-0.968000,0.188000,-12.351000,1.847000,-21.740000,29.330000
2.707,-0.253000,-1.082000,0.122000,-2.908000,-11.382000,-18.687000,29.240000
2.714,-0.163000,-1.072000,0.115000,11.969000,-24.672000,-13.038000,29.380000
2.727,-0.034000,-1.028000,0.127000,22.015000,-31.130000,-5.031000,29.380000
2.734,0.076000,-1.028000,0.159000,30.084000,-26.664000,0.511000,29.330000
2.746,0.089000,-1.017000,0.186000,28.664000,-12.252000,8.840000,29.330000
2.753,-0.041000,-1.009000,0.156000,26.748000,-2.366000,14.511000,29.280000
2.766,-0.090000,-0.964000,0.166000,32.359000,5.031000,14.611000,29.280000
2.778,-0.126000,-0.921000,0.183000,38.344000,13.779000,10.534000,29.240000
2.786,-0.124000,-0.923000,0.153000,46.771000,20.321000,3.260000,29.330000
2.797,-0.054000,-0.970000,0.141000,63.260000,29.305000,1.443000,29.380000
2.805,-0.061000,-0.975000,0.163000,88.008000,38.931000,6.489000,29.280000
2.817,-0.170000,-0.937000,0.208000,99.351000,53.794000,8.733000,29.330000
2.825,-0.328000,-0.885000,0.308000,99.832000,57.626000,5.710000,29.330000
2.837,-0.453000,-0.817000,0.351000,90.466000,50.344000,-2.328000,29.240000
2.845,-0.506000,-0.829000,0.385000,82.557000,36.382000,-13.191000,29.280000
2.856,-0.458000,-0.779000,0.372000,75.511000,22.740000,-20.084000,29.330000
2.863,-0.389000,-0.764000,0.359000,70.458000,7.511000,-20.924000,29.240000
2.876,-0.318000,-0.709000,0.360000,65.847000,-3.389000,-18.733000,29.280000
2.888,-0.347000,-0.648000,0.380000,45.733000,-17.305000,-11.305000,29.380000
2.895,-0.392000,-0.650000,0.373000,19.496000,-30.748000,-9.198000,29.330000
2.907,-0.389000,-0.732000,0.359000,2.748000,-44.618000,-10.718000,29.330000
2.914,-0.344000,-0.836000,0.343000,-5.954000,-64.168000,-7.374000,29.380000
2.927,-0.186000,-0.932000,0.333000,-2.397000,-69.229000,-9.481000,29.380000
2.935,-0.051000,-0.940000,0.352000,8.779000,-56.298000,-13.290000,29.330000
2.946,0.005000,-0.912000,0.383000,13.847000,-35.023000,-19.275000,29.330000
2.958,0.010000,-0.873000,0.399000,17.878000,-12.733000,-28.214000,29.380000
2.965,-0.034000,-0.848000,0.400000,19.160000,-3.809000,-26.947000,29.280000
2.978,-0.093000,-0.859000,0.407000,19.008000,-7.405000,-17.336000,29.330000
2.986,-0.094000,-0.814000,0.422000,17.786000,-14.870000,-7.779000,29.330000
2.997,-0.089000,-0.807000,0.414000,16.649000,-18.542000,1.679000,29.240000
3.004,-0.156000,-0.822000,0.419000,12.969000,-25.046000,11.565000,29.280000
3.016,-0.189000,-0.835000,0.423000,8.832000,-32.374000,13.595000,29.330000
3.026,-0.161000,-0.827000,0.408000,1.580000,-35.740000,11.649000,29.240000
3.037,-0.093000,-0.842000,0.405000,-4.450000,-25.107000,4.718000,29.280000
3.048,-0.037000,-0.801000,0.392000,-5.031000,-13.023000,-1.206000,29.380000
3.056,0.042000,-0.826000,0.386000,-5.786000,0.435000,0.855000,29.330000
3.068,0.028000,-0.794000,0.375000,-6.435000,19.489000,3.496000,29.330000
3.076,-0.136000,-0.776000,0.363000,-8.427000,27.931000,6.664000,29.380000
3.088,-0.330000,-0.817000,0.360000,-11.702000,17.092000,10.183000,29.280000
3.095,-0.468000,-0.827000,0.365000,-18.389000,-6.748000,11.908000,29.330000
3.107,-0.438000,-0.903000,0.371000,-16.405000,-33.137000,17.420000,29.330000
3.114,-0.344000,-0.874000,0.363000,-13.496000,-46.038000,19.626000,29.280000
3.127,-0.212000,-0.815000,0.374000,-12.076000,-50.412000,21.969000,29.470000
3.134,-0.018000,-0.741000,0.395000,-20.137000,-20.718000,8.649000,29.330000
3.146,-0.080000,-0.752000,0.407000,-29.893000,11.267000,-6.008000,29.240000
3.158,-0.222000,-0.853000,0.355000,-32.687000,13.282000,-10.305000,29.280000
3.164,-0.231000,-0.919000,0.317000,-28.305000,7.397000,-14.084000,29.380000
3.178,-0.245000,-0.929000,0.305000,-26.122000,2.725000,-14.939000,29.330000
3.184,-0.223000,-0.975000,0.295000,-15.000000,-8.649000,-6.359000,29.280000
3.196,-0.127000,-0.934000,0.324000,-3.176000,-12.908000,3.710000,29.380000
3.203,-0.098000,-0.858000,0.346000,1.237000,-10.313000,10.817000,29.330000
3.216,-0.138000,-0.859000,0.363000,2.115000,-1.916000,9.443000,29.240000
3.226,-0.237000,-0.861000,0.367000,-5.397000,9.397000,-0.649000,29.280000
3.235,-0.348000,-0.908000,0.369000,-11.931000,-2.092000,-4.198000,29.380000
3.248,-0.359000,-0.917000,0.350000,-12.786000,-12.977000,-6.863000,29.330000
3.254,-0.320000,-0.913000,0.361000,-11.160000,-27.771000,-5.168000,29.420000
3.267,-0.184000,-0.897000,0.407000,-5.618000,-38.160000,-2.015000,29.380000
3.275,-0.091000,-0.869000,0.450000,-5.802000,-34.504000,-0.099000,29.280000
3.287,-0.103000,-0.839000,0.462000,-8.763000,-29.740000,-0.771000,29.330000
3.294,-0.099000,-0.870000,0.484000,-11.687000,-26.672000,-2.191000,29.330000
3.305,-0.109000,-0.890000,0.480000,-15.153000,-23.374000,-5.557000,29.330000
3.318,-0.076000,-0.915000,0.478000,-12.855000,-24.412000,-9.756000,29.380000
3.326,0.031000,-0.922000,0.497000,-8.626000,-15.672000,-17.153000,29.330000
3.337,0.113000,-0.882000,0.504000,-6.336000,1.145000,-22.191000,29.420000
3.345,0.136000,-0.847000,0.485000,-6.038000,16.130000,-20.947000,29.280000
3.357,0.134000,-0.822000,0.502000,-9.351000,28.878000,-15.656000,29.380000
3.364,0.096000,-0.803000,0.481000,-15.275000,38.496000,-9.588000,29.420000
3.376,0.024000,-0.831000,0.444000,-22.756000,44.275000,-4.260000,29.330000
3.385,0.030000,-0.828000,0.412000,-29.779000,48.015000,-2.954000,29.380000
3.396,0.025000,-0.861000,0.376000,-32.878000,53.756000,-1.443000,29.380000
3.401,0.012000,-0.880000,0.343000,-32.115000,58.618000,2.443000,29.330000
3.415,-0.007000,-0.884000,0.337000,-30.214000,63.038000,6.679000,29.240000
3.429,-0.020000,-0.859000,0.310000,-31.863000,70.137000,9.008000,29.280000
3.436,-0.096000,-0.890000,0.269000,-33.420000,73.031000,10.672000,29.280000
3.447,-0.168000,-0.917000,0.237000,-31.855000,69.832000,10.214000,29.420000
3.454,-0.196000,-0.918000,0.229000,-31.397000,67.939000,7.183000,29.330000
3.467,-0.237000,-0.909000,0.234000,-30.298000,60.565000,6.237000,29.380000
3.475,-0.240000,-0.910000,0.238000,-29.237000,49.817000,5.107000,29.280000
3.486,-0.167000,-0.884000,0.233000,-27.489000,48.168000,0.908000,29.330000
3.493,-0.141000,-0.875000,0.222000,-26.908000,51.168000,0.115000,29.330000
3.505,-0.156000,-0.886000,0.221000,-26.046000,52.939000,0.168000,29.380000
3.518,-0.168000,-0.873000,0.198000,-27.298000,53.076000,-1.053000,29.380000
3.526,-0.143000,-0.864000,0.202000,-22.229000,56.145000,-4.519000,29.240000
3.537,-0.135000,-0.853000,0.162000,-23.939000,62.298000,-7.557000,29.330000
3.545,-0.109000,-0.843000,0.179000,-16.397000,60.145000,-4.305000,29.380000
3.557,-0.135000,-0.819000,0.178000,-22.344000,67.115000,-2.626000,29.380000
3.563,-0.222000,-0.846000,0.194000,-25.359000,64.672000,-3.305000,29.330000
3.577,-0.290000,-0.862000,0.194000,-28.450000,56.382000,-2.008000,29.330000
3.585,-0.331000,-0.882000,0.212000,-31.679000,46.901000,-5.908000,29.280000
3.595,-0.334000,-0.911000,0.216000,-30.985000,31.550000,-10.939000,29.280000
3.607,-0.209000,-0.904000,0.234000,-30.267000,21.427000,-14.382000,29.330000
3.614,-0.081000,-0.884000,0.252000,-28.695000,20.802000,-14.076000,29.330000
3.627,0.023000,-0.828000,0.281000,-27.130000,30.710000,-12.176000,29.380000
3.635,0.020000,-0.802000,0.296000,-27.588000,42.695000,-10.099000,29.280000
3.646,-0.043000,-0.780000,0.308000,-32.053000,52.321000,-10.527000,29.240000
3.658,-0.101000,-0.792000,0.305000,-37.802000,58.534000,-13.794000,29.380000
3.665,-0.138000,-0.831000,0.283000,-43.527000,60.679000,-15.733000,29.280000
3.678,-0.157000,-0.876000,0.258000,-49.573000,56.198000,-14.779000,29.330000
3.685,-0.111000,-0.870000,0.211000,-56.405000,54.122000,-11.298000,29.420000
3.697,-0.077000,-0.898000,0.155000,-61.214000,52.679000,-5.183000,29.330000
3.703,-0.063000,-0.929000,0.099000,-61.473000,50.924000,1.962000,29.280000
3.716,-0.090000,-0.946000,0.095000,-59.298000,49.275000,9.496000,29.280000
3.726,-0.119000,-0.960000,0.087000,-54.832000,52.420000,13.267000,29.330000
3.736,-0.151000,-0.979000,0.105000,-53.420000,51.328000,14.359000,29.330000
3.748,-0.199000,-0.993000,0.107000,-52.634000,45.145000,15.588000,29.380000
3.755,-0.171000,-1.029000,0.047000,-48.321000,42.809000,14.160000,29.280000
3.767,-0.140000,-1.055000,0.026000,-38.878000,45.931000,14.305000,29.330000
3.775,-0.119000,-1.032000,0.026000,-33.618000,55.855000,15.023000,29.330000
3.787,-0.164000,-1.022000,0.025000,-31.878000,68.153000,13.000000,29.280000
3.796,-0.264000,-1.007000,0.023000,-30.794000,69.198000,9.977000,29.280000
3.806,-0.343000,-0.993000,0.037000,-32.313000,61.863000,5.336000,29.240000
3.811,-0.363000,-1.022000,0.013000,-31.374000,48.962000,-3.183000,29.330000
3.826,-0.311000,-1.052000,0.007000,-24.718000,34.046000,-6.756000,29.280000
3.838,-0.186000,-1.053000,0.040000,-15.206000,24.366000,-4.336000,29.380000
3.845,-0.073000,-1.044000,0.086000,-9.695000,27.206000,3.901000,29.240000
3.857,-0.054000,-1.000000,0.100000,-6.450000,34.939000,11.038000,29.420000
3.864,-0.070000,-0.920000,0.122000,-10.931000,43.580000,15.679000,29.280000
3.877,-0.084000,-0.909000,0.080000,-16.947000,52.626000,16.786000,29.280000
3.885,-0.109000,-0.895000,0.014000,-20.038000,61.389000,15.695000,29.330000
3.897,-0.133000,-0.858000,0.010000,-22.092000,61.649000,15.901000,29.420000
3.908,-0.129000,-0.868000,0.006000,-23.198000,58.260000,16.366000,29.380000
3.915,-0.136000,-0.924000,-0.010000,-25.443000,60.031000,18.382000,29.380000
3.929,-0.212000,-0.954000,-0.026000,-26.115000,55.626000,24.893000,29.330000
3.935,-0.251000,-0.941000,-0.033000,-30.748000,49.809000,28.710000,29.330000
3.947,-0.306000,-0.969000,-0.067000,-37.985000,45.351000,26.672000,29.240000
3.953,-0.338000,-0.996000,-0.126000,-38.542000,36.855000,21.885000,29.380000
3.966,-0.294000,-1.029000,-0.151000,-38.008000,30.840000,18.084000,29.330000
3.978,-0.257000,-1.028000,-0.162000,-28.260000,21.000000,17.725000,29.330000
3.985,-0.177000,-1.015000,-0.136000,-18.427000,20.328000,19.115000,29.280000
3.997,-0.174000,-1.012000,-0.088000,-9.771000,23.595000,19.916000,29.380000
4.004,-0.202000,-0.957000,-0.062000,-5.878000,31.061000,14.710000,29.240000
4.017,-0.232000,-0.911000,-0.064000,-7.786000,35.511000,7.031000,29.330000
4.024,-0.223000,-0.895000,-0.074000,-11.321000,34.908000,4.046000,29.280000
4.036,-0.211000,-0.879000,-0.092000,-16.405000,34.733000,1.000000,29.380000
4.043,-0.163000,-0.902000,-0.085000,-16.473000,32.053000,3.985000,29.330000
4.055,-0.150000,-0.935000,-0.091000,-14.725000,29.305000,14.504000,29.330000
4.067,-0.178000,-0.919000,-0.092000,-15.084000,31.275000,19.244000,29.380000
4.076,-0.203000,-0.901000,-0.102000,-19.580000,39.115000,15.282000,29.280000
4.088,-0.250000,-0.905000,-0.133000,-22.695000,43.435000,8.481000,29.330000
4.094,-0.271000,-0.937000,-0.160000,-23.107000,44.397000,0.153000,29.420000
4.106,-0.245000,-0.934000,-0.155000,-18.634000,43.214000,-5.511000,29.380000
4.118,-0.207000,-0.943000,-0.152000,-15.748000,41.443000,-3.115000,29.330000
4.126,-0.195000,-0.925000,-0.151000,-14.481000,38.954000,2.763000,29.330000
4.138,-0.170000,-0.910000,-0.178000,-17.267000,42.550000,7.718000,29.280000
4.145,-0.217000,-0.936000,-0.229000,-17.443000,43.038000,13.977000,29.380000
4.157,-0.232000,-0.954000,-0.265000,-17.832000,44.824000,15.359000,29.330000
4.163,-0.218000,-0.948000,-0.285000,-17.924000,52.214000,11.672000,29.420000
4.177,-0.220000,-0.963000,-0.296000,-12.893000,54.466000,11.382000,29.380000
4.188,-0.255000,-0.981000,-0.272000,-5.870000,52.565000,17.603000,29.380000
4.196,-0.312000,-0.966000,-0.223000,-0.504000,55.198000,17.008000,29.240000
4.208,-0.394000,-0.935000,-0.187000,0.618000,58.878000,10.450000,29.330000
4.214,-0.432000,-0.894000,-0.176000,-3.344000,57.244000,2.870000,29.380000
4.227,-0.401000,-0.894000,-0.225000,-8.000000,50.702000,-0.580000,29.280000
4.236,-0.341000,-0.901000,-0.294000,-10.031000,41.191000,3.840000,29.330000
4.248,-0.268000,-0.940000,-0.282000,-10.847000,32.855000,13.473000,29.420000
4.253,-0.245000,-0.964000,-0.274000,-11.435000,35.672000,18.954000,29.330000
4.265,-0.310000,-0.972000,-0.276000,-12.458000,36.817000,22.893000,29.280000
4.279,-0.380000,-0.977000,-0.273000,-13.290000,36.359000,21.534000,29.330000
4.285,-0.407000,-0.950000,-0.272000,-13.802000,36.328000,14.534000,29.330000
4.297,-0.389000,-0.945000,-0.272000,-11.473000,29.901000,9.618000,29.380000
4.304,-0.338000,-0.899000,-0.263000,-8.298000,19.656000,11.740000,29.280000
4.316,-0.274000,-0.887000,-0.242000,-3.427000,12.954000,11.748000,29.330000
4.325,-0.205000,-0.890000,-0.227000,-0.634000,11.252000,13.252000,29.330000
4.336,-0.214000,-0.917000,-0.206000,2.595000,15.183000,13.985000,29.280000
4.348,-0.252000,-0.916000,-0.197000,1.908000,23.008000,12.176000,29.380000
4.355,-0.305000,-0.930000,-0.230000,-0.977000,30.557000,6.519000,29.330000
4.368,-0.337000,-0.946000,-0.277000,-2.107000,30.771000,3.496000,29.240000
4.376,-0.361000,-0.954000,-0.323000,0.198000,21.183000,3.855000,29.280000
4.387,-0.293000,-0.936000,-0.326000,4.374000,7.962000,7.435000,29.280000
4.396,-0.209000,-0.938000,-0.301000,8.802000,0.351000,13.084000,29.420000
4.407,-0.202000,-0.960000,-0.259000,12.511000,-0.718000,20.466000,29.420000
4.414,-0.209000,-0.940000,-0.216000,10.305000,8.290000,19.130000,29.380000
4.426,-0.241000,-0.910000,-0.230000,5.115000,20.679000,14.214000,29.380000
4.434,-0.329000,-0.920000,-0.280000,4.115000,19.695000,16.229000,29.240000
4.446,-0.362000,-0.947000,-0.341000,8.252000,9.565000,16.008000,29.420000
4.451,-0.323000,-0.928000,-0.379000,17.374000,-2.008000,13.794000,29.380000
4.465,-0.260000,-0.907000,-0.343000,27.962000,-16.832000,16.580000,29.240000
4.478,-0.198000,-0.963000,-0.251000,35.672000,-15.450000,18.031000,29.330000
4.485,-0.233000,-0.989000,-0.179000,38.229000,-5.679000,14.313000,29.280000
4.497,-0.319000,-0.968000,-0.125000,37.740000,-2.786000,13.954000,29.280000
4.504,-0.365000,-0.911000,-0.112000,31.756000,1.878000,10.992000,29.420000
4.516,-0.379000,-0.883000,-0.135000,27.588000,1.656000,7.405000,29.330000
4.525,-0.347000,-0.821000,-0.137000,25.489000,-3.122000,5.229000,29.280000
4.536,-0.293000,-0.772000,-0.106000,16.969000,-3.534000,3.618000,29.380000
4.543,-0.305000,-0.806000,-0.052000,12.977000,-6.221000,3.359000,29.330000
4.555,-0.320000,-0.877000,-0.022000,7.565000,-7.710000,9.580000,29.330000
4.568,-0.381000,-0.915000,-0.010000,5.779000,-5.130000,12.130000,29.330000
4.576,-0.431000,-0.948000,-0.041000,5.878000,-4.397000,10.427000,29.280000
4.587,-0.435000,-0.929000,-0.050000,6.023000,-8.023000,8.466000,29.330000
4.594,-0.393000,-0.884000,-0.079000,1.885000,-13.382000,8.267000,29.420000
4.607,-0.367000,-0.885000,-0.096000,0.473000,-21.710000,11.412000,29.380000
4.614,-0.321000,-0.895000,-0.113000,1.977000,-27.458000,13.939000,29.380000
4.626,-0.290000,-0.883000,-0.102000,-1.634000,-30.305000,18.122000,29.420000
4.635,-0.216000,-0.896000,-0.100000,-7.733000,-22.107000,18.137000,29.330000
4.645,-0.240000,-0.970000,-0.118000,-9.908000,-8.504000,16.870000,29.190000
4.658,-0.288000,-1.004000,-0.153000,-7.550000,-5.176000,22.939000,29.380000
4.664,-0.331000,-1.014000,-0.195000,-4.191000,-6.313000,26.214000,29.330000
4.677,-0.337000,-1.017000,-0.236000,2.496000,-8.076000,26.763000,29.330000
4.685,-0.349000,-1.009000,-0.235000,10.771000,-16.870000,30.084000,29.280000
4.697,-0.344000,-0.995000,-0.185000,17.076000,-21.519000,30.870000,29.380000
4.703,-0.334000,-0.956000,-0.177000,19.321000,-17.756000,27.557000,29.330000
4.716,-0.308000,-0.949000,-0.114000,20.496000,-9.557000,24.969000,29.330000
4.729,-0.351000,-0.972000,-0.094000,23.809000,-0.427000,23.038000,29.420000
4.735,-0.384000,-0.943000,-0.104000,24.947000,7.740000,20.664000,29.380000
4.748,-0.453000,-0.937000,-0.102000,25.542000,4.588000,22.710000,29.330000
4.754,-0.500000,-0.904000,-0.094000,24.763000,-2.794000,22.160000,29.420000
4.767,-0.554000,-0.859000,-0.083000,20.221000,-18.954000,25.107000,29.380000
4.776,-0.543000,-0.899000,-0.061000,15.229000,-37.817000,30.489000,29.470000
4.786,-0.498000,-0.932000,-0.058000,9.954000,-47.115000,33.763000,29.420000
4.798,-0.471000,-0.953000,-0.068000,6.824000,-51.634000,36.840000,29.330000
4.805,-0.422000,-0.966000,-0.050000,4.664000,-40.626000,30.916000,29.380000
4.818,-0.427000,-0.973000,-0.034000,7.351000,-32.534000,26.656000,29.470000
4.825,-0.353000,-0.879000,0.052000,10.496000,-21.527000,20.763000,29.420000
4.837,-0.362000,-0.877000,0.098000,7.794000,-6.718000,14.130000,29.420000
4.844,-0.412000,-0.884000,0.091000,6.878000,2.969000,10.939000,29.380000
4.857,-0.451000,-0.876000,0.098000,6.275000,7.702000,10.435000,29.380000
4.864,-0.492000,-0.901000,0.066000,6.046000,9.115000,11.618000,29.330000
4.878,-0.569000,-0.897000,0.030000,4.198000,3.901000,15.137000,29.420000
4.884,-0.645000,-0.875000,0.013000,1.389000,-5.496000,15.679000,29.330000
4.896,-0.683000,-0.873000,-0.010000,-1.015000,-15.427000,10.779000,29.380000
4.903,-0.661000,-0.864000,-0.015000,-3.435000,-25.252000,3.389000,29.420000
4.915,-0.630000,-0.888000,-0.050000,-5.023000,-35.557000,-2.382000,29.420000
4.929,-0.508000,-0.863000,-0.042000,-5.435000,-43.374000,-3.443000,29.380000
4.935,-0.368000,-0.817000,0.033000,-9.069000,-43.473000,-0.405000,29.280000
4.947,-0.360000,-0.824000,0.034000,-17.450000,-37.412000,4.573000,29.330000
4.954,-0.398000,-0.833000,0.046000,-24.588000,-30.489000,8.992000,29.330000
4.966,-0.455000,-0.776000,0.048000,-31.786000,-21.947000,6.397000,29.380000
4.976,-0.527000,-0.751000,0.044000,-38.290000,-20.305000,3.099000,29.380000
4.986,-0.579000,-0.756000,0.011000,-48.641000,-21.893000,-5.473000,29.420000
4.997,-0.604000,-0.759000,-0.018000,-58.237000,-30.718000,-15.466000,29.330000
5.004,-0.571000,-0.780000,-0.047000,-66.336000,-47.000000,-22.626000,29.380000
5.016,-0.538000,-0.760000,-0.063000,-77.229000,-59.916000,-26.092000,29.470000
5.029,-0.491000,-0.831000,-0.072000,-81.954000,-66.206000,-28.611000,29.330000
5.035,-0.439000,-0.974000,-0.088000,-83.840000,-58.198000,-28.160000,29.330000
5.047,-0.414000,-1.143000,-0.139000,-71.649000,-48.061000,-23.565000,29.330000
5.053,-0.374000,-1.258000,-0.237000,-51.290000,-37.656000,-18.267000,29.380000
5.065,-0.291000,-1.234000,-0.227000,-33.031000,-12.901000,-16.328000,29.420000
5.078,-0.276000,-1.192000,-0.231000,-15.252000,13.786000,-22.321000,29.330000
5.085,-0.367000,-1.140000,-0.248000,-1.260000,35.771000,-30.282000,29.380000
5.096,-0.490000,-1.067000,-0.241000,8.519000,37.267000,-31.947000,29.380000
5.103,-0.534000,-0.988000,-0.198000,7.557000,30.443000,-44.496000,29.330000
5.116,-0.548000,-0.921000,-0.182000,-1.885000,16.221000,-57.496000,29.420000
5.129,-0.544000,-0.996000,-0.209000,-8.221000,-9.634000,-55.252000,29.380000
5.135,-0.401000,-1.066000,-0.309000,-6.611000,-29.985000,-45.046000,29.380000
5.147,-0.257000,-1.050000,-0.330000,1.137000,-44.069000,-29.336000,29.330000
5.153,-0.056000,-0.967000,-0.306000,0.137000,-42.824000,-18.794000,29.420000
5.166,-0.022000,-0.982000,-0.303000,-6.084000,-31.550000,-11.275000,29.380000
5.177,-0.130000,-1.091000,-0.285000,-1.603000,-24.771000,-4.435000,29.380000
5.185,-0.242000,-1.125000,-0.264000,9.458000,-17.313000,-1.313000,29.420000
5.197,-0.373000,-1.112000,-0.215000,21.107000,-18.985000,-7.023000,29.330000
5.203,-0.436000,-1.102000,-0.131000,31.176000,-18.565000,-19.511000,29.330000
5.216,-0.439000,-1.156000,-0.095000,42.153000,-20.031000,-27.344000,29.470000
5.228,-0.400000,-1.199000,-0.056000,53.359000,-19.366000,-27.840000,29.520000
5.235,-0.308000,-1.114000,0.008000,60.962000,-17.511000,-24.229000,29.420000
5.247,-0.157000,-0.972000,0.059000,49.435000,6.420000,-28.725000,29.380000
5.254,-0.173000,-0.954000,0.103000,38.779000,26.214000,-31.725000,29.380000
5.266,-0.244000,-0.911000,0.116000,29.466000,30.076000,-28.725000,29.330000
5.276,-0.303000,-0.900000,0.084000,17.611000,24.473000,-19.145000,29.330000
5.286,-0.362000,-0.931000,0.051000,8.389000,12.191000,-7.672000,29.380000
5.298,-0.365000,-0.972000,0.009000,3.260000,4.756000,-5.435000,29.380000
5.305,-0.385000,-1.044000,-0.037000,4.641000,2.947000,-9.672000,29.420000
5.317,-0.400000,-1.115000,-0.116000,10.137000,0.183000,-9.924000,29.330000
5.328,-0.437000,-1.145000,-0.167000,18.763000,-4.191000,-9.076000,29.280000
5.337,-0.370000,-1.127000,-0.195000,28.458000,-4.046000,-10.924000,29.280000
5.345,-0.368000,-1.099000,-0.208000,38.046000,2.374000,-15.176000,29.420000
5.355,-0.366000,-1.054000,-0.177000,47.672000,3.221000,-14.611000,29.420000
5.368,-0.396000,-1.004000,-0.148000,50.473000,2.817000,-14.687000,29.420000
5.376,-0.447000,-1.012000,-0.102000,52.427000,0.382000,-16.168000,29.380000
5.387,-0.455000,-0.980000,-0.054000,52.053000,-6.947000,-17.229000,29.420000
5.394,-0.409000,-0.948000,-0.001000,44.351000,-10.298000,-19.618000,29.420000
5.406,-0.353000,-0.951000,0.029000,34.718000,-8.733000,-22.763000,29.380000
5.418,-0.313000,-1.012000,0.045000,31.527000,-6.916000,-25.565000,29.380000
5.425,-0.280000,-1.014000,0.051000,29.198000,-4.221000,-22.435000,29.420000
5.437,-0.231000,-1.013000,0.068000,24.588000,0.695000,-14.634000,29.330000
5.444,-0.198000,-0.996000,0.083000,17.718000,12.832000,-11.656000,29.380000
5.456,-0.228000,-1.017000,0.093000,14.427000,20.313000,-8.893000,29.470000
5.463,-0.266000,-1.032000,0.105000,13.435000,26.313000,-7.344000,29.420000
5.476,-0.318000,-1.006000,0.099000,11.137000,26.099000,-4.710000,29.420000
5.485,-0.332000,-0.986000,0.092000,7.634000,22.992000,-3.542000,29.380000
5.495,-0.322000,-0.983000,0.084000,5.145000,20.275000,-5.076000,29.380000
5.508,-0.294000,-0.947000,0.055000,2.687000,18.374000,-6.832000,29.330000
5.515,-0.274000,-0.970000,0.041000,1.634000,14.725000,-5.160000,29.330000
5.527,-0.244000,-0.982000,0.044000,0.817000,13.397000,-1.832000,29.420000
5.535,-0.197000,-0.983000,0.047000,1.321000,18.137000,-3.771000,29.470000
5.547,-0.175000,-0.986000,0.055000,0.977000,26.351000,-8.511000,29.420000
5.554,-0.188000,-0.973000,0.069000,1.015000,31.466000,-11.221000,29.420000
5.566,-0.232000,-0.966000,0.061000,1.160000,30.427000,-9.847000,29.470000
5.575,-0.249000,-0.947000,0.038000,0.832000,23.550000,-3.641000,29.380000
5.586,-0.251000,-0.926000,0.011000,0.733000,17.466000,1.664000,29.330000
5.592,-0.243000,-0.931000,-0.009000,1.221000,13.687000,3.328000,29.330000
5.605,-0.242000,-0.972000,-0.047000,2.496000,10.626000,2.939000,29.470000
5.618,-0.231000,-1.002000,-0.099000,6.985000,10.366000,-0.519000,29.380000
5.626,-0.207000,-1.021000,-0.124000,12.656000,11.496000,-2.992000,29.330000
5.637,-0.149000,-0.985000,-0.122000,14.672000,18.298000,-4.504000,29.420000
5.645,-0.164000,-0.989000,-0.111000,17.756000,21.878000,-3.282000,29.380000
5.656,-0.198000,-0.992000,-0.094000,22.794000,22.863000,-1.832000,29.470000
5.662,-0.233000,-0.952000,-0.072000,26.038000,22.924000,-1.954000,29.420000
5.676,-0.270000,-0.918000,-0.054000,25.397000,19.511000,-2.870000,29.420000
5.688,-0.282000,-0.934000,-0.030000,23.412000,14.802000,-3.489000,29.330000
5.696,-0.303000,-0.964000,0.001000,23.321000,11.267000,-7.260000,29.280000
5.707,-0.305000,-0.946000,0.026000,21.702000,7.351000,-11.206000,29.330000
5.714,-0.285000,-0.935000,0.045000,17.656000,3.496000,-12.237000,29.330000
5.726,-0.223000,-0.935000,0.064000,11.023000,5.725000,-13.863000,29.380000
5.734,-0.217000,-0.967000,0.080000,8.840000,7.389000,-14.481000,29.470000
5.746,-0.219000,-1.008000,0.072000,8.443000,8.374000,-14.397000,29.420000
5.758,-0.228000,-1.030000,0.082000,9.649000,7.427000,-13.191000,29.520000
5.765,-0.223000,-1.034000,0.078000,9.855000,3.855000,-11.237000,29.470000
5.779,-0.178000,-0.994000,0.087000,7.023000,4.847000,-12.786000,29.380000
5.785,-0.161000,-0.969000,0.102000,2.962000,6.969000,-15.145000,29.330000
5.797,-0.160000,-0.974000,0.090000,-0.878000,6.771000,-14.046000,29.420000
5.804,-0.162000,-0.992000,0.064000,-2.924000,3.420000,-7.725000,29.380000
5.816,-0.171000,-0.996000,0.048000,-4.153000,0.458000,-1.397000,29.470000
5.826,-0.195000,-1.001000,0.031000,-3.580000,-1.687000,2.069000,29.470000
5.836,-0.218000,-0.997000,0.004000,-2.710000,-2.313000,1.794000,29.420000
5.843,-0.236000,-0.980000,0.000000,-1.885000,-2.771000,0.069000,29.420000
5.855,-0.230000,-0.993000,0.001000,-0.038000,-1.641000,-3.832000,29.420000
5.867,-0.258000,-0.988000,0.009000,-1.550000,-1.137000,-7.031000,29.380000
5.876,-0.271000,-1.021000,0.011000,-1.168000,-5.313000,-9.290000,29.420000
5.887,-0.258000,-1.023000,0.021000,-0.244000,-7.672000,-11.626000,29.420000
5.894,-0.216000,-0.996000,0.043000,0.412000,-11.130000,-12.405000,29.380000
5.906,-0.184000,-0.962000,0.059000,-0.534000,-13.412000,-10.679000,29.380000
5.912,-0.155000,-0.943000,0.056000,-2.626000,-11.992000,-9.366000,29.420000
5.926,-0.147000,-0.955000,0.068000,-3.076000,-8.779000,-7.603000,29.330000
5.938,-0.142000,-0.977000,0.062000,-3.527000,-5.847000,-3.282000,29.380000
5.944,-0.146000,-0.976000,0.071000,-3.878000,-3.145000,1.450000,29.470000
5.957,-0.176000,-0.991000,0.066000,-4.061000,0.145000,2.855000,29.420000
5.964,-0.202000,-1.003000,0.063000,-2.794000,2.412000,1.573000,29.520000
5.977,-0.206000,-0.993000,0.061000,-1.641000,3.672000,0.160000,29.470000
5.985,-0.194000,-0.975000,0.048000,-0.840000,4.496000,-0.679000,29.280000
5.997,-0.196000,-0.949000,0.036000,-0.985000,4.519000,-0.649000,29.420000
6.004,-0.217000,-0.941000,0.024000,-2.237000,0.565000,3.069000,29.330000
6.016,-0.259000,-0.972000,0.017000,-2.855000,-5.458000,6.832000,29.420000
6.026,-0.271000,-0.967000,0.012000,-3.076000,-7.092000,4.557000,29.380000
6.036,-0.248000,-0.993000,0.020000,-2.901000,-6.023000,0.061000,29.420000
6.048,-0.216000,-0.993000,0.019000,-2.427000,-2.473000,-5.534000,29.420000
6.055,-0.190000,-0.992000,0.020000,-0.649000,1.641000,-8.611000,29.380000
6.067,-0.188000,-0.998000,0.024000,1.718000,3.802000,-8.931000,29.470000
6.076,-0.182000,-0.971000,0.035000,3.267000,2.504000,-5.122000,29.420000
6.088,-0.200000,-0.965000,0.044000,2.214000,-0.992000,-0.733000,29.420000
6.095,-0.216000,-0.954000,0.057000,0.221000,-4.664000,1.053000,29.380000
6.107,-0.229000,-0.988000,0.043000,-2.221000,-8.237000,0.481000,29.470000
6.113,-0.193000,-0.991000,0.042000,-3.496000,-7.756000,-2.802000,29.330000
6.126,-0.156000,-1.000000,0.034000,-3.397000,-5.160000,-4.282000,29.520000
6.138,-0.117000,-1.000000,0.026000,-2.359000,-1.779000,-3.176000,29.330000
6.146,-0.106000,-1.009000,0.023000,-0.298000,3.878000,-1.603000,29.380000
6.158,-0.142000,-1.000000,0.020000,2.153000,7.481000,1.046000,29.470000
6.165,-0.192000,-0.992000,0.036000,3.702000,7.382000,3.321000,29.520000
6.179,-0.221000,-0.978000,0.063000,3.534000,4.832000,4.099000,29.330000
6.186,-0.233000,-0.947000,0.067000,0.336000,2.481000,2.443000,29.380000
6.197,-0.212000,-0.939000,0.063000,-3.336000,0.771000,0.176000,29.470000
6.205,-0.185000,-0.952000,0.061000,-5.733000,-0.649000,1.183000,29.420000
6.217,-0.182000,-0.968000,0.040000,-6.244000,-2.336000,3.053000,29.420000
6.226,-0.171000,-0.993000,0.028000,-4.924000,-1.038000,3.305000,29.380000
6.237,-0.186000,-1.007000,0.001000,-1.947000,-0.260000,2.756000,29.380000
6.245,-0.193000,-1.011000,-0.001000,2.092000,0.260000,1.573000,29.420000
6.256,-0.205000,-0.996000,0.013000,4.183000,0.366000,0.557000,29.520000
6.263,-0.196000,-0.971000,0.029000,5.580000,-0.511000,1.710000,29.470000
6.276,-0.198000,-0.953000,0.028000,4.870000,0.977000,2.122000,29.470000
6.285,-0.203000,-0.942000,0.035000,3.053000,1.947000,3.374000,29.420000
6.297,-0.217000,-0.956000,0.022000,0.725000,2.351000,3.824000,29.420000
6.301,-0.236000,-0.974000,0.030000,-0.626000,3.298000,1.069000,29.380000
6.315,-0.250000,-1.011000,0.020000,0.122000,2.496000,-1.450000,29.380000
6.328,-0.260000,-1.006000,0.027000,1.176000,-0.458000,-4.000000,29.520000
6.335,-0.231000,-1.002000,0.042000,1.336000,-2.481000,-7.351000,29.420000
6.348,-0.209000,-0.987000,0.042000,1.008000,-3.710000,-9.046000,29.380000
6.354,-0.164000,-1.004000,0.036000,1.405000,-5.733000,-7.366000,29.470000
6.367,-0.131000,-1.024000,0.054000,3.519000,-6.481000,-5.557000,29.420000
6.375,-0.096000,-1.033000,0.055000,4.870000,-3.084000,-5.763000,29.420000
6.386,-0.083000,-1.024000,0.079000,5.771000,1.611000,-5.427000,29.470000
6.394,-0.098000,-1.015000,0.092000,5.901000,3.015000,-4.374000,29.570000
6.406,-0.105000,-0.994000,0.107000,4.641000,2.748000,-2.000000,29.420000
6.413,-0.119000,-0.960000,0.117000,1.473000,1.634000,-0.214000,29.420000
6.426,-0.127000,-0.943000,0.105000,-2.840000,0.641000,0.847000,29.470000
6.438,-0.140000,-0.952000,0.099000,-6.779000,-0.847000,2.611000,29.470000
6.447,-0.151000,-0.952000,0.050000,-9.229000,-1.794000,3.305000,29.420000
6.458,-0.155000,-0.953000,0.025000,-10.366000,0.046000,2.168000,29.520000
6.464,-0.160000,-0.950000,-0.004000,-10.794000,3.145000,0.420000,29.470000
6.477,-0.182000,-0.965000,-0.024000,-9.611000,3.954000,0.389000,29.380000
6.484,-0.189000,-0.968000,-0.043000,-6.710000,4.031000,1.656000,29.420000
6.497,-0.206000,-0.970000,-0.056000,-3.427000,3.092000,3.878000,29.520000
6.503,-0.216000,-0.968000,-0.059000,-0.649000,4.305000,2.595000,29.380000
6.516,-0.248000,-0.977000,-0.041000,2.328000,5.313000,0.557000,29.570000
6.526,-0.262000,-0.977000,-0.028000,5.763000,4.473000,-2.427000,29.420000
6.536,-0.273000,-0.958000,-0.009000,6.893000,2.053000,-4.221000,29.380000
6.548,-0.268000,-0.966000,0.031000,7.382000,-1.305000,-6.939000,29.380000
6.555,-0.234000,-0.968000,0.048000,6.870000,-2.382000,-9.374000,29.330000
6.568,-0.198000,-0.976000,0.046000,6.855000,-2.718000,-9.649000,29.420000
6.576,-0.152000,-1.011000,0.078000,7.099000,-1.267000,-7.580000,29.380000
6.588,-0.135000,-1.023000,0.073000,7.511000,1.725000,-5.412000,29.470000
6.595,-0.111000,-1.012000,0.086000,7.954000,5.802000,-2.244000,29.420000
6.607,-0.131000,-1.021000,0.088000,8.252000,8.282000,0.244000,29.330000
6.614,-0.142000,-1.011000,0.087000,8.847000,10.656000,0.557000,29.380000
6.626,-0.150000,-0.966000,0.079000,7.565000,10.679000,1.435000,29.380000
6.634,-0.172000,-0.931000,0.085000,3.267000,7.000000,3.901000,29.420000
6.647,-0.192000,-0.939000,0.074000,-1.969000,3.519000,4.229000,29.420000
6.654,-0.199000,-0.975000,0.062000,-5.191000,0.031000,2.779000,29.420000
6.666,-0.188000,-1.021000,0.041000,-6.962000,-1.908000,-0.008000,29.380000
6.679,-0.182000,-1.046000,0.026000,-6.137000,-5.008000,-0.511000,29.420000
6.686,-0.162000,-1.049000,0.010000,-4.466000,-6.489000,-0.817000,29.420000
6.698,-0.126000,-1.029000,0.019000,-3.702000,-6.618000,0.985000,29.470000
6.705,-0.097000,-1.013000,0.025000,-3.076000,-5.298000,3.939000,29.470000
6.717,-0.108000,-1.015000,0.027000,-2.122000,-2.550000,7.000000,29.520000
6.726,-0.143000,-1.023000,0.022000,-1.076000,0.130000,7.412000,29.420000
6.739,-0.180000,-1.007000,0.029000,-0.382000,1.580000,5.817000,29.470000
6.745,-0.206000,-0.996000,0.040000,0.420000,0.504000,3.557000,29.470000
6.757,-0.221000,-0.991000,0.043000,0.458000,-0.427000,1.427000,29.420000
6.763,-0.212000,-0.961000,0.055000,-1.137000,-1.031000,0.206000,29.420000
6.776,-0.203000,-0.953000,0.055000,-2.397000,-0.519000,-2.275000,29.470000
6.785,-0.203000,-0.971000,0.054000,-3.733000,1.542000,-5.336000,29.470000
6.796,-0.206000,-0.976000,0.042000,-3.214000,1.351000,-6.466000,29.520000
6.808,-0.200000,-0.985000,0.034000,-2.076000,-0.115000,-5.450000,29.520000
6.815,-0.188000,-0.985000,0.037000,-1.427000,-0.260000,-5.191000,29.420000
6.827,-0.173000,-0.973000,0.046000,-0.519000,0.794000,-5.313000,29.380000
6.835,-0.167000,-0.970000,0.050000,0.260000,1.611000,-4.756000,29.420000
6.847,-0.145000,-0.957000,0.056000,0.244000,1.145000,-0.504000,29.520000
6.854,-0.144000,-0.948000,0.058000,-0.626000,3.069000,0.733000,29.470000
6.867,-0.152000,-0.956000,0.042000,-0.710000,5.916000,0.351000,29.470000
6.876,-0.178000,-0.968000,0.038000,-0.656000,6.641000,-1.191000,29.420000
6.887,-0.185000,-0.973000,0.038000,-0.695000,5.473000,-1.855000,29.420000
6.895,-0.183000,-0.980000,0.029000,-0.634000,4.542000,-2.840000,29.380000
6.906,-0.164000,-0.989000,0.021000,0.511000,3.672000,-3.542000,29.380000
6.918,-0.143000,-0.977000,0.024000,1.947000,4.504000,-4.099000,29.420000
6.926,-0.128000,-0.970000,0.025000,1.832000,4.504000,-2.779000,29.420000
6.938,-0.124000,-0.963000,0.014000,1.427000,1.275000,5.626000,29.470000
6.945,-0.140000,-0.982000,0.004000,2.473000,0.901000,8.710000,29.470000
6.957,-0.146000,-1.001000,-0.004000,4.321000,4.725000,5.931000,29.380000
6.965,-0.172000,-1.001000,-0.007000,6.496000,6.359000,3.595000,29.330000
6.977,-0.177000,-1.008000,0.001000,9.122000,7.122000,1.405000,29.520000
6.985,-0.190000,-1.001000,0.024000,11.649000,7.046000,-1.069000,29.470000
6.998,-0.196000,-0.977000,0.049000,12.099000,6.374000,-2.725000,29.380000
7.004,-0.182000,-0.951000,0.068000,10.435000,2.176000,0.641000,29.520000
7.017,-0.191000,-0.933000,0.076000,7.008000,-1.534000,3.130000,29.420000
7.027,-0.165000,-0.944000,0.069000,3.718000,-1.321000,1.870000,29.380000
7.036,-0.167000,-0.976000,0.071000,1.450000,0.725000,-0.382000,29.280000
7.045,-0.160000,-1.005000,0.045000,1.473000,2.015000,-2.046000,29.330000
7.056,-0.144000,-1.018000,0.031000,2.916000,4.977000,-3.466000,29.420000
7.063,-0.142000,-1.033000,0.046000,6.290000,5.542000,-2.237000,29.380000
7.076,-0.136000,-1.030000,0.053000,8.595000,6.893000,-0.885000,29.470000
7.089,-0.084000,-1.042000,0.044000,11.573000,13.015000,-0.794000,29.420000
7.096,-0.035000,-1.064000,0.039000,16.534000,24.809000,-2.168000,29.420000
7.107,-0.053000,-1.060000,0.015000,21.649000,36.321000,-2.191000,29.470000
7.114,-0.102000,-1.061000,0.019000,27.672000,41.053000,0.626000,29.470000
7.127,-0.144000,-1.014000,0.047000,30.328000,42.015000,2.733000,29.520000
7.137,-0.193000,-0.975000,0.096000,28.603000,38.229000,4.496000,29.420000
7.146,-0.247000,-0.935000,0.113000,23.053000,30.336000,5.176000,29.420000
7.153,-0.285000,-0.913000,0.138000,16.595000,20.794000,3.885000,29.470000
7.166,-0.270000,-0.925000,0.138000,9.992000,11.931000,1.046000,29.420000
7.171,-0.249000,-0.941000,0.131000,4.931000,5.534000,-1.481000,29.420000
7.186,-0.191000,-0.951000,0.128000,1.939000,3.061000,-3.809000,29.470000
7.198,-0.134000,-0.959000,0.107000,-0.885000,4.420000,-3.099000,29.470000
7.205,-0.131000,-0.960000,0.103000,-2.511000,7.473000,-2.122000,29.520000
7.217,-0.147000,-0.973000,0.085000,-3.015000,10.084000,-1.198000,29.420000
7.226,-0.179000,-0.962000,0.078000,-4.214000,10.252000,-0.756000,29.570000
7.238,-0.203000,-0.960000,0.072000,-5.817000,7.458000,-1.221000,29.470000
7.244,-0.214000,-0.976000,0.056000,-6.573000,5.160000,-4.557000,29.520000
7.272,-0.193000,-0.977000,0.049000,-6.779000,2.496000,-7.908000,29.420000
7.272,-0.181000,-0.981000,0.039000,-7.137000,-3.160000,-6.748000,29.470000
