time_sec,ax,ay,az,gx,gy,gz,temp_c
0.027,0.330000,0.106000,0.913000,-0.221000,1.656000,-0.153000,21.050000
0.027,0.348000,0.107000,0.906000,0.382000,0.748000,-1.046000,21.050000
0.028,0.341000,0.102000,0.909000,1.168000,-0.496000,-0.374000,21.050000
0.040,0.331000,0.111000,0.909000,1.053000,-0.267000,0.305000,21.140000
0.047,0.337000,0.110000,0.912000,0.496000,-0.450000,0.534000,21.050000
0.060,0.353000,0.105000,0.919000,-0.878000,-0.107000,0.229000,21.050000
0.067,0.364000,0.102000,0.916000,-0.565000,0.542000,-0.160000,21.140000
0.079,0.355000,0.102000,0.908000,0.122000,1.878000,0.893000,21.050000
0.087,0.346000,0.100000,0.906000,0.740000,2.290000,0.947000,21.050000
0.099,0.348000,0.106000,0.915000,0.336000,2.282000,1.542000,21.050000
0.106,0.343000,0.107000,0.916000,0.443000,1.863000,1.786000,21.190000
0.119,0.344000,0.101000,0.925000,1.176000,0.870000,1.237000,21.090000
0.127,0.333000,0.108000,0.921000,0.710000,1.015000,1.191000,21.090000
0.139,0.325000,0.107000,0.919000,0.366000,1.061000,0.870000,21.090000
0.146,0.324000,0.109000,0.910000,-0.046000,0.840000,0.931000,21.090000
0.159,0.330000,0.109000,0.912000,0.076000,0.412000,1.046000,21.090000
0.166,0.333000,0.107000,0.905000,0.267000,-0.565000,0.870000,21.090000
0.178,0.335000,0.102000,0.913000,0.626000,-0.443000,0.702000,21.090000
0.191,0.334000,0.104000,0.915000,1.099000,0.076000,0.786000,21.090000
0.198,0.341000,0.105000,0.909000,1.695000,1.137000,0.870000,21.190000
0.211,0.337000,0.103000,0.904000,2.229000,1.901000,0.450000,21.090000
0.220,0.339000,0.107000,0.908000,2.198000,2.160000,-0.481000,21.090000
0.230,0.346000,0.111000,0.923000,2.511000,0.298000,-2.260000,21.090000
0.238,0.330000,0.119000,0.930000,1.137000,-0.916000,-1.504000,21.090000
0.250,0.330000,0.115000,0.923000,0.321000,-1.099000,-0.832000,21.090000
0.257,0.331000,0.116000,0.912000,-0.374000,-1.878000,0.298000,21.140000
0.270,0.348000,0.109000,0.915000,0.053000,-2.473000,0.893000,21.050000
0.277,0.351000,0.106000,0.913000,0.603000,-1.099000,1.191000,21.050000
0.289,0.349000,0.103000,0.912000,0.916000,0.977000,1.908000,21.050000
0.296,0.348000,0.094000,0.915000,1.443000,2.695000,1.786000,21.240000
0.310,0.351000,0.092000,0.917000,2.786000,4.641000,0.878000,21.140000
0.318,0.353000,0.095000,0.922000,3.947000,5.603000,0.221000,21.140000
0.329,0.335000,0.108000,0.917000,3.931000,6.786000,0.618000,21.140000
0.336,0.333000,0.117000,0.916000,3.328000,7.252000,0.779000,21.140000
0.349,0.321000,0.119000,0.922000,1.832000,5.733000,1.389000,21.240000
0.358,0.314000,0.115000,0.920000,1.267000,3.053000,1.313000,21.140000
0.370,0.320000,0.117000,0.917000,0.947000,0.992000,1.260000,21.140000
0.377,0.326000,0.113000,0.917000,0.443000,0.702000,1.710000,21.190000
0.388,0.333000,0.105000,0.904000,0.359000,0.603000,2.122000,21.090000
0.394,0.354000,0.104000,0.903000,1.847000,2.305000,2.130000,21.190000
0.410,0.344000,0.102000,0.916000,3.458000,4.763000,1.786000,21.190000
0.421,0.341000,0.108000,0.907000,4.710000,7.443000,1.176000,21.190000
0.428,0.334000,0.112000,0.917000,6.244000,9.527000,0.847000,21.190000
0.441,0.311000,0.119000,0.931000,6.221000,10.382000,0.672000,21.190000
0.448,0.303000,0.133000,0.939000,5.305000,9.450000,0.405000,21.090000
0.461,0.303000,0.129000,0.935000,3.481000,7.069000,0.458000,21.090000
0.468,0.310000,0.135000,0.945000,1.687000,3.779000,0.947000,21.190000
0.480,0.319000,0.130000,0.926000,0.443000,1.786000,1.916000,21.190000
0.487,0.329000,0.113000,0.920000,-0.115000,1.275000,2.466000,21.190000
0.500,0.340000,0.115000,0.920000,0.374000,2.115000,2.977000,21.190000
0.508,0.344000,0.113000,0.918000,0.832000,3.260000,2.565000,21.190000
0.520,0.343000,0.118000,0.917000,1.489000,3.802000,2.939000,21.190000
0.527,0.319000,0.114000,0.909000,2.015000,4.779000,3.298000,21.140000
0.540,0.304000,0.115000,0.915000,2.137000,4.725000,2.992000,21.140000
0.547,0.298000,0.116000,0.922000,1.450000,3.099000,2.786000,21.140000
0.560,0.296000,0.110000,0.916000,1.015000,0.756000,2.313000,21.140000
0.567,0.305000,0.117000,0.919000,0.634000,-0.527000,2.427000,21.140000
0.579,0.312000,0.109000,0.914000,0.702000,-1.275000,2.244000,21.240000
0.586,0.323000,0.104000,0.912000,1.321000,-0.115000,1.893000,21.140000
0.599,0.328000,0.106000,0.917000,1.908000,2.038000,1.954000,21.240000
0.608,0.330000,0.117000,0.927000,2.527000,3.771000,2.115000,21.140000
0.619,0.319000,0.118000,0.918000,2.878000,4.366000,2.405000,21.140000
0.626,0.318000,0.118000,0.921000,2.725000,4.985000,2.137000,21.240000
0.639,0.297000,0.130000,0.935000,2.427000,4.237000,2.137000,21.140000
0.646,0.303000,0.123000,0.930000,1.885000,3.130000,1.710000,21.240000
0.659,0.304000,0.120000,0.927000,0.511000,1.916000,1.511000,21.330000
0.665,0.304000,0.122000,0.933000,0.489000,1.206000,1.863000,21.240000
0.679,0.315000,0.111000,0.924000,1.214000,2.130000,2.351000,21.190000
0.691,0.312000,0.125000,0.923000,0.908000,1.389000,2.733000,21.190000
0.698,0.308000,0.114000,0.915000,1.069000,0.954000,3.214000,21.190000
0.711,0.311000,0.116000,0.921000,2.115000,1.687000,2.389000,21.280000
0.718,0.311000,0.113000,0.934000,2.611000,3.092000,1.511000,21.280000
0.731,0.306000,0.116000,0.929000,3.336000,3.160000,0.794000,21.280000
0.738,0.301000,0.121000,0.917000,2.962000,3.718000,0.824000,21.380000
0.750,0.300000,0.123000,0.929000,2.565000,3.237000,0.382000,21.190000
0.758,0.310000,0.116000,0.923000,2.229000,1.763000,0.183000,21.190000
0.770,0.306000,0.123000,0.938000,1.641000,1.634000,1.069000,21.050000
0.778,0.311000,0.120000,0.922000,1.198000,1.275000,1.840000,21.240000
0.790,0.314000,0.115000,0.922000,1.053000,1.420000,2.611000,21.240000
0.797,0.312000,0.114000,0.908000,1.153000,1.275000,2.779000,21.140000
0.810,0.308000,0.113000,0.919000,1.137000,1.878000,2.641000,21.330000
0.824,0.313000,0.121000,0.919000,1.115000,1.924000,2.435000,21.240000
0.831,0.312000,0.116000,0.916000,1.069000,1.718000,1.794000,21.330000
0.837,0.316000,0.121000,0.923000,2.099000,0.076000,0.802000,21.240000
0.850,0.323000,0.121000,0.925000,1.710000,0.252000,2.412000,21.240000
0.858,0.323000,0.124000,0.918000,1.954000,1.519000,3.313000,21.240000
0.870,0.310000,0.109000,0.914000,2.198000,1.183000,3.924000,21.240000
0.877,0.316000,0.121000,0.926000,2.550000,0.794000,4.183000,21.240000
0.889,0.317000,0.115000,0.932000,2.321000,1.107000,4.122000,21.240000
0.896,0.314000,0.123000,0.936000,1.840000,1.405000,4.153000,21.240000
0.910,0.320000,0.125000,0.940000,1.763000,2.557000,4.550000,21.240000
0.916,0.315000,0.128000,0.940000,1.893000,2.481000,5.099000,21.240000
0.929,0.326000,0.133000,0.940000,1.298000,2.947000,5.305000,21.240000
0.936,0.339000,0.120000,0.934000,2.573000,3.809000,4.947000,21.240000
0.949,0.351000,0.114000,0.941000,4.229000,6.740000,4.649000,21.190000
0.958,0.369000,0.104000,0.928000,5.954000,11.855000,4.389000,21.280000
0.969,0.391000,0.106000,0.945000,8.351000,18.206000,5.565000,21.280000
0.981,0.406000,0.120000,0.953000,11.679000,23.863000,7.847000,21.380000
0.988,0.402000,0.114000,0.958000,15.817000,29.779000,11.389000,21.280000
1.000,0.401000,0.123000,0.953000,18.252000,36.450000,13.977000,21.280000
1.008,0.404000,0.092000,0.961000,19.031000,42.260000,16.275000,21.280000
1.020,0.422000,0.083000,0.971000,20.137000,42.985000,17.015000,21.280000
1.027,0.471000,0.091000,0.976000,14.939000,46.420000,19.603000,21.190000
1.039,0.515000,0.054000,0.974000,19.450000,59.748000,22.595000,21.280000
1.046,0.582000,0.046000,0.997000,23.672000,79.458000,25.817000,21.280000
1.058,0.554000,0.064000,0.963000,28.458000,98.328000,32.511000,21.280000
1.071,0.550000,0.087000,0.990000,36.397000,117.183000,41.481000,21.280000
1.078,0.522000,0.144000,1.007000,41.351000,130.458000,49.748000,21.280000
1.090,0.485000,0.198000,1.062000,43.290000,140.817000,59.618000,21.380000
1.096,0.406000,0.231000,1.048000,43.206000,148.756000,66.275000,21.280000
1.109,0.341000,0.240000,1.058000,41.252000,154.458000,71.824000,21.330000
1.121,0.179000,0.235000,0.989000,38.588000,152.985000,71.069000,21.330000
1.130,0.166000,0.162000,1.010000,41.672000,152.351000,66.939000,21.330000
1.140,0.162000,0.126000,0.995000,47.153000,152.908000,62.412000,21.330000
1.147,0.196000,0.167000,1.039000,48.733000,165.908000,59.908000,21.330000
1.160,0.180000,0.236000,1.065000,46.588000,188.916000,62.321000,21.330000
1.167,0.055000,0.276000,1.037000,43.084000,205.740000,62.847000,21.330000
1.179,-0.103000,0.313000,1.002000,34.878000,211.748000,61.534000,21.420000
1.191,-0.237000,0.301000,0.955000,28.542000,206.351000,57.168000,21.330000
1.197,-0.321000,0.297000,0.913000,22.641000,191.718000,52.672000,21.330000
1.211,-0.340000,0.289000,0.869000,18.687000,177.023000,48.718000,21.330000
1.217,-0.353000,0.316000,0.874000,17.481000,157.557000,48.099000,21.330000
1.229,-0.344000,0.337000,0.890000,14.137000,141.893000,47.718000,21.330000
1.241,-0.366000,0.371000,0.921000,11.038000,134.229000,45.649000,21.240000
1.247,-0.351000,0.404000,0.924000,6.122000,141.290000,40.031000,21.330000
1.261,-0.375000,0.396000,0.912000,1.908000,144.855000,32.832000,21.330000
1.267,-0.382000,0.340000,0.873000,4.603000,151.992000,27.076000,21.330000
1.279,-0.365000,0.338000,0.837000,10.290000,166.221000,18.038000,21.190000
1.286,-0.376000,0.323000,0.791000,18.061000,177.023000,11.168000,21.380000
1.298,-0.409000,0.332000,0.774000,24.756000,189.626000,8.496000,21.380000
1.311,-0.500000,0.340000,0.760000,27.122000,190.267000,7.901000,21.380000
1.317,-0.581000,0.345000,0.737000,28.023000,181.076000,8.290000,21.380000
1.330,-0.619000,0.385000,0.748000,22.221000,172.435000,4.237000,21.380000
1.336,-0.645000,0.383000,0.730000,17.099000,164.298000,-1.534000,21.380000
1.348,-0.521000,0.338000,0.734000,18.458000,173.061000,-5.740000,21.380000
1.361,-0.458000,0.386000,0.739000,31.870000,193.069000,-5.954000,21.280000
1.368,-0.500000,0.366000,0.725000,43.893000,216.481000,-7.107000,21.380000
1.380,-0.607000,0.412000,0.721000,46.397000,238.947000,-10.771000,21.380000
1.386,-0.772000,0.413000,0.697000,45.664000,242.534000,-18.962000,21.280000
1.398,-0.873000,0.395000,0.658000,40.237000,236.405000,-27.656000,21.380000
1.411,-0.867000,0.419000,0.619000,32.519000,230.840000,-33.748000,21.380000
1.418,-0.829000,0.422000,0.589000,37.084000,228.351000,-37.802000,21.380000
1.429,-0.746000,0.514000,0.587000,39.649000,237.061000,-33.069000,21.330000
1.436,-0.857000,0.547000,0.582000,37.405000,245.832000,-26.000000,21.330000
1.448,-1.010000,0.488000,0.514000,31.374000,246.748000,-29.649000,21.330000
1.461,-1.164000,0.452000,0.466000,22.733000,234.351000,-39.053000,21.420000
1.468,-1.258000,0.371000,0.411000,13.557000,208.840000,-53.824000,21.330000
1.480,-1.199000,0.340000,0.367000,6.336000,185.275000,-69.519000,21.330000
1.486,-1.133000,0.332000,0.328000,-0.534000,169.290000,-77.099000,21.420000
1.498,-1.008000,0.282000,0.271000,2.802000,152.893000,-81.748000,21.330000
1.511,-0.950000,0.400000,0.284000,5.473000,150.710000,-68.397000,21.420000
1.518,-1.058000,0.315000,0.277000,8.282000,141.374000,-62.878000,21.420000
1.529,-1.136000,0.337000,0.244000,3.718000,133.962000,-69.145000,21.420000
1.536,-1.205000,0.260000,0.231000,-3.176000,119.664000,-83.573000,21.330000
1.548,-1.174000,0.178000,0.180000,-3.985000,103.237000,-96.023000,21.420000
1.561,-1.110000,0.198000,0.170000,-4.061000,89.672000,-98.260000,21.330000
1.567,-1.062000,0.083000,0.129000,-0.824000,79.672000,-104.359000,21.380000
1.579,-0.882000,0.182000,0.118000,5.214000,85.878000,-98.885000,21.280000
1.586,-0.879000,0.149000,0.093000,10.313000,99.267000,-88.702000,21.380000
1.598,-0.928000,0.118000,0.035000,17.954000,115.389000,-88.809000,21.380000
1.611,-1.021000,0.089000,0.110000,25.137000,132.260000,-83.290000,21.470000
1.617,-1.138000,0.041000,0.056000,29.519000,113.038000,-92.702000,21.380000
1.629,-1.179000,0.071000,0.078000,23.595000,98.840000,-95.427000,21.380000
1.636,-1.036000,0.045000,0.083000,22.313000,89.183000,-93.557000,21.280000
1.648,-0.989000,0.060000,0.025000,23.351000,93.313000,-94.359000,21.470000
1.660,-1.013000,0.040000,0.010000,28.359000,101.069000,-94.992000,21.380000
1.667,-1.116000,-0.035000,0.004000,34.107000,96.565000,-99.412000,21.380000
1.680,-1.144000,-0.020000,0.027000,34.748000,86.779000,-105.046000,21.470000
1.691,-1.087000,-0.015000,0.019000,28.595000,77.733000,-116.000000,21.470000
1.698,-0.980000,-0.074000,0.005000,24.412000,75.771000,-126.756000,21.380000
1.711,-0.842000,0.011000,-0.003000,23.626000,75.809000,-120.313000,21.380000
1.716,-0.868000,-0.088000,-0.030000,24.969000,73.847000,-111.588000,21.380000
1.728,-0.858000,-0.103000,-0.066000,29.359000,75.656000,-106.603000,21.380000
1.740,-0.889000,-0.102000,-0.061000,29.748000,76.336000,-100.611000,21.420000
1.747,-0.950000,-0.177000,-0.074000,32.611000,72.611000,-99.145000,21.420000
1.759,-0.916000,-0.121000,-0.073000,34.878000,72.000000,-100.695000,21.420000
1.772,-0.904000,-0.151000,-0.079000,33.679000,70.214000,-103.397000,21.420000
1.778,-0.898000,-0.177000,-0.074000,34.992000,63.779000,-106.107000,21.420000
1.789,-0.799000,-0.100000,-0.062000,32.466000,64.267000,-102.489000,21.420000
1.795,-0.797000,-0.162000,-0.076000,29.382000,65.672000,-94.160000,21.420000
1.808,-0.833000,-0.214000,-0.111000,30.557000,64.763000,-85.008000,21.420000
1.820,-0.851000,-0.242000,-0.142000,32.794000,63.771000,-81.435000,21.420000
1.828,-0.865000,-0.279000,-0.140000,38.069000,59.985000,-82.389000,21.520000
1.838,-0.885000,-0.301000,-0.153000,43.794000,54.069000,-84.237000,21.330000
1.850,-0.842000,-0.244000,-0.148000,44.359000,50.763000,-84.481000,21.420000
1.858,-0.823000,-0.273000,-0.153000,42.794000,46.580000,-84.672000,21.520000
1.869,-0.779000,-0.287000,-0.153000,43.626000,43.237000,-84.214000,21.520000
1.876,-0.747000,-0.299000,-0.157000,42.954000,43.092000,-81.588000,21.520000
1.888,-0.728000,-0.394000,-0.162000,47.756000,43.634000,-82.069000,21.420000
1.900,-0.689000,-0.301000,-0.149000,51.771000,47.496000,-74.740000,21.420000
1.908,-0.761000,-0.355000,-0.144000,50.427000,50.695000,-72.718000,21.520000
1.918,-0.844000,-0.393000,-0.142000,49.115000,47.603000,-73.763000,21.470000
1.930,-0.861000,-0.405000,-0.179000,46.450000,38.847000,-76.573000,21.470000
1.937,-0.813000,-0.438000,-0.184000,47.985000,29.221000,-78.832000,21.470000
1.949,-0.734000,-0.380000,-0.158000,50.924000,25.939000,-73.519000,21.380000
1.955,-0.717000,-0.399000,-0.136000,51.053000,25.153000,-68.527000,21.470000
1.968,-0.778000,-0.401000,-0.118000,47.710000,25.466000,-62.267000,21.470000
1.980,-0.819000,-0.460000,-0.125000,45.573000,23.954000,-63.176000,21.470000
1.986,-0.802000,-0.474000,-0.125000,43.489000,24.763000,-67.702000,21.470000
1.998,-0.779000,-0.465000,-0.143000,44.252000,26.802000,-68.969000,21.380000
2.011,-0.733000,-0.402000,-0.165000,43.557000,29.687000,-66.649000,21.470000
2.018,-0.752000,-0.382000,-0.150000,36.328000,35.382000,-65.229000,21.520000
2.030,-0.834000,-0.465000,-0.169000,37.756000,34.748000,-64.664000,21.420000
2.035,-0.880000,-0.500000,-0.157000,39.916000,31.076000,-70.176000,21.520000
2.048,-0.835000,-0.536000,-0.141000,41.656000,30.931000,-79.901000,21.520000
2.061,-0.776000,-0.541000,-0.112000,42.305000,31.580000,-80.489000,21.420000
2.066,-0.698000,-0.507000,-0.118000,40.366000,37.107000,-77.282000,21.520000
2.079,-0.679000,-0.544000,-0.162000,37.634000,40.038000,-73.740000,21.520000
2.090,-0.675000,-0.550000,-0.199000,37.344000,38.763000,-69.099000,21.520000
2.097,-0.665000,-0.578000,-0.251000,36.145000,36.298000,-68.137000,21.420000
2.110,-0.611000,-0.663000,-0.275000,42.832000,31.580000,-68.832000,21.420000
2.115,-0.598000,-0.681000,-0.242000,48.740000,26.038000,-66.901000,21.520000
2.128,-0.552000,-0.649000,-0.146000,49.176000,19.626000,-62.863000,21.520000
2.140,-0.534000,-0.621000,-0.048000,44.076000,13.183000,-55.344000,21.520000
2.146,-0.453000,-0.560000,0.007000,31.450000,14.313000,-44.107000,21.420000
2.158,-0.432000,-0.595000,-0.004000,20.328000,20.214000,-26.718000,21.520000
2.171,-0.449000,-0.645000,-0.059000,14.771000,26.649000,-15.954000,21.520000
2.179,-0.511000,-0.676000,-0.124000,12.405000,29.427000,-9.321000,21.610000
2.189,-0.574000,-0.644000,-0.148000,9.496000,28.191000,-1.740000,21.610000
2.196,-0.604000,-0.659000,-0.145000,7.885000,28.252000,2.779000,21.520000
2.209,-0.622000,-0.611000,-0.139000,1.130000,30.611000,5.382000,21.520000
2.221,-0.735000,-0.709000,-0.136000,-1.290000,28.084000,5.519000,21.420000
2.228,-0.780000,-0.718000,-0.128000,-3.305000,19.344000,0.679000,21.520000
2.240,-0.724000,-0.691000,-0.104000,-4.954000,11.641000,-2.382000,21.520000
2.246,-0.603000,-0.594000,-0.137000,-13.985000,17.275000,5.687000,21.520000
2.258,-0.589000,-0.648000,-0.208000,-20.664000,26.458000,13.008000,21.520000
2.271,-0.668000,-0.744000,-0.276000,-17.397000,28.168000,13.389000,21.520000
2.278,-0.723000,-0.671000,-0.294000,-14.908000,24.359000,15.130000,21.570000
2.289,-0.725000,-0.729000,-0.301000,-13.183000,19.802000,9.756000,21.570000
2.296,-0.673000,-0.716000,-0.300000,-9.557000,17.328000,7.603000,21.470000
2.308,-0.652000,-0.714000,-0.289000,-5.733000,14.649000,10.336000,21.570000
2.320,-0.667000,-0.701000,-0.255000,-3.015000,7.511000,12.115000,21.470000
2.329,-0.640000,-0.638000,-0.217000,-5.313000,0.229000,17.947000,21.660000
2.340,-0.579000,-0.646000,-0.186000,-10.450000,-0.145000,21.603000,21.570000
2.345,-0.571000,-0.688000,-0.187000,-11.374000,-0.374000,26.672000,21.470000
2.358,-0.604000,-0.629000,-0.176000,-11.893000,-1.038000,37.809000,21.570000
2.371,-0.680000,-0.623000,-0.166000,-15.305000,-4.069000,44.893000,21.470000
2.377,-0.721000,-0.655000,-0.159000,-18.191000,-7.985000,45.634000,21.470000
2.389,-0.709000,-0.611000,-0.163000,-19.687000,-9.634000,48.305000,21.570000
2.400,-0.749000,-0.603000,-0.168000,-23.939000,-11.443000,50.992000,21.570000
2.408,-0.787000,-0.606000,-0.165000,-26.443000,-18.885000,50.160000,21.570000
2.419,-0.774000,-0.530000,-0.136000,-33.618000,-23.740000,52.664000,21.660000
2.431,-0.746000,-0.573000,-0.141000,-39.321000,-22.519000,53.153000,21.570000
2.437,-0.705000,-0.619000,-0.171000,-41.885000,-18.771000,51.389000,21.610000
2.449,-0.691000,-0.604000,-0.172000,-42.634000,-13.863000,51.321000,21.610000
2.458,-0.715000,-0.601000,-0.174000,-45.229000,-13.626000,52.191000,21.610000
2.468,-0.737000,-0.547000,-0.161000,-48.924000,-20.511000,52.008000,21.520000
2.480,-0.755000,-0.426000,-0.132000,-60.031000,-26.664000,59.763000,21.610000
2.486,-0.771000,-0.483000,-0.164000,-68.053000,-30.450000,63.282000,21.610000
2.498,-0.722000,-0.557000,-0.225000,-68.786000,-27.534000,60.817000,21.610000
2.510,-0.694000,-0.596000,-0.263000,-63.534000,-22.458000,57.870000,21.520000
2.517,-0.695000,-0.634000,-0.261000,-57.214000,-22.038000,49.985000,21.520000
2.529,-0.686000,-0.598000,-0.245000,-52.290000,-25.389000,41.038000,21.610000
2.540,-0.659000,-0.530000,-0.175000,-53.863000,-35.198000,40.359000,21.520000
2.547,-0.634000,-0.526000,-0.136000,-56.870000,-46.397000,41.573000,21.520000
2.559,-0.427000,-0.337000,-0.133000,-63.336000,-35.634000,59.015000,21.610000
2.573,-0.450000,-0.310000,-0.168000,-70.908000,-18.618000,89.405000,21.520000
2.580,-0.642000,-0.327000,-0.211000,-73.420000,-4.099000,107.328000,21.710000
2.589,-0.868000,-0.332000,-0.220000,-77.908000,-3.870000,103.092000,21.610000
2.596,-1.015000,-0.368000,-0.229000,-81.214000,-15.527000,87.763000,21.610000
2.608,-1.047000,-0.444000,-0.220000,-79.282000,-34.656000,61.718000,21.520000
2.621,-0.885000,-0.513000,-0.249000,-74.084000,-45.931000,35.053000,21.520000
2.629,-0.654000,-0.583000,-0.297000,-67.756000,-46.748000,20.809000,21.610000
2.638,-0.421000,-0.585000,-0.322000,-52.779000,-38.305000,18.855000,21.570000
2.650,-0.157000,-0.209000,-0.239000,-46.412000,-9.817000,56.160000,21.570000
2.658,-0.293000,-0.074000,-0.208000,-54.466000,16.672000,104.588000,21.660000
2.670,-0.660000,-0.005000,-0.214000,-71.817000,25.794000,135.443000,21.470000
2.681,-1.028000,0.014000,-0.264000,-92.595000,17.344000,143.221000,21.660000
2.687,-1.288000,-0.101000,-0.334000,-98.183000,-9.145000,132.206000,21.660000
2.699,-1.306000,-0.221000,-0.411000,-93.847000,-31.931000,105.550000,21.660000
2.708,-1.162000,-0.357000,-0.429000,-78.344000,-39.229000,73.076000,21.570000
2.718,-1.021000,-0.448000,-0.443000,-58.863000,-38.107000,45.214000,21.470000
2.730,-0.786000,-0.452000,-0.421000,-38.229000,-24.840000,24.145000,21.660000
2.736,-0.552000,-0.356000,-0.408000,-19.389000,-0.977000,26.282000,21.660000
2.748,-0.517000,-0.219000,-0.321000,-8.580000,18.420000,41.519000,21.660000
2.760,-0.502000,0.186000,-0.183000,-24.023000,36.260000,80.435000,21.570000
2.767,-0.766000,0.281000,-0.187000,-54.580000,38.992000,123.374000,21.570000
2.780,-1.030000,0.232000,-0.250000,-83.328000,21.366000,151.802000,21.660000
2.786,-1.194000,0.116000,-0.360000,-95.840000,-0.916000,155.885000,21.660000
2.798,-1.252000,-0.016000,-0.414000,-90.878000,-18.221000,136.382000,21.660000
2.810,-1.204000,-0.107000,-0.436000,-78.031000,-23.832000,110.389000,21.610000
2.816,-1.128000,-0.132000,-0.460000,-61.176000,-19.122000,88.634000,21.610000
2.828,-1.058000,-0.154000,-0.447000,-46.725000,-10.214000,68.954000,21.710000
2.840,-0.999000,-0.127000,-0.436000,-32.450000,1.099000,54.275000,21.710000
2.847,-0.979000,-0.053000,-0.389000,-24.359000,6.916000,44.489000,21.610000
2.859,-1.031000,0.010000,-0.296000,-24.053000,-5.496000,37.412000,21.610000
2.871,-1.020000,0.104000,-0.150000,-36.260000,-26.695000,34.748000,21.610000
2.878,-0.961000,0.039000,-0.107000,-52.931000,-49.931000,31.176000,21.610000
2.890,-0.666000,0.033000,-0.152000,-60.672000,-53.847000,39.450000,21.610000
2.896,-0.485000,0.078000,-0.209000,-65.557000,-39.947000,72.908000,21.710000
2.908,-0.536000,0.072000,-0.262000,-68.069000,-19.427000,102.511000,21.710000
2.922,-0.684000,0.104000,-0.291000,-70.855000,-3.168000,113.824000,21.610000
2.927,-0.862000,0.115000,-0.329000,-72.214000,1.809000,114.374000,21.610000
2.939,-1.014000,0.074000,-0.357000,-68.038000,-7.779000,103.466000,21.610000
2.951,-1.036000,0.040000,-0.320000,-60.328000,-25.069000,82.061000,21.610000
2.958,-0.942000,0.104000,-0.277000,-56.153000,-39.260000,70.740000,21.610000
2.971,-0.782000,0.097000,-0.268000,-50.221000,-40.779000,67.305000,21.610000
2.976,-0.626000,0.273000,-0.242000,-48.962000,-29.702000,82.038000,21.610000
2.988,-0.656000,0.317000,-0.261000,-49.710000,-13.756000,106.672000,21.660000
3.000,-0.770000,0.502000,-0.247000,-56.046000,-3.748000,129.214000,21.750000
3.008,-1.015000,0.616000,-0.248000,-70.962000,-6.794000,149.267000,21.660000
3.020,-1.225000,0.594000,-0.253000,-86.092000,-24.305000,150.908000,21.660000
3.031,-1.333000,0.480000,-0.275000,-92.885000,-44.450000,127.947000,21.750000
3.037,-1.381000,0.270000,-0.269000,-88.588000,-70.672000,94.771000,21.660000
3.050,-1.213000,0.069000,-0.291000,-73.435000,-85.511000,54.710000,21.570000
3.058,-0.802000,0.124000,-0.296000,-50.458000,-70.817000,37.466000,21.750000
3.068,-0.488000,0.214000,-0.289000,-25.565000,-31.160000,48.450000,21.660000
3.080,-0.462000,0.519000,-0.212000,-15.771000,13.702000,81.542000,21.660000
3.087,-0.787000,0.737000,-0.122000,-25.855000,32.962000,118.611000,21.660000
3.099,-1.220000,0.813000,-0.113000,-51.336000,18.351000,134.168000,21.660000
3.111,-1.428000,0.695000,-0.164000,-74.786000,-21.168000,127.214000,21.660000
3.118,-1.451000,0.476000,-0.189000,-79.740000,-64.977000,103.718000,21.750000
3.130,-1.273000,0.301000,-0.197000,-74.145000,-95.626000,74.473000,21.660000
3.136,-0.775000,0.267000,-0.254000,-55.985000,-83.374000,55.183000,21.710000
3.148,-0.365000,0.480000,-0.222000,-34.763000,-33.947000,75.603000,21.610000
3.160,-0.533000,0.610000,-0.191000,-25.924000,11.046000,108.305000,21.710000
3.168,-0.942000,0.703000,-0.137000,-27.977000,30.931000,123.916000,21.710000
3.179,-1.314000,0.732000,-0.109000,-41.275000,7.786000,115.939000,21.710000
3.191,-1.431000,0.687000,-0.091000,-58.137000,-35.710000,93.542000,21.800000
3.197,-1.343000,0.497000,-0.103000,-69.336000,-85.084000,63.870000,21.610000
3.209,-1.014000,0.411000,-0.123000,-67.328000,-113.580000,43.221000,21.710000
3.216,-0.604000,0.390000,-0.127000,-56.618000,-109.779000,41.107000,21.710000
3.228,-0.186000,0.448000,-0.182000,-37.153000,-67.176000,55.145000,21.710000
3.240,-0.128000,0.671000,-0.135000,-21.519000,-7.779000,97.405000,21.710000
3.247,-0.504000,0.756000,-0.093000,-13.237000,30.000000,130.954000,21.610000
3.259,-0.976000,0.858000,-0.036000,-21.122000,29.603000,136.840000,21.710000
3.272,-1.332000,0.796000,-0.010000,-37.099000,-6.847000,119.168000,21.610000
3.277,-1.417000,0.636000,-0.021000,-47.160000,-59.458000,84.695000,21.710000
3.289,-1.250000,0.538000,-0.010000,-47.282000,-107.611000,51.870000,21.800000
3.296,-0.961000,0.437000,0.004000,-44.626000,-134.076000,25.802000,21.710000
3.308,-0.600000,0.490000,0.030000,-32.221000,-133.122000,15.290000,21.710000
3.320,-0.342000,0.569000,0.130000,-22.748000,-110.748000,19.885000,21.660000
3.327,-0.248000,0.658000,0.177000,-14.924000,-82.351000,30.962000,21.660000
3.339,-0.254000,0.741000,0.203000,-24.061000,-52.672000,52.504000,21.850000
3.351,-0.231000,0.871000,0.218000,-29.603000,-28.962000,81.573000,21.750000
3.358,-0.294000,1.031000,0.214000,-38.954000,-10.672000,120.046000,21.750000
3.370,-0.478000,1.060000,0.186000,-48.588000,3.969000,153.198000,21.750000
3.376,-0.699000,1.031000,0.129000,-53.687000,16.733000,164.389000,21.660000
3.388,-1.016000,0.878000,0.045000,-54.618000,2.901000,151.901000,21.660000
3.400,-1.204000,0.729000,0.025000,-50.573000,-30.550000,117.191000,21.660000
3.408,-1.186000,0.630000,0.056000,-45.893000,-69.863000,77.656000,21.800000
3.419,-0.888000,0.645000,0.077000,-38.679000,-92.252000,47.267000,21.800000
3.426,-0.409000,0.887000,0.183000,-25.641000,-69.947000,49.595000,21.710000
3.438,-0.256000,1.115000,0.236000,-24.023000,-31.763000,80.878000,21.800000
3.450,-0.394000,1.205000,0.303000,-29.298000,-0.763000,109.786000,21.800000
3.458,-0.685000,1.199000,0.282000,-43.206000,7.267000,124.282000,21.800000
3.469,-0.939000,1.090000,0.198000,-50.481000,-3.939000,116.649000,21.710000
3.476,-1.028000,0.983000,0.146000,-49.786000,-29.634000,95.634000,21.710000
3.488,-0.920000,0.858000,0.117000,-37.954000,-43.237000,69.328000,21.710000
3.500,-0.726000,0.921000,0.115000,-28.267000,-43.794000,53.863000,21.800000
3.508,-0.569000,1.045000,0.133000,-18.489000,-22.939000,58.115000,21.800000
3.520,-0.570000,1.108000,0.158000,-13.893000,6.107000,66.679000,21.800000
3.526,-0.748000,1.124000,0.182000,-6.969000,28.053000,69.038000,21.800000
3.538,-0.957000,1.132000,0.180000,-5.496000,28.786000,60.321000,21.800000
3.550,-1.107000,1.088000,0.172000,-4.351000,12.061000,40.947000,21.710000
3.558,-1.129000,1.064000,0.154000,-4.901000,-9.374000,16.611000,21.800000
3.570,-1.027000,1.025000,0.163000,-0.718000,-25.313000,-6.733000,21.800000
3.578,-0.865000,1.012000,0.183000,5.969000,-28.137000,-24.496000,21.890000
3.588,-0.753000,1.013000,0.215000,10.573000,-23.489000,-35.687000,21.710000
3.601,-0.696000,1.029000,0.242000,10.496000,-17.588000,-42.053000,21.800000
3.608,-0.677000,1.009000,0.246000,9.756000,-15.466000,-45.947000,21.710000
3.620,-0.624000,1.015000,0.265000,9.664000,-13.107000,-46.634000,21.800000
3.627,-0.579000,1.046000,0.260000,7.321000,-6.115000,-39.863000,21.800000
3.639,-0.582000,1.030000,0.269000,7.985000,4.908000,-33.069000,21.850000
3.645,-0.624000,1.060000,0.249000,9.366000,18.397000,-27.160000,21.850000
3.658,-0.727000,1.073000,0.247000,13.107000,29.221000,-26.878000,21.850000
3.670,-0.846000,1.053000,0.222000,20.038000,34.214000,-36.374000,21.850000
3.677,-0.947000,1.104000,0.200000,25.092000,33.557000,-50.679000,21.850000
3.689,-1.019000,1.079000,0.199000,26.664000,25.794000,-70.832000,21.750000
3.696,-1.007000,1.105000,0.193000,30.130000,19.298000,-89.527000,21.750000
3.708,-0.975000,1.131000,0.209000,33.061000,12.924000,-99.542000,21.850000
3.720,-1.002000,1.141000,0.190000,33.466000,-1.344000,-116.160000,21.850000
3.727,-0.943000,1.278000,0.278000,25.405000,-22.244000,-125.550000,21.850000
3.739,-0.921000,1.264000,0.324000,12.771000,-35.794000,-124.527000,21.750000
3.751,-0.842000,1.151000,0.217000,0.397000,-53.382000,-134.824000,21.850000
3.758,-0.763000,1.018000,0.218000,6.718000,-56.260000,-137.954000,21.750000
3.769,-0.441000,0.648000,0.425000,42.947000,-34.092000,-139.061000,21.750000
3.791,-0.441000,0.648000,0.425000,42.947000,-34.092000,-139.061000,112.080000
3.819,-0.441000,0.648000,0.425000,42.947000,-34.092000,-139.061000,112.080000
3.841,-0.441000,0.648000,0.425000,42.947000,-34.092000,-139.061000,112.080000
3.869,-0.441000,0.648000,0.425000,42.947000,-34.092000,-139.061000,112.080000
3.891,-0.441000,0.648000,0.425000,42.947000,-34.092000,-139.061000,112.080000
3.913,-0.441000,0.648000,0.425000,42.947000,-34.092000,-139.061000,112.080000
3.941,-0.441000,0.648000,0.425000,42.947000,-34.092000,-139.061000,112.080000
3.964,-0.441000,0.648000,0.425000,42.947000,-34.092000,-139.061000,112.080000
3.991,-0.441000,0.648000,0.425000,42.947000,-34.092000,-139.061000,112.080000
4.014,-0.441000,0.648000,0.425000,42.947000,-34.092000,-139.061000,112.080000
4.041,-0.441000,0.648000,0.425000,42.947000,-34.092000,-139.061000,112.080000
4.063,-0.441000,0.648000,0.425000,42.947000,-34.092000,-139.061000,112.080000
4.091,-0.441000,0.648000,0.425000,42.947000,-34.092000,-139.061000,112.080000
4.113,-0.441000,0.648000,0.425000,42.947000,-34.092000,-139.061000,112.080000
4.141,-0.441000,0.648000,0.425000,42.947000,-34.092000,-139.061000,112.080000
4.163,-0.441000,0.648000,0.425000,42.947000,-34.092000,-139.061000,112.080000
4.185,-0.441000,0.648000,0.425000,42.947000,-34.092000,-139.061000,112.080000
4.213,-0.441000,0.648000,0.425000,42.947000,-34.092000,-139.061000,112.080000
4.235,-0.441000,0.648000,0.425000,42.947000,-34.092000,-139.061000,112.080000
4.263,-0.441000,0.648000,0.425000,42.947000,-34.092000,-139.061000,112.080000
4.286,-0.441000,0.648000,0.425000,42.947000,-34.092000,-139.061000,112.080000
4.313,-0.441000,0.648000,0.425000,42.947000,-34.092000,-139.061000,112.080000
4.335,-0.441000,0.648000,0.425000,42.947000,-34.092000,-139.061000,112.080000
4.363,-0.441000,0.648000,0.425000,42.947000,-34.092000,-139.061000,112.080000
4.385,-0.441000,0.648000,0.425000,42.947000,-34.092000,-139.061000,112.080000
4.413,-0.441000,0.648000,0.425000,42.947000,-34.092000,-139.061000,112.080000
4.435,-0.441000,0.648000,0.425000,42.947000,-34.092000,-139.061000,112.080000
4.458,-0.441000,0.648000,0.425000,42.947000,-34.092000,-139.061000,112.080000
4.485,-0.441000,0.648000,0.425000,42.947000,-34.092000,-139.061000,112.080000
4.508,-0.441000,0.648000,0.425000,42.947000,-34.092000,-139.061000,112.080000
4.535,-0.441000,0.648000,0.425000,42.947000,-34.092000,-139.061000,112.080000
4.558,-0.441000,0.648000,0.425000,42.947000,-34.092000,-139.061000,112.080000
4.585,-0.441000,0.648000,0.425000,42.947000,-34.092000,-139.061000,112.080000
4.608,-0.441000,0.648000,0.425000,42.947000,-34.092000,-139.061000,112.080000
4.635,-0.441000,0.648000,0.425000,42.947000,-34.092000,-139.061000,112.080000
4.657,-0.441000,0.648000,0.425000,42.947000,-34.092000,-139.061000,112.080000
4.686,-0.441000,0.648000,0.425000,42.947000,-34.092000,-139.061000,112.080000
4.708,-0.441000,0.648000,0.425000,42.947000,-34.092000,-139.061000,112.080000
4.730,-0.441000,0.648000,0.425000,42.947000,-34.092000,-139.061000,112.080000
4.758,-0.441000,0.648000,0.425000,42.947000,-34.092000,-139.061000,112.080000
4.781,-0.441000,0.648000,0.425000,42.947000,-34.092000,-139.061000,112.080000
4.808,-0.441000,0.648000,0.425000,42.947000,-34.092000,-139.061000,112.080000
4.830,-0.441000,0.648000,0.425000,42.947000,-34.092000,-139.061000,112.080000
4.858,-0.441000,0.648000,0.425000,42.947000,-34.092000,-139.061000,112.080000
4.880,-0.441000,0.648000,0.425000,42.947000,-34.092000,-139.061000,112.080000
4.908,-0.441000,0.648000,0.425000,42.947000,-34.092000,-139.061000,112.080000
4.930,-0.441000,0.648000,0.425000,42.947000,-34.092000,-139.061000,112.080000
4.958,-0.441000,0.648000,0.425000,42.947000,-34.092000,-139.061000,112.080000
4.980,-0.441000,0.648000,0.425000,42.947000,-34.092000,-139.061000,112.080000
5.002,-0.441000,0.648000,0.425000,42.947000,-34.092000,-139.061000,112.080000
5.030,-0.441000,0.648000,0.425000,42.947000,-34.092000,-139.061000,112.080000
5.052,-0.441000,0.648000,0.425000,42.947000,-34.092000,-139.061000,112.080000
5.080,-0.441000,0.648000,0.425000,42.947000,-34.092000,-139.061000,112.080000
5.102,-0.441000,0.648000,0.425000,42.947000,-34.092000,-139.061000,112.080000
5.130,-0.441000,0.648000,0.425000,42.947000,-34.092000,-139.061000,112.080000
5.152,-0.441000,0.648000,0.425000,42.947000,-34.092000,-139.061000,112.080000
5.180,-0.441000,0.648000,0.425000,42.947000,-34.092000,-139.061000,112.080000
5.202,-0.441000,0.648000,0.425000,42.947000,-34.092000,-139.061000,112.080000
5.225,-0.441000,0.648000,0.425000,42.947000,-34.092000,-139.061000,112.080000
5.252,-0.441000,0.648000,0.425000,42.947000,-34.092000,-139.061000,112.080000
5.275,-0.441000,0.648000,0.425000,42.947000,-34.092000,-139.061000,112.080000
5.302,-0.441000,0.648000,0.425000,42.947000,-34.092000,-139.061000,112.080000
5.325,-0.441000,0.648000,0.425000,42.947000,-34.092000,-139.061000,112.080000
5.352,-0.441000,0.648000,0.425000,42.947000,-34.092000,-139.061000,112.080000
5.374,-0.441000,0.648000,0.425000,42.947000,-34.092000,-139.061000,112.080000
5.402,-0.441000,0.648000,0.425000,42.947000,-34.092000,-139.061000,112.080000
5.425,-0.441000,0.648000,0.425000,42.947000,-34.092000,-139.061000,112.080000
5.452,-0.441000,0.648000,0.425000,42.947000,-34.092000,-139.061000,112.080000
5.475,-0.441000,0.648000,0.425000,42.947000,-34.092000,-139.061000,112.080000
5.496,-0.441000,0.648000,0.425000,42.947000,-34.092000,-139.061000,112.080000
5.524,-0.441000,0.648000,0.425000,42.947000,-34.092000,-139.061000,112.080000
5.546,-0.441000,0.648000,0.425000,42.947000,-34.092000,-139.061000,112.080000
5.574,-0.441000,0.648000,0.425000,42.947000,-34.092000,-139.061000,112.080000
5.596,-0.441000,0.648000,0.425000,42.947000,-34.092000,-139.061000,112.080000
5.624,-0.441000,0.648000,0.425000,42.947000,-34.092000,-139.061000,112.080000
5.646,-0.441000,0.648000,0.425000,42.947000,-34.092000,-139.061000,112.080000
5.674,-0.441000,0.648000,0.425000,42.947000,-34.092000,-139.061000,112.080000
5.696,-0.441000,0.648000,0.425000,42.947000,-34.092000,-139.061000,112.080000
5.724,-0.441000,0.648000,0.425000,42.947000,-34.092000,-139.061000,112.080000
5.746,-0.441000,0.648000,0.425000,42.947000,-34.092000,-139.061000,112.080000
5.769,-0.441000,0.648000,0.425000,42.947000,-34.092000,-139.061000,112.080000
5.796,-0.441000,0.648000,0.425000,42.947000,-34.092000,-139.061000,112.080000
5.819,-0.441000,0.648000,0.425000,42.947000,-34.092000,-139.061000,112.080000
5.846,-0.441000,0.648000,0.425000,42.947000,-34.092000,-139.061000,112.080000
5.869,-0.441000,0.648000,0.425000,42.947000,-34.092000,-139.061000,112.080000
5.896,-0.441000,0.648000,0.425000,42.947000,-34.092000,-139.061000,112.080000
5.919,-0.441000,0.648000,0.425000,42.947000,-34.092000,-139.061000,112.080000
5.946,-0.441000,0.648000,0.425000,42.947000,-34.092000,-139.061000,112.080000
5.969,-0.441000,0.648000,0.425000,42.947000,-34.092000,-139.061000,112.080000
5.996,-0.441000,0.648000,0.425000,42.947000,-34.092000,-139.061000,112.080000
6.020,-0.441000,0.648000,0.425000,42.947000,-34.092000,-139.061000,112.080000
6.041,-0.441000,0.648000,0.425000,42.947000,-34.092000,-139.061000,112.080000
6.069,-0.441000,0.648000,0.425000,42.947000,-34.092000,-139.061000,112.080000
6.091,-0.441000,0.648000,0.425000,42.947000,-34.092000,-139.061000,112.080000
6.119,-0.441000,0.648000,0.425000,42.947000,-34.092000,-139.061000,112.080000
6.141,-0.441000,0.648000,0.425000,42.947000,-34.092000,-139.061000,112.080000
6.169,-0.441000,0.648000,0.425000,42.947000,-34.092000,-139.061000,112.080000
6.191,-0.441000,0.648000,0.425000,42.947000,-34.092000,-139.061000,112.080000
6.219,-0.441000,0.648000,0.425000,42.947000,-34.092000,-139.061000,112.080000
6.241,-0.441000,0.648000,0.425000,42.947000,-34.092000,-139.061000,112.080000
6.269,-0.441000,0.648000,0.425000,42.947000,-34.092000,-139.061000,112.080000
6.291,-0.441000,0.648000,0.425000,42.947000,-34.092000,-139.061000,112.080000
6.313,-0.441000,0.648000,0.425000,42.947000,-34.092000,-139.061000,112.080000
6.341,-0.441000,0.648000,0.425000,42.947000,-34.092000,-139.061000,112.080000
6.363,-0.441000,0.648000,0.425000,42.947000,-34.092000,-139.061000,112.080000
6.391,-0.441000,0.648000,0.425000,42.947000,-34.092000,-139.061000,112.080000
6.413,-0.441000,0.648000,0.425000,42.947000,-34.092000,-139.061000,112.080000
6.441,-0.441000,0.648000,0.425000,42.947000,-34.092000,-139.061000,112.080000
6.463,-0.441000,0.648000,0.425000,42.947000,-34.092000,-139.061000,112.080000
6.491,-0.441000,0.648000,0.425000,42.947000,-34.092000,-139.061000,112.080000
6.513,-0.441000,0.648000,0.425000,42.947000,-34.092000,-139.061000,112.080000
6.541,-0.441000,0.648000,0.425000,42.947000,-34.092000,-139.061000,112.080000
6.563,-0.441000,0.648000,0.425000,42.947000,-34.092000,-139.061000,112.080000
6.585,-0.441000,0.648000,0.425000,42.947000,-34.092000,-139.061000,112.080000
6.613,-0.441000,0.648000,0.425000,42.947000,-34.092000,-139.061000,112.080000
6.635,-0.441000,0.648000,0.425000,42.947000,-34.092000,-139.061000,112.080000
6.663,-0.441000,0.648000,0.425000,42.947000,-34.092000,-139.061000,112.080000
6.685,-0.441000,0.648000,0.425000,42.947000,-34.092000,-139.061000,112.080000
6.713,-0.441000,0.648000,0.425000,42.947000,-34.092000,-139.061000,112.080000
6.735,-0.441000,0.648000,0.425000,42.947000,-34.092000,-139.061000,112.080000
6.763,-0.441000,0.648000,0.425000,42.947000,-34.092000,-139.061000,112.080000
6.785,-0.441000,0.648000,0.425000,42.947000,-34.092000,-139.061000,112.080000
6.808,-0.441000,0.648000,0.425000,42.947000,-34.092000,-139.061000,112.080000
6.835,-0.441000,0.648000,0.425000,42.947000,-34.092000,-139.061000,112.080000
6.858,-0.441000,0.648000,0.425000,42.947000,-34.092000,-139.061000,112.080000
6.885,-0.441000,0.648000,0.425000,42.947000,-34.092000,-139.061000,112.080000
6.908,-0.441000,0.648000,0.425000,42.947000,-34.092000,-139.061000,112.080000
6.935,-0.441000,0.648000,0.425000,42.947000,-34.092000,-139.061000,112.080000
6.958,-0.441000,0.648000,0.425000,42.947000,-34.092000,-139.061000,112.080000
6.985,-0.441000,0.648000,0.425000,42.947000,-34.092000,-139.061000,112.080000
7.008,-0.441000,0.648000,0.425000,42.947000,-34.092000,-139.061000,112.080000
7.035,-0.441000,0.648000,0.425000,42.947000,-34.092000,-139.061000,112.080000
7.058,-0.441000,0.648000,0.425000,42.947000,-34.092000,-139.061000,112.080000
7.080,-0.441000,0.648000,0.425000,42.947000,-34.092000,-139.061000,112.080000
7.108,-0.441000,0.648000,0.425000,42.947000,-34.092000,-139.061000,112.080000
7.130,-0.441000,0.648000,0.425000,42.947000,-34.092000,-139.061000,112.080000
7.158,-0.441000,0.648000,0.425000,42.947000,-34.092000,-139.061000,112.080000
7.180,-0.441000,0.648000,0.425000,42.947000,-34.092000,-139.061000,112.080000
7.208,-0.441000,0.648000,0.425000,42.947000,-34.092000,-139.061000,112.080000
7.236,-0.441000,0.648000,0.425000,42.947000,-34.092000,-139.061000,112.080000
7.258,-0.441000,0.648000,0.425000,42.947000,-34.092000,-139.061000,112.080000
7.280,-0.441000,0.648000,0.425000,42.947000,-34.092000,-139.061000,112.080000
7.308,-0.441000,0.648000,0.425000,42.947000,-34.092000,-139.061000,112.080000
7.330,-0.441000,0.648000,0.425000,42.947000,-34.092000,-139.061000,112.080000
7.352,-0.441000,0.648000,0.425000,42.947000,-34.092000,-139.061000,112.080000
7.380,-0.441000,0.648000,0.425000,42.947000,-34.092000,-139.061000,112.080000
7.402,-0.441000,0.648000,0.425000,42.947000,-34.092000,-139.061000,112.080000
7.430,-0.441000,0.648000,0.425000,42.947000,-34.092000,-139.061000,112.080000
7.452,-0.441000,0.648000,0.425000,42.947000,-34.092000,-139.061000,112.080000
7.480,-0.441000,0.648000,0.425000,42.947000,-34.092000,-139.061000,112.080000
7.502,-0.441000,0.648000,0.425000,42.947000,-34.092000,-139.061000,112.080000
7.530,-0.441000,0.648000,0.425000,42.947000,-34.092000,-139.061000,112.080000
7.552,-0.441000,0.648000,0.425000,42.947000,-34.092000,-139.061000,112.080000
7.579,-0.441000,0.648000,0.425000,42.947000,-34.092000,-139.061000,112.080000
7.602,-0.441000,0.648000,0.425000,42.947000,-34.092000,-139.061000,112.080000
7.625,-0.441000,0.648000,0.425000,42.947000,-34.092000,-139.061000,112.080000
7.652,-0.441000,0.648000,0.425000,42.947000,-34.092000,-139.061000,112.080000
7.674,-0.441000,0.648000,0.425000,42.947000,-34.092000,-139.061000,112.080000
7.702,-0.441000,0.648000,0.425000,42.947000,-34.092000,-139.061000,112.080000
7.725,-0.441000,0.648000,0.425000,42.947000,-34.092000,-139.061000,112.080000
7.752,-0.441000,0.648000,0.425000,42.947000,-34.092000,-139.061000,112.080000
7.775,-0.441000,0.648000,0.425000,42.947000,-34.092000,-139.061000,112.080000
7.802,-0.441000,0.648000,0.425000,42.947000,-34.092000,-139.061000,112.080000
7.825,-0.441000,0.648000,0.425000,42.947000,-34.092000,-139.061000,112.080000
7.852,-0.441000,0.648000,0.425000,42.947000,-34.092000,-139.061000,112.080000
7.874,-0.441000,0.648000,0.425000,42.947000,-34.092000,-139.061000,112.080000
7.896,-0.441000,0.648000,0.425000,42.947000,-34.092000,-139.061000,112.080000
7.925,-0.441000,0.648000,0.425000,42.947000,-34.092000,-139.061000,112.080000
7.946,-0.441000,0.648000,0.425000,42.947000,-34.092000,-139.061000,112.080000
7.974,-0.441000,0.648000,0.425000,42.947000,-34.092000,-139.061000,112.080000
7.996,-0.441000,0.648000,0.425000,42.947000,-34.092000,-139.061000,112.080000
8.025,-0.441000,0.648000,0.425000,42.947000,-34.092000,-139.061000,112.080000
8.046,-0.441000,0.648000,0.425000,42.947000,-34.092000,-139.061000,112.080000
8.074,-0.441000,0.648000,0.425000,42.947000,-34.092000,-139.061000,112.080000
8.096,-0.441000,0.648000,0.425000,42.947000,-34.092000,-139.061000,112.080000
8.124,-0.441000,0.648000,0.425000,42.947000,-34.092000,-139.061000,112.080000
8.146,-0.441000,0.648000,0.425000,42.947000,-34.092000,-139.061000,112.080000
8.170,-0.441000,0.648000,0.425000,42.947000,-34.092000,-139.061000,112.080000
8.196,-0.441000,0.648000,0.425000,42.947000,-34.092000,-139.061000,112.080000
8.219,-0.441000,0.648000,0.425000,42.947000,-34.092000,-139.061000,112.080000
8.246,-0.441000,0.648000,0.425000,42.947000,-34.092000,-139.061000,112.080000
8.268,-0.441000,0.648000,0.425000,42.947000,-34.092000,-139.061000,112.080000
8.296,-0.441000,0.648000,0.425000,42.947000,-34.092000,-139.061000,112.080000
8.320,-0.441000,0.648000,0.425000,42.947000,-34.092000,-139.061000,112.080000
8.346,-0.441000,0.648000,0.425000,42.947000,-34.092000,-139.061000,112.080000
8.368,-0.441000,0.648000,0.425000,42.947000,-34.092000,-139.061000,112.080000
8.391,-0.441000,0.648000,0.425000,42.947000,-34.092000,-139.061000,112.080000
8.419,-0.441000,0.648000,0.425000,42.947000,-34.092000,-139.061000,112.080000
8.441,-0.441000,0.648000,0.425000,42.947000,-34.092000,-139.061000,112.080000
8.469,-0.441000,0.648000,0.425000,42.947000,-34.092000,-139.061000,112.080000
8.491,-0.441000,0.648000,0.425000,42.947000,-34.092000,-139.061000,112.080000
8.519,-0.441000,0.648000,0.425000,42.947000,-34.092000,-139.061000,112.080000
8.540,-0.441000,0.648000,0.425000,42.947000,-34.092000,-139.061000,112.080000
8.569,-0.441000,0.648000,0.425000,42.947000,-34.092000,-139.061000,112.080000
8.591,-0.441000,0.648000,0.425000,42.947000,-34.092000,-139.061000,112.080000
8.619,-0.441000,0.648000,0.425000,42.947000,-34.092000,-139.061000,112.080000
8.640,-0.441000,0.648000,0.425000,42.947000,-34.092000,-139.061000,112.080000
8.664,-0.441000,0.648000,0.425000,42.947000,-34.092000,-139.061000,112.080000
8.691,-0.441000,0.648000,0.425000,42.947000,-34.092000,-139.061000,112.080000
8.714,-0.441000,0.648000,0.425000,42.947000,-34.092000,-139.061000,112.080000
8.740,-0.441000,0.648000,0.425000,42.947000,-34.092000,-139.061000,112.080000
8.763,-0.441000,0.648000,0.425000,42.947000,-34.092000,-139.061000,112.080000
8.790,-0.441000,0.648000,0.425000,42.947000,-34.092000,-139.061000,112.080000
8.813,-0.441000,0.648000,0.425000,42.947000,-34.092000,-139.061000,112.080000
8.841,-0.441000,0.648000,0.425000,42.947000,-34.092000,-139.061000,112.080000
8.863,-0.441000,0.648000,0.425000,42.947000,-34.092000,-139.061000,112.080000
8.890,-0.441000,0.648000,0.425000,42.947000,-34.092000,-139.061000,112.080000
8.913,-0.441000,0.648000,0.425000,42.947000,-34.092000,-139.061000,112.080000
8.935,-0.441000,0.648000,0.425000,42.947000,-34.092000,-139.061000,112.080000
8.963,-0.441000,0.648000,0.425000,42.947000,-34.092000,-139.061000,112.080000
8.985,-0.441000,0.648000,0.425000,42.947000,-34.092000,-139.061000,112.080000
9.013,-0.441000,0.648000,0.425000,42.947000,-34.092000,-139.061000,112.080000
9.035,-0.441000,0.648000,0.425000,42.947000,-34.092000,-139.061000,112.080000
9.063,-0.441000,0.648000,0.425000,42.947000,-34.092000,-139.061000,112.080000
9.085,-0.441000,0.648000,0.425000,42.947000,-34.092000,-139.061000,112.080000
9.113,-0.441000,0.648000,0.425000,42.947000,-34.092000,-139.061000,112.080000
9.135,-0.441000,0.648000,0.425000,42.947000,-34.092000,-139.061000,112.080000
9.163,-0.441000,0.648000,0.425000,42.947000,-34.092000,-139.061000,112.080000
9.185,-0.441000,0.648000,0.425000,42.947000,-34.092000,-139.061000,112.080000
9.208,-0.441000,0.648000,0.425000,42.947000,-34.092000,-139.061000,112.080000
9.235,-0.441000,0.648000,0.425000,42.947000,-34.092000,-139.061000,112.080000
9.257,-0.441000,0.648000,0.425000,42.947000,-34.092000,-139.061000,112.080000
9.285,-0.441000,0.648000,0.425000,42.947000,-34.092000,-139.061000,112.080000
9.308,-0.441000,0.648000,0.425000,42.947000,-34.092000,-139.061000,112.080000
9.335,-0.441000,0.648000,0.425000,42.947000,-34.092000,-139.061000,112.080000
9.358,-0.441000,0.648000,0.425000,42.947000,-34.092000,-139.061000,112.080000
9.385,-0.441000,0.648000,0.425000,42.947000,-34.092000,-139.061000,112.080000
9.408,-0.441000,0.648000,0.425000,42.947000,-34.092000,-139.061000,112.080000
9.435,-0.441000,0.648000,0.425000,42.947000,-34.092000,-139.061000,112.080000
9.458,-0.441000,0.648000,0.425000,42.947000,-34.092000,-139.061000,112.080000
9.479,-0.441000,0.648000,0.425000,42.947000,-34.092000,-139.061000,112.080000
9.508,-0.441000,0.648000,0.425000,42.947000,-34.092000,-139.061000,112.080000
9.530,-0.441000,0.648000,0.425000,42.947000,-34.092000,-139.061000,112.080000
9.558,-0.441000,0.648000,0.425000,42.947000,-34.092000,-139.061000,112.080000
9.580,-0.441000,0.648000,0.425000,42.947000,-34.092000,-139.061000,112.080000
9.608,-0.441000,0.648000,0.425000,42.947000,-34.092000,-139.061000,112.080000
9.629,-0.441000,0.648000,0.425000,42.947000,-34.092000,-139.061000,112.080000
9.658,-0.441000,0.648000,0.425000,42.947000,-34.092000,-139.061000,112.080000
9.679,-0.441000,0.648000,0.425000,42.947000,-34.092000,-139.061000,112.080000
9.708,-0.441000,0.648000,0.425000,42.947000,-34.092000,-139.061000,112.080000
9.729,-0.441000,0.648000,0.425000,42.947000,-34.092000,-139.061000,112.080000
9.751,-0.441000,0.648000,0.425000,42.947000,-34.092000,-139.061000,112.080000
9.779,-0.441000,0.648000,0.425000,42.947000,-34.092000,-139.061000,112.080000
9.801,-0.441000,0.648000,0.425000,42.947000,-34.092000,-139.061000,112.080000
9.829,-0.441000,0.648000,0.425000,42.947000,-34.092000,-139.061000,112.080000
9.851,-0.441000,0.648000,0.425000,42.947000,-34.092000,-139.061000,112.080000
9.879,-0.441000,0.648000,0.425000,42.947000,-34.092000,-139.061000,112.080000
9.901,-0.441000,0.648000,0.425000,42.947000,-34.092000,-139.061000,112.080000
9.929,-0.441000,0.648000,0.425000,42.947000,-34.092000,-139.061000,112.080000
9.951,-0.441000,0.648000,0.425000,42.947000,-34.092000,-139.061000,112.080000
9.974,-0.441000,0.648000,0.425000,42.947000,-34.092000,-139.061000,112.080000
10.001,-0.441000,0.648000,0.425000,42.947000,-34.092000,-139.061000,112.080000
10.024,-0.441000,0.648000,0.425000,42.947000,-34.092000,-139.061000,112.080000
10.052,-0.441000,0.648000,0.425000,42.947000,-34.092000,-139.061000,112.080000
10.074,-0.441000,0.648000,0.425000,42.947000,-34.092000,-139.061000,112.080000
10.102,-0.441000,0.648000,0.425000,42.947000,-34.092000,-139.061000,112.080000
10.124,-0.441000,0.648000,0.425000,42.947000,-34.092000,-139.061000,112.080000
10.151,-0.441000,0.648000,0.425000,42.947000,-34.092000,-139.061000,112.080000
10.174,-0.441000,0.648000,0.425000,42.947000,-34.092000,-139.061000,112.080000
10.202,-0.441000,0.648000,0.425000,42.947000,-34.092000,-139.061000,112.080000
10.224,-0.441000,0.648000,0.425000,42.947000,-34.092000,-139.061000,112.080000
10.246,-0.441000,0.648000,0.425000,42.947000,-34.092000,-139.061000,112.080000
10.274,-0.441000,0.648000,0.425000,42.947000,-34.092000,-139.061000,112.080000
10.296,-0.441000,0.648000,0.425000,42.947000,-34.092000,-139.061000,112.080000
10.324,-0.441000,0.648000,0.425000,42.947000,-34.092000,-139.061000,112.080000
10.346,-0.441000,0.648000,0.425000,42.947000,-34.092000,-139.061000,112.080000
10.374,-0.441000,0.648000,0.425000,42.947000,-34.092000,-139.061000,112.080000
10.396,-0.441000,0.648000,0.425000,42.947000,-34.092000,-139.061000,112.080000
10.423,-0.441000,0.648000,0.425000,42.947000,-34.092000,-139.061000,112.080000
10.446,-0.441000,0.648000,0.425000,42.947000,-34.092000,-139.061000,112.080000
10.474,-0.441000,0.648000,0.425000,42.947000,-34.092000,-139.061000,112.080000
10.496,-0.441000,0.648000,0.425000,42.947000,-34.092000,-139.061000,112.080000
10.518,-0.441000,0.648000,0.425000,42.947000,-34.092000,-139.061000,112.080000
10.546,-0.441000,0.648000,0.425000,42.947000,-34.092000,-139.061000,112.080000
10.568,-0.441000,0.648000,0.425000,42.947000,-34.092000,-139.061000,112.080000
10.596,-0.441000,0.648000,0.425000,42.947000,-34.092000,-139.061000,112.080000
10.619,-0.441000,0.648000,0.425000,42.947000,-34.092000,-139.061000,112.080000
10.646,-0.441000,0.648000,0.425000,42.947000,-34.092000,-139.061000,112.080000
10.669,-0.441000,0.648000,0.425000,42.947000,-34.092000,-139.061000,112.080000
10.696,-0.441000,0.648000,0.425000,42.947000,-34.092000,-139.061000,112.080000
10.719,-0.441000,0.648000,0.425000,42.947000,-34.092000,-139.061000,112.080000
10.746,-0.441000,0.648000,0.425000,42.947000,-34.092000,-139.061000,112.080000
10.768,-0.441000,0.648000,0.425000,42.947000,-34.092000,-139.061000,112.080000
10.790,-0.441000,0.648000,0.425000,42.947000,-34.092000,-139.061000,112.080000
10.818,-0.441000,0.648000,0.425000,42.947000,-34.092000,-139.061000,112.080000
10.840,-0.441000,0.648000,0.425000,42.947000,-34.092000,-139.061000,112.080000
10.868,-0.441000,0.648000,0.425000,42.947000,-34.092000,-139.061000,112.080000
10.890,-0.441000,0.648000,0.425000,42.947000,-34.092000,-139.061000,112.080000
10.918,-0.441000,0.648000,0.425000,42.947000,-34.092000,-139.061000,112.080000
10.940,-0.441000,0.648000,0.425000,42.947000,-34.092000,-139.061000,112.080000
10.968,-0.441000,0.648000,0.425000,42.947000,-34.092000,-139.061000,112.080000
10.990,-0.441000,0.648000,0.425000,42.947000,-34.092000,-139.061000,112.080000
11.018,-0.441000,0.648000,0.425000,42.947000,-34.092000,-139.061000,112.080000
11.040,-0.441000,0.648000,0.425000,42.947000,-34.092000,-139.061000,112.080000
11.063,-0.441000,0.648000,0.425000,42.947000,-34.092000,-139.061000,112.080000
11.090,-0.441000,0.648000,0.425000,42.947000,-34.092000,-139.061000,112.080000
11.113,-0.441000,0.648000,0.425000,42.947000,-34.092000,-139.061000,112.080000
11.140,-0.441000,0.648000,0.425000,42.947000,-34.092000,-139.061000,112.080000
11.163,-0.441000,0.648000,0.425000,42.947000,-34.092000,-139.061000,112.080000
11.190,-0.441000,0.648000,0.425000,42.947000,-34.092000,-139.061000,112.080000
11.213,-0.441000,0.648000,0.425000,42.947000,-34.092000,-139.061000,112.080000
11.240,-0.441000,0.648000,0.425000,42.947000,-34.092000,-139.061000,112.080000
11.263,-0.441000,0.648000,0.425000,42.947000,-34.092000,-139.061000,112.080000
11.290,-0.441000,0.648000,0.425000,42.947000,-34.092000,-139.061000,112.080000
11.313,-0.441000,0.648000,0.425000,42.947000,-34.092000,-139.061000,112.080000
11.335,-0.441000,0.648000,0.425000,42.947000,-34.092000,-139.061000,112.080000
11.363,-0.441000,0.648000,0.425000,42.947000,-34.092000,-139.061000,112.080000
11.385,-0.441000,0.648000,0.425000,42.947000,-34.092000,-139.061000,112.080000
11.413,-0.441000,0.648000,0.425000,42.947000,-34.092000,-139.061000,112.080000
11.435,-0.441000,0.648000,0.425000,42.947000,-34.092000,-139.061000,112.080000
11.463,-0.441000,0.648000,0.425000,42.947000,-34.092000,-139.061000,112.080000
11.485,-0.441000,0.648000,0.425000,42.947000,-34.092000,-139.061000,112.080000
11.513,-0.441000,0.648000,0.425000,42.947000,-34.092000,-139.061000,112.080000
11.535,-0.441000,0.648000,0.425000,42.947000,-34.092000,-139.061000,112.080000
11.558,-0.441000,0.648000,0.425000,42.947000,-34.092000,-139.061000,112.080000
11.585,-0.441000,0.648000,0.425000,42.947000,-34.092000,-139.061000,112.080000
11.608,-0.441000,0.648000,0.425000,42.947000,-34.092000,-139.061000,112.080000
11.634,-0.441000,0.648000,0.425000,42.947000,-34.092000,-139.061000,112.080000
11.658,-0.441000,0.648000,0.425000,42.947000,-34.092000,-139.061000,112.080000
11.685,-0.441000,0.648000,0.425000,42.947000,-34.092000,-139.061000,112.080000
11.708,-0.441000,0.648000,0.425000,42.947000,-34.092000,-139.061000,112.080000
11.735,-0.441000,0.648000,0.425000,42.947000,-34.092000,-139.061000,112.080000
11.758,-0.441000,0.648000,0.425000,42.947000,-34.092000,-139.061000,112.080000
11.785,-0.441000,0.648000,0.425000,42.947000,-34.092000,-139.061000,112.080000
11.808,-0.441000,0.648000,0.425000,42.947000,-34.092000,-139.061000,112.080000
11.830,-0.441000,0.648000,0.425000,42.947000,-34.092000,-139.061000,112.080000
11.858,-0.441000,0.648000,0.425000,42.947000,-34.092000,-139.061000,112.080000
11.879,-0.441000,0.648000,0.425000,42.947000,-34.092000,-139.061000,112.080000
11.908,-0.441000,0.648000,0.425000,42.947000,-34.092000,-139.061000,112.080000
11.929,-0.441000,0.648000,0.425000,42.947000,-34.092000,-139.061000,112.080000
11.958,-0.441000,0.648000,0.425000,42.947000,-34.092000,-139.061000,112.080000
11.980,-0.441000,0.648000,0.425000,42.947000,-34.092000,-139.061000,112.080000
12.008,-0.441000,0.648000,0.425000,42.947000,-34.092000,-139.061000,112.080000
12.029,-0.441000,0.648000,0.425000,42.947000,-34.092000,-139.061000,112.080000
12.058,-0.441000,0.648000,0.425000,42.947000,-34.092000,-139.061000,112.080000
12.079,-0.441000,0.648000,0.425000,42.947000,-34.092000,-139.061000,112.080000
12.101,-0.441000,0.648000,0.425000,42.947000,-34.092000,-139.061000,112.080000
12.130,-0.441000,0.648000,0.425000,42.947000,-34.092000,-139.061000,112.080000
12.151,-0.441000,0.648000,0.425000,42.947000,-34.092000,-139.061000,112.080000
12.179,-0.441000,0.648000,0.425000,42.947000,-34.092000,-139.061000,112.080000
12.201,-0.441000,0.648000,0.425000,42.947000,-34.092000,-139.061000,112.080000
12.229,-0.441000,0.648000,0.425000,42.947000,-34.092000,-139.061000,112.080000
12.251,-0.441000,0.648000,0.425000,42.947000,-34.092000,-139.061000,112.080000
12.279,-0.441000,0.648000,0.425000,42.947000,-34.092000,-139.061000,112.080000
12.307,-0.441000,0.648000,0.425000,42.947000,-34.092000,-139.061000,112.080000
12.329,-0.441000,0.648000,0.425000,42.947000,-34.092000,-139.061000,112.080000
12.351,-0.441000,0.648000,0.425000,42.947000,-34.092000,-139.061000,112.080000
12.373,-0.441000,0.648000,0.425000,42.947000,-34.092000,-139.061000,112.080000
12.401,-0.441000,0.648000,0.425000,42.947000,-34.092000,-139.061000,112.080000
12.424,-0.441000,0.648000,0.425000,42.947000,-34.092000,-139.061000,112.080000
12.451,-0.441000,0.648000,0.425000,42.947000,-34.092000,-139.061000,112.080000
12.474,-0.441000,0.648000,0.425000,42.947000,-34.092000,-139.061000,112.080000
12.484,0.000000,0.000000,0.000000,0.000000,0.000000,0.000000,36.530000
12.490,0.000000,0.000000,0.000000,0.000000,0.000000,0.000000,36.530000
12.501,0.000000,0.000000,0.000000,0.000000,0.000000,0.000000,36.530000
12.508,0.000000,0.000000,0.000000,0.000000,0.000000,0.000000,36.530000
12.518,0.000000,0.000000,0.000000,0.000000,0.000000,0.000000,36.530000
12.524,0.000000,0.000000,0.000000,0.000000,0.000000,0.000000,36.530000
12.534,0.000000,0.000000,0.000000,0.000000,0.000000,0.000000,36.530000
12.540,0.000000,0.000000,0.000000,0.000000,0.000000,0.000000,36.530000
12.551,0.000000,0.000000,0.000000,0.000000,0.000000,0.000000,36.530000
12.558,0.000000,0.000000,0.000000,0.000000,0.000000,0.000000,36.530000
12.568,0.000000,0.000000,0.000000,0.000000,0.000000,0.000000,36.530000
12.574,0.000000,0.000000,0.000000,0.000000,0.000000,0.000000,36.530000
12.584,0.000000,0.000000,0.000000,0.000000,0.000000,0.000000,36.530000
12.590,0.000000,0.000000,0.000000,0.000000,0.000000,0.000000,36.530000
12.601,0.000000,0.000000,0.000000,0.000000,0.000000,0.000000,36.530000
12.613,0.000000,0.000000,0.000000,0.000000,0.000000,0.000000,36.530000
12.618,0.000000,0.000000,0.000000,0.000000,0.000000,0.000000,36.530000
12.629,0.000000,0.000000,0.000000,0.000000,0.000000,0.000000,36.530000
12.634,0.000000,0.000000,0.000000,0.000000,0.000000,0.000000,36.530000
12.645,0.000000,0.000000,0.000000,0.000000,0.000000,0.000000,36.530000
12.651,0.000000,0.000000,0.000000,0.000000,0.000000,0.000000,36.530000
12.663,0.000000,0.000000,0.000000,0.000000,0.000000,0.000000,36.530000
12.668,0.000000,0.000000,0.000000,0.000000,0.000000,0.000000,36.530000
12.679,0.000000,0.000000,0.000000,0.000000,0.000000,0.000000,36.530000
12.684,0.000000,0.000000,0.000000,0.000000,0.000000,0.000000,36.530000
12.696,0.000000,0.000000,0.000000,0.000000,0.000000,0.000000,36.530000
12.701,0.000000,0.000000,0.000000,0.000000,0.000000,0.000000,36.530000
12.713,0.000000,0.000000,0.000000,0.000000,0.000000,0.000000,36.530000
12.719,0.000000,0.000000,0.000000,0.000000,0.000000,0.000000,36.530000
12.729,0.000000,0.000000,0.000000,0.000000,0.000000,0.000000,36.530000
12.734,0.000000,0.000000,0.000000,0.000000,0.000000,0.000000,36.530000
12.746,0.000000,0.000000,0.000000,0.000000,0.000000,0.000000,36.530000
12.751,0.000000,0.000000,0.000000,0.000000,0.000000,0.000000,36.530000
12.763,0.000000,0.000000,0.000000,0.000000,0.000000,0.000000,36.530000
12.768,0.000000,0.000000,0.000000,0.000000,0.000000,0.000000,36.530000
12.779,0.000000,0.000000,0.000000,0.000000,0.000000,0.000000,36.530000
12.784,0.000000,0.000000,0.000000,0.000000,0.000000,0.000000,36.530000
12.796,0.000000,0.000000,0.000000,0.000000,0.000000,0.000000,36.530000
12.801,0.000000,0.000000,0.000000,0.000000,0.000000,0.000000,36.530000
12.813,0.000000,0.000000,0.000000,0.000000,0.000000,0.000000,36.530000
12.818,0.000000,0.000000,0.000000,0.000000,0.000000,0.000000,36.530000
12.829,0.000000,0.000000,0.000000,0.000000,0.000000,0.000000,36.530000
12.834,0.000000,0.000000,0.000000,0.000000,0.000000,0.000000,36.530000
12.845,0.000000,0.000000,0.000000,0.000000,0.000000,0.000000,36.530000
12.851,0.000000,0.000000,0.000000,0.000000,0.000000,0.000000,36.530000
12.863,0.000000,0.000000,0.000000,0.000000,0.000000,0.000000,36.530000
12.869,0.000000,0.000000,0.000000,0.000000,0.000000,0.000000,36.530000
12.880,0.000000,0.000000,0.000000,0.000000,0.000000,0.000000,36.530000
12.890,0.000000,0.000000,0.000000,0.000000,0.000000,0.000000,36.530000
12.896,0.000000,0.000000,0.000000,0.000000,0.000000,0.000000,36.530000
12.908,0.000000,0.000000,0.000000,0.000000,0.000000,0.000000,36.530000
12.913,0.000000,0.000000,0.000000,0.000000,0.000000,0.000000,36.530000
12.924,0.000000,0.000000,0.000000,0.000000,0.000000,0.000000,36.530000
12.929,0.000000,0.000000,0.000000,0.000000,0.000000,0.000000,36.530000
12.940,0.000000,0.000000,0.000000,0.000000,0.000000,0.000000,36.530000
12.946,0.000000,0.000000,0.000000,0.000000,0.000000,0.000000,36.530000
12.958,0.000000,0.000000,0.000000,0.000000,0.000000,0.000000,36.530000
12.963,0.000000,0.000000,0.000000,0.000000,0.000000,0.000000,36.530000
12.974,0.000000,0.000000,0.000000,0.000000,0.000000,0.000000,36.530000
12.979,0.000000,0.000000,0.000000,0.000000,0.000000,0.000000,36.530000
12.990,0.000000,0.000000,0.000000,0.000000,0.000000,0.000000,36.530000
12.996,0.000000,0.000000,0.000000,0.000000,0.000000,0.000000,36.530000
13.008,0.000000,0.000000,0.000000,0.000000,0.000000,0.000000,36.530000
13.014,0.000000,0.000000,0.000000,0.000000,0.000000,0.000000,36.530000
13.024,0.000000,0.000000,0.000000,0.000000,0.000000,0.000000,36.530000
13.030,0.000000,0.000000,0.000000,0.000000,0.000000,0.000000,36.530000
13.040,0.000000,0.000000,0.000000,0.000000,0.000000,0.000000,36.530000
13.046,0.000000,0.000000,0.000000,0.000000,0.000000,0.000000,36.530000
13.058,0.000000,0.000000,0.000000,0.000000,0.000000,0.000000,36.530000
13.064,0.000000,0.000000,0.000000,0.000000,0.000000,0.000000,36.530000
13.074,0.000000,0.000000,0.000000,0.000000,0.000000,0.000000,36.530000
13.080,0.000000,0.000000,0.000000,0.000000,0.000000,0.000000,36.530000
13.090,0.000000,0.000000,0.000000,0.000000,0.000000,0.000000,36.530000
13.096,0.000000,0.000000,0.000000,0.000000,0.000000,0.000000,36.530000
13.108,0.000000,0.000000,0.000000,0.000000,0.000000,0.000000,36.530000
13.114,0.000000,0.000000,0.000000,0.000000,0.000000,0.000000,36.530000
13.124,0.000000,0.000000,0.000000,0.000000,0.000000,0.000000,36.530000
13.130,0.000000,0.000000,0.000000,0.000000,0.000000,0.000000,36.530000
13.140,0.000000,0.000000,0.000000,0.000000,0.000000,0.000000,36.530000
13.151,0.000000,0.000000,0.000000,0.000000,0.000000,0.000000,36.530000
13.158,0.000000,0.000000,0.000000,0.000000,0.000000,0.000000,36.530000
13.168,0.000000,0.000000,0.000000,0.000000,0.000000,0.000000,36.530000
13.174,0.000000,0.000000,0.000000,0.000000,0.000000,0.000000,36.530000
13.184,0.000000,0.000000,0.000000,0.000000,0.000000,0.000000,36.530000
13.190,0.000000,0.000000,0.000000,0.000000,0.000000,0.000000,36.530000
13.201,0.000000,0.000000,0.000000,0.000000,0.000000,0.000000,36.530000
13.208,0.000000,0.000000,0.000000,0.000000,0.000000,0.000000,36.530000
13.218,0.000000,0.000000,0.000000,0.000000,0.000000,0.000000,36.530000
13.224,0.000000,0.000000,0.000000,0.000000,0.000000,0.000000,36.530000
13.234,0.000000,0.000000,0.000000,0.000000,0.000000,0.000000,36.530000
13.240,0.000000,0.000000,0.000000,0.000000,0.000000,0.000000,36.530000
13.251,0.000000,0.000000,0.000000,0.000000,0.000000,0.000000,36.530000
13.258,0.000000,0.000000,0.000000,0.000000,0.000000,0.000000,36.530000
13.268,0.000000,0.000000,0.000000,0.000000,0.000000,0.000000,36.530000
13.274,0.000000,0.000000,0.000000,0.000000,0.000000,0.000000,36.530000
13.284,0.000000,0.000000,0.000000,0.000000,0.000000,0.000000,36.530000
13.290,0.000000,0.000000,0.000000,0.000000,0.000000,0.000000,36.530000
13.301,0.000000,0.000000,0.000000,0.000000,0.000000,0.000000,36.530000
13.308,0.000000,0.000000,0.000000,0.000000,0.000000,0.000000,36.530000
13.318,0.000000,0.000000,0.000000,0.000000,0.000000,0.000000,36.530000
13.324,0.000000,0.000000,0.000000,0.000000,0.000000,0.000000,36.530000
13.334,0.000000,0.000000,0.000000,0.000000,0.000000,0.000000,36.530000
13.340,0.000000,0.000000,0.000000,0.000000,0.000000,0.000000,36.530000
13.351,0.000000,0.000000,0.000000,0.000000,0.000000,0.000000,36.530000
13.359,0.000000,0.000000,0.000000,0.000000,0.000000,0.000000,36.530000
13.369,0.000000,0.000000,0.000000,0.000000,0.000000,0.000000,36.530000
13.374,0.000000,0.000000,0.000000,0.000000,0.000000,0.000000,36.530000
13.384,0.000000,0.000000,0.000000,0.000000,0.000000,0.000000,36.530000
13.390,0.000000,0.000000,0.000000,0.000000,0.000000,0.000000,36.530000
13.401,0.000000,0.000000,0.000000,0.000000,0.000000,0.000000,36.530000
13.408,0.000000,0.000000,0.000000,0.000000,0.000000,0.000000,36.530000
13.418,0.000000,0.000000,0.000000,0.000000,0.000000,0.000000,36.530000
13.429,0.000000,0.000000,0.000000,0.000000,0.000000,0.000000,36.530000
13.434,0.000000,0.000000,0.000000,0.000000,0.000000,0.000000,36.530000
13.445,0.000000,0.000000,0.000000,0.000000,0.000000,0.000000,36.530000
13.451,0.000000,0.000000,0.000000,0.000000,0.000000,0.000000,36.530000
13.463,0.000000,0.000000,0.000000,0.000000,0.000000,0.000000,36.530000
13.469,0.000000,0.000000,0.000000,0.000000,0.000000,0.000000,36.530000
13.479,0.000000,0.000000,0.000000,0.000000,0.000000,0.000000,36.530000
13.484,0.000000,0.000000,0.000000,0.000000,0.000000,0.000000,36.530000
13.496,0.000000,0.000000,0.000000,0.000000,0.000000,0.000000,36.530000
13.501,0.000000,0.000000,0.000000,0.000000,0.000000,0.000000,36.530000
13.513,0.000000,0.000000,0.000000,0.000000,0.000000,0.000000,36.530000
13.518,0.000000,0.000000,0.000000,0.000000,0.000000,0.000000,36.530000
13.529,0.000000,0.000000,0.000000,0.000000,0.000000,0.000000,36.530000
13.534,0.000000,0.000000,0.000000,0.000000,0.000000,0.000000,36.530000
13.546,0.000000,0.000000,0.000000,0.000000,0.000000,0.000000,36.530000
13.551,0.000000,0.000000,0.000000,0.000000,0.000000,0.000000,36.530000
13.563,0.000000,0.000000,0.000000,0.000000,0.000000,0.000000,36.530000
13.568,0.000000,0.000000,0.000000,0.000000,0.000000,0.000000,36.530000
13.579,0.000000,0.000000,0.000000,0.000000,0.000000,0.000000,36.530000
13.584,0.000000,0.000000,0.000000,0.000000,0.000000,0.000000,36.530000
13.596,0.000000,0.000000,0.000000,0.000000,0.000000,0.000000,36.530000
13.601,0.000000,0.000000,0.000000,0.000000,0.000000,0.000000,36.530000
13.613,0.000000,0.000000,0.000000,0.000000,0.000000,0.000000,36.530000
13.619,0.000000,0.000000,0.000000,0.000000,0.000000,0.000000,36.530000
13.629,0.000000,0.000000,0.000000,0.000000,0.000000,0.000000,36.530000
13.634,0.000000,0.000000,0.000000,0.000000,0.000000,0.000000,36.530000
13.645,0.000000,0.000000,0.000000,0.000000,0.000000,0.000000,36.530000
13.651,0.000000,0.000000,0.000000,0.000000,0.000000,0.000000,36.530000
13.663,0.000000,0.000000,0.000000,0.000000,0.000000,0.000000,36.530000
13.669,0.000000,0.000000,0.000000,0.000000,0.000000,0.000000,36.530000
13.679,0.000000,0.000000,0.000000,0.000000,0.000000,0.000000,36.530000
13.690,0.000000,0.000000,0.000000,0.000000,0.000000,0.000000,36.530000
13.696,0.000000,0.000000,0.000000,0.000000,0.000000,0.000000,36.530000
13.708,0.000000,0.000000,0.000000,0.000000,0.000000,0.000000,36.530000
13.714,0.000000,0.000000,0.000000,0.000000,0.000000,0.000000,36.530000
13.724,0.000000,0.000000,0.000000,0.000000,0.000000,0.000000,36.530000
13.729,0.000000,0.000000,0.000000,0.000000,0.000000,0.000000,36.530000
13.740,0.000000,0.000000,0.000000,0.000000,0.000000,0.000000,36.530000
13.745,0.000000,0.000000,0.000000,0.000000,0.000000,0.000000,36.530000
13.758,0.000000,0.000000,0.000000,0.000000,0.000000,0.000000,36.530000
13.763,0.000000,0.000000,0.000000,0.000000,0.000000,0.000000,36.530000
13.774,0.000000,0.000000,0.000000,0.000000,0.000000,0.000000,36.530000
13.779,0.000000,0.000000,0.000000,0.000000,0.000000,0.000000,36.530000
13.790,0.000000,0.000000,0.000000,0.000000,0.000000,0.000000,36.530000
13.795,0.000000,0.000000,0.000000,0.000000,0.000000,0.000000,36.530000
13.808,0.000000,0.000000,0.000000,0.000000,0.000000,0.000000,36.530000
13.814,0.000000,0.000000,0.000000,0.000000,0.000000,0.000000,36.530000
13.824,0.000000,0.000000,0.000000,0.000000,0.000000,0.000000,36.530000
13.829,0.000000,0.000000,0.000000,0.000000,0.000000,0.000000,36.530000
13.840,0.000000,0.000000,0.000000,0.000000,0.000000,0.000000,36.530000
13.845,0.000000,0.000000,0.000000,0.000000,0.000000,0.000000,36.530000
13.857,0.000000,0.000000,0.000000,0.000000,0.000000,0.000000,36.530000
13.862,0.000000,0.000000,0.000000,0.000000,0.000000,0.000000,36.530000
13.875,0.000000,0.000000,0.000000,0.000000,0.000000,0.000000,36.530000
13.879,0.000000,0.000000,0.000000,0.000000,0.000000,0.000000,36.530000
13.890,0.000000,0.000000,0.000000,0.000000,0.000000,0.000000,36.530000
13.896,0.000000,0.000000,0.000000,0.000000,0.000000,0.000000,36.530000
13.908,0.000000,0.000000,0.000000,0.000000,0.000000,0.000000,36.530000
13.913,0.000000,0.000000,0.000000,0.000000,0.000000,0.000000,36.530000
13.923,0.000000,0.000000,0.000000,0.000000,0.000000,0.000000,36.530000
13.930,0.000000,0.000000,0.000000,0.000000,0.000000,0.000000,36.530000
13.940,0.000000,0.000000,0.000000,0.000000,0.000000,0.000000,36.530000
13.946,0.000000,0.000000,0.000000,0.000000,0.000000,0.000000,36.530000
13.958,0.000000,0.000000,0.000000,0.000000,0.000000,0.000000,36.530000
13.968,0.000000,0.000000,0.000000,0.000000,0.000000,0.000000,36.530000
13.973,0.000000,0.000000,0.000000,0.000000,0.000000,0.000000,36.530000
13.984,0.000000,0.000000,0.000000,0.000000,0.000000,0.000000,36.530000
13.990,0.000000,0.000000,0.000000,0.000000,0.000000,0.000000,36.530000
14.001,0.000000,0.000000,0.000000,0.000000,0.000000,0.000000,36.530000
14.008,0.000000,0.000000,0.000000,0.000000,0.000000,0.000000,36.530000
14.019,0.000000,0.000000,0.000000,0.000000,0.000000,0.000000,36.530000
14.024,0.000000,0.000000,0.000000,0.000000,0.000000,0.000000,36.530000
14.034,0.000000,0.000000,0.000000,0.000000,0.000000,0.000000,36.530000
14.040,0.000000,0.000000,0.000000,0.000000,0.000000,0.000000,36.530000
14.051,0.000000,0.000000,0.000000,0.000000,0.000000,0.000000,36.530000
14.058,0.000000,0.000000,0.000000,0.000000,0.000000,0.000000,36.530000
14.069,0.000000,0.000000,0.000000,0.000000,0.000000,0.000000,36.530000
14.074,0.000000,0.000000,0.000000,0.000000,0.000000,0.000000,36.530000
14.084,0.000000,0.000000,0.000000,0.000000,0.000000,0.000000,36.530000
14.090,0.000000,0.000000,0.000000,0.000000,0.000000,0.000000,36.530000
14.101,0.000000,0.000000,0.000000,0.000000,0.000000,0.000000,36.530000
14.108,0.000000,0.000000,0.000000,0.000000,0.000000,0.000000,36.530000
14.118,0.000000,0.000000,0.000000,0.000000,0.000000,0.000000,36.530000
14.124,0.000000,0.000000,0.000000,0.000000,0.000000,0.000000,36.530000
14.134,0.000000,0.000000,0.000000,0.000000,0.000000,0.000000,36.530000
14.140,0.000000,0.000000,0.000000,0.000000,0.000000,0.000000,36.530000
14.151,0.000000,0.000000,0.000000,0.000000,0.000000,0.000000,36.530000
14.158,0.000000,0.000000,0.000000,0.000000,0.000000,0.000000,36.530000
14.168,0.000000,0.000000,0.000000,0.000000,0.000000,0.000000,36.530000
14.173,0.000000,0.000000,0.000000,0.000000,0.000000,0.000000,36.530000
14.184,0.000000,0.000000,0.000000,0.000000,0.000000,0.000000,36.530000
14.190,0.000000,0.000000,0.000000,0.000000,0.000000,0.000000,36.530000
14.201,0.000000,0.000000,0.000000,0.000000,0.000000,0.000000,36.530000
14.208,0.000000,0.000000,0.000000,0.000000,0.000000,0.000000,36.530000
14.219,0.000000,0.000000,0.000000,0.000000,0.000000,0.000000,36.530000
14.229,0.000000,0.000000,0.000000,0.000000,0.000000,0.000000,36.530000
14.234,0.000000,0.000000,0.000000,0.000000,0.000000,0.000000,36.530000
14.245,0.000000,0.000000,0.000000,0.000000,0.000000,0.000000,36.530000
14.251,0.000000,0.000000,0.000000,0.000000,0.000000,0.000000,36.530000
14.263,0.000000,0.000000,0.000000,0.000000,0.000000,0.000000,36.530000
14.268,0.000000,0.000000,0.000000,0.000000,0.000000,0.000000,36.530000
14.279,0.000000,0.000000,0.000000,0.000000,0.000000,0.000000,36.530000
14.284,0.000000,0.000000,0.000000,0.000000,0.000000,0.000000,36.530000
14.295,0.000000,0.000000,0.000000,0.000000,0.000000,0.000000,36.530000
14.301,0.000000,0.000000,0.000000,0.000000,0.000000,0.000000,36.530000
14.313,0.000000,0.000000,0.000000,0.000000,0.000000,0.000000,36.530000
14.319,0.000000,0.000000,0.000000,0.000000,0.000000,0.000000,36.530000
14.329,0.000000,0.000000,0.000000,0.000000,0.000000,0.000000,36.530000
14.334,0.000000,0.000000,0.000000,0.000000,0.000000,0.000000,36.530000
14.345,0.000000,0.000000,0.000000,0.000000,0.000000,0.000000,36.530000
14.351,0.000000,0.000000,0.000000,0.000000,0.000000,0.000000,36.530000
14.363,0.000000,0.000000,0.000000,0.000000,0.000000,0.000000,36.530000
14.369,0.000000,0.000000,0.000000,0.000000,0.000000,0.000000,36.530000
14.386,0.000000,0.000000,0.000000,0.000000,0.000000,0.000000,36.530000
14.388,0.000000,0.000000,0.000000,0.000000,0.000000,0.000000,36.530000
14.395,0.000000,0.000000,0.000000,0.000000,0.000000,0.000000,36.530000
14.401,0.000000,0.000000,0.000000,0.000000,0.000000,0.000000,36.530000
14.413,0.000000,0.000000,0.000000,0.000000,0.000000,0.000000,36.530000
14.418,0.000000,0.000000,0.000000,0.000000,0.000000,0.000000,36.530000
14.430,0.000000,0.000000,0.000000,0.000000,0.000000,0.000000,36.530000
14.434,0.000000,0.000000,0.000000,0.000000,0.000000,0.000000,36.530000
14.445,0.000000,0.000000,0.000000,0.000000,0.000000,0.000000,36.530000
14.451,0.000000,0.000000,0.000000,0.000000,0.000000,0.000000,36.530000
14.463,0.000000,0.000000,0.000000,0.000000,0.000000,0.000000,36.530000
14.468,0.000000,0.000000,0.000000,0.000000,0.000000,0.000000,36.530000
14.479,0.000000,0.000000,0.000000,0.000000,0.000000,0.000000,36.530000
14.484,0.000000,0.000000,0.000000,0.000000,0.000000,0.000000,36.530000
14.496,0.000000,0.000000,0.000000,0.000000,0.000000,0.000000,36.530000
14.508,0.000000,0.000000,0.000000,0.000000,0.000000,0.000000,36.530000
14.513,0.000000,0.000000,0.000000,0.000000,0.000000,0.000000,36.530000
14.524,0.000000,0.000000,0.000000,0.000000,0.000000,0.000000,36.530000
14.529,0.000000,0.000000,0.000000,0.000000,0.000000,0.000000,36.530000
14.540,0.000000,0.000000,0.000000,0.000000,0.000000,0.000000,36.530000
14.545,0.000000,0.000000,0.000000,0.000000,0.000000,0.000000,36.530000
14.558,0.000000,0.000000,0.000000,0.000000,0.000000,0.000000,36.530000
14.563,0.000000,0.000000,0.000000,0.000000,0.000000,0.000000,36.530000
14.573,0.000000,0.000000,0.000000,0.000000,0.000000,0.000000,36.530000
14.579,0.000000,0.000000,0.000000,0.000000,0.000000,0.000000,36.530000
14.590,0.000000,0.000000,0.000000,0.000000,0.000000,0.000000,36.530000
14.595,0.000000,0.000000,0.000000,0.000000,0.000000,0.000000,36.530000
14.608,0.000000,0.000000,0.000000,0.000000,0.000000,0.000000,36.530000
14.614,0.000000,0.000000,0.000000,0.000000,0.000000,0.000000,36.530000
14.624,0.000000,0.000000,0.000000,0.000000,0.000000,0.000000,36.530000
14.630,0.000000,0.000000,0.000000,0.000000,0.000000,0.000000,36.530000
14.640,0.000000,0.000000,0.000000,0.000000,0.000000,0.000000,36.530000
14.645,0.000000,0.000000,0.000000,0.000000,0.000000,0.000000,36.530000
14.658,0.000000,0.000000,0.000000,0.000000,0.000000,0.000000,36.530000
14.663,0.000000,0.000000,0.000000,0.000000,0.000000,0.000000,36.530000
14.673,0.000000,0.000000,0.000000,0.000000,0.000000,0.000000,36.530000
14.680,0.000000,0.000000,0.000000,0.000000,0.000000,0.000000,36.530000
14.690,0.000000,0.000000,0.000000,0.000000,0.000000,0.000000,36.530000
14.695,0.000000,0.000000,0.000000,0.000000,0.000000,0.000000,36.530000
14.708,0.000000,0.000000,0.000000,0.000000,0.000000,0.000000,36.530000
14.713,0.000000,0.000000,0.000000,0.000000,0.000000,0.000000,36.530000
14.724,0.000000,0.000000,0.000000,0.000000,0.000000,0.000000,36.530000
14.730,0.000000,0.000000,0.000000,0.000000,0.000000,0.000000,36.530000
14.740,0.000000,0.000000,0.000000,0.000000,0.000000,0.000000,36.530000
14.745,0.000000,0.000000,0.000000,0.000000,0.000000,0.000000,36.530000
14.758,0.000000,0.000000,0.000000,0.000000,0.000000,0.000000,36.530000
14.768,0.000000,0.000000,0.000000,0.000000,0.000000,0.000000,36.530000
14.774,0.000000,0.000000,0.000000,0.000000,0.000000,0.000000,36.530000
14.784,0.000000,0.000000,0.000000,0.000000,0.000000,0.000000,36.530000
14.790,0.000000,0.000000,0.000000,0.000000,0.000000,0.000000,36.530000
14.801,0.000000,0.000000,0.000000,0.000000,0.000000,0.000000,36.530000
14.808,0.000000,0.000000,0.000000,0.000000,0.000000,0.000000,36.530000
14.818,0.000000,0.000000,0.000000,0.000000,0.000000,0.000000,36.530000
14.824,0.000000,0.000000,0.000000,0.000000,0.000000,0.000000,36.530000
14.834,0.000000,0.000000,0.000000,0.000000,0.000000,0.000000,36.530000
14.840,0.000000,0.000000,0.000000,0.000000,0.000000,0.000000,36.530000
14.851,0.000000,0.000000,0.000000,0.000000,0.000000,0.000000,36.530000
14.858,0.000000,0.000000,0.000000,0.000000,0.000000,0.000000,36.530000
14.868,0.000000,0.000000,0.000000,0.000000,0.000000,0.000000,36.530000
14.874,0.000000,0.000000,0.000000,0.000000,0.000000,0.000000,36.530000
14.884,0.000000,0.000000,0.000000,0.000000,0.000000,0.000000,36.530000
14.890,0.000000,0.000000,0.000000,0.000000,0.000000,0.000000,36.530000
14.901,0.000000,0.000000,0.000000,0.000000,0.000000,0.000000,36.530000
14.908,0.000000,0.000000,0.000000,0.000000,0.000000,0.000000,36.530000
14.918,0.000000,0.000000,0.000000,0.000000,0.000000,0.000000,36.530000
14.923,0.000000,0.000000,0.000000,0.000000,0.000000,0.000000,36.530000
14.934,0.000000,0.000000,0.000000,0.000000,0.000000,0.000000,36.530000
14.940,0.000000,0.000000,0.000000,0.000000,0.000000,0.000000,36.530000
14.951,0.000000,0.000000,0.000000,0.000000,0.000000,0.000000,36.530000
14.958,0.000000,0.000000,0.000000,0.000000,0.000000,0.000000,36.530000
14.968,0.000000,0.000000,0.000000,0.000000,0.000000,0.000000,36.530000
14.974,0.000000,0.000000,0.000000,0.000000,0.000000,0.000000,36.530000
14.984,0.000000,0.000000,0.000000,0.000000,0.000000,0.000000,36.530000
14.990,0.000000,0.000000,0.000000,0.000000,0.000000,0.000000,36.530000
15.001,0.000000,0.000000,0.000000,0.000000,0.000000,0.000000,36.530000
15.009,0.000000,0.000000,0.000000,0.000000,0.000000,0.000000,36.530000
15.018,0.000000,0.000000,0.000000,0.000000,0.000000,0.000000,36.530000
15.024,0.000000,0.000000,0.000000,0.000000,0.000000,0.000000,36.530000
15.034,0.000000,0.000000,0.000000,0.000000,0.000000,0.000000,36.530000
15.045,0.000000,0.000000,0.000000,0.000000,0.000000,0.000000,36.530000
15.051,0.000000,0.000000,0.000000,0.000000,0.000000,0.000000,36.530000
15.062,0.000000,0.000000,0.000000,0.000000,0.000000,0.000000,36.530000
15.068,0.000000,0.000000,0.000000,0.000000,0.000000,0.000000,36.530000
15.079,0.000000,0.000000,0.000000,0.000000,0.000000,0.000000,36.530000
15.084,0.000000,0.000000,0.000000,0.000000,0.000000,0.000000,36.530000
15.095,0.000000,0.000000,0.000000,0.000000,0.000000,0.000000,36.530000
15.101,0.000000,0.000000,0.000000,0.000000,0.000000,0.000000,36.530000
15.113,0.000000,0.000000,0.000000,0.000000,0.000000,0.000000,36.530000
15.118,0.000000,0.000000,0.000000,0.000000,0.000000,0.000000,36.530000
15.129,0.000000,0.000000,0.000000,0.000000,0.000000,0.000000,36.530000
15.134,0.000000,0.000000,0.000000,0.000000,0.000000,0.000000,36.530000
15.145,0.000000,0.000000,0.000000,0.000000,0.000000,0.000000,36.530000
15.151,0.000000,0.000000,0.000000,0.000000,0.000000,0.000000,36.530000
15.162,0.000000,0.000000,0.000000,0.000000,0.000000,0.000000,36.530000
15.168,0.000000,0.000000,0.000000,0.000000,0.000000,0.000000,36.530000
15.179,0.000000,0.000000,0.000000,0.000000,0.000000,0.000000,36.530000
15.185,0.000000,0.000000,0.000000,0.000000,0.000000,0.000000,36.530000
15.195,0.000000,0.000000,0.000000,0.000000,0.000000,0.000000,36.530000
15.201,0.000000,0.000000,0.000000,0.000000,0.000000,0.000000,36.530000
15.212,0.000000,0.000000,0.000000,0.000000,0.000000,0.000000,36.530000
15.218,0.000000,0.000000,0.000000,0.000000,0.000000,0.000000,36.530000
15.229,0.000000,0.000000,0.000000,0.000000,0.000000,0.000000,36.530000
15.235,0.000000,0.000000,0.000000,0.000000,0.000000,0.000000,36.530000
15.245,0.000000,0.000000,0.000000,0.000000,0.000000,0.000000,36.530000
15.251,0.000000,0.000000,0.000000,0.000000,0.000000,0.000000,36.530000
15.264,0.000000,0.000000,0.000000,0.000000,0.000000,0.000000,36.530000
15.269,0.000000,0.000000,0.000000,0.000000,0.000000,0.000000,36.530000
15.280,0.000000,0.000000,0.000000,0.000000,0.000000,0.000000,36.530000
15.285,0.000000,0.000000,0.000000,0.000000,0.000000,0.000000,36.530000
15.295,0.000000,0.000000,0.000000,0.000000,0.000000,0.000000,36.530000
15.308,0.000000,0.000000,0.000000,0.000000,0.000000,0.000000,36.530000
15.313,0.000000,0.000000,0.000000,0.000000,0.000000,0.000000,36.530000
15.323,0.000000,0.000000,0.000000,0.000000,0.000000,0.000000,36.530000
15.330,0.000000,0.000000,0.000000,0.000000,0.000000,0.000000,36.530000
15.340,0.000000,0.000000,0.000000,0.000000,0.000000,0.000000,36.530000
15.345,0.000000,0.000000,0.000000,0.000000,0.000000,0.000000,36.530000
15.357,0.000000,0.000000,0.000000,0.000000,0.000000,0.000000,36.530000
15.364,0.000000,0.000000,0.000000,0.000000,0.000000,0.000000,36.530000
15.374,0.000000,0.000000,0.000000,0.000000,0.000000,0.000000,36.530000
15.379,0.000000,0.000000,0.000000,0.000000,0.000000,0.000000,36.530000
15.390,0.000000,0.000000,0.000000,0.000000,0.000000,0.000000,36.530000
15.395,0.000000,0.000000,0.000000,0.000000,0.000000,0.000000,36.530000
15.408,0.000000,0.000000,0.000000,0.000000,0.000000,0.000000,36.530000
15.413,0.000000,0.000000,0.000000,0.000000,0.000000,0.000000,36.530000
15.424,0.000000,0.000000,0.000000,0.000000,0.000000,0.000000,36.530000
15.429,0.000000,0.000000,0.000000,0.000000,0.000000,0.000000,36.530000
15.440,0.000000,0.000000,0.000000,0.000000,0.000000,0.000000,36.530000
15.445,0.000000,0.000000,0.000000,0.000000,0.000000,0.000000,36.530000
15.458,0.000000,0.000000,0.000000,0.000000,0.000000,0.000000,36.530000
15.463,0.000000,0.000000,0.000000,0.000000,0.000000,0.000000,36.530000
15.474,0.000000,0.000000,0.000000,0.000000,0.000000,0.000000,36.530000
15.479,0.000000,0.000000,0.000000,0.000000,0.000000,0.000000,36.530000
15.490,0.000000,0.000000,0.000000,0.000000,0.000000,0.000000,36.530000
15.495,0.000000,0.000000,0.000000,0.000000,0.000000,0.000000,36.530000
15.508,0.000000,0.000000,0.000000,0.000000,0.000000,0.000000,36.530000
15.513,0.000000,0.000000,0.000000,0.000000,0.000000,0.000000,36.530000
15.523,0.000000,0.000000,0.000000,0.000000,0.000000,0.000000,36.530000
15.529,0.000000,0.000000,0.000000,0.000000,0.000000,0.000000,36.530000
15.540,0.000000,0.000000,0.000000,0.000000,0.000000,0.000000,36.530000
15.545,0.000000,0.000000,0.000000,0.000000,0.000000,0.000000,36.530000
15.558,0.000000,0.000000,0.000000,0.000000,0.000000,0.000000,36.530000
15.564,0.000000,0.000000,0.000000,0.000000,0.000000,0.000000,36.530000
15.574,0.000000,0.000000,0.000000,0.000000,0.000000,0.000000,36.530000
15.584,0.000000,0.000000,0.000000,0.000000,0.000000,0.000000,36.530000
15.590,0.000000,0.000000,0.000000,0.000000,0.000000,0.000000,36.530000
15.601,0.000000,0.000000,0.000000,0.000000,0.000000,0.000000,36.530000
15.608,0.000000,0.000000,0.000000,0.000000,0.000000,0.000000,36.530000
15.619,0.000000,0.000000,0.000000,0.000000,0.000000,0.000000,36.530000
15.624,0.000000,0.000000,0.000000,0.000000,0.000000,0.000000,36.530000
15.634,0.000000,0.000000,0.000000,0.000000,0.000000,0.000000,36.530000
15.640,0.000000,0.000000,0.000000,0.000000,0.000000,0.000000,36.530000
15.651,0.000000,0.000000,0.000000,0.000000,0.000000,0.000000,36.530000
15.658,0.000000,0.000000,0.000000,0.000000,0.000000,0.000000,36.530000
15.667,0.000000,0.000000,0.000000,0.000000,0.000000,0.000000,36.530000
15.673,0.000000,0.000000,0.000000,0.000000,0.000000,0.000000,36.530000
15.684,0.000000,0.000000,0.000000,0.000000,0.000000,0.000000,36.530000
15.690,0.000000,0.000000,0.000000,0.000000,0.000000,0.000000,36.530000
15.701,0.000000,0.000000,0.000000,0.000000,0.000000,0.000000,36.530000
15.708,0.000000,0.000000,0.000000,0.000000,0.000000,0.000000,36.530000
15.718,0.000000,0.000000,0.000000,0.000000,0.000000,0.000000,36.530000
15.724,0.000000,0.000000,0.000000,0.000000,0.000000,0.000000,36.530000
15.734,0.000000,0.000000,0.000000,0.000000,0.000000,0.000000,36.530000
15.740,0.000000,0.000000,0.000000,0.000000,0.000000,0.000000,36.530000
15.751,0.000000,0.000000,0.000000,0.000000,0.000000,0.000000,36.530000
15.759,0.000000,0.000000,0.000000,0.000000,0.000000,0.000000,36.530000
15.768,0.000000,0.000000,0.000000,0.000000,0.000000,0.000000,36.530000
15.774,0.000000,0.000000,0.000000,0.000000,0.000000,0.000000,36.530000
15.784,0.000000,0.000000,0.000000,0.000000,0.000000,0.000000,36.530000
15.790,0.000000,0.000000,0.000000,0.000000,0.000000,0.000000,36.530000
15.801,0.000000,0.000000,0.000000,0.000000,0.000000,0.000000,36.530000
15.809,0.000000,0.000000,0.000000,0.000000,0.000000,0.000000,36.530000
15.818,0.000000,0.000000,0.000000,0.000000,0.000000,0.000000,36.530000
15.824,0.000000,0.000000,0.000000,0.000000,0.000000,0.000000,36.530000
15.834,0.000000,0.000000,0.000000,0.000000,0.000000,0.000000,36.530000
15.845,0.000000,0.000000,0.000000,0.000000,0.000000,0.000000,36.530000
15.851,0.000000,0.000000,0.000000,0.000000,0.000000,0.000000,36.530000
15.862,0.000000,0.000000,0.000000,0.000000,0.000000,0.000000,36.530000
15.869,0.000000,0.000000,0.000000,0.000000,0.000000,0.000000,36.530000
15.879,0.000000,0.000000,0.000000,0.000000,0.000000,0.000000,36.530000
15.884,0.000000,0.000000,0.000000,0.000000,0.000000,0.000000,36.530000
15.905,0.000000,0.000000,0.000000,0.000000,0.000000,0.000000,36.530000
15.905,0.000000,0.000000,0.000000,0.000000,0.000000,0.000000,36.530000
time_sec,ax,ay,az,gx,gy,gz,temp_c
0.026,0.000000,0.000000,0.000000,0.000000,0.000000,0.000000,36.530000
0.026,0.000000,0.000000,0.000000,0.000000,0.000000,0.000000,36.530000
0.026,0.000000,0.000000,0.000000,0.000000,0.000000,0.000000,36.530000
0.027,0.000000,0.000000,0.000000,0.000000,0.000000,0.000000,36.530000
0.037,0.000000,0.000000,0.000000,0.000000,0.000000,0.000000,36.530000
0.043,0.000000,0.000000,0.000000,0.000000,0.000000,0.000000,36.530000
0.054,0.000000,0.000000,0.000000,0.000000,0.000000,0.000000,36.530000
0.059,0.000000,0.000000,0.000000,0.000000,0.000000,0.000000,36.530000
0.071,0.000000,0.000000,0.000000,0.000000,0.000000,0.000000,36.530000
0.076,0.000000,0.000000,0.000000,0.000000,0.000000,0.000000,36.530000
0.087,0.000000,0.000000,0.000000,0.000000,0.000000,0.000000,36.530000
0.095,0.000000,0.000000,0.000000,0.000000,0.000000,0.000000,36.530000
0.104,0.000000,0.000000,0.000000,0.000000,0.000000,0.000000,36.530000
0.111,0.000000,0.000000,0.000000,0.000000,0.000000,0.000000,36.530000
0.122,0.000000,0.000000,0.000000,0.000000,0.000000,0.000000,36.530000
0.127,0.000000,0.000000,0.000000,0.000000,0.000000,0.000000,36.530000
0.137,0.000000,0.000000,0.000000,0.000000,0.000000,0.000000,36.530000
0.143,0.000000,0.000000,0.000000,0.000000,0.000000,0.000000,36.530000
0.154,0.000000,0.000000,0.000000,0.000000,0.000000,0.000000,36.530000
0.165,0.000000,0.000000,0.000000,0.000000,0.000000,0.000000,36.530000
0.171,0.000000,0.000000,0.000000,0.000000,0.000000,0.000000,36.530000
0.182,0.000000,0.000000,0.000000,0.000000,0.000000,0.000000,36.530000
0.187,0.000000,0.000000,0.000000,0.000000,0.000000,0.000000,36.530000
0.198,0.000000,0.000000,0.000000,0.000000,0.000000,0.000000,36.530000
0.205,0.000000,0.000000,0.000000,0.000000,0.000000,0.000000,36.530000
0.215,0.000000,0.000000,0.000000,0.000000,0.000000,0.000000,36.530000
0.221,0.000000,0.000000,0.000000,0.000000,0.000000,0.000000,36.530000
0.232,0.000000,0.000000,0.000000,0.000000,0.000000,0.000000,36.530000
0.237,0.000000,0.000000,0.000000,0.000000,0.000000,0.000000,36.530000
0.249,0.000000,0.000000,0.000000,0.000000,0.000000,0.000000,36.530000
0.255,0.000000,0.000000,0.000000,0.000000,0.000000,0.000000,36.530000
0.266,0.000000,0.000000,0.000000,0.000000,0.000000,0.000000,36.530000
0.271,0.000000,0.000000,0.000000,0.000000,0.000000,0.000000,36.530000
0.282,0.000000,0.000000,0.000000,0.000000,0.000000,0.000000,36.530000
0.287,0.000000,0.000000,0.000000,0.000000,0.000000,0.000000,36.530000
0.299,0.000000,0.000000,0.000000,0.000000,0.000000,0.000000,36.530000
0.305,0.000000,0.000000,0.000000,0.000000,0.000000,0.000000,36.530000
0.315,0.000000,0.000000,0.000000,0.000000,0.000000,0.000000,36.530000
0.321,0.000000,0.000000,0.000000,0.000000,0.000000,0.000000,36.530000
0.332,0.000000,0.000000,0.000000,0.000000,0.000000,0.000000,36.530000
0.337,0.000000,0.000000,0.000000,0.000000,0.000000,0.000000,36.530000
0.349,0.000000,0.000000,0.000000,0.000000,0.000000,0.000000,36.530000
0.355,0.000000,0.000000,0.000000,0.000000,0.000000,0.000000,36.530000
0.366,0.000000,0.000000,0.000000,0.000000,0.000000,0.000000,36.530000
0.371,0.000000,0.000000,0.000000,0.000000,0.000000,0.000000,36.530000
0.382,0.000000,0.000000,0.000000,0.000000,0.000000,0.000000,36.530000
0.387,0.000000,0.000000,0.000000,0.000000,0.000000,0.000000,36.530000
0.399,0.000000,0.000000,0.000000,0.000000,0.000000,0.000000,36.530000
0.404,0.000000,0.000000,0.000000,0.000000,0.000000,0.000000,36.530000
0.415,0.000000,0.000000,0.000000,0.000000,0.000000,0.000000,36.530000
0.421,0.000000,0.000000,0.000000,0.000000,0.000000,0.000000,36.530000
0.432,0.000000,0.000000,0.000000,0.000000,0.000000,0.000000,36.530000
0.443,0.000000,0.000000,0.000000,0.000000,0.000000,0.000000,36.530000
0.449,0.000000,0.000000,0.000000,0.000000,0.000000,0.000000,36.530000
0.459,0.000000,0.000000,0.000000,0.000000,0.000000,0.000000,36.530000
0.466,0.000000,0.000000,0.000000,0.000000,0.000000,0.000000,36.530000
0.476,0.000000,0.000000,0.000000,0.000000,0.000000,0.000000,36.530000
0.482,0.000000,0.000000,0.000000,0.000000,0.000000,0.000000,36.530000
0.493,0.000000,0.000000,0.000000,0.000000,0.000000,0.000000,36.530000
0.499,0.000000,0.000000,0.000000,0.000000,0.000000,0.000000,36.530000
0.510,0.000000,0.000000,0.000000,0.000000,0.000000,0.000000,36.530000
0.515,0.000000,0.000000,0.000000,0.000000,0.000000,0.000000,36.530000
0.526,0.000000,0.000000,0.000000,0.000000,0.000000,0.000000,36.530000
0.532,0.000000,0.000000,0.000000,0.000000,0.000000,0.000000,36.530000
0.543,0.000000,0.000000,0.000000,0.000000,0.000000,0.000000,36.530000
0.549,0.000000,0.000000,0.000000,0.000000,0.000000,0.000000,36.530000
0.560,0.000000,0.000000,0.000000,0.000000,0.000000,0.000000,36.530000
0.565,0.000000,0.000000,0.000000,0.000000,0.000000,0.000000,36.530000
0.576,0.000000,0.000000,0.000000,0.000000,0.000000,0.000000,36.530000
0.582,0.000000,0.000000,0.000000,0.000000,0.000000,0.000000,36.530000
0.593,0.000000,0.000000,0.000000,0.000000,0.000000,0.000000,36.530000
0.599,0.000000,0.000000,0.000000,0.000000,0.000000,0.000000,36.530000
0.610,0.000000,0.000000,0.000000,0.000000,0.000000,0.000000,36.530000
0.615,0.000000,0.000000,0.000000,0.000000,0.000000,0.000000,36.530000
0.626,0.000000,0.000000,0.000000,0.000000,0.000000,0.000000,36.530000
0.632,0.000000,0.000000,0.000000,0.000000,0.000000,0.000000,36.530000
0.643,0.000000,0.000000,0.000000,0.000000,0.000000,0.000000,36.530000
0.649,0.000000,0.000000,0.000000,0.000000,0.000000,0.000000,36.530000
0.660,0.000000,0.000000,0.000000,0.000000,0.000000,0.000000,36.530000
0.666,0.000000,0.000000,0.000000,0.000000,0.000000,0.000000,36.530000
0.676,0.000000,0.000000,0.000000,0.000000,0.000000,0.000000,36.530000
0.682,0.000000,0.000000,0.000000,0.000000,0.000000,0.000000,36.530000
0.693,0.000000,0.000000,0.000000,0.000000,0.000000,0.000000,36.530000
0.704,0.000000,0.000000,0.000000,0.000000,0.000000,0.000000,36.530000
0.710,0.000000,0.000000,0.000000,0.000000,0.000000,0.000000,36.530000
0.721,0.000000,0.000000,0.000000,0.000000,0.000000,0.000000,36.530000
0.726,0.000000,0.000000,0.000000,0.000000,0.000000,0.000000,36.530000
0.737,0.000000,0.000000,0.000000,0.000000,0.000000,0.000000,36.530000
0.743,0.000000,0.000000,0.000000,0.000000,0.000000,0.000000,36.530000
0.754,0.000000,0.000000,0.000000,0.000000,0.000000,0.000000,36.530000
0.760,0.000000,0.000000,0.000000,0.000000,0.000000,0.000000,36.530000
0.770,0.000000,0.000000,0.000000,0.000000,0.000000,0.000000,36.530000
0.776,0.000000,0.000000,0.000000,0.000000,0.000000,0.000000,36.530000
0.787,0.000000,0.000000,0.000000,0.000000,0.000000,0.000000,36.530000
0.793,0.000000,0.000000,0.000000,0.000000,0.000000,0.000000,36.530000
0.804,0.000000,0.000000,0.000000,0.000000,0.000000,0.000000,36.530000
0.810,0.000000,0.000000,0.000000,0.000000,0.000000,0.000000,36.530000
0.821,0.000000,0.000000,0.000000,0.000000,0.000000,0.000000,36.530000
0.826,0.000000,0.000000,0.000000,0.000000,0.000000,0.000000,36.530000
0.837,0.000000,0.000000,0.000000,0.000000,0.000000,0.000000,36.530000
0.843,0.000000,0.000000,0.000000,0.000000,0.000000,0.000000,36.530000
0.854,0.000000,0.000000,0.000000,0.000000,0.000000,0.000000,36.530000
0.860,0.000000,0.000000,0.000000,0.000000,0.000000,0.000000,36.530000
0.871,0.000000,0.000000,0.000000,0.000000,0.000000,0.000000,36.530000
0.877,0.000000,0.000000,0.000000,0.000000,0.000000,0.000000,36.530000
0.887,0.000000,0.000000,0.000000,0.000000,0.000000,0.000000,36.530000
0.893,0.000000,0.000000,0.000000,0.000000,0.000000,0.000000,36.530000
0.904,0.000000,0.000000,0.000000,0.000000,0.000000,0.000000,36.530000
0.911,0.000000,0.000000,0.000000,0.000000,0.000000,0.000000,36.530000
0.920,0.000000,0.000000,0.000000,0.000000,0.000000,0.000000,36.530000
0.926,0.000000,0.000000,0.000000,0.000000,0.000000,0.000000,36.530000
0.937,0.000000,0.000000,0.000000,0.000000,0.000000,0.000000,36.530000
0.943,0.000000,0.000000,0.000000,0.000000,0.000000,0.000000,36.530000
0.955,0.000000,0.000000,0.000000,0.000000,0.000000,0.000000,36.530000
0.961,0.000000,0.000000,0.000000,0.000000,0.000000,0.000000,36.530000
0.971,0.000000,0.000000,0.000000,0.000000,0.000000,0.000000,36.530000
0.982,0.000000,0.000000,0.000000,0.000000,0.000000,0.000000,36.530000
0.987,0.000000,0.000000,0.000000,0.000000,0.000000,0.000000,36.530000
0.999,0.000000,0.000000,0.000000,0.000000,0.000000,0.000000,36.530000
1.004,0.000000,0.000000,0.000000,0.000000,0.000000,0.000000,36.530000
1.015,0.000000,0.000000,0.000000,0.000000,0.000000,0.000000,36.530000
1.021,0.000000,0.000000,0.000000,0.000000,0.000000,0.000000,36.530000
1.032,0.000000,0.000000,0.000000,0.000000,0.000000,0.000000,36.530000
1.037,0.000000,0.000000,0.000000,0.000000,0.000000,0.000000,36.530000
1.049,0.000000,0.000000,0.000000,0.000000,0.000000,0.000000,36.530000
1.055,0.000000,0.000000,0.000000,0.000000,0.000000,0.000000,36.530000
1.065,0.000000,0.000000,0.000000,0.000000,0.000000,0.000000,36.530000
1.071,0.000000,0.000000,0.000000,0.000000,0.000000,0.000000,36.530000
1.082,0.000000,0.000000,0.000000,0.000000,0.000000,0.000000,36.530000
1.087,0.000000,0.000000,0.000000,0.000000,0.000000,0.000000,36.530000
1.099,0.000000,0.000000,0.000000,0.000000,0.000000,0.000000,36.530000
1.104,0.000000,0.000000,0.000000,0.000000,0.000000,0.000000,36.530000
1.115,0.000000,0.000000,0.000000,0.000000,0.000000,0.000000,36.530000
1.121,0.000000,0.000000,0.000000,0.000000,0.000000,0.000000,36.530000
1.132,0.000000,0.000000,0.000000,0.000000,0.000000,0.000000,36.530000
1.137,0.000000,0.000000,0.000000,0.000000,0.000000,0.000000,36.530000
1.148,0.000000,0.000000,0.000000,0.000000,0.000000,0.000000,36.530000
1.155,0.000000,0.000000,0.000000,0.000000,0.000000,0.000000,36.530000
1.165,0.000000,0.000000,0.000000,0.000000,0.000000,0.000000,36.530000
1.171,0.000000,0.000000,0.000000,0.000000,0.000000,0.000000,36.530000
1.182,0.000000,0.000000,0.000000,0.000000,0.000000,0.000000,36.530000
1.187,0.000000,0.000000,0.000000,0.000000,0.000000,0.000000,36.530000
1.199,0.000000,0.000000,0.000000,0.000000,0.000000,0.000000,36.530000
1.204,0.000000,0.000000,0.000000,0.000000,0.000000,0.000000,36.530000
1.215,0.000000,0.000000,0.000000,0.000000,0.000000,0.000000,36.530000
1.221,0.000000,0.000000,0.000000,0.000000,0.000000,0.000000,36.530000
1.232,0.000000,0.000000,0.000000,0.000000,0.000000,0.000000,36.530000
1.243,0.000000,0.000000,0.000000,0.000000,0.000000,0.000000,36.530000
1.249,0.000000,0.000000,0.000000,0.000000,0.000000,0.000000,36.530000
1.259,0.000000,0.000000,0.000000,0.000000,0.000000,0.000000,36.530000
1.265,0.000000,0.000000,0.000000,0.000000,0.000000,0.000000,36.530000
1.276,0.000000,0.000000,0.000000,0.000000,0.000000,0.000000,36.530000
1.282,0.000000,0.000000,0.000000,0.000000,0.000000,0.000000,36.530000
1.293,0.000000,0.000000,0.000000,0.000000,0.000000,0.000000,36.530000
1.299,0.000000,0.000000,0.000000,0.000000,0.000000,0.000000,36.530000
1.309,0.000000,0.000000,0.000000,0.000000,0.000000,0.000000,36.530000
1.315,0.000000,0.000000,0.000000,0.000000,0.000000,0.000000,36.530000
1.326,0.000000,0.000000,0.000000,0.000000,0.000000,0.000000,36.530000
1.332,0.000000,0.000000,0.000000,0.000000,0.000000,0.000000,36.530000
1.343,0.000000,0.000000,0.000000,0.000000,0.000000,0.000000,36.530000
1.349,0.000000,0.000000,0.000000,0.000000,0.000000,0.000000,36.530000
1.359,0.000000,0.000000,0.000000,0.000000,0.000000,0.000000,36.530000
1.365,0.000000,0.000000,0.000000,0.000000,0.000000,0.000000,36.530000
1.376,0.000000,0.000000,0.000000,0.000000,0.000000,0.000000,36.530000
1.382,0.000000,0.000000,0.000000,0.000000,0.000000,0.000000,36.530000
1.393,0.000000,0.000000,0.000000,0.000000,0.000000,0.000000,36.530000
1.399,0.000000,0.000000,0.000000,0.000000,0.000000,0.000000,36.530000
1.410,0.000000,0.000000,0.000000,0.000000,0.000000,0.000000,36.530000
1.416,0.000000,0.000000,0.000000,0.000000,0.000000,0.000000,36.530000
1.426,0.000000,0.000000,0.000000,0.000000,0.000000,0.000000,36.530000
1.432,0.000000,0.000000,0.000000,0.000000,0.000000,0.000000,36.530000
1.443,0.000000,0.000000,0.000000,0.000000,0.000000,0.000000,36.530000
1.449,0.000000,0.000000,0.000000,0.000000,0.000000,0.000000,36.530000
1.460,0.000000,0.000000,0.000000,0.000000,0.000000,0.000000,36.530000
1.466,0.000000,0.000000,0.000000,0.000000,0.000000,0.000000,36.530000
1.476,0.000000,0.000000,0.000000,0.000000,0.000000,0.000000,36.530000
1.482,0.000000,0.000000,0.000000,0.000000,0.000000,0.000000,36.530000
1.493,0.000000,0.000000,0.000000,0.000000,0.000000,0.000000,36.530000
1.499,0.000000,0.000000,0.000000,0.000000,0.000000,0.000000,36.530000
1.510,0.000000,0.000000,0.000000,0.000000,0.000000,0.000000,36.530000
1.520,0.000000,0.000000,0.000000,0.000000,0.000000,0.000000,36.530000
1.526,0.000000,0.000000,0.000000,0.000000,0.000000,0.000000,36.530000
1.537,0.000000,0.000000,0.000000,0.000000,0.000000,0.000000,36.530000
1.543,0.000000,0.000000,0.000000,0.000000,0.000000,0.000000,36.530000
1.554,0.000000,0.000000,0.000000,0.000000,0.000000,0.000000,36.530000
1.560,0.000000,0.000000,0.000000,0.000000,0.000000,0.000000,36.530000
1.570,0.000000,0.000000,0.000000,0.000000,0.000000,0.000000,36.530000
1.576,0.000000,0.000000,0.000000,0.000000,0.000000,0.000000,36.530000
1.587,0.000000,0.000000,0.000000,0.000000,0.000000,0.000000,36.530000
1.594,0.000000,0.000000,0.000000,0.000000,0.000000,0.000000,36.530000
1.605,0.000000,0.000000,0.000000,0.000000,0.000000,0.000000,36.530000
1.610,0.000000,0.000000,0.000000,0.000000,0.000000,0.000000,36.530000
1.620,0.000000,0.000000,0.000000,0.000000,0.000000,0.000000,36.530000
1.626,0.000000,0.000000,0.000000,0.000000,0.000000,0.000000,36.530000
1.637,0.000000,0.000000,0.000000,0.000000,0.000000,0.000000,36.530000
1.643,0.000000,0.000000,0.000000,0.000000,0.000000,0.000000,36.530000
1.654,0.000000,0.000000,0.000000,0.000000,0.000000,0.000000,36.530000
1.659,0.000000,0.000000,0.000000,0.000000,0.000000,0.000000,36.530000
1.670,0.000000,0.000000,0.000000,0.000000,0.000000,0.000000,36.530000
1.676,0.000000,0.000000,0.000000,0.000000,0.000000,0.000000,36.530000
1.687,0.000000,0.000000,0.000000,0.000000,0.000000,0.000000,36.530000
1.693,0.000000,0.000000,0.000000,0.000000,0.000000,0.000000,36.530000
1.705,0.000000,0.000000,0.000000,0.000000,0.000000,0.000000,36.530000
1.711,0.000000,0.000000,0.000000,0.000000,0.000000,0.000000,36.530000
1.721,0.000000,0.000000,0.000000,0.000000,0.000000,0.000000,36.530000
1.726,0.000000,0.000000,0.000000,0.000000,0.000000,0.000000,36.530000
1.737,0.000000,0.000000,0.000000,0.000000,0.000000,0.000000,36.530000
1.743,0.000000,0.000000,0.000000,0.000000,0.000000,0.000000,36.530000
1.754,0.000000,0.000000,0.000000,0.000000,0.000000,0.000000,36.530000
1.760,0.000000,0.000000,0.000000,0.000000,0.000000,0.000000,36.530000
1.770,0.000000,0.000000,0.000000,0.000000,0.000000,0.000000,36.530000
1.782,0.000000,0.000000,0.000000,0.000000,0.000000,0.000000,36.530000
1.787,0.000000,0.000000,0.000000,0.000000,0.000000,0.000000,36.530000
1.798,0.000000,0.000000,0.000000,0.000000,0.000000,0.000000,36.530000
1.804,0.000000,0.000000,0.000000,0.000000,0.000000,0.000000,36.530000
1.816,0.000000,0.000000,0.000000,0.000000,0.000000,0.000000,36.530000
1.820,0.000000,0.000000,0.000000,0.000000,0.000000,0.000000,36.530000
1.832,0.000000,0.000000,0.000000,0.000000,0.000000,0.000000,36.530000
1.837,0.000000,0.000000,0.000000,0.000000,0.000000,0.000000,36.530000
1.848,0.000000,0.000000,0.000000,0.000000,0.000000,0.000000,36.530000
1.854,0.000000,0.000000,0.000000,0.000000,0.000000,0.000000,36.530000
1.865,0.000000,0.000000,0.000000,0.000000,0.000000,0.000000,36.530000
1.870,0.000000,0.000000,0.000000,0.000000,0.000000,0.000000,36.530000
1.882,0.000000,0.000000,0.000000,0.000000,0.000000,0.000000,36.530000
1.887,0.000000,0.000000,0.000000,0.000000,0.000000,0.000000,36.530000
1.898,0.000000,0.000000,0.000000,0.000000,0.000000,0.000000,36.530000
1.906,0.000000,0.000000,0.000000,0.000000,0.000000,0.000000,36.530000
1.916,0.000000,0.000000,0.000000,0.000000,0.000000,0.000000,36.530000
1.920,0.000000,0.000000,0.000000,0.000000,0.000000,0.000000,36.530000
1.932,0.000000,0.000000,0.000000,0.000000,0.000000,0.000000,36.530000
1.937,0.000000,0.000000,0.000000,0.000000,0.000000,0.000000,36.530000
1.948,0.000000,0.000000,0.000000,0.000000,0.000000,0.000000,36.530000
1.954,0.000000,0.000000,0.000000,0.000000,0.000000,0.000000,36.530000
1.965,0.000000,0.000000,0.000000,0.000000,0.000000,0.000000,36.530000
1.970,0.000000,0.000000,0.000000,0.000000,0.000000,0.000000,36.530000
1.982,0.000000,0.000000,0.000000,0.000000,0.000000,0.000000,36.530000
1.987,0.000000,0.000000,0.000000,0.000000,0.000000,0.000000,36.530000
1.998,0.000000,0.000000,0.000000,0.000000,0.000000,0.000000,36.530000
2.006,0.000000,0.000000,0.000000,0.000000,0.000000,0.000000,36.530000
2.016,0.000000,0.000000,0.000000,0.000000,0.000000,0.000000,36.530000
2.020,0.000000,0.000000,0.000000,0.000000,0.000000,0.000000,36.530000
2.032,0.000000,0.000000,0.000000,0.000000,0.000000,0.000000,36.530000
2.037,0.000000,0.000000,0.000000,0.000000,0.000000,0.000000,36.530000
2.048,0.000000,0.000000,0.000000,0.000000,0.000000,0.000000,36.530000
2.060,0.000000,0.000000,0.000000,0.000000,0.000000,0.000000,36.530000
2.065,0.000000,0.000000,0.000000,0.000000,0.000000,0.000000,36.530000
2.076,0.000000,0.000000,0.000000,0.000000,0.000000,0.000000,36.530000
2.082,0.000000,0.000000,0.000000,0.000000,0.000000,0.000000,36.530000
2.093,0.000000,0.000000,0.000000,0.000000,0.000000,0.000000,36.530000
2.098,0.000000,0.000000,0.000000,0.000000,0.000000,0.000000,36.530000
2.109,0.000000,0.000000,0.000000,0.000000,0.000000,0.000000,36.530000
2.115,0.000000,0.000000,0.000000,0.000000,0.000000,0.000000,36.530000
2.126,0.000000,0.000000,0.000000,0.000000,0.000000,0.000000,36.530000
2.132,0.000000,0.000000,0.000000,0.000000,0.000000,0.000000,36.530000
2.143,0.000000,0.000000,0.000000,0.000000,0.000000,0.000000,36.530000
2.148,0.000000,0.000000,0.000000,0.000000,0.000000,0.000000,36.530000
2.160,0.000000,0.000000,0.000000,0.000000,0.000000,0.000000,36.530000
2.165,0.000000,0.000000,0.000000,0.000000,0.000000,0.000000,36.530000
2.176,0.000000,0.000000,0.000000,0.000000,0.000000,0.000000,36.530000
2.182,0.000000,0.000000,0.000000,0.000000,0.000000,0.000000,36.530000
2.193,0.000000,0.000000,0.000000,0.000000,0.000000,0.000000,36.530000
2.198,0.000000,0.000000,0.000000,0.000000,0.000000,0.000000,36.530000
2.210,0.000000,0.000000,0.000000,0.000000,0.000000,0.000000,36.530000
2.216,0.000000,0.000000,0.000000,0.000000,0.000000,0.000000,36.530000
2.226,0.000000,0.000000,0.000000,0.000000,0.000000,0.000000,36.530000
2.232,0.000000,0.000000,0.000000,0.000000,0.000000,0.000000,36.530000
2.243,0.000000,0.000000,0.000000,0.000000,0.000000,0.000000,36.530000
2.249,0.000000,0.000000,0.000000,0.000000,0.000000,0.000000,36.530000
2.260,0.000000,0.000000,0.000000,0.000000,0.000000,0.000000,36.530000
2.266,0.000000,0.000000,0.000000,0.000000,0.000000,0.000000,36.530000
2.276,0.000000,0.000000,0.000000,0.000000,0.000000,0.000000,36.530000
2.282,0.000000,0.000000,0.000000,0.000000,0.000000,0.000000,36.530000
2.293,0.000000,0.000000,0.000000,0.000000,0.000000,0.000000,36.530000
2.299,0.000000,0.000000,0.000000,0.000000,0.000000,0.000000,36.530000
2.310,0.000000,0.000000,0.000000,0.000000,0.000000,0.000000,36.530000
2.320,0.000000,0.000000,0.000000,0.000000,0.000000,0.000000,36.530000
2.326,0.000000,0.000000,0.000000,0.000000,0.000000,0.000000,36.530000
2.337,0.000000,0.000000,0.000000,0.000000,0.000000,0.000000,36.530000
2.343,0.000000,0.000000,0.000000,0.000000,0.000000,0.000000,36.530000
2.354,0.000000,0.000000,0.000000,0.000000,0.000000,0.000000,36.530000
2.359,0.000000,0.000000,0.000000,0.000000,0.000000,0.000000,36.530000
2.370,0.000000,0.000000,0.000000,0.000000,0.000000,0.000000,36.530000
2.376,0.000000,0.000000,0.000000,0.000000,0.000000,0.000000,36.530000
2.387,0.000000,0.000000,0.000000,0.000000,0.000000,0.000000,36.530000
2.393,0.000000,0.000000,0.000000,0.000000,0.000000,0.000000,36.530000
2.405,0.000000,0.000000,0.000000,0.000000,0.000000,0.000000,36.530000
2.410,0.000000,0.000000,0.000000,0.000000,0.000000,0.000000,36.530000
2.420,0.000000,0.000000,0.000000,0.000000,0.000000,0.000000,36.530000
2.426,0.000000,0.000000,0.000000,0.000000,0.000000,0.000000,36.530000
2.437,0.000000,0.000000,0.000000,0.000000,0.000000,0.000000,36.530000
2.444,0.000000,0.000000,0.000000,0.000000,0.000000,0.000000,36.530000
2.454,0.000000,0.000000,0.000000,0.000000,0.000000,0.000000,36.530000
2.459,0.000000,0.000000,0.000000,0.000000,0.000000,0.000000,36.530000
2.470,0.000000,0.000000,0.000000,0.000000,0.000000,0.000000,36.530000
2.476,0.000000,0.000000,0.000000,0.000000,0.000000,0.000000,36.530000
2.487,0.000000,0.000000,0.000000,0.000000,0.000000,0.000000,36.530000
2.493,0.000000,0.000000,0.000000,0.000000,0.000000,0.000000,36.530000
2.505,0.000000,0.000000,0.000000,0.000000,0.000000,0.000000,36.530000
2.510,0.000000,0.000000,0.000000,0.000000,0.000000,0.000000,36.530000
2.520,0.000000,0.000000,0.000000,0.000000,0.000000,0.000000,36.530000
2.526,0.000000,0.000000,0.000000,0.000000,0.000000,0.000000,36.530000
2.537,0.000000,0.000000,0.000000,0.000000,0.000000,0.000000,36.530000
2.544,0.000000,0.000000,0.000000,0.000000,0.000000,0.000000,36.530000
2.554,0.000000,0.000000,0.000000,0.000000,0.000000,0.000000,36.530000
2.560,0.000000,0.000000,0.000000,0.000000,0.000000,0.000000,36.530000
2.570,0.000000,0.000000,0.000000,0.000000,0.000000,0.000000,36.530000
2.576,0.000000,0.000000,0.000000,0.000000,0.000000,0.000000,36.530000
2.587,0.000000,0.000000,0.000000,0.000000,0.000000,0.000000,36.530000
2.598,0.000000,0.000000,0.000000,0.000000,0.000000,0.000000,36.530000
2.605,0.000000,0.000000,0.000000,0.000000,0.000000,0.000000,36.530000
2.615,0.000000,0.000000,0.000000,0.000000,0.000000,0.000000,36.530000
2.620,0.000000,0.000000,0.000000,0.000000,0.000000,0.000000,36.530000
2.631,0.000000,0.000000,0.000000,0.000000,0.000000,0.000000,36.530000
2.637,0.000000,0.000000,0.000000,0.000000,0.000000,0.000000,36.530000
2.649,0.000000,0.000000,0.000000,0.000000,0.000000,0.000000,36.530000
2.655,0.000000,0.000000,0.000000,0.000000,0.000000,0.000000,36.530000
2.665,0.000000,0.000000,0.000000,0.000000,0.000000,0.000000,36.530000
2.670,0.000000,0.000000,0.000000,0.000000,0.000000,0.000000,36.530000
2.681,0.000000,0.000000,0.000000,0.000000,0.000000,0.000000,36.530000
2.687,0.000000,0.000000,0.000000,0.000000,0.000000,0.000000,36.530000
2.698,0.000000,0.000000,0.000000,0.000000,0.000000,0.000000,36.530000
2.705,0.000000,0.000000,0.000000,0.000000,0.000000,0.000000,36.530000
2.715,0.000000,0.000000,0.000000,0.000000,0.000000,0.000000,36.530000
2.720,0.000000,0.000000,0.000000,0.000000,0.000000,0.000000,36.530000
2.731,0.000000,0.000000,0.000000,0.000000,0.000000,0.000000,36.530000
2.737,0.000000,0.000000,0.000000,0.000000,0.000000,0.000000,36.530000
2.748,0.000000,0.000000,0.000000,0.000000,0.000000,0.000000,36.530000
2.754,0.000000,0.000000,0.000000,0.000000,0.000000,0.000000,36.530000
2.765,0.000000,0.000000,0.000000,0.000000,0.000000,0.000000,36.530000
2.770,0.000000,0.000000,0.000000,0.000000,0.000000,0.000000,36.530000
2.781,0.000000,0.000000,0.000000,0.000000,0.000000,0.000000,36.530000
2.787,0.000000,0.000000,0.000000,0.000000,0.000000,0.000000,36.530000
2.798,0.000000,0.000000,0.000000,0.000000,0.000000,0.000000,36.530000
2.805,0.000000,0.000000,0.000000,0.000000,0.000000,0.000000,36.530000
2.816,0.000000,0.000000,0.000000,0.000000,0.000000,0.000000,36.530000
2.820,0.000000,0.000000,0.000000,0.000000,0.000000,0.000000,36.530000
2.832,0.000000,0.000000,0.000000,0.000000,0.000000,0.000000,36.530000
2.837,0.000000,0.000000,0.000000,0.000000,0.000000,0.000000,36.530000
2.848,0.000000,0.000000,0.000000,0.000000,0.000000,0.000000,36.530000
2.859,0.000000,0.000000,0.000000,0.000000,0.000000,0.000000,36.530000
2.865,0.000000,0.000000,0.000000,0.000000,0.000000,0.000000,36.530000
2.876,0.000000,0.000000,0.000000,0.000000,0.000000,0.000000,36.530000
2.881,0.000000,0.000000,0.000000,0.000000,0.000000,0.000000,36.530000
2.893,0.000000,0.000000,0.000000,0.000000,0.000000,0.000000,36.530000
2.899,0.000000,0.000000,0.000000,0.000000,0.000000,0.000000,36.530000
2.909,0.000000,0.000000,0.000000,0.000000,0.000000,0.000000,36.530000
2.915,0.000000,0.000000,0.000000,0.000000,0.000000,0.000000,36.530000
0.019,-0.634000,0.333000,0.648000,2.817000,-1.489000,3.053000,23.070000
0.027,-0.623000,0.337000,0.646000,4.214000,-0.435000,2.992000,23.070000
0.040,-0.623000,0.340000,0.651000,4.550000,1.382000,2.481000,23.170000
0.047,-0.639000,0.342000,0.656000,4.840000,2.412000,2.206000,23.170000
0.060,-0.641000,0.338000,0.653000,5.000000,2.397000,2.534000,23.170000
0.067,-0.653000,0.341000,0.648000,5.748000,1.779000,2.313000,23.170000
0.080,-0.656000,0.345000,0.651000,5.878000,1.565000,1.160000,23.260000
0.088,-0.651000,0.353000,0.657000,5.954000,0.954000,0.023000,23.260000
0.101,-0.657000,0.351000,0.670000,6.198000,-0.214000,-0.183000,23.260000
0.108,-0.642000,0.347000,0.672000,5.870000,-0.122000,-0.489000,23.260000
0.120,-0.629000,0.349000,0.658000,6.870000,-3.405000,-0.664000,23.170000
0.127,-0.630000,0.357000,0.671000,5.061000,1.092000,0.626000,23.170000
0.140,-0.632000,0.361000,0.669000,4.168000,-0.229000,1.382000,23.170000
0.147,-0.631000,0.363000,0.678000,3.588000,0.504000,2.076000,23.260000
0.160,-0.631000,0.353000,0.671000,2.763000,0.076000,2.427000,23.260000
0.167,-0.642000,0.359000,0.668000,2.947000,-0.321000,2.412000,23.260000
0.173,-0.637000,0.353000,0.674000,3.168000,0.015000,2.290000,23.170000
0.189,-0.634000,0.362000,0.663000,2.855000,0.237000,1.695000,23.260000
0.196,-0.629000,0.347000,0.665000,3.939000,-1.802000,1.405000,23.170000
0.208,-0.624000,0.352000,0.660000,2.595000,0.481000,2.168000,23.170000
0.216,-0.619000,0.354000,0.660000,2.916000,0.244000,2.496000,23.210000
0.228,-0.613000,0.353000,0.661000,3.061000,1.412000,2.878000,23.210000
0.235,-0.632000,0.353000,0.656000,2.733000,1.603000,3.779000,23.210000
0.248,-0.624000,0.350000,0.655000,2.748000,1.473000,4.313000,23.210000
0.256,-0.632000,0.361000,0.666000,3.260000,1.534000,4.023000,23.210000
0.268,-0.633000,0.355000,0.655000,3.427000,1.366000,3.557000,23.310000
0.275,-0.615000,0.359000,0.656000,4.962000,3.885000,3.817000,23.210000
0.290,-0.628000,0.360000,0.652000,3.237000,3.534000,3.206000,23.210000
0.296,-0.637000,0.357000,0.652000,3.885000,3.473000,3.000000,23.210000
0.309,-0.647000,0.366000,0.661000,3.359000,3.855000,2.962000,23.210000
0.316,-0.653000,0.380000,0.659000,2.305000,3.389000,2.870000,23.210000
0.329,-0.662000,0.381000,0.663000,1.794000,2.687000,2.817000,23.210000
0.336,-0.656000,0.377000,0.657000,1.817000,2.076000,2.718000,23.170000
0.349,-0.656000,0.378000,0.656000,1.198000,1.305000,2.183000,23.260000
0.356,-0.653000,0.381000,0.661000,0.947000,0.573000,1.565000,23.170000
0.369,-0.649000,0.373000,0.660000,0.656000,-0.023000,1.489000,23.260000
0.376,-0.642000,0.377000,0.666000,0.115000,-0.115000,1.656000,23.260000
0.390,-0.635000,0.377000,0.664000,-0.252000,-0.168000,1.122000,23.260000
0.397,-0.632000,0.372000,0.664000,-1.443000,-0.145000,1.366000,23.260000
0.409,-0.618000,0.368000,0.664000,-2.145000,0.069000,1.985000,23.260000
0.416,-0.616000,0.358000,0.658000,-1.863000,0.420000,2.771000,23.260000
0.429,-0.613000,0.372000,0.653000,-1.389000,1.366000,3.351000,23.170000
0.436,-0.630000,0.365000,0.660000,-0.916000,2.130000,3.573000,23.260000
0.450,-0.645000,0.374000,0.666000,-1.176000,2.473000,3.389000,23.170000
0.456,-0.655000,0.373000,0.677000,-1.740000,2.313000,3.115000,23.260000
0.469,-0.667000,0.371000,0.673000,-2.954000,1.282000,2.031000,23.260000
0.476,-0.654000,0.371000,0.673000,-4.122000,-0.092000,1.397000,23.260000
0.490,-0.645000,0.357000,0.657000,-4.794000,-1.573000,1.443000,23.260000
0.496,-0.626000,0.349000,0.661000,-4.756000,-1.527000,1.511000,23.260000
0.509,-0.615000,0.352000,0.636000,-3.931000,-0.977000,2.122000,23.260000
0.516,-0.613000,0.356000,0.643000,-3.863000,0.313000,2.595000,23.170000
0.528,-0.619000,0.352000,0.650000,-3.382000,0.855000,3.084000,23.260000
0.536,-0.634000,0.366000,0.656000,-3.191000,1.160000,3.305000,23.210000
0.548,-0.635000,0.365000,0.652000,-3.611000,0.779000,2.977000,23.310000
0.556,-0.638000,0.357000,0.660000,-4.420000,0.321000,3.443000,23.210000
0.568,-0.639000,0.360000,0.654000,-4.588000,0.061000,3.664000,23.210000
0.576,-0.637000,0.356000,0.654000,-4.168000,0.137000,4.023000,23.310000
0.590,-0.635000,0.351000,0.634000,-3.809000,0.427000,3.748000,23.210000
0.596,-0.641000,0.355000,0.647000,-3.405000,0.313000,3.634000,23.210000
0.609,-0.635000,0.351000,0.647000,-1.954000,0.840000,3.366000,23.210000
0.616,-0.644000,0.355000,0.647000,-2.649000,-0.305000,3.183000,23.210000
0.628,-0.642000,0.365000,0.653000,-3.565000,0.122000,3.160000,23.210000
0.636,-0.632000,0.362000,0.654000,-3.756000,0.397000,3.740000,23.310000
0.648,-0.639000,0.361000,0.648000,-3.481000,0.992000,4.359000,23.310000
0.656,-0.645000,0.370000,0.654000,-3.412000,1.382000,4.466000,23.120000
0.668,-0.657000,0.367000,0.640000,-3.756000,0.962000,3.924000,23.310000
0.676,-0.657000,0.362000,0.653000,-4.351000,0.855000,3.153000,23.210000
0.690,-0.661000,0.354000,0.644000,-4.206000,1.252000,2.779000,23.210000
0.696,-0.660000,0.340000,0.627000,-4.000000,-1.122000,2.321000,23.400000
0.708,-0.645000,0.337000,0.628000,-3.321000,-2.046000,1.893000,23.170000
0.716,-0.635000,0.339000,0.625000,-2.466000,-1.855000,2.366000,23.260000
0.728,-0.625000,0.339000,0.623000,-1.420000,-0.466000,2.542000,23.350000
0.735,-0.641000,0.339000,0.622000,-0.145000,0.817000,2.466000,23.260000
0.748,-0.639000,0.334000,0.627000,0.221000,1.130000,2.527000,23.350000
0.756,-0.645000,0.334000,0.634000,0.710000,0.328000,3.130000,23.350000
0.768,-0.639000,0.345000,0.629000,0.893000,-0.092000,3.336000,23.350000
0.775,-0.643000,0.346000,0.631000,1.344000,-0.038000,3.565000,23.260000
0.790,-0.642000,0.353000,0.635000,2.282000,0.023000,3.763000,23.260000
0.796,-0.650000,0.358000,0.635000,2.878000,0.351000,3.359000,23.350000
0.809,-0.656000,0.356000,0.649000,3.298000,0.511000,2.511000,23.350000
0.816,-0.667000,0.366000,0.647000,1.198000,-0.641000,1.725000,23.350000
0.828,-0.664000,0.367000,0.655000,2.374000,0.015000,0.809000,23.170000
0.836,-0.660000,0.372000,0.652000,1.687000,-1.122000,0.969000,23.350000
0.849,-0.647000,0.376000,0.645000,1.092000,-1.786000,1.176000,23.260000
0.858,-0.644000,0.370000,0.647000,0.679000,-2.076000,1.527000,23.260000
0.869,-0.646000,0.363000,0.642000,1.595000,-1.718000,1.641000,23.210000
0.876,-0.642000,0.368000,0.651000,2.412000,-1.435000,1.115000,23.210000
0.890,-0.652000,0.375000,0.668000,2.290000,-1.298000,-0.313000,23.310000
0.896,-0.655000,0.374000,0.662000,1.664000,-1.550000,-1.290000,23.400000
0.908,-0.642000,0.382000,0.669000,0.947000,-1.679000,-1.931000,23.210000
0.917,-0.636000,0.375000,0.666000,0.260000,-2.611000,-1.695000,23.310000
0.928,-0.638000,0.364000,0.665000,-0.618000,-3.206000,-0.847000,23.310000
0.935,-0.623000,0.362000,0.658000,-0.885000,-3.046000,0.015000,23.210000
0.948,-0.609000,0.365000,0.662000,-0.695000,-2.053000,0.473000,23.310000
0.956,-0.611000,0.361000,0.658000,-0.336000,-0.649000,1.069000,23.310000
0.968,-0.627000,0.360000,0.666000,-0.863000,-0.504000,1.046000,23.210000
0.975,-0.635000,0.355000,0.653000,-1.015000,-1.336000,0.504000,23.210000
0.987,-0.633000,0.353000,0.660000,-1.275000,-1.824000,0.046000,23.310000
1.001,-0.619000,0.355000,0.655000,-1.305000,-2.290000,0.565000,23.310000
1.007,-0.612000,0.351000,0.653000,-0.954000,-2.137000,1.550000,23.350000
1.020,-0.614000,0.353000,0.644000,-0.244000,-1.046000,1.420000,23.170000
1.027,-0.619000,0.349000,0.649000,0.565000,-0.153000,1.481000,23.350000
1.040,-0.631000,0.346000,0.650000,1.229000,0.168000,1.183000,23.260000
1.047,-0.636000,0.346000,0.636000,1.573000,-0.450000,0.809000,23.260000
1.060,-0.628000,0.358000,0.663000,1.420000,-0.336000,0.603000,23.350000
1.067,-0.629000,0.359000,0.654000,0.786000,-0.489000,0.542000,23.350000
1.080,-0.629000,0.357000,0.656000,0.504000,-0.756000,0.817000,23.350000
1.087,-0.632000,0.351000,0.661000,0.496000,-0.924000,1.145000,23.450000
1.101,-0.632000,0.352000,0.653000,0.992000,-0.885000,1.092000,23.260000
1.108,-0.628000,0.357000,0.658000,1.053000,-0.443000,1.069000,23.260000
1.120,-0.632000,0.361000,0.665000,1.153000,-0.382000,0.473000,23.350000
1.127,-0.628000,0.362000,0.666000,1.221000,-0.519000,0.290000,23.350000
1.140,-0.627000,0.362000,0.671000,0.618000,-0.115000,0.443000,23.260000
1.148,-0.621000,0.365000,0.670000,0.618000,0.344000,1.656000,23.350000
1.160,-0.631000,0.368000,0.674000,0.160000,-0.008000,2.405000,23.350000
1.167,-0.634000,0.363000,0.667000,-0.924000,0.107000,2.244000,23.310000
1.180,-0.628000,0.356000,0.656000,-1.061000,0.557000,2.321000,23.400000
1.189,-0.631000,0.344000,0.662000,-0.924000,0.870000,2.351000,23.310000
1.200,-0.630000,0.339000,0.652000,-0.107000,1.229000,2.053000,23.400000
1.208,-0.628000,0.350000,0.652000,0.641000,1.244000,1.511000,23.210000
1.215,-0.636000,0.354000,0.655000,0.496000,1.611000,1.382000,23.310000
1.228,-0.646000,0.359000,0.658000,0.046000,1.397000,1.198000,23.210000
1.235,-0.646000,0.365000,0.657000,-0.206000,1.023000,1.282000,23.400000
1.248,-0.636000,0.360000,0.659000,-0.443000,0.794000,1.015000,23.310000
1.257,-0.631000,0.351000,0.659000,-0.344000,0.580000,1.336000,23.310000
1.268,-0.632000,0.353000,0.652000,0.023000,0.511000,1.382000,23.310000
1.275,-0.628000,0.350000,0.646000,0.221000,0.878000,0.718000,23.400000
1.290,-0.620000,0.354000,0.650000,0.611000,1.275000,0.588000,23.210000
1.296,-0.622000,0.349000,0.641000,0.855000,1.565000,0.893000,23.310000
1.308,-0.616000,0.344000,0.648000,1.244000,1.443000,1.145000,23.400000
1.316,-0.618000,0.361000,0.649000,1.595000,1.481000,1.504000,23.450000
1.328,-0.621000,0.358000,0.644000,1.649000,1.802000,1.634000,23.350000
1.336,-0.626000,0.356000,0.650000,1.466000,1.832000,2.336000,23.450000
1.348,-0.641000,0.364000,0.660000,1.282000,1.687000,2.420000,23.450000
1.356,-0.644000,0.352000,0.653000,1.550000,1.328000,2.389000,23.350000
1.368,-0.647000,0.352000,0.666000,1.336000,1.053000,2.099000,23.450000
1.376,-0.641000,0.349000,0.650000,1.702000,0.588000,1.916000,23.260000
1.390,-0.639000,0.357000,0.650000,1.733000,0.763000,1.618000,23.350000
1.397,-0.634000,0.359000,0.661000,1.718000,1.214000,1.397000,23.260000
1.410,-0.644000,0.360000,0.659000,1.824000,1.649000,1.183000,23.350000
1.416,-0.649000,0.367000,0.668000,1.702000,1.275000,1.061000,23.350000
1.429,-0.654000,0.371000,0.667000,0.824000,0.962000,1.099000,23.350000
1.436,-0.657000,0.375000,0.645000,-0.168000,0.298000,1.305000,23.350000
1.449,-0.650000,0.375000,0.655000,-0.282000,-0.527000,0.496000,23.350000
1.457,-0.637000,0.366000,0.643000,-0.382000,-0.527000,-0.061000,23.350000
1.469,-0.621000,0.360000,0.646000,0.229000,0.420000,-0.015000,23.350000
1.476,-0.610000,0.361000,0.638000,0.695000,1.969000,0.427000,23.350000
1.490,-0.623000,0.357000,0.639000,1.427000,2.511000,0.992000,23.450000
1.497,-0.640000,0.360000,0.643000,1.489000,2.313000,0.832000,23.350000
1.510,-0.647000,0.348000,0.637000,1.786000,0.924000,0.618000,23.350000
1.516,-0.642000,0.342000,0.649000,2.023000,-0.069000,0.985000,23.350000
1.529,-0.633000,0.345000,0.649000,2.802000,-0.046000,0.840000,23.310000
1.537,-0.618000,0.348000,0.652000,2.969000,0.611000,0.641000,23.400000
1.550,-0.624000,0.360000,0.655000,3.344000,1.366000,0.740000,23.400000
1.558,-0.640000,0.363000,0.653000,3.344000,1.618000,0.824000,23.400000
1.570,-0.639000,0.370000,0.655000,2.412000,1.099000,0.763000,23.400000
1.577,-0.638000,0.368000,0.647000,1.740000,0.450000,0.870000,23.400000
1.590,-0.632000,0.341000,0.648000,0.916000,-1.611000,1.534000,23.400000
1.597,-0.632000,0.347000,0.646000,1.626000,-0.344000,1.603000,23.310000
1.610,-0.618000,0.343000,0.634000,2.649000,0.481000,1.779000,23.310000
1.617,-0.624000,0.344000,0.637000,2.916000,1.542000,1.626000,23.310000
1.630,-0.638000,0.347000,0.637000,4.641000,2.427000,1.435000,23.450000
1.637,-0.631000,0.355000,0.632000,6.931000,2.206000,2.221000,23.350000
1.650,-0.625000,0.350000,0.630000,5.427000,1.603000,2.664000,23.350000
1.658,-0.622000,0.353000,0.628000,4.885000,0.244000,3.313000,23.350000
1.664,-0.622000,0.351000,0.631000,4.992000,0.802000,3.687000,23.350000
1.677,-0.616000,0.356000,0.630000,5.595000,1.740000,3.992000,23.350000
1.685,-0.622000,0.367000,0.640000,6.344000,2.252000,4.069000,23.350000
1.698,-0.635000,0.371000,0.641000,7.107000,2.985000,3.817000,23.350000
1.707,-0.656000,0.380000,0.654000,6.802000,2.947000,2.931000,23.350000
1.718,-0.660000,0.383000,0.650000,5.977000,3.046000,2.336000,23.450000
1.725,-0.658000,0.377000,0.656000,5.405000,2.305000,1.695000,23.350000
1.740,-0.654000,0.384000,0.661000,5.427000,2.366000,1.489000,23.350000
1.746,-0.653000,0.382000,0.644000,5.450000,2.626000,1.489000,23.450000
1.759,-0.641000,0.388000,0.656000,5.435000,2.794000,1.534000,23.490000
1.767,-0.653000,0.391000,0.658000,5.336000,3.351000,1.496000,23.310000
1.793,-0.654000,0.394000,0.655000,5.084000,3.679000,1.267000,23.400000
1.793,-0.660000,0.395000,0.658000,4.458000,4.382000,0.168000,23.310000
time_sec,ax,ay,az,gx,gy,gz,temp_c
0.026,0.375000,0.803000,0.410000,3.550000,2.237000,1.908000,24.200000
0.026,0.366000,0.809000,0.419000,3.550000,2.015000,1.496000,24.290000
0.031,0.361000,0.814000,0.419000,2.809000,2.282000,0.328000,24.200000
0.038,0.361000,0.833000,0.432000,2.069000,2.275000,0.122000,24.200000
0.051,0.359000,0.833000,0.432000,1.137000,2.183000,0.321000,24.200000
0.058,0.344000,0.825000,0.419000,1.229000,1.786000,1.595000,24.200000
0.071,0.330000,0.822000,0.429000,1.885000,0.565000,1.405000,24.250000
0.078,0.318000,0.840000,0.427000,1.756000,-1.275000,-0.153000,24.250000
0.094,0.311000,0.828000,0.432000,0.733000,-2.969000,-2.580000,24.250000
0.098,0.316000,0.825000,0.424000,-0.511000,-5.992000,-5.145000,24.250000
0.112,0.346000,0.818000,0.420000,-0.443000,-9.061000,-5.893000,24.250000
0.124,0.368000,0.816000,0.416000,-1.168000,-9.557000,-6.763000,24.110000
0.131,0.390000,0.820000,0.421000,-1.427000,-9.359000,-6.092000,24.200000
0.143,0.398000,0.806000,0.427000,-0.145000,-8.496000,-4.435000,24.200000
0.150,0.396000,0.813000,0.430000,1.053000,-6.634000,-4.260000,24.200000
0.163,0.386000,0.834000,0.441000,-0.183000,-5.725000,-4.237000,24.200000
0.170,0.372000,0.836000,0.440000,-0.977000,-7.153000,-3.046000,24.200000
0.182,0.367000,0.837000,0.435000,-2.435000,-9.359000,-2.977000,24.290000
0.189,0.394000,0.840000,0.438000,-3.840000,-10.191000,-3.260000,24.290000
0.202,0.404000,0.823000,0.433000,-3.817000,-9.237000,-3.527000,24.290000
0.210,0.415000,0.824000,0.430000,-3.954000,-6.786000,-3.573000,24.250000
0.222,0.413000,0.812000,0.413000,-3.649000,-5.489000,-3.336000,24.340000
0.229,0.414000,0.811000,0.412000,-2.847000,-3.412000,-3.794000,24.250000
0.242,0.394000,0.806000,0.419000,-2.870000,-3.634000,-3.992000,24.250000
0.248,0.396000,0.818000,0.409000,-3.336000,-4.351000,-4.580000,24.250000
0.261,0.419000,0.812000,0.418000,-3.275000,-3.412000,-4.580000,24.250000
0.268,0.421000,0.806000,0.418000,-3.229000,-2.969000,-4.115000,24.250000
0.281,0.447000,0.798000,0.405000,-1.580000,-2.168000,-3.275000,24.150000
0.293,0.446000,0.793000,0.402000,-0.542000,0.557000,-1.000000,24.200000
0.300,0.431000,0.789000,0.396000,-0.107000,2.748000,0.550000,24.200000
0.313,0.420000,0.786000,0.391000,1.634000,4.466000,1.443000,24.290000
0.321,0.388000,0.799000,0.398000,3.824000,4.504000,1.275000,24.200000
0.326,0.374000,0.793000,0.392000,4.061000,4.260000,-0.397000,24.290000
0.341,0.379000,0.812000,0.394000,6.130000,1.878000,-0.740000,24.290000
0.353,0.366000,0.829000,0.399000,6.557000,-0.282000,-1.427000,24.200000
0.361,0.385000,0.836000,0.403000,5.947000,-1.107000,-2.107000,24.200000
0.373,0.385000,0.828000,0.412000,6.252000,-2.130000,-1.687000,24.290000
0.380,0.399000,0.825000,0.402000,5.733000,-1.924000,-2.466000,24.250000
0.393,0.407000,0.819000,0.402000,6.198000,-0.740000,-3.710000,24.250000
0.401,0.419000,0.818000,0.406000,7.191000,-0.031000,-2.565000,24.250000
0.413,0.415000,0.825000,0.404000,6.695000,1.603000,-2.504000,24.250000
0.420,0.418000,0.826000,0.399000,5.718000,2.718000,-2.489000,24.250000
0.433,0.438000,0.824000,0.401000,6.046000,4.489000,-2.473000,24.150000
0.442,0.422000,0.829000,0.386000,8.008000,4.634000,-1.328000,24.250000
0.453,0.409000,0.812000,0.386000,11.229000,5.588000,-2.687000,24.250000
0.460,0.402000,0.832000,0.395000,14.870000,5.504000,-5.237000,24.290000
0.473,0.395000,0.835000,0.414000,14.931000,3.389000,-6.733000,24.200000
0.480,0.421000,0.845000,0.404000,15.756000,2.145000,-7.481000,24.200000
0.493,0.436000,0.845000,0.406000,13.290000,0.405000,-5.374000,24.200000
0.500,0.465000,0.863000,0.395000,10.924000,0.740000,-3.519000,24.200000
0.512,0.474000,0.875000,0.412000,7.389000,-0.282000,-1.939000,24.200000
0.519,0.498000,0.875000,0.415000,4.176000,-0.618000,-1.061000,24.200000
0.532,0.510000,0.872000,0.425000,2.519000,-0.053000,-0.656000,24.290000
0.539,0.521000,0.879000,0.433000,2.641000,-2.321000,1.824000,24.200000
0.553,0.530000,0.837000,0.438000,3.053000,-0.412000,0.634000,24.150000
0.561,0.550000,0.867000,0.473000,2.931000,-1.405000,-0.069000,24.250000
0.572,0.595000,0.884000,0.492000,-1.153000,-5.710000,2.481000,24.250000
0.579,0.633000,0.876000,0.486000,-5.885000,-8.481000,3.794000,24.250000
0.592,0.680000,0.839000,0.474000,-7.168000,-10.221000,6.832000,24.250000
0.599,0.714000,0.808000,0.434000,-3.763000,-12.038000,11.824000,24.340000
0.612,0.729000,0.812000,0.438000,0.061000,-12.847000,17.389000,24.250000
0.618,0.721000,0.858000,0.433000,-0.122000,-15.130000,23.573000,24.340000
0.631,0.743000,0.844000,0.427000,1.031000,-12.290000,24.046000,24.150000
0.638,0.787000,0.851000,0.427000,6.931000,-6.641000,22.687000,24.290000
0.651,0.823000,0.856000,0.434000,8.450000,6.008000,22.466000,24.200000
0.657,0.812000,0.850000,0.440000,6.802000,15.122000,25.374000,24.290000
0.671,0.786000,0.859000,0.446000,5.527000,22.656000,31.466000,24.200000
0.683,0.756000,0.869000,0.454000,0.405000,30.305000,36.412000,24.200000
0.692,0.724000,0.893000,0.461000,6.183000,35.840000,38.947000,24.390000
0.704,0.675000,0.896000,0.479000,5.092000,36.038000,41.534000,24.200000
0.710,0.645000,0.887000,0.481000,6.076000,34.863000,42.061000,24.200000
0.723,0.603000,0.898000,0.479000,5.565000,30.191000,43.206000,24.200000
0.730,0.608000,0.887000,0.490000,5.473000,26.336000,44.534000,24.290000
0.743,0.623000,0.880000,0.507000,5.954000,27.931000,45.969000,24.200000
0.750,0.586000,0.878000,0.520000,6.901000,27.176000,46.672000,24.110000
0.762,0.585000,0.886000,0.537000,7.015000,27.198000,44.870000,24.340000
0.769,0.582000,0.932000,0.559000,3.534000,29.924000,42.985000,24.340000
0.783,0.564000,0.941000,0.568000,3.176000,27.733000,42.908000,24.250000
0.792,0.553000,0.951000,0.596000,0.511000,26.878000,43.191000,24.250000
0.802,0.563000,0.969000,0.614000,-5.260000,25.107000,45.504000,24.250000
0.809,0.570000,0.956000,0.622000,-10.015000,29.206000,48.702000,24.290000
0.822,0.546000,0.983000,0.630000,-16.618000,30.595000,53.832000,24.290000
0.828,0.542000,0.957000,0.610000,-22.550000,31.695000,57.802000,24.290000
0.842,0.515000,0.962000,0.596000,-25.336000,31.229000,59.405000,24.290000
0.849,0.487000,0.927000,0.577000,-25.985000,28.641000,59.252000,24.200000
0.861,0.501000,0.910000,0.566000,-25.870000,25.504000,58.916000,24.290000
0.873,0.532000,0.891000,0.583000,-27.000000,23.252000,60.763000,24.200000
0.880,0.574000,0.888000,0.595000,-31.237000,30.267000,60.893000,24.200000
0.893,0.545000,0.897000,0.606000,-37.756000,35.122000,61.924000,24.250000
0.900,0.543000,0.833000,0.598000,-38.832000,40.427000,55.908000,24.340000
0.912,0.548000,0.890000,0.606000,-40.130000,41.840000,52.588000,24.250000
0.919,0.528000,0.863000,0.606000,-42.137000,37.534000,50.710000,24.440000
0.931,0.539000,0.858000,0.616000,-41.870000,33.626000,51.053000,24.250000
0.938,0.547000,0.840000,0.614000,-43.267000,29.206000,56.008000,24.250000
0.951,0.551000,0.806000,0.622000,-40.672000,25.244000,64.168000,24.250000
0.959,0.538000,0.792000,0.616000,-38.626000,23.397000,69.244000,24.250000
0.970,0.551000,0.791000,0.617000,-38.214000,24.443000,69.588000,24.250000
0.983,0.514000,0.840000,0.640000,-45.061000,21.206000,73.092000,24.290000
0.992,0.463000,0.792000,0.643000,-49.557000,12.954000,71.672000,24.290000
1.003,0.479000,0.805000,0.684000,-51.267000,1.908000,71.206000,24.290000
1.010,0.489000,0.805000,0.721000,-58.061000,-9.580000,72.176000,24.290000
1.022,0.497000,0.727000,0.731000,-61.336000,-22.893000,70.214000,24.200000
1.029,0.549000,0.703000,0.739000,-60.550000,-34.855000,65.344000,24.200000
1.042,0.559000,0.688000,0.770000,-61.374000,-48.687000,62.160000,24.290000
1.049,0.613000,0.669000,0.763000,-61.183000,-61.947000,58.626000,24.200000
1.061,0.704000,0.694000,0.740000,-61.863000,-70.122000,59.176000,24.290000
1.073,0.825000,0.699000,0.724000,-61.855000,-66.015000,59.763000,24.150000
1.080,0.936000,0.791000,0.726000,-61.916000,-53.153000,66.397000,24.340000
1.093,0.913000,0.834000,0.720000,-63.145000,-37.031000,73.183000,24.250000
1.099,0.853000,0.817000,0.725000,-63.389000,-24.351000,74.939000,24.250000
1.112,0.801000,0.790000,0.701000,-63.229000,-13.977000,76.588000,24.250000
1.118,0.749000,0.775000,0.698000,-61.405000,-6.947000,78.450000,24.250000
1.131,0.685000,0.764000,0.680000,-61.931000,-1.412000,81.252000,24.250000
1.138,0.649000,0.742000,0.663000,-62.748000,1.458000,83.160000,24.250000
1.151,0.616000,0.726000,0.645000,-64.198000,5.908000,82.931000,24.250000
1.163,0.603000,0.676000,0.615000,-64.977000,13.137000,77.962000,24.200000
1.170,0.594000,0.677000,0.598000,-62.656000,16.481000,78.580000,24.290000
1.183,0.542000,0.634000,0.575000,-56.649000,17.992000,74.366000,24.200000
1.192,0.552000,0.661000,0.577000,-59.588000,18.366000,73.435000,24.290000
1.203,0.544000,0.642000,0.587000,-65.855000,20.557000,73.489000,24.290000
1.210,0.549000,0.571000,0.563000,-66.214000,22.511000,71.092000,24.290000
1.222,0.552000,0.543000,0.556000,-67.588000,24.504000,70.656000,24.290000
1.228,0.548000,0.484000,0.538000,-67.954000,24.137000,70.206000,24.200000
1.242,0.540000,0.481000,0.527000,-68.649000,20.489000,72.771000,24.200000
1.248,0.530000,0.402000,0.504000,-61.908000,11.924000,75.656000,24.290000
1.261,0.512000,0.361000,0.494000,-58.534000,1.954000,76.573000,24.250000
1.273,0.523000,0.303000,0.478000,-51.359000,-8.954000,71.954000,24.250000
1.280,0.567000,0.320000,0.488000,-44.718000,-18.733000,69.481000,24.250000
1.293,0.628000,0.310000,0.484000,-36.366000,-20.351000,69.977000,24.250000
1.300,0.682000,0.305000,0.490000,-31.290000,-13.954000,73.573000,24.150000
1.312,0.674000,0.303000,0.498000,-28.977000,-6.267000,77.183000,24.250000
1.319,0.634000,0.352000,0.509000,-27.908000,-0.580000,79.962000,24.250000
1.331,0.580000,0.395000,0.545000,-27.718000,2.580000,80.817000,24.250000
1.338,0.537000,0.417000,0.557000,-31.214000,4.977000,78.893000,24.340000
1.352,0.512000,0.434000,0.578000,-38.450000,8.244000,71.290000,24.200000
1.358,0.578000,0.349000,0.546000,-41.931000,16.244000,58.275000,24.290000
1.370,0.669000,0.279000,0.530000,-41.122000,32.397000,50.733000,24.290000
1.383,0.657000,0.229000,0.490000,-45.008000,46.679000,47.748000,24.290000
1.392,0.600000,0.178000,0.463000,-41.130000,53.557000,54.099000,24.290000
1.403,0.518000,0.186000,0.462000,-38.282000,50.290000,61.718000,24.200000
1.410,0.415000,0.181000,0.456000,-34.305000,39.832000,65.947000,24.200000
1.422,0.381000,0.154000,0.448000,-25.618000,29.191000,61.496000,24.200000
1.429,0.404000,0.159000,0.470000,-20.916000,21.901000,53.718000,24.200000
1.442,0.445000,0.087000,0.463000,-17.153000,18.038000,44.763000,24.290000
1.449,0.457000,0.065000,0.459000,-13.924000,12.840000,42.550000,24.200000
1.461,0.468000,0.092000,0.505000,-13.550000,4.313000,46.191000,24.290000
1.468,0.447000,0.027000,0.525000,-15.122000,0.122000,46.878000,24.250000
1.481,0.444000,0.075000,0.530000,-14.618000,-4.679000,46.756000,24.250000
1.493,0.400000,0.071000,0.518000,-12.229000,-15.176000,47.389000,24.250000
1.500,0.439000,0.076000,0.519000,-5.954000,-25.954000,44.824000,24.250000
1.513,0.458000,0.127000,0.559000,-2.221000,-36.168000,48.664000,24.340000
1.520,0.494000,0.085000,0.556000,-2.489000,-40.756000,47.870000,24.290000
1.532,0.562000,0.117000,0.571000,-5.282000,-35.534000,44.107000,24.290000
1.539,0.597000,-0.016000,0.547000,-10.954000,-27.046000,37.397000,24.200000
1.552,0.715000,-0.037000,0.494000,-8.122000,-5.847000,25.756000,24.200000
1.560,0.724000,-0.038000,0.468000,-4.954000,16.954000,18.137000,24.290000
1.571,0.669000,-0.048000,0.437000,-4.595000,31.916000,12.603000,24.390000
1.576,0.561000,-0.022000,0.423000,-3.855000,37.626000,13.183000,24.290000
1.592,0.464000,0.010000,0.470000,-4.794000,27.595000,20.573000,24.290000
1.604,0.422000,-0.014000,0.476000,-5.542000,11.656000,26.481000,24.290000
1.611,0.452000,-0.104000,0.492000,3.198000,3.832000,27.534000,24.200000
1.623,0.511000,-0.163000,0.481000,8.191000,4.870000,21.038000,24.250000
1.630,0.506000,-0.176000,0.458000,11.336000,3.275000,17.595000,24.250000
1.644,0.476000,-0.143000,0.451000,9.870000,-2.351000,18.115000,24.250000
1.649,0.485000,-0.099000,0.460000,12.183000,-6.595000,14.924000,24.250000
1.662,0.485000,-0.043000,0.495000,15.710000,-8.809000,14.267000,24.340000
1.670,0.472000,-0.032000,0.534000,21.221000,-9.344000,13.504000,24.340000
1.681,0.474000,-0.010000,0.554000,16.794000,-8.679000,13.053000,24.250000
1.688,0.498000,-0.071000,0.581000,13.137000,-3.092000,8.038000,24.250000
1.701,0.513000,-0.134000,0.573000,12.183000,6.351000,-0.565000,24.250000
1.708,0.519000,-0.152000,0.550000,14.718000,9.992000,-5.313000,24.290000
1.721,0.475000,-0.127000,0.533000,12.603000,8.634000,-7.756000,24.200000
1.733,0.467000,-0.087000,0.546000,10.802000,3.260000,-7.374000,24.200000
1.741,0.471000,-0.059000,0.564000,8.725000,-2.901000,-2.366000,24.290000
1.753,0.480000,-0.024000,0.578000,3.321000,-7.511000,5.298000,24.200000
1.761,0.483000,-0.078000,0.555000,-0.420000,-11.351000,12.015000,24.290000
1.772,0.525000,-0.146000,0.531000,1.947000,-8.504000,10.634000,24.290000
1.780,0.541000,-0.163000,0.523000,5.611000,1.023000,3.458000,24.290000
1.792,0.525000,-0.166000,0.500000,6.672000,5.504000,-2.611000,24.290000
1.800,0.506000,-0.127000,0.509000,6.534000,0.214000,-7.176000,24.390000
1.812,0.540000,-0.112000,0.528000,7.107000,-1.893000,-13.885000,24.340000
1.819,0.590000,-0.093000,0.548000,9.198000,-0.817000,-19.290000,24.250000
1.832,0.651000,-0.076000,0.574000,8.649000,3.832000,-20.282000,24.250000
1.838,0.694000,-0.103000,0.589000,9.427000,14.450000,-20.527000,24.250000
1.851,0.657000,-0.097000,0.607000,8.122000,23.229000,-17.130000,24.340000
1.859,0.590000,-0.112000,0.625000,7.198000,25.809000,-14.763000,24.340000
1.871,0.510000,-0.104000,0.620000,7.519000,20.458000,-13.626000,24.440000
1.883,0.462000,-0.086000,0.615000,10.771000,9.481000,-14.023000,24.340000
1.892,0.450000,-0.066000,0.616000,12.954000,-4.626000,-13.015000,24.290000
1.902,0.495000,-0.037000,0.623000,13.153000,-15.427000,-10.496000,24.390000
1.909,0.542000,-0.022000,0.629000,12.733000,-19.557000,-6.160000,24.390000
1.922,0.565000,-0.036000,0.628000,9.962000,-16.389000,-4.427000,24.290000
1.929,0.563000,-0.031000,0.616000,6.122000,-9.176000,-9.473000,24.290000
1.942,0.570000,-0.043000,0.599000,5.649000,-1.519000,-18.137000,24.290000
1.949,0.562000,-0.074000,0.579000,8.244000,3.351000,-28.969000,24.290000
1.961,0.544000,-0.044000,0.573000,8.252000,1.214000,-35.550000,24.290000
1.968,0.583000,-0.038000,0.571000,9.298000,-4.656000,-38.542000,24.340000
1.980,0.634000,-0.019000,0.573000,12.824000,-6.061000,-38.542000,24.250000
1.993,0.646000,0.006000,0.596000,16.183000,-7.145000,-33.595000,24.250000
2.000,0.667000,0.022000,0.623000,17.466000,-8.328000,-22.214000,24.340000
2.012,0.637000,0.006000,0.618000,14.718000,-4.458000,-18.733000,24.250000
2.019,0.616000,0.006000,0.591000,15.443000,0.389000,-22.267000,24.340000
2.032,0.582000,0.029000,0.588000,15.244000,0.359000,-26.466000,24.340000
2.039,0.563000,0.047000,0.577000,14.000000,-0.962000,-31.397000,24.340000
2.051,0.575000,0.060000,0.583000,13.168000,-2.603000,-33.710000,24.200000
2.059,0.573000,0.081000,0.589000,12.427000,-1.733000,-32.061000,24.290000
2.071,0.556000,0.090000,0.593000,9.397000,-0.771000,-29.374000,24.290000
2.078,0.547000,0.062000,0.577000,5.809000,0.626000,-30.710000,24.290000
2.092,0.558000,-0.001000,0.510000,8.282000,1.122000,-37.153000,24.290000
2.098,0.594000,0.016000,0.500000,11.786000,5.756000,-47.153000,24.290000
2.111,0.629000,0.035000,0.505000,16.458000,7.435000,-49.916000,24.290000
2.123,0.655000,0.059000,0.531000,20.802000,10.626000,-47.573000,24.290000
2.130,0.652000,0.133000,0.569000,19.305000,15.198000,-40.137000,24.390000
2.142,0.574000,0.159000,0.569000,13.695000,13.863000,-30.687000,24.290000
2.149,0.559000,0.124000,0.542000,14.290000,12.336000,-31.260000,24.340000
2.163,0.573000,0.049000,0.537000,18.107000,13.649000,-39.687000,24.250000
2.169,0.619000,0.026000,0.519000,23.626000,17.191000,-50.679000,24.250000
2.181,0.649000,0.060000,0.519000,28.550000,20.450000,-52.649000,24.250000
2.188,0.623000,0.100000,0.534000,33.053000,19.344000,-47.924000,24.340000
2.202,0.541000,0.190000,0.549000,35.740000,13.641000,-41.221000,24.250000
2.209,0.467000,0.226000,0.567000,38.550000,1.588000,-35.023000,24.290000
2.220,0.458000,0.278000,0.582000,40.748000,-10.489000,-32.695000,24.290000
2.233,0.487000,0.296000,0.608000,41.305000,-19.053000,-32.427000,24.290000
2.242,0.543000,0.268000,0.622000,38.008000,-20.481000,-36.992000,24.290000
2.253,0.639000,0.218000,0.610000,35.527000,-12.664000,-44.725000,24.200000
2.259,0.708000,0.221000,0.600000,34.008000,1.450000,-52.244000,24.290000
2.272,0.698000,0.261000,0.598000,30.672000,13.977000,-54.809000,24.290000
2.278,0.662000,0.289000,0.624000,30.260000,20.359000,-47.908000,24.290000
2.292,0.605000,0.363000,0.647000,26.405000,30.244000,-37.534000,24.250000
2.299,0.435000,0.505000,0.640000,12.198000,21.962000,-21.649000,24.250000
2.311,0.353000,0.365000,0.580000,8.748000,-0.542000,-21.053000,24.250000
2.323,0.485000,0.294000,0.545000,13.427000,-10.130000,-35.985000,24.250000
2.330,0.603000,0.271000,0.535000,24.435000,-9.015000,-55.916000,24.340000
2.343,0.685000,0.313000,0.560000,31.420000,-2.214000,-68.794000,24.340000
2.350,0.750000,0.382000,0.592000,29.168000,3.534000,-66.374000,24.250000
2.363,0.824000,0.491000,0.650000,22.557000,19.389000,-55.473000,24.340000
2.369,0.768000,0.561000,0.746000,19.145000,41.473000,-37.863000,24.290000
2.382,0.552000,0.412000,0.716000,0.763000,52.351000,-30.527000,24.390000
2.389,0.573000,0.284000,0.660000,7.229000,54.290000,-40.611000,24.290000
2.402,0.503000,0.313000,0.662000,13.443000,54.847000,-51.374000,24.290000
2.409,0.307000,0.353000,0.730000,22.527000,32.885000,-51.122000,24.200000
2.421,0.296000,0.454000,0.785000,24.702000,6.382000,-47.832000,24.290000
2.433,0.315000,0.534000,0.820000,18.000000,-20.023000,-39.573000,24.290000
2.442,0.408000,0.600000,0.831000,8.527000,-37.031000,-29.481000,24.390000
2.453,0.442000,0.676000,0.833000,-6.832000,-41.137000,-17.038000,24.250000
2.460,0.397000,0.637000,0.774000,-17.275000,-50.160000,-12.618000,24.340000
2.472,0.449000,0.567000,0.731000,-15.221000,-57.267000,-17.450000,24.340000
2.478,0.549000,0.571000,0.733000,-12.771000,-55.237000,-21.771000,24.250000
2.492,0.636000,0.572000,0.727000,-14.626000,-43.550000,-24.214000,24.250000
2.503,0.785000,0.570000,0.704000,-21.718000,-26.237000,-20.824000,24.340000
2.511,0.879000,0.583000,0.649000,-35.595000,-7.496000,-15.420000,24.340000
2.523,0.953000,0.442000,0.583000,-34.458000,17.557000,-18.557000,24.340000
2.529,0.953000,0.401000,0.554000,-27.450000,44.649000,-17.603000,24.290000
2.542,0.831000,0.386000,0.558000,-20.565000,62.969000,-10.557000,24.290000
2.549,0.770000,0.362000,0.571000,-11.947000,82.771000,-4.634000,24.390000
2.562,0.682000,0.409000,0.591000,-6.664000,98.641000,7.664000,24.290000
2.568,0.465000,0.474000,0.599000,-7.061000,95.756000,23.435000,24.200000
2.581,0.233000,0.372000,0.579000,-4.534000,74.397000,24.802000,24.290000
2.588,0.151000,0.317000,0.576000,5.992000,45.679000,9.855000,24.290000
2.601,0.109000,0.303000,0.609000,14.924000,16.557000,-14.916000,24.250000
2.608,0.157000,0.338000,0.659000,19.817000,-7.573000,-39.985000,24.340000
2.620,0.280000,0.364000,0.698000,20.878000,-25.267000,-54.183000,24.250000
2.633,0.478000,0.467000,0.740000,19.695000,-29.710000,-50.084000,24.340000
2.642,0.581000,0.539000,0.750000,14.771000,-23.389000,-33.061000,24.250000
2.652,0.533000,0.553000,0.723000,12.832000,-20.458000,-17.763000,24.250000
2.660,0.438000,0.554000,0.746000,5.137000,-28.366000,-14.008000,24.250000
2.672,0.337000,0.438000,0.720000,2.878000,-45.389000,-29.153000,24.390000
2.678,0.395000,0.352000,0.709000,13.298000,-68.496000,-51.786000,24.290000
2.692,0.519000,0.365000,0.727000,19.382000,-85.748000,-63.489000,24.290000
2.703,0.628000,0.391000,0.736000,27.450000,-92.023000,-67.878000,24.390000
2.710,0.737000,0.409000,0.758000,34.672000,-90.519000,-62.198000,24.290000
2.723,0.777000,0.517000,0.760000,36.038000,-81.977000,-52.672000,24.290000
2.729,0.759000,0.594000,0.753000,33.588000,-71.786000,-40.534000,24.290000
2.742,0.670000,0.688000,0.741000,30.565000,-70.542000,-30.863000,24.290000
2.750,0.565000,0.656000,0.716000,24.435000,-79.573000,-30.458000,24.290000
2.762,0.574000,0.578000,0.663000,27.427000,-85.565000,-44.145000,24.390000
2.768,0.660000,0.569000,0.655000,32.542000,-88.000000,-53.496000,24.390000
2.781,0.808000,0.572000,0.665000,37.412000,-75.489000,-57.733000,24.340000
2.793,0.925000,0.625000,0.701000,34.084000,-46.198000,-55.939000,24.340000
2.800,0.906000,0.691000,0.695000,23.824000,-14.008000,-44.634000,24.340000
2.813,0.864000,0.641000,0.687000,16.534000,4.641000,-27.626000,24.250000
2.819,0.757000,0.670000,0.683000,12.496000,28.947000,-17.603000,24.250000
2.832,0.557000,0.676000,0.712000,7.321000,33.046000,-16.893000,24.290000
2.839,0.377000,0.640000,0.722000,-3.412000,12.885000,-27.099000,24.390000
2.852,0.384000,0.594000,0.718000,-11.214000,-10.985000,-48.878000,24.290000
2.859,0.559000,0.587000,0.710000,-11.328000,-29.962000,-65.122000,24.290000
2.871,0.761000,0.559000,0.698000,-7.588000,-31.550000,-73.237000,24.390000
2.883,0.932000,0.583000,0.665000,-2.076000,-11.672000,-71.206000,24.290000
2.892,0.984000,0.638000,0.657000,2.786000,10.282000,-53.573000,24.290000
2.903,0.956000,0.611000,0.633000,2.947000,26.076000,-30.061000,24.390000
2.910,0.857000,0.639000,0.639000,5.023000,47.924000,-18.198000,24.340000
2.922,0.653000,0.615000,0.640000,7.939000,62.237000,-17.985000,24.340000
2.929,0.499000,0.593000,0.660000,10.573000,48.412000,-24.908000,24.250000
2.942,0.388000,0.594000,0.693000,8.122000,27.099000,-38.702000,24.340000
2.950,0.473000,0.540000,0.666000,9.992000,12.832000,-58.939000,24.340000
2.962,0.679000,0.559000,0.676000,14.756000,11.344000,-74.954000,24.340000
2.968,0.784000,0.569000,0.675000,10.519000,12.473000,-76.824000,24.340000
2.981,0.910000,0.517000,0.670000,9.878000,16.916000,-70.618000,24.340000
2.988,0.983000,0.522000,0.694000,12.840000,21.031000,-56.015000,24.290000
3.000,0.941000,0.538000,0.738000,17.954000,21.450000,-40.893000,24.290000
3.013,0.885000,0.574000,0.830000,22.412000,25.672000,-32.336000,24.290000
3.020,0.691000,0.588000,0.831000,15.458000,11.802000,-27.099000,24.290000
3.033,0.657000,0.609000,0.844000,9.771000,-5.733000,-26.748000,24.290000
3.042,0.667000,0.624000,0.848000,5.534000,-23.275000,-33.412000,24.390000
3.054,0.790000,0.619000,0.832000,2.229000,-34.061000,-45.031000,24.290000
3.061,1.003000,0.645000,0.822000,-2.168000,-31.344000,-48.153000,24.290000
3.071,1.138000,0.617000,0.789000,-5.344000,-14.679000,-40.802000,24.290000
3.079,1.173000,0.559000,0.734000,1.756000,8.229000,-29.237000,24.290000
3.092,1.171000,0.536000,0.710000,9.962000,33.626000,-14.000000,24.250000
3.099,1.071000,0.528000,0.684000,14.053000,56.580000,0.183000,24.340000
3.112,0.963000,0.539000,0.661000,15.863000,75.084000,12.344000,24.340000
3.117,0.863000,0.580000,0.669000,16.893000,84.763000,23.641000,24.250000
3.130,0.734000,0.628000,0.693000,17.389000,93.992000,31.618000,24.340000
3.143,0.604000,0.661000,0.722000,19.130000,98.252000,34.267000,24.340000
3.150,0.507000,0.674000,0.760000,17.053000,91.626000,32.603000,24.250000
3.163,0.448000,0.679000,0.782000,11.756000,84.420000,24.351000,24.340000
3.170,0.477000,0.652000,0.785000,8.145000,82.771000,11.374000,24.440000
3.183,0.584000,0.664000,0.798000,7.664000,90.427000,0.863000,24.290000
3.190,0.667000,0.665000,0.782000,8.221000,104.405000,-0.924000,24.290000
3.203,0.617000,0.648000,0.749000,1.466000,111.359000,2.740000,24.290000
3.210,0.561000,0.626000,0.724000,-0.901000,108.794000,9.847000,24.290000
3.222,0.492000,0.611000,0.720000,0.374000,96.260000,19.359000,24.290000
3.229,0.423000,0.606000,0.729000,0.824000,79.115000,25.008000,24.290000
3.242,0.427000,0.586000,0.716000,0.573000,66.534000,23.275000,24.290000
3.250,0.464000,0.566000,0.714000,3.496000,55.611000,22.137000,24.290000
3.262,0.488000,0.588000,0.734000,8.260000,44.847000,22.313000,24.340000
3.269,0.560000,0.641000,0.771000,9.183000,47.641000,22.405000,24.340000
3.281,0.594000,0.682000,0.821000,11.351000,59.916000,17.947000,24.250000
3.288,0.616000,0.698000,0.842000,11.641000,69.695000,16.847000,24.340000
3.302,0.542000,0.650000,0.820000,12.313000,73.023000,18.450000,24.250000
3.309,0.524000,0.635000,0.818000,12.824000,74.084000,17.534000,24.250000
3.321,0.514000,0.626000,0.823000,10.847000,71.405000,20.260000,24.250000
3.328,0.489000,0.603000,0.823000,7.702000,70.977000,25.282000,24.340000
3.342,0.479000,0.615000,0.799000,-0.763000,69.641000,31.443000,24.340000
3.353,0.468000,0.611000,0.786000,-2.557000,68.527000,38.855000,24.290000
3.360,0.429000,0.651000,0.783000,-4.695000,67.679000,45.840000,24.390000
3.373,0.413000,0.668000,0.798000,-5.260000,70.473000,49.115000,24.290000
3.380,0.348000,0.663000,0.785000,-8.603000,69.099000,53.901000,24.290000
3.392,0.287000,0.660000,0.795000,-8.420000,70.878000,52.466000,24.290000
3.400,0.239000,0.671000,0.795000,-10.214000,69.397000,50.550000,24.390000
3.413,0.186000,0.639000,0.764000,-12.023000,65.756000,48.824000,24.290000
3.419,0.141000,0.613000,0.748000,-9.031000,66.863000,43.702000,24.290000
3.432,0.108000,0.607000,0.739000,-5.443000,64.137000,40.458000,24.390000
3.438,0.074000,0.595000,0.746000,-3.458000,62.916000,34.656000,24.290000
3.452,0.034000,0.627000,0.759000,-3.962000,57.542000,32.160000,24.200000
3.459,0.039000,0.648000,0.792000,-13.496000,54.458000,27.863000,24.290000
3.471,0.006000,0.657000,0.760000,-11.649000,47.908000,24.252000,24.340000
3.483,0.022000,0.624000,0.793000,-13.298000,43.481000,25.588000,24.340000
3.492,0.047000,0.611000,0.817000,-13.344000,43.099000,26.115000,24.340000
3.503,0.067000,0.606000,0.807000,-11.214000,45.137000,24.969000,24.250000
3.510,0.093000,0.615000,0.807000,-16.504000,48.931000,24.389000,24.250000
3.522,0.109000,0.615000,0.855000,-12.397000,60.802000,17.374000,24.290000
3.529,0.046000,0.650000,0.906000,-12.718000,68.160000,19.443000,24.290000
3.542,-0.031000,0.675000,0.946000,-16.565000,73.672000,18.656000,24.200000
3.550,-0.150000,0.699000,0.948000,-22.046000,71.344000,18.511000,24.200000
3.562,-0.241000,0.685000,0.946000,-18.931000,60.198000,13.634000,24.290000
3.567,-0.306000,0.646000,0.948000,-18.420000,43.962000,7.710000,24.390000
3.580,-0.309000,0.685000,0.935000,-19.771000,28.450000,-1.046000,24.390000
3.593,-0.224000,0.691000,0.949000,-25.809000,13.954000,-6.656000,24.390000
3.601,-0.083000,0.678000,0.971000,-30.924000,17.328000,-13.229000,24.340000
3.612,0.032000,0.684000,1.004000,-32.053000,34.718000,-18.534000,24.340000
3.619,0.036000,0.730000,0.974000,-31.679000,58.076000,-25.099000,24.340000
3.631,0.045000,0.693000,1.052000,-28.481000,76.740000,-27.977000,24.250000
3.638,-0.136000,0.726000,1.050000,-31.679000,82.046000,-25.038000,24.250000
3.650,-0.276000,0.745000,1.011000,-37.534000,76.695000,-27.817000,24.340000
3.663,-0.288000,0.716000,0.999000,-45.145000,60.366000,-24.725000,24.340000
3.669,-0.289000,0.689000,0.979000,-51.015000,47.351000,-23.969000,24.340000
3.682,-0.285000,0.650000,0.930000,-54.176000,35.153000,-24.985000,24.340000
3.688,-0.265000,0.617000,0.887000,-53.985000,25.176000,-25.344000,24.290000
3.701,-0.356000,0.594000,0.809000,-55.618000,14.031000,-29.473000,24.390000
3.707,-0.278000,0.547000,0.799000,-52.336000,3.847000,-33.878000,24.200000
3.720,-0.228000,0.580000,0.802000,-50.885000,-5.473000,-37.321000,24.390000
3.732,-0.178000,0.598000,0.801000,-52.206000,-10.595000,-40.763000,24.390000
3.739,-0.154000,0.596000,0.778000,-54.008000,-14.664000,-39.382000,24.390000
3.751,-0.126000,0.582000,0.775000,-54.947000,-15.771000,-34.893000,24.200000
3.759,-0.144000,0.585000,0.774000,-57.634000,-17.382000,-34.122000,24.340000
3.770,-0.134000,0.573000,0.760000,-54.855000,-18.046000,-37.458000,24.340000
3.783,-0.125000,0.572000,0.760000,-54.160000,-18.137000,-37.145000,24.250000
3.789,-0.121000,0.548000,0.745000,-55.679000,-17.473000,-35.885000,24.340000
3.802,-0.087000,0.508000,0.692000,-54.847000,-9.511000,-36.672000,24.340000
3.809,-0.094000,0.493000,0.653000,-53.046000,-0.389000,-32.687000,24.340000
3.821,-0.162000,0.463000,0.625000,-49.557000,5.939000,-28.557000,24.440000
3.833,-0.231000,0.467000,0.615000,-44.924000,5.763000,-24.924000,24.390000
3.842,-0.316000,0.445000,0.642000,-43.412000,-2.237000,-23.489000,24.290000
3.853,-0.270000,0.484000,0.646000,-41.534000,-10.115000,-33.244000,24.290000
3.859,-0.162000,0.509000,0.648000,-37.382000,-9.847000,-38.466000,24.390000
3.871,-0.135000,0.498000,0.654000,-33.336000,-6.527000,-34.840000,24.290000
3.878,-0.125000,0.461000,0.660000,-27.603000,-0.008000,-29.206000,24.390000
3.892,-0.180000,0.486000,0.697000,-21.550000,3.351000,-26.534000,24.290000
3.903,-0.216000,0.547000,0.765000,-23.580000,1.260000,-26.412000,24.290000
3.911,-0.293000,0.538000,0.807000,-27.679000,-10.893000,-28.015000,24.340000
3.922,-0.326000,0.525000,0.830000,-31.298000,-31.076000,-32.863000,24.340000
3.929,-0.313000,0.548000,0.835000,-37.214000,-57.511000,-36.611000,24.340000
3.942,-0.267000,0.556000,0.865000,-42.107000,-82.931000,-36.053000,24.250000
3.953,-0.204000,0.544000,0.871000,-49.397000,-99.504000,-39.130000,24.340000
3.961,-0.093000,0.537000,0.851000,-55.527000,-105.550000,-46.489000,24.340000
3.972,0.000000,0.486000,0.854000,-55.359000,-102.298000,-55.008000,24.340000
3.979,0.079000,0.519000,0.865000,-58.031000,-91.336000,-65.313000,24.290000
3.992,0.183000,0.594000,0.894000,-62.885000,-83.595000,-65.298000,24.390000
3.999,0.234000,0.587000,0.897000,-71.908000,-79.198000,-58.130000,24.290000
4.011,0.246000,0.488000,0.880000,-76.183000,-76.809000,-51.557000,24.290000
4.023,0.278000,0.436000,0.845000,-75.504000,-76.397000,-44.130000,24.290000
4.029,0.269000,0.375000,0.844000,-71.046000,-75.023000,-38.313000,24.290000
4.042,0.267000,0.349000,0.830000,-65.565000,-69.962000,-38.298000,24.390000
4.050,0.275000,0.370000,0.790000,-66.748000,-61.779000,-44.115000,24.290000
4.063,0.277000,0.364000,0.754000,-67.229000,-54.473000,-47.176000,24.290000
4.067,0.248000,0.329000,0.751000,-63.305000,-51.718000,-44.168000,24.290000
4.080,0.250000,0.326000,0.769000,-62.130000,-46.740000,-45.756000,24.340000
4.092,0.237000,0.338000,0.781000,-58.588000,-45.878000,-50.145000,24.340000
4.101,0.259000,0.367000,0.808000,-55.328000,-44.031000,-55.160000,24.250000
4.113,0.299000,0.467000,0.845000,-57.084000,-46.359000,-52.069000,24.340000
4.119,0.278000,0.441000,0.828000,-61.450000,-49.672000,-46.298000,24.290000
4.131,0.293000,0.383000,0.797000,-59.809000,-51.115000,-42.702000,24.290000
4.144,0.248000,0.327000,0.779000,-56.641000,-52.206000,-40.802000,24.290000
4.151,0.194000,0.289000,0.815000,-54.321000,-60.061000,-37.542000,24.290000
4.162,0.244000,0.305000,0.859000,-55.275000,-59.092000,-41.740000,24.290000
4.169,0.317000,0.339000,0.905000,-62.229000,-55.847000,-46.275000,24.290000
4.181,0.360000,0.245000,0.889000,-68.969000,-52.061000,-49.992000,24.390000
4.188,0.432000,0.190000,0.864000,-68.527000,-45.244000,-51.321000,24.250000
4.201,0.487000,0.171000,0.826000,-63.061000,-34.695000,-51.672000,24.340000
4.213,0.556000,0.201000,0.810000,-53.122000,-16.382000,-50.336000,24.340000
4.220,0.499000,0.284000,0.871000,-47.275000,3.771000,-43.565000,24.250000
4.233,0.285000,0.319000,0.871000,-50.351000,9.626000,-38.634000,24.340000
4.239,0.196000,0.257000,0.963000,-54.420000,13.718000,-44.084000,24.250000
4.252,0.159000,0.248000,0.951000,-60.618000,6.817000,-53.786000,24.340000
4.259,0.167000,0.246000,0.898000,-67.069000,-3.924000,-58.359000,24.390000
4.271,0.211000,0.249000,0.799000,-69.031000,-7.847000,-59.901000,24.290000
4.277,0.185000,0.240000,0.717000,-66.305000,-14.313000,-55.878000,24.290000
4.292,0.174000,0.187000,0.770000,-61.954000,-17.985000,-55.954000,24.290000
4.302,0.153000,0.157000,0.827000,-64.931000,-27.763000,-62.061000,24.290000
4.309,0.156000,0.104000,0.856000,-72.198000,-44.939000,-69.344000,24.390000
4.322,0.264000,0.095000,0.853000,-78.191000,-59.244000,-74.740000,24.290000
4.328,0.495000,0.104000,0.771000,-82.031000,-60.023000,-79.756000,24.340000
4.342,0.689000,0.054000,0.709000,-77.443000,-49.779000,-74.664000,24.340000
4.354,0.703000,0.026000,0.622000,-67.031000,-35.313000,-61.771000,24.340000
4.360,0.628000,0.022000,0.677000,-56.069000,-18.588000,-51.565000,24.250000
4.372,0.469000,0.010000,0.732000,-52.977000,-12.298000,-48.115000,24.250000
4.379,0.347000,-0.010000,0.727000,-53.656000,-17.076000,-52.015000,24.250000
4.392,0.400000,-0.032000,0.732000,-52.008000,-19.870000,-59.809000,24.340000
4.399,0.451000,-0.025000,0.656000,-48.076000,-19.023000,-61.595000,24.200000
4.411,0.523000,-0.037000,0.613000,-39.076000,-9.252000,-60.901000,24.390000
4.423,0.501000,-0.036000,0.588000,-27.916000,6.908000,-57.786000,24.290000
4.429,0.405000,-0.071000,0.600000,-19.427000,9.878000,-49.733000,24.290000
4.442,0.330000,-0.080000,0.689000,-6.985000,22.260000,-52.809000,24.200000
4.450,0.124000,0.035000,0.755000,-13.053000,13.435000,-49.748000,24.290000
4.461,0.170000,0.092000,0.760000,-25.305000,-15.313000,-49.504000,24.290000
4.468,0.235000,0.001000,0.715000,-26.649000,-37.824000,-48.756000,24.250000
4.480,0.424000,-0.054000,0.766000,-21.939000,-36.847000,-47.595000,24.440000
4.492,0.493000,-0.038000,0.728000,-17.802000,-30.214000,-48.489000,24.250000
4.501,0.542000,-0.031000,0.748000,-12.198000,-15.458000,-48.595000,24.250000
4.512,0.471000,-0.021000,0.791000,-11.687000,-3.237000,-54.137000,24.250000
4.518,0.406000,-0.066000,0.808000,-16.038000,-2.527000,-64.511000,24.340000
4.531,0.387000,-0.087000,0.780000,-16.160000,-11.649000,-72.664000,24.250000
4.543,0.447000,-0.087000,0.760000,-15.809000,-27.191000,-70.214000,24.250000
4.551,0.545000,-0.087000,0.746000,-15.038000,-36.153000,-65.710000,24.290000
4.563,0.639000,-0.095000,0.726000,-10.580000,-36.504000,-59.336000,24.390000
4.569,0.713000,-0.096000,0.777000,-4.534000,-34.122000,-53.069000,24.390000
4.581,0.654000,-0.044000,0.745000,-3.641000,-26.809000,-51.000000,24.290000
4.594,0.630000,-0.030000,0.768000,-11.145000,-35.901000,-48.977000,24.290000
4.601,0.737000,-0.036000,0.748000,-18.603000,-29.901000,-50.298000,24.290000
4.613,0.803000,-0.079000,0.717000,-19.489000,-26.847000,-44.435000,24.290000
4.619,0.912000,-0.149000,0.687000,-13.718000,-8.160000,-35.847000,24.290000
4.631,0.929000,-0.151000,0.679000,-3.847000,16.511000,-29.519000,24.290000
4.638,0.808000,-0.147000,0.691000,8.649000,35.198000,-25.496000,24.250000
4.651,0.622000,-0.116000,0.742000,14.519000,42.405000,-25.084000,24.340000
4.663,0.489000,-0.076000,0.801000,14.634000,34.916000,-29.550000,24.340000
4.670,0.454000,-0.069000,0.825000,9.252000,17.015000,-34.664000,24.340000
4.683,0.559000,-0.077000,0.790000,3.466000,2.947000,-37.580000,24.250000
4.692,0.692000,-0.098000,0.747000,3.275000,-0.389000,-31.931000,24.390000
4.702,0.727000,-0.115000,0.739000,11.924000,4.115000,-23.893000,24.290000
4.710,0.717000,-0.070000,0.755000,19.183000,13.916000,-22.328000,24.290000
4.722,0.659000,-0.033000,0.783000,19.969000,18.023000,-19.260000,24.390000
4.728,0.587000,-0.023000,0.809000,14.046000,15.344000,-15.450000,24.290000
4.741,0.583000,-0.019000,0.830000,9.779000,6.473000,-13.137000,24.290000
4.757,0.600000,-0.048000,0.828000,5.351000,-1.053000,-9.305000,24.390000
4.763,0.679000,-0.061000,0.811000,4.702000,-2.344000,-5.221000,24.440000
4.767,0.704000,-0.082000,0.803000,7.565000,1.496000,-1.397000,24.340000
4.781,0.690000,-0.121000,0.775000,14.092000,8.321000,0.611000,24.340000
4.793,0.650000,-0.130000,0.771000,24.160000,16.885000,-0.489000,24.340000
4.801,0.640000,-0.093000,0.813000,33.107000,26.443000,-4.000000,24.250000
4.813,0.634000,-0.029000,0.889000,38.053000,35.069000,-7.527000,24.250000
4.819,0.583000,0.074000,0.955000,37.641000,36.198000,-4.992000,24.440000
4.832,0.579000,0.147000,1.029000,29.611000,36.061000,1.626000,24.340000
4.839,0.544000,0.150000,1.022000,20.328000,32.053000,7.519000,24.390000
4.852,0.518000,0.115000,1.030000,14.069000,27.557000,14.489000,24.390000
4.859,0.482000,0.104000,0.965000,6.076000,20.359000,20.809000,24.390000
4.872,0.473000,0.056000,0.930000,0.374000,11.084000,23.412000,24.390000
4.879,0.503000,-0.019000,0.879000,-0.542000,4.214000,22.863000,24.390000
4.892,0.559000,-0.070000,0.858000,3.901000,0.924000,24.282000,24.290000
4.899,0.605000,-0.049000,0.864000,8.840000,2.336000,27.168000,24.290000
4.911,0.632000,-0.039000,0.870000,12.840000,8.298000,27.893000,24.290000
4.918,0.629000,-0.023000,0.871000,16.107000,17.031000,26.183000,24.340000
4.931,0.614000,-0.001000,0.868000,18.183000,27.466000,23.908000,24.340000
4.936,0.659000,0.039000,0.875000,19.969000,36.198000,23.229000,24.340000
4.951,0.639000,0.057000,0.903000,19.771000,46.931000,23.420000,24.340000
4.963,0.564000,0.061000,0.907000,18.443000,50.305000,26.710000,24.250000
4.970,0.491000,0.056000,0.893000,16.748000,48.046000,32.344000,24.340000
4.983,0.446000,0.060000,0.860000,16.397000,41.198000,41.176000,24.340000
4.992,0.396000,0.053000,0.853000,17.107000,34.809000,48.733000,24.440000
5.003,0.350000,0.056000,0.863000,17.550000,29.405000,50.985000,24.290000
5.010,0.306000,0.053000,0.888000,17.733000,22.519000,48.802000,24.390000
5.022,0.319000,0.071000,0.944000,17.038000,16.603000,41.092000,24.390000
5.029,0.348000,0.087000,0.939000,15.748000,12.878000,31.000000,24.290000
5.042,0.428000,0.086000,0.979000,12.183000,10.908000,22.519000,24.290000
5.049,0.507000,0.066000,0.945000,5.916000,11.901000,16.344000,24.390000
5.061,0.607000,0.044000,0.891000,3.191000,14.779000,15.802000,24.390000
5.069,0.659000,0.040000,0.826000,4.336000,19.427000,22.794000,24.390000
5.081,0.670000,0.031000,0.772000,9.145000,24.466000,36.450000,24.250000
5.088,0.636000,-0.012000,0.743000,18.130000,31.122000,50.405000,24.340000
5.101,0.559000,-0.006000,0.768000,27.061000,36.397000,60.221000,24.250000
5.107,0.497000,0.023000,0.830000,32.679000,41.763000,62.435000,24.340000
5.120,0.443000,0.059000,0.865000,36.756000,47.603000,58.649000,24.340000
5.133,0.407000,0.092000,0.916000,38.160000,55.817000,50.847000,24.340000
5.142,0.378000,0.132000,0.941000,35.443000,57.336000,44.092000,24.440000
5.153,0.374000,0.146000,0.930000,32.473000,55.198000,40.718000,24.340000
5.160,0.378000,0.183000,0.900000,26.511000,51.130000,43.863000,24.250000
5.172,0.453000,0.227000,0.871000,23.260000,50.374000,57.496000,24.480000
5.179,0.441000,0.209000,0.840000,24.267000,53.504000,75.206000,24.480000
5.192,0.344000,0.205000,0.850000,24.298000,59.565000,86.809000,24.390000
5.199,0.229000,0.166000,0.857000,28.489000,62.389000,87.679000,24.390000
5.212,0.091000,0.161000,0.877000,31.214000,62.366000,83.305000,24.390000
5.219,0.021000,0.149000,0.945000,30.962000,54.992000,76.634000,24.390000
5.231,-0.048000,0.184000,0.966000,25.260000,42.649000,66.160000,24.390000
5.238,0.038000,0.185000,0.952000,19.931000,33.656000,52.603000,24.390000
5.251,0.161000,0.170000,0.932000,18.267000,30.458000,44.992000,24.390000
5.260,0.280000,0.174000,0.916000,16.160000,35.511000,43.588000,24.390000
5.271,0.327000,0.185000,0.902000,14.779000,42.611000,46.191000,24.390000
5.283,0.323000,0.149000,0.904000,14.198000,48.611000,50.885000,24.340000
5.292,0.279000,0.133000,0.901000,15.038000,50.076000,55.832000,24.440000
5.303,0.242000,0.146000,0.907000,16.687000,45.809000,60.901000,24.340000
5.310,0.166000,0.223000,0.936000,19.748000,34.298000,72.748000,24.340000
5.322,0.102000,0.243000,0.982000,20.450000,18.191000,83.634000,24.250000
5.330,0.095000,0.267000,1.009000,16.504000,6.084000,85.290000,24.390000
5.342,0.126000,0.267000,1.018000,10.145000,1.382000,79.687000,24.390000
5.351,0.150000,0.254000,0.958000,5.084000,0.595000,75.504000,24.290000
5.362,0.209000,0.223000,0.938000,5.389000,4.947000,71.038000,24.480000
5.369,0.227000,0.232000,0.938000,5.366000,11.450000,68.527000,24.390000
5.382,0.270000,0.212000,0.914000,6.344000,19.634000,67.626000,24.390000
5.389,0.265000,0.187000,0.873000,9.847000,28.366000,68.145000,24.390000
5.402,0.227000,0.188000,0.847000,13.786000,33.466000,69.359000,24.340000
5.410,0.247000,0.173000,0.859000,22.214000,39.008000,71.977000,24.340000
5.421,0.226000,0.227000,0.882000,26.725000,43.985000,76.000000,24.340000
5.429,0.187000,0.256000,0.923000,26.885000,46.763000,80.168000,24.340000
5.442,0.131000,0.285000,0.943000,24.534000,47.611000,82.321000,24.440000
5.449,0.070000,0.300000,0.935000,20.122000,45.641000,82.328000,24.440000
5.461,0.053000,0.286000,0.920000,17.466000,42.359000,81.069000,24.340000
5.467,0.025000,0.280000,0.893000,14.221000,38.679000,79.313000,24.340000
5.480,0.010000,0.240000,0.862000,13.687000,33.679000,78.275000,24.390000
5.493,0.000000,0.236000,0.857000,14.802000,28.122000,78.664000,24.390000
5.501,-0.044000,0.208000,0.886000,17.580000,17.412000,80.412000,24.390000
5.513,-0.104000,0.214000,0.887000,18.069000,0.817000,83.534000,24.290000
5.520,-0.073000,0.294000,0.902000,14.595000,-11.588000,82.458000,24.390000
5.532,0.066000,0.319000,0.898000,10.427000,-13.473000,81.672000,24.390000
5.539,0.155000,0.319000,0.883000,10.473000,-2.695000,84.168000,24.390000
5.552,0.195000,0.292000,0.894000,15.924000,13.008000,83.198000,24.390000
5.560,0.146000,0.282000,0.912000,19.160000,26.160000,82.405000,24.340000
5.571,0.053000,0.273000,0.969000,21.092000,32.908000,79.969000,24.340000
5.578,-0.025000,0.287000,1.004000,18.748000,30.298000,81.267000,24.440000
5.592,-0.026000,0.320000,1.064000,12.519000,26.206000,76.710000,24.440000
5.597,-0.004000,0.340000,1.024000,7.481000,16.229000,77.489000,24.440000
5.611,-0.013000,0.342000,0.999000,6.771000,8.557000,78.656000,24.440000
5.623,-0.000000,0.338000,0.978000,5.427000,2.000000,78.855000,24.250000
5.630,0.055000,0.328000,0.984000,0.969000,-3.863000,79.786000,24.390000
5.643,0.077000,0.291000,0.944000,2.183000,-0.443000,80.168000,24.390000
5.651,0.124000,0.285000,0.936000,3.511000,6.687000,78.656000,24.390000
5.663,0.114000,0.269000,0.967000,4.794000,11.779000,76.229000,24.390000
5.670,0.078000,0.248000,0.970000,3.931000,9.374000,72.053000,24.390000
5.683,0.078000,0.275000,0.990000,5.008000,6.443000,68.962000,24.480000
5.692,0.146000,0.292000,1.007000,4.656000,6.313000,67.176000,24.290000
5.703,0.199000,0.316000,0.958000,2.427000,5.740000,73.954000,24.340000
5.711,0.185000,0.307000,0.926000,3.374000,10.168000,82.321000,24.440000
5.723,0.146000,0.291000,0.910000,4.664000,14.435000,87.336000,24.440000
5.730,0.110000,0.285000,0.896000,7.443000,18.450000,87.962000,24.340000
5.743,0.037000,0.293000,0.902000,7.527000,15.443000,88.519000,24.340000
5.751,-0.002000,0.286000,0.900000,6.916000,7.282000,87.107000,24.440000
5.763,0.013000,0.277000,0.905000,7.954000,2.916000,82.427000,24.340000
5.770,0.070000,0.317000,0.899000,7.092000,3.382000,77.863000,24.480000
5.782,0.158000,0.309000,0.900000,6.901000,8.779000,76.817000,24.290000
5.789,0.160000,0.316000,0.896000,10.244000,19.664000,74.443000,24.390000
5.802,0.140000,0.340000,0.898000,7.076000,28.275000,68.313000,24.290000
5.811,0.100000,0.306000,0.912000,5.588000,32.344000,64.634000,24.390000
5.822,0.035000,0.279000,0.935000,5.130000,32.122000,64.275000,24.390000
5.829,-0.042000,0.276000,0.944000,3.656000,20.153000,65.939000,24.390000
5.842,-0.076000,0.261000,0.936000,2.939000,5.718000,67.084000,24.290000
5.851,0.007000,0.306000,0.920000,-1.878000,-3.015000,66.618000,24.390000
5.861,0.086000,0.326000,0.889000,-2.733000,-7.389000,71.107000,24.390000
5.869,0.119000,0.314000,0.840000,-0.275000,-4.687000,75.817000,24.340000
5.881,0.119000,0.311000,0.845000,-0.313000,0.504000,74.466000,24.340000
5.888,0.116000,0.302000,0.828000,0.198000,4.420000,70.519000,24.340000
5.901,0.127000,0.292000,0.838000,0.298000,12.412000,63.489000,24.440000
5.910,0.137000,0.293000,0.816000,-0.153000,23.305000,61.160000,24.440000
5.921,0.110000,0.260000,0.787000,6.282000,32.748000,64.366000,24.480000
5.928,0.068000,0.278000,0.784000,15.802000,40.130000,68.183000,24.390000
5.942,-0.010000,0.311000,0.806000,19.573000,42.107000,72.229000,24.390000
5.954,-0.080000,0.287000,0.813000,21.198000,39.573000,72.931000,24.480000
5.960,-0.114000,0.261000,0.824000,23.374000,37.557000,68.931000,24.390000
5.972,-0.110000,0.269000,0.829000,23.290000,34.374000,66.351000,24.390000
5.979,-0.101000,0.256000,0.829000,24.977000,32.000000,62.634000,24.390000
5.992,-0.071000,0.269000,0.837000,26.916000,32.496000,56.962000,24.440000
5.999,-0.054000,0.333000,0.856000,23.794000,32.336000,55.282000,24.440000
6.012,-0.074000,0.330000,0.848000,25.725000,29.954000,56.824000,24.340000
6.018,-0.042000,0.338000,0.831000,24.466000,29.626000,58.168000,24.340000
6.031,-0.044000,0.350000,0.814000,22.649000,30.252000,61.008000,24.440000
6.037,-0.020000,0.317000,0.757000,21.588000,29.397000,65.153000,24.340000
6.051,-0.039000,0.295000,0.778000,25.229000,37.038000,62.443000,24.340000
6.064,-0.106000,0.298000,0.822000,32.214000,45.580000,63.718000,24.390000
6.070,-0.220000,0.330000,0.840000,35.115000,40.824000,66.992000,24.390000
6.083,-0.288000,0.362000,0.891000,34.092000,30.710000,67.870000,24.290000
6.089,-0.338000,0.347000,0.910000,35.763000,20.053000,65.954000,24.390000
6.102,-0.380000,0.338000,0.952000,37.252000,10.023000,56.786000,24.390000
6.110,-0.368000,0.357000,0.978000,38.168000,1.122000,45.840000,24.390000
6.121,-0.328000,0.346000,0.988000,38.168000,-1.244000,33.206000,24.480000
6.128,-0.219000,0.388000,0.992000,35.771000,9.336000,19.511000,24.390000
6.142,-0.144000,0.413000,0.985000,31.374000,26.183000,12.817000,24.340000
6.149,-0.159000,0.355000,0.960000,30.214000,40.275000,11.855000,24.440000
6.160,-0.245000,0.327000,0.929000,29.962000,38.618000,15.466000,24.340000
6.173,-0.333000,0.294000,0.946000,30.817000,26.817000,11.924000,24.440000
6.180,-0.325000,0.298000,0.997000,37.779000,16.916000,8.107000,24.440000
6.193,-0.257000,0.385000,1.067000,35.527000,5.710000,8.908000,24.440000
6.200,-0.172000,0.431000,1.132000,30.733000,2.687000,11.038000,24.440000
6.213,-0.145000,0.479000,1.138000,21.145000,4.817000,15.366000,24.480000
6.219,-0.161000,0.457000,1.093000,9.985000,7.214000,24.595000,24.390000
6.232,-0.204000,0.357000,1.026000,11.031000,6.160000,28.290000,24.480000
6.241,-0.232000,0.341000,0.977000,13.321000,7.290000,21.542000,24.390000
6.253,-0.168000,0.370000,0.930000,8.427000,10.351000,17.427000,24.390000
6.260,-0.152000,0.322000,0.896000,8.092000,13.756000,17.550000,24.390000
6.271,-0.158000,0.309000,0.874000,10.145000,19.718000,14.237000,24.390000
6.278,-0.236000,0.312000,0.841000,11.527000,14.977000,16.229000,24.440000
6.292,-0.256000,0.281000,0.888000,19.099000,10.015000,18.290000,24.440000
6.297,-0.270000,0.310000,0.935000,23.626000,4.634000,20.511000,24.440000
6.311,-0.188000,0.341000,0.979000,25.244000,14.733000,14.863000,24.340000
6.323,-0.072000,0.382000,1.024000,26.053000,39.229000,3.130000,24.340000
6.330,-0.025000,0.352000,1.068000,27.832000,72.267000,-13.611000,24.440000
6.342,-0.020000,0.360000,1.102000,30.412000,112.901000,-32.496000,24.440000
6.350,-0.057000,0.448000,1.199000,32.420000,151.611000,-35.802000,24.440000
6.362,-0.279000,0.515000,1.216000,23.664000,172.237000,-25.969000,24.390000
6.368,-0.520000,0.609000,1.183000,4.733000,171.397000,-14.626000,24.390000
6.381,-0.754000,0.516000,1.117000,-10.389000,141.382000,-4.893000,24.390000
6.393,-0.970000,0.490000,1.022000,-18.664000,87.954000,3.939000,24.390000
6.400,-1.121000,0.413000,0.935000,-24.595000,12.214000,18.389000,24.480000
6.413,-1.085000,0.291000,0.863000,-25.664000,-52.977000,25.000000,24.390000
6.419,-0.886000,0.280000,0.818000,-24.824000,-89.023000,12.695000,24.480000
6.431,-0.533000,0.249000,0.790000,-19.977000,-93.771000,-6.313000,24.390000
6.438,-0.288000,0.321000,0.754000,-17.565000,-64.092000,-32.550000,24.480000
6.450,-0.223000,0.274000,0.742000,-12.458000,-38.221000,-49.985000,24.440000
6.463,-0.244000,0.307000,0.771000,-4.489000,-16.908000,-64.244000,24.440000
6.471,-0.337000,0.375000,0.813000,-2.954000,-19.328000,-65.611000,24.440000
6.482,-0.388000,0.347000,0.882000,-0.290000,-39.130000,-54.931000,24.440000
6.489,-0.356000,0.414000,0.919000,0.687000,-56.366000,-45.206000,24.480000
6.502,-0.273000,0.430000,0.912000,-7.344000,-71.756000,-33.901000,24.480000
6.514,-0.159000,0.348000,0.883000,-12.359000,-73.992000,-26.420000,24.390000
6.520,-0.099000,0.347000,0.827000,-15.771000,-63.092000,-26.573000,24.390000
6.532,-0.079000,0.254000,0.790000,-12.145000,-53.336000,-31.580000,24.480000
6.539,-0.088000,0.216000,0.833000,-3.221000,-43.908000,-40.756000,24.390000
6.552,-0.128000,0.280000,0.968000,5.740000,-38.618000,-42.313000,24.390000
6.560,-0.165000,0.427000,1.081000,3.000000,-32.237000,-37.275000,24.480000
6.570,-0.204000,0.518000,1.139000,-11.221000,-28.206000,-27.672000,24.440000
6.583,-0.264000,0.494000,1.071000,-28.244000,-28.405000,-20.550000,24.440000
6.589,-0.292000,0.360000,0.960000,-35.214000,-36.687000,-20.817000,24.340000
6.602,-0.238000,0.281000,0.883000,-32.198000,-38.687000,-30.855000,24.340000
6.609,-0.166000,0.259000,0.836000,-28.305000,-36.183000,-37.542000,24.440000
6.621,-0.116000,0.232000,0.824000,-21.893000,-29.885000,-40.924000,24.440000
6.633,-0.093000,0.272000,0.811000,-19.153000,-17.916000,-42.382000,24.340000
6.642,-0.139000,0.264000,0.834000,-15.405000,-11.435000,-37.710000,24.480000
6.652,-0.202000,0.327000,0.849000,-12.618000,-5.450000,-35.649000,24.480000
6.660,-0.280000,0.377000,0.868000,-15.336000,-9.985000,-30.550000,24.290000
6.671,-0.351000,0.316000,0.899000,-14.115000,-20.260000,-33.924000,24.480000
6.677,-0.324000,0.379000,0.953000,-15.023000,-24.969000,-43.916000,24.480000
6.692,-0.276000,0.378000,0.950000,-21.122000,-30.672000,-43.924000,24.390000
6.702,-0.245000,0.278000,0.928000,-22.550000,-32.802000,-45.038000,24.390000
6.710,-0.179000,0.327000,0.877000,-25.206000,-25.458000,-51.031000,24.440000
6.721,-0.129000,0.261000,0.802000,-26.802000,-24.489000,-47.794000,24.440000
6.728,-0.130000,0.170000,0.748000,-16.718000,-18.244000,-47.832000,24.440000
6.742,-0.143000,0.215000,0.765000,-5.481000,-14.198000,-48.305000,24.340000
6.753,-0.208000,0.213000,0.829000,3.298000,-19.557000,-47.107000,24.340000
6.760,-0.248000,0.264000,0.931000,10.183000,-26.061000,-48.328000,24.440000
6.772,-0.240000,0.351000,1.014000,6.634000,-29.229000,-49.580000,24.340000
6.779,-0.222000,0.407000,1.032000,-3.069000,-32.840000,-49.183000,24.390000
6.792,-0.189000,0.352000,1.011000,-9.885000,-30.672000,-53.977000,24.290000
6.798,-0.158000,0.320000,0.980000,-10.939000,-26.450000,-62.504000,24.480000
6.810,-0.158000,0.286000,0.946000,-11.832000,-27.420000,-65.924000,24.480000
6.822,-0.187000,0.267000,0.967000,-8.748000,-36.176000,-66.595000,24.480000
6.829,-0.135000,0.332000,1.014000,-8.511000,-42.214000,-66.679000,24.390000
6.842,-0.031000,0.407000,1.050000,-14.321000,-39.191000,-64.893000,24.390000
6.850,0.041000,0.396000,1.034000,-20.954000,-26.840000,-62.489000,24.390000
6.861,0.068000,0.371000,0.974000,-24.382000,-8.489000,-59.832000,24.440000
6.873,-0.015000,0.320000,0.914000,-26.000000,1.534000,-58.061000,24.440000
6.880,-0.119000,0.258000,0.874000,-21.412000,2.511000,-61.656000,24.440000
6.892,-0.186000,0.287000,0.896000,-18.603000,-4.275000,-64.107000,24.340000
6.900,-0.218000,0.315000,0.931000,-15.947000,-16.000000,-63.725000,24.340000
6.911,-0.222000,0.331000,0.969000,-16.183000,-25.840000,-62.023000,24.440000
6.918,-0.179000,0.327000,0.966000,-19.504000,-26.344000,-65.382000,24.340000
6.930,-0.142000,0.309000,0.930000,-20.656000,-23.908000,-71.626000,24.480000
6.942,-0.097000,0.299000,0.929000,-18.008000,-18.977000,-83.985000,24.480000
6.950,-0.113000,0.323000,0.965000,-12.962000,-18.809000,-89.832000,24.390000
6.962,-0.135000,0.375000,1.024000,-13.794000,-21.099000,-89.282000,24.390000
6.968,-0.126000,0.437000,1.079000,-18.947000,-21.344000,-86.618000,24.480000
6.980,-0.052000,0.476000,1.044000,-34.405000,-16.107000,-85.389000,24.390000
6.993,-0.003000,0.288000,0.907000,-38.679000,-10.977000,-83.382000,24.390000
7.001,0.008000,0.183000,0.816000,-29.786000,-2.336000,-90.267000,24.390000
7.012,-0.005000,0.172000,0.798000,-18.802000,0.595000,-95.252000,24.390000
7.019,-0.010000,0.203000,0.820000,-9.336000,3.000000,-94.267000,24.390000
7.031,-0.034000,0.292000,0.889000,-7.061000,5.557000,-86.634000,24.440000
7.038,-0.140000,0.310000,0.947000,-7.008000,-0.359000,-77.725000,24.440000
7.051,-0.220000,0.346000,0.963000,-11.168000,-5.557000,-78.489000,24.440000
7.063,-0.251000,0.312000,0.925000,-17.947000,-15.183000,-84.008000,24.440000
7.069,-0.218000,0.208000,0.856000,-17.305000,-27.160000,-88.588000,24.440000
7.082,-0.143000,0.204000,0.845000,-9.046000,-35.008000,-92.702000,24.390000
7.089,-0.068000,0.258000,0.844000,-5.565000,-37.855000,-93.160000,24.390000
7.101,0.006000,0.267000,0.863000,-3.840000,-32.718000,-91.908000,24.390000
7.110,0.031000,0.278000,0.881000,-2.573000,-22.534000,-91.718000,24.390000
7.120,-0.013000,0.265000,0.913000,-4.260000,-16.527000,-92.725000,24.480000
7.133,-0.053000,0.294000,0.970000,-6.710000,-18.397000,-97.053000,24.480000
7.139,-0.082000,0.348000,1.022000,-12.321000,-26.130000,-95.939000,24.390000
7.152,-0.041000,0.379000,1.117000,-18.611000,-31.298000,-92.206000,24.440000
7.159,0.012000,0.422000,1.116000,-28.863000,-27.679000,-88.748000,24.340000
7.171,0.061000,0.421000,1.008000,-43.855000,-17.580000,-86.893000,24.440000
7.183,0.100000,0.311000,0.840000,-55.023000,-5.763000,-87.840000,24.440000
7.192,0.074000,0.140000,0.698000,-50.580000,2.481000,-93.817000,24.440000
7.203,0.055000,0.026000,0.622000,-33.977000,5.061000,-99.565000,24.530000
7.210,0.044000,0.020000,0.615000,-13.382000,3.252000,-97.756000,24.340000
7.222,-0.021000,0.114000,0.699000,2.282000,-3.840000,-87.244000,24.480000
7.229,-0.133000,0.209000,0.847000,7.557000,-16.756000,-70.779000,24.480000
7.242,-0.225000,0.270000,0.950000,1.420000,-29.351000,-62.489000,24.390000
7.250,-0.226000,0.298000,0.972000,-6.115000,-38.275000,-67.710000,24.480000
7.261,-0.141000,0.362000,0.973000,-13.336000,-36.221000,-85.191000,24.390000
7.273,-0.034000,0.352000,0.923000,-21.198000,-24.924000,-102.870000,24.480000
7.279,0.019000,0.267000,0.875000,-21.672000,-13.527000,-111.458000,24.390000
7.292,0.015000,0.248000,0.825000,-16.947000,-8.321000,-112.366000,24.440000
7.300,0.014000,0.222000,0.823000,-13.878000,-8.702000,-105.679000,24.440000
7.311,-0.015000,0.163000,0.838000,-10.153000,-13.885000,-95.397000,24.440000
7.323,-0.054000,0.139000,0.856000,-3.824000,-19.756000,-88.893000,24.440000
7.330,-0.090000,0.159000,0.876000,-1.344000,-27.015000,-90.015000,24.440000
7.342,-0.066000,0.202000,0.923000,3.000000,-33.122000,-95.901000,24.530000
7.350,-0.020000,0.260000,0.933000,3.603000,-38.443000,-100.511000,24.440000
7.362,0.080000,0.318000,0.930000,-1.756000,-37.000000,-100.756000,24.290000
7.369,0.132000,0.262000,0.917000,-6.168000,-34.725000,-94.031000,24.480000
7.381,0.129000,0.181000,0.889000,-6.573000,-32.031000,-93.206000,24.390000
7.393,0.090000,0.162000,0.859000,-4.824000,-35.466000,-94.031000,24.390000
7.400,0.137000,0.190000,0.879000,0.130000,-39.443000,-95.511000,24.390000
7.413,0.258000,0.243000,0.934000,1.450000,-34.580000,-90.985000,24.480000
7.419,0.297000,0.311000,0.966000,-2.802000,-25.397000,-79.450000,24.390000
7.432,0.274000,0.295000,0.981000,-2.763000,-11.405000,-74.092000,24.340000
7.439,0.231000,0.298000,1.000000,-4.695000,2.389000,-76.809000,24.440000
7.452,0.133000,0.224000,1.011000,-9.656000,8.397000,-79.954000,24.340000
7.460,0.033000,0.163000,0.968000,-8.618000,2.756000,-83.664000,24.440000
7.471,-0.002000,0.175000,0.963000,-7.221000,-10.916000,-84.214000,24.340000
7.477,-0.027000,0.215000,0.952000,-10.397000,-27.740000,-79.924000,24.440000
7.492,0.083000,0.211000,0.962000,-9.824000,-31.771000,-78.466000,24.440000
7.503,0.204000,0.296000,0.929000,-11.527000,-25.290000,-79.489000,24.390000
7.510,0.229000,0.262000,0.905000,-10.290000,-13.229000,-86.336000,24.390000
7.522,0.273000,0.213000,0.894000,-1.664000,-0.183000,-94.802000,24.390000
7.529,0.153000,0.169000,0.977000,2.527000,-5.771000,-88.641000,24.390000
7.542,0.013000,0.178000,1.015000,4.985000,-25.435000,-78.412000,24.480000
7.550,0.035000,0.261000,1.042000,-1.198000,-47.099000,-75.855000,24.390000
7.562,0.081000,0.234000,0.998000,-5.542000,-64.282000,-73.374000,24.390000
7.573,0.269000,0.265000,0.987000,-5.626000,-44.511000,-77.107000,24.480000
7.580,0.406000,0.283000,0.919000,-12.427000,-41.046000,-75.290000,24.390000
7.592,0.537000,0.199000,0.862000,-6.695000,-11.427000,-79.817000,24.390000
7.600,0.534000,0.186000,0.902000,-1.702000,7.885000,-76.557000,24.530000
7.612,0.376000,0.140000,0.947000,-3.969000,10.282000,-68.198000,24.440000
7.619,0.359000,0.163000,0.979000,-4.290000,13.122000,-68.771000,24.530000
7.632,0.316000,0.174000,0.985000,-7.061000,9.206000,-70.771000,24.440000
7.639,0.368000,0.130000,0.959000,-7.595000,0.412000,-70.237000,24.440000
7.652,0.455000,0.111000,0.906000,-4.710000,5.374000,-73.809000,24.480000
7.660,0.574000,0.134000,0.875000,-2.344000,16.611000,-73.130000,24.480000
7.671,0.630000,0.159000,0.863000,0.969000,34.779000,-67.420000,24.390000
7.676,0.576000,0.164000,0.906000,2.084000,57.618000,-59.466000,24.480000
7.692,0.331000,0.144000,0.929000,-0.076000,60.382000,-45.160000,24.480000
7.703,0.092000,0.094000,0.912000,1.130000,46.885000,-42.130000,24.480000
7.710,0.039000,0.058000,0.918000,4.389000,20.649000,-46.893000,24.390000
7.723,0.092000,0.068000,0.907000,6.954000,-4.603000,-52.496000,24.440000
7.730,0.227000,0.092000,0.894000,8.405000,-19.382000,-51.031000,24.440000
7.742,0.399000,0.143000,0.935000,8.053000,-16.855000,-46.519000,24.440000
7.750,0.442000,0.153000,0.923000,7.130000,-6.420000,-39.260000,24.440000
7.763,0.406000,0.113000,0.921000,5.733000,2.725000,-38.229000,24.440000
7.769,0.304000,0.079000,0.843000,5.534000,-1.679000,-41.626000,24.440000
7.782,0.439000,0.088000,0.934000,9.855000,0.733000,-45.588000,24.440000
7.791,0.459000,0.144000,0.943000,9.962000,-0.878000,-37.679000,24.480000
7.802,0.476000,0.192000,1.010000,7.427000,1.924000,-24.382000,24.390000
7.810,0.429000,0.222000,1.046000,2.687000,8.000000,-10.489000,24.480000
7.821,0.386000,0.229000,1.008000,-9.435000,18.229000,-5.489000,24.480000
7.828,0.325000,0.099000,0.886000,-17.786000,22.099000,-5.321000,24.480000
7.842,0.268000,-0.084000,0.730000,-11.458000,21.748000,-9.580000,24.480000
7.853,0.264000,-0.158000,0.694000,8.176000,15.092000,-13.580000,24.390000
7.860,0.291000,-0.088000,0.774000,26.244000,11.832000,-13.252000,24.390000
7.872,0.345000,0.059000,0.905000,34.191000,18.840000,-12.603000,24.340000
7.879,0.357000,0.162000,1.017000,34.053000,32.817000,-10.702000,24.440000
7.892,0.296000,0.227000,1.082000,27.557000,48.855000,-8.435000,24.440000
7.900,0.156000,0.232000,1.063000,16.550000,57.649000,-5.687000,24.440000
7.912,0.032000,0.182000,1.048000,9.573000,52.855000,-4.084000,24.440000
7.919,-0.087000,0.132000,0.999000,5.595000,35.366000,-5.038000,24.440000
7.931,-0.118000,0.113000,0.998000,4.160000,10.962000,-3.840000,24.530000
7.938,-0.063000,0.132000,1.021000,4.420000,-8.695000,1.206000,24.480000
7.952,0.076000,0.154000,1.048000,2.092000,-11.824000,1.656000,24.480000
7.960,0.160000,0.173000,1.010000,-2.466000,-2.015000,-0.992000,24.390000
7.971,0.194000,0.112000,0.934000,-4.794000,14.260000,-3.084000,24.480000
7.978,0.146000,0.026000,0.889000,2.992000,26.450000,-5.458000,24.480000
7.992,0.075000,0.012000,0.881000,9.252000,28.099000,-7.588000,24.480000
8.003,0.013000,0.057000,0.947000,15.664000,21.061000,-4.740000,24.390000
8.010,-0.057000,0.119000,1.020000,17.313000,4.947000,3.954000,24.440000
8.023,-0.082000,0.179000,1.068000,12.053000,-11.992000,12.137000,24.440000
8.030,-0.019000,0.188000,1.051000,5.092000,-19.084000,14.168000,24.440000
8.042,0.055000,0.168000,1.009000,1.649000,-15.977000,13.489000,24.440000
8.050,0.087000,0.112000,0.957000,1.237000,-5.809000,8.641000,24.530000
8.063,0.109000,0.111000,0.945000,3.198000,7.954000,4.015000,24.340000
8.069,0.041000,0.103000,0.936000,5.374000,12.122000,6.328000,24.530000
8.083,-0.049000,0.084000,0.970000,9.031000,8.634000,9.519000,24.480000
8.089,-0.124000,0.110000,1.015000,10.176000,-0.244000,10.206000,24.390000
8.102,-0.127000,0.156000,1.014000,7.183000,-8.534000,8.420000,24.480000
8.110,-0.069000,0.179000,1.012000,2.435000,-11.267000,4.511000,24.480000
8.122,-0.011000,0.175000,0.983000,-1.939000,-9.260000,0.084000,24.480000
8.129,0.023000,0.088000,0.910000,-2.718000,-6.359000,-4.557000,24.480000
8.142,0.072000,0.045000,0.884000,3.191000,-3.840000,-7.405000,24.580000
8.150,0.080000,0.087000,0.917000,7.809000,-4.420000,-3.099000,24.390000
8.162,0.078000,0.130000,0.973000,9.282000,-4.237000,3.160000,24.390000
8.170,0.043000,0.190000,0.998000,5.878000,-5.107000,8.511000,24.530000
8.181,0.059000,0.191000,1.024000,0.802000,-1.893000,11.244000,24.440000
8.189,0.043000,0.146000,0.993000,-3.305000,-1.466000,11.672000,24.530000
8.202,0.065000,0.101000,0.938000,-2.992000,2.656000,6.534000,24.440000
8.210,0.079000,0.074000,0.931000,0.977000,5.702000,2.511000,24.480000
8.221,0.074000,0.112000,0.951000,4.435000,7.015000,2.206000,24.390000
8.228,0.078000,0.170000,1.008000,4.275000,5.878000,4.328000,24.480000
8.242,0.033000,0.192000,1.007000,1.794000,4.008000,8.771000,24.480000
8.250,0.062000,0.188000,1.027000,-1.000000,6.450000,11.282000,24.390000
8.262,0.054000,0.169000,0.984000,-4.427000,9.840000,10.939000,24.480000
8.269,0.001000,0.103000,0.953000,-4.855000,10.344000,9.496000,24.480000
8.281,-0.032000,0.080000,0.943000,-1.008000,7.084000,5.649000,24.530000
8.288,-0.032000,0.117000,0.977000,1.427000,0.099000,3.275000,24.440000
8.301,0.008000,0.140000,0.987000,0.885000,-5.893000,1.313000,24.440000
8.308,0.109000,0.192000,0.985000,-1.382000,-3.817000,-2.137000,24.440000
8.321,0.174000,0.178000,0.955000,-5.389000,-0.504000,-0.015000,24.440000
8.328,0.195000,0.150000,0.925000,-4.122000,2.519000,3.603000,24.440000
8.342,0.185000,0.134000,0.933000,-1.939000,3.313000,10.321000,24.440000
8.353,0.145000,0.119000,0.962000,-0.634000,-0.122000,20.763000,24.580000
8.360,0.119000,0.137000,0.968000,-0.183000,-3.740000,28.359000,24.580000
8.373,0.087000,0.146000,0.979000,-2.931000,-7.031000,30.603000,24.390000
8.380,0.080000,0.123000,0.972000,-3.588000,-7.176000,27.267000,24.480000
8.393,0.104000,0.136000,0.956000,-3.985000,-4.023000,20.847000,24.390000
8.400,0.151000,0.110000,0.927000,-4.153000,1.206000,13.695000,24.390000
8.413,0.191000,0.091000,0.928000,-0.412000,5.313000,11.603000,24.580000
8.420,0.208000,0.125000,0.948000,3.779000,7.534000,16.160000,24.440000
8.432,0.185000,0.162000,0.970000,5.863000,6.237000,25.656000,24.530000
8.439,0.158000,0.207000,1.008000,4.481000,4.611000,34.252000,24.440000
8.453,0.143000,0.212000,1.026000,0.855000,6.695000,36.817000,24.440000
8.460,0.139000,0.201000,1.020000,-2.992000,12.947000,35.786000,24.440000
8.472,0.104000,0.171000,1.028000,-5.924000,18.267000,31.565000,24.440000
8.479,0.065000,0.155000,0.991000,-7.183000,19.832000,28.359000,24.440000
8.492,0.047000,0.132000,0.985000,-6.580000,16.565000,27.870000,24.480000
8.500,0.022000,0.164000,0.955000,-7.031000,10.000000,29.038000,24.480000
8.511,0.057000,0.130000,0.923000,-7.794000,2.290000,30.412000,24.480000
8.519,0.097000,0.100000,0.887000,-4.038000,-2.397000,31.023000,24.390000
8.531,0.124000,0.101000,0.895000,1.008000,-6.634000,32.305000,24.390000
8.538,0.143000,0.130000,0.939000,3.817000,-10.260000,33.252000,24.390000
8.552,0.154000,0.138000,0.985000,2.679000,-13.939000,34.099000,24.390000
8.558,0.232000,0.189000,0.984000,-0.160000,-10.809000,34.145000,24.480000
8.570,0.290000,0.206000,0.982000,-1.313000,-3.397000,38.885000,24.530000
8.583,0.280000,0.216000,0.965000,-3.656000,7.611000,44.977000,24.530000
8.592,0.231000,0.192000,0.930000,-5.847000,16.473000,48.206000,24.530000
8.603,0.173000,0.126000,0.874000,-5.290000,21.260000,47.137000,24.440000
8.610,0.129000,0.090000,0.867000,-0.855000,21.038000,47.137000,24.340000
8.622,0.083000,0.104000,0.879000,2.924000,16.359000,48.649000,24.440000
8.630,0.051000,0.165000,0.925000,2.191000,9.466000,46.779000,24.440000
8.642,0.089000,0.198000,0.954000,1.359000,5.679000,43.038000,24.440000
8.650,0.146000,0.213000,0.956000,0.366000,3.962000,43.947000,24.480000
8.663,0.182000,0.217000,0.939000,-1.351000,8.702000,47.710000,24.390000
8.669,0.237000,0.240000,0.906000,-3.985000,19.389000,50.214000,24.480000
8.682,0.242000,0.200000,0.893000,-2.160000,29.840000,54.718000,24.480000
8.689,0.159000,0.187000,0.883000,1.031000,37.038000,62.420000,24.480000
8.702,0.034000,0.211000,0.913000,0.496000,37.031000,66.511000,24.480000
8.710,-0.085000,0.199000,0.948000,-1.183000,27.382000,69.748000,24.480000
8.721,-0.135000,0.183000,0.969000,-2.313000,13.061000,68.290000,24.480000
8.729,-0.111000,0.176000,0.944000,-5.092000,1.817000,60.817000,24.480000
8.742,-0.014000,0.157000,0.932000,-4.679000,-5.321000,52.137000,24.480000
8.748,0.080000,0.165000,0.892000,-2.214000,-8.122000,47.733000,24.580000
8.761,0.168000,0.165000,0.903000,1.206000,-8.489000,50.840000,24.440000
8.766,0.200000,0.180000,0.927000,7.061000,-6.557000,56.977000,24.530000
8.781,0.217000,0.219000,0.969000,8.046000,-2.023000,62.664000,24.530000
8.794,0.203000,0.229000,1.004000,5.924000,2.687000,68.641000,24.440000
8.801,0.184000,0.244000,1.007000,3.649000,9.229000,70.160000,24.480000
8.814,0.175000,0.213000,0.979000,0.275000,15.443000,69.000000,24.480000
8.820,0.148000,0.201000,0.964000,0.374000,18.023000,64.878000,24.480000
8.833,0.159000,0.222000,0.941000,0.115000,18.733000,60.321000,24.580000
8.841,0.167000,0.221000,0.972000,0.954000,16.031000,64.672000,24.480000
8.853,0.137000,0.220000,0.982000,2.229000,13.420000,72.809000,24.480000
8.860,0.113000,0.231000,0.998000,2.321000,8.260000,77.443000,24.480000
8.873,0.091000,0.240000,0.997000,-1.107000,4.397000,77.771000,24.480000
8.880,0.114000,0.247000,1.009000,-0.748000,1.061000,77.733000,24.530000
8.893,0.099000,0.256000,0.988000,0.328000,-2.420000,78.061000,24.440000
8.900,0.150000,0.245000,0.975000,-0.069000,-5.511000,78.298000,24.440000
8.912,0.221000,0.283000,0.964000,3.183000,-0.458000,79.008000,24.620000
8.920,0.195000,0.303000,0.972000,6.000000,6.420000,86.779000,24.530000
8.932,0.110000,0.328000,0.988000,6.176000,10.916000,93.198000,24.440000
8.939,0.085000,0.350000,1.011000,1.176000,18.588000,89.244000,24.620000
8.955,0.033000,0.302000,0.980000,-4.939000,16.374000,86.786000,24.480000
8.960,0.023000,0.286000,0.928000,-6.359000,10.794000,85.122000,24.480000
8.972,0.040000,0.303000,0.858000,-8.107000,2.313000,86.863000,24.580000
8.979,0.167000,0.243000,0.840000,-2.573000,-0.229000,92.137000,24.390000
8.992,0.200000,0.237000,0.851000,8.992000,6.023000,101.878000,24.480000
8.999,0.171000,0.296000,0.913000,13.985000,19.466000,105.824000,24.480000
9.011,0.097000,0.344000,0.968000,10.473000,34.076000,105.099000,24.480000
9.018,-0.008000,0.338000,1.004000,9.031000,44.153000,99.412000,24.480000
9.031,-0.081000,0.347000,1.002000,5.580000,47.298000,92.573000,24.530000
9.044,-0.124000,0.337000,0.944000,0.260000,41.626000,90.168000,24.440000
9.050,-0.124000,0.284000,0.889000,3.550000,29.763000,94.473000,24.440000
9.063,-0.096000,0.302000,0.885000,9.527000,17.885000,103.847000,24.530000
9.070,-0.115000,0.338000,0.933000,11.641000,9.420000,113.252000,24.530000
9.082,-0.153000,0.391000,0.997000,11.214000,5.221000,118.443000,24.440000
9.089,-0.193000,0.386000,1.049000,6.695000,5.466000,117.611000,24.530000
9.102,-0.244000,0.336000,1.058000,1.908000,4.718000,110.802000,24.530000
9.111,-0.170000,0.316000,1.086000,-2.053000,11.565000,95.588000,24.480000
9.121,-0.184000,0.340000,0.938000,-9.328000,9.824000,88.557000,24.480000
9.128,-0.081000,0.284000,0.862000,-6.824000,12.153000,84.374000,24.580000
9.142,-0.045000,0.264000,0.839000,0.473000,18.198000,91.740000,24.580000
9.148,-0.055000,0.272000,0.873000,7.130000,21.061000,99.008000,24.480000
9.161,-0.125000,0.325000,0.913000,12.115000,28.863000,99.756000,24.480000
9.173,-0.216000,0.349000,0.945000,6.885000,36.183000,95.641000,24.480000
9.180,-0.316000,0.324000,0.990000,3.824000,38.473000,86.603000,24.480000
9.193,-0.308000,0.318000,1.043000,-3.588000,37.870000,76.183000,24.530000
9.200,-0.287000,0.277000,1.017000,-10.008000,28.565000,71.420000,24.530000
9.213,-0.258000,0.225000,0.896000,-8.786000,11.527000,78.412000,24.620000
9.219,-0.222000,0.169000,0.878000,-4.206000,0.916000,89.038000,24.530000
9.232,-0.201000,0.217000,0.870000,-1.137000,-4.000000,89.710000,24.440000
9.239,-0.175000,0.277000,0.878000,-2.618000,-5.405000,83.718000,24.440000
9.252,-0.185000,0.233000,0.846000,-4.038000,-6.679000,77.160000,24.530000
9.258,-0.149000,0.198000,0.783000,-4.015000,-7.504000,67.641000,24.580000
9.270,-0.043000,0.175000,0.698000,-3.466000,-8.267000,59.519000,24.480000
9.276,0.084000,0.172000,0.614000,3.695000,-3.885000,57.931000,24.480000
9.291,0.207000,0.194000,0.600000,17.160000,7.099000,65.840000,24.580000
9.303,0.140000,0.194000,0.667000,31.305000,19.214000,83.718000,24.480000
9.311,-0.053000,0.282000,0.797000,35.702000,21.695000,97.748000,24.390000
9.322,-0.209000,0.367000,0.900000,34.931000,16.107000,100.809000,24.480000
9.329,-0.226000,0.437000,0.978000,25.145000,18.214000,96.916000,24.480000
9.342,-0.247000,0.394000,0.974000,17.344000,21.084000,93.618000,24.480000
9.350,-0.256000,0.330000,0.952000,14.756000,30.435000,82.122000,24.480000
9.362,-0.276000,0.288000,0.911000,12.405000,35.580000,70.771000,24.480000
9.369,-0.321000,0.258000,0.881000,13.473000,32.733000,63.916000,24.530000
9.381,-0.356000,0.241000,0.877000,17.573000,21.824000,62.305000,24.530000
9.389,-0.360000,0.273000,0.886000,17.305000,6.985000,64.847000,24.440000
9.401,-0.383000,0.276000,0.945000,16.573000,-15.450000,71.496000,24.440000
9.414,-0.320000,0.305000,1.015000,14.947000,-28.962000,69.298000,24.390000
9.420,-0.198000,0.343000,1.090000,10.397000,-31.641000,65.931000,24.480000
9.432,-0.085000,0.334000,1.097000,4.061000,-21.038000,61.290000,24.580000
9.439,-0.002000,0.324000,1.024000,-1.557000,0.878000,54.870000,24.580000
9.453,0.029000,0.347000,0.974000,-6.802000,22.084000,53.489000,24.390000
9.460,-0.066000,0.274000,0.909000,-6.656000,35.168000,52.176000,24.580000
9.471,-0.169000,0.220000,0.881000,-0.901000,37.649000,49.328000,24.390000
9.479,-0.250000,0.221000,0.894000,2.107000,29.122000,48.313000,24.480000
9.492,-0.292000,0.209000,0.904000,5.145000,14.130000,50.221000,24.440000
9.498,-0.296000,0.245000,0.922000,10.527000,3.534000,50.527000,24.440000
9.511,-0.309000,0.275000,0.926000,10.595000,-4.359000,51.351000,24.620000
9.523,-0.258000,0.257000,0.913000,11.275000,-2.565000,46.779000,24.530000
9.530,-0.213000,0.269000,0.894000,11.840000,7.634000,42.809000,24.440000
9.543,-0.267000,0.237000,0.869000,14.527000,15.252000,36.664000,24.530000
9.550,-0.326000,0.268000,0.898000,19.000000,16.374000,29.214000,24.530000
9.562,-0.338000,0.319000,0.976000,19.061000,16.366000,20.924000,24.480000
9.569,-0.341000,0.320000,1.017000,14.527000,15.962000,16.160000,24.580000
9.581,-0.338000,0.317000,1.040000,11.031000,14.641000,14.336000,24.480000
9.589,-0.310000,0.342000,1.006000,-0.046000,15.931000,10.053000,24.480000
9.602,-0.302000,0.245000,0.941000,-4.267000,11.878000,4.038000,24.580000
9.610,-0.309000,0.174000,0.898000,3.290000,2.015000,-4.107000,24.580000
9.621,-0.266000,0.176000,0.898000,8.214000,-13.252000,-8.573000,24.620000
9.633,-0.251000,0.181000,0.928000,11.878000,-32.130000,-4.710000,24.530000
9.642,-0.194000,0.206000,0.970000,15.405000,-44.916000,0.420000,24.530000
9.654,-0.165000,0.267000,1.008000,15.412000,-52.389000,8.084000,24.530000
9.660,-0.116000,0.346000,1.029000,6.847000,-49.061000,11.779000,24.530000
9.672,-0.017000,0.369000,0.968000,-7.496000,-30.374000,7.618000,24.440000
9.679,-0.004000,0.249000,0.871000,-10.290000,-10.924000,0.595000,24.530000
9.692,-0.051000,0.168000,0.809000,-2.221000,2.206000,-11.137000,24.530000
9.700,-0.064000,0.172000,0.799000,4.725000,6.420000,-21.870000,24.580000
9.711,-0.079000,0.182000,0.840000,12.710000,3.214000,-22.221000,24.580000
9.719,-0.098000,0.221000,0.917000,17.947000,-2.802000,-15.168000,24.480000
9.731,-0.117000,0.290000,0.968000,17.977000,-8.550000,-6.878000,24.480000
9.744,-0.134000,0.331000,1.007000,11.573000,-9.618000,-0.611000,24.580000
9.750,-0.135000,0.330000,0.983000,4.344000,-4.092000,-1.786000,24.480000
9.763,-0.201000,0.277000,0.912000,-3.237000,-5.679000,-5.550000,24.580000
9.770,-0.221000,0.143000,0.819000,2.977000,-17.260000,-16.695000,24.530000
9.782,-0.182000,0.143000,0.794000,11.504000,-33.038000,-26.221000,24.530000
9.789,-0.121000,0.201000,0.824000,13.206000,-48.321000,-28.435000,24.530000
9.801,-0.034000,0.229000,0.824000,13.015000,-56.771000,-24.115000,24.530000
9.808,0.021000,0.256000,0.837000,16.313000,-55.626000,-18.221000,24.530000
9.820,0.043000,0.286000,0.842000,18.725000,-50.878000,-13.847000,24.440000
9.833,0.052000,0.302000,0.883000,19.252000,-43.878000,-13.565000,24.530000
9.841,0.035000,0.297000,0.917000,17.206000,-35.611000,-15.901000,24.480000
9.852,0.013000,0.253000,0.937000,16.534000,-28.672000,-21.168000,24.480000
9.860,-0.007000,0.269000,0.934000,15.847000,-28.374000,-25.939000,24.480000
9.871,0.019000,0.314000,0.923000,11.847000,-29.481000,-27.718000,24.580000
9.878,0.044000,0.313000,0.865000,7.824000,-30.656000,-28.275000,24.580000
9.892,0.091000,0.313000,0.837000,6.840000,-27.221000,-29.695000,24.480000
9.903,0.137000,0.307000,0.818000,7.672000,-22.046000,-26.878000,24.580000
9.910,0.137000,0.288000,0.788000,10.550000,-11.824000,-24.008000,24.480000
9.923,0.076000,0.301000,0.737000,11.893000,-3.733000,-21.137000,24.580000
9.930,0.079000,0.322000,0.811000,11.214000,8.366000,-23.855000,24.580000
9.942,0.007000,0.329000,0.824000,9.763000,13.046000,-26.763000,24.530000
9.950,-0.016000,0.378000,0.847000,5.450000,18.221000,-32.817000,24.440000
9.962,-0.057000,0.323000,0.814000,-2.038000,20.076000,-33.893000,24.530000
9.969,-0.069000,0.244000,0.777000,-1.198000,18.115000,-34.725000,24.530000
9.981,-0.051000,0.237000,0.710000,1.389000,16.305000,-39.924000,24.440000
9.988,-0.048000,0.240000,0.639000,3.008000,9.313000,-42.053000,24.480000
10.002,-0.008000,0.189000,0.573000,6.382000,0.779000,-41.565000,24.480000
10.013,0.025000,0.137000,0.536000,15.099000,-7.053000,-41.183000,24.480000
10.020,0.020000,0.146000,0.550000,25.115000,-17.206000,-43.366000,24.480000
10.033,0.076000,0.216000,0.613000,32.618000,-23.321000,-46.672000,24.480000
10.039,0.092000,0.274000,0.694000,38.519000,-29.069000,-44.481000,24.480000
10.052,0.113000,0.353000,0.781000,41.336000,-29.061000,-40.145000,24.480000
10.060,0.120000,0.407000,0.808000,39.511000,-22.626000,-35.725000,24.530000
10.071,0.148000,0.456000,0.822000,34.198000,-11.328000,-28.427000,24.620000
10.078,0.099000,0.393000,0.720000,28.878000,-4.588000,-20.504000,24.530000
10.092,0.051000,0.321000,0.652000,33.282000,-3.153000,-17.069000,24.530000
10.103,0.040000,0.301000,0.645000,33.069000,-2.679000,-15.908000,24.530000
10.110,0.009000,0.286000,0.605000,39.038000,-4.076000,-22.015000,24.530000
10.123,0.041000,0.316000,0.618000,47.595000,-6.389000,-25.267000,24.530000
10.130,0.053000,0.386000,0.632000,51.397000,-6.038000,-23.237000,24.480000
10.142,0.057000,0.459000,0.701000,53.611000,-1.931000,-16.321000,24.390000
10.150,0.003000,0.458000,0.775000,52.710000,0.870000,-6.878000,24.390000
10.162,-0.096000,0.450000,0.849000,47.641000,-0.038000,0.878000,24.580000
10.169,-0.198000,0.431000,0.870000,44.176000,-8.542000,-0.443000,24.580000
10.181,-0.201000,0.472000,0.866000,41.374000,-19.756000,-7.015000,24.580000
10.188,-0.133000,0.516000,0.865000,37.580000,-25.084000,-14.405000,24.580000
10.201,-0.099000,0.509000,0.806000,37.840000,-26.840000,-19.290000,24.530000
10.213,-0.032000,0.541000,0.767000,40.458000,-23.481000,-22.458000,24.620000
10.220,0.051000,0.565000,0.752000,42.458000,-15.405000,-20.198000,24.530000
10.232,0.045000,0.571000,0.737000,42.603000,-1.435000,-13.985000,24.530000
10.239,-0.027000,0.519000,0.754000,46.817000,9.550000,-15.084000,24.530000
10.252,-0.163000,0.434000,0.781000,47.313000,5.863000,-12.679000,24.530000
10.259,-0.264000,0.379000,0.753000,55.588000,-9.122000,-21.298000,24.440000
10.271,-0.264000,0.462000,0.734000,61.412000,-32.382000,-31.084000,24.530000
10.283,-0.131000,0.604000,0.772000,64.969000,-56.336000,-35.252000,24.580000
10.292,0.061000,0.675000,0.789000,63.443000,-57.336000,-36.405000,24.480000
10.302,0.207000,0.700000,0.814000,59.885000,-44.878000,-33.153000,24.480000
10.310,0.250000,0.657000,0.828000,57.107000,-28.802000,-25.092000,24.580000
10.322,0.184000,0.583000,0.854000,55.527000,-15.069000,-20.679000,24.670000
10.329,0.109000,0.556000,0.903000,52.397000,-6.969000,-23.863000,24.480000
10.341,0.037000,0.550000,0.906000,48.397000,-9.099000,-31.954000,24.480000
10.350,0.047000,0.590000,0.926000,46.053000,-14.756000,-40.084000,24.620000
10.361,0.103000,0.641000,0.927000,44.107000,-18.244000,-41.939000,24.530000
10.373,0.162000,0.707000,0.914000,40.412000,-17.603000,-35.725000,24.620000
10.380,0.175000,0.741000,0.899000,35.168000,-12.710000,-25.916000,24.620000
10.392,0.108000,0.711000,0.844000,29.176000,-7.496000,-17.504000,24.530000
10.400,0.032000,0.652000,0.856000,29.863000,-7.458000,-15.863000,24.440000
10.412,0.004000,0.666000,0.864000,27.763000,-6.229000,-21.382000,24.530000
10.419,-0.018000,0.637000,0.815000,27.847000,-9.023000,-29.321000,24.480000
10.431,0.016000,0.625000,0.797000,32.748000,-10.573000,-37.321000,24.480000
10.438,0.103000,0.683000,0.790000,34.427000,-7.481000,-41.550000,24.580000
10.452,0.168000,0.727000,0.790000,35.557000,1.366000,-40.427000,24.580000
10.463,0.205000,0.770000,0.800000,36.542000,17.069000,-36.405000,24.480000
10.470,0.135000,0.777000,0.809000,34.252000,32.534000,-29.931000,24.480000
10.483,0.000000,0.784000,0.830000,30.290000,40.534000,-26.290000,24.480000
10.492,-0.161000,0.771000,0.853000,27.504000,35.641000,-27.855000,24.480000
10.502,-0.282000,0.683000,0.878000,21.649000,17.740000,-32.481000,24.580000
10.510,-0.288000,0.655000,0.834000,20.107000,-1.878000,-39.420000,24.530000
10.521,-0.159000,0.685000,0.764000,21.130000,-15.656000,-44.710000,24.530000
10.528,-0.041000,0.724000,0.736000,19.168000,-24.412000,-42.992000,24.440000
10.542,0.047000,0.728000,0.697000,17.595000,-18.634000,-41.641000,24.530000
10.553,0.105000,0.783000,0.659000,16.733000,-5.214000,-40.992000,24.480000
10.561,0.111000,0.797000,0.647000,15.069000,11.473000,-38.145000,24.580000
10.572,0.029000,0.738000,0.670000,19.229000,22.382000,-36.015000,24.480000
10.579,-0.140000,0.607000,0.701000,20.031000,18.015000,-35.641000,24.580000
10.592,-0.203000,0.569000,0.687000,25.985000,5.076000,-43.389000,24.390000
10.600,-0.185000,0.627000,0.679000,30.336000,-13.137000,-50.695000,24.480000
10.612,-0.083000,0.655000,0.663000,34.382000,-28.328000,-51.985000,24.580000
10.618,0.028000,0.713000,0.656000,35.092000,-34.458000,-48.664000,24.580000
10.631,0.109000,0.751000,0.631000,36.863000,-31.382000,-43.183000,24.620000
10.643,0.156000,0.827000,0.627000,37.099000,-22.221000,-38.634000,24.620000
10.650,0.125000,0.823000,0.657000,39.282000,-10.344000,-29.107000,24.530000
10.662,-0.013000,0.736000,0.738000,44.275000,-7.267000,-23.618000,24.530000
10.669,-0.119000,0.688000,0.763000,43.687000,-12.443000,-28.748000,24.530000
10.681,-0.130000,0.698000,0.783000,44.725000,-26.046000,-38.397000,24.530000
10.688,-0.034000,0.750000,0.806000,43.695000,-38.740000,-44.588000,24.580000
10.700,0.083000,0.801000,0.809000,38.992000,-45.954000,-41.519000,24.580000
10.713,0.163000,0.796000,0.782000,33.725000,-47.634000,-32.298000,24.580000
10.720,0.201000,0.806000,0.752000,32.092000,-45.038000,-23.595000,24.580000
10.732,0.209000,0.823000,0.737000,31.870000,-38.573000,-17.985000,24.580000
10.739,0.195000,0.834000,0.729000,31.092000,-28.389000,-12.931000,24.580000
10.752,0.125000,0.854000,0.754000,27.542000,-22.779000,-9.298000,24.480000
10.760,0.049000,0.863000,0.744000,23.420000,-17.710000,-13.374000,24.480000
10.771,0.015000,0.834000,0.754000,19.145000,-15.573000,-19.160000,24.530000
10.783,0.032000,0.809000,0.749000,18.656000,-15.435000,-21.366000,24.530000
10.792,0.044000,0.781000,0.691000,20.802000,-11.046000,-20.359000,24.530000
10.803,0.033000,0.766000,0.660000,23.573000,-8.008000,-16.473000,24.620000
10.810,-0.013000,0.776000,0.653000,25.725000,-11.252000,-11.641000,24.620000
10.822,-0.062000,0.779000,0.675000,27.122000,-20.366000,-7.359000,24.620000
10.829,-0.156000,0.747000,0.718000,23.496000,-40.939000,-5.519000,24.530000
10.841,-0.136000,0.724000,0.709000,23.496000,-62.580000,-9.229000,24.480000
10.848,-0.054000,0.719000,0.702000,25.710000,-79.947000,-11.168000,24.480000
10.861,0.044000,0.736000,0.699000,25.863000,-87.649000,-11.588000,24.480000
10.873,0.143000,0.725000,0.689000,31.527000,-86.443000,-15.389000,24.580000
10.880,0.188000,0.765000,0.694000,30.740000,-83.229000,-16.504000,24.580000
10.892,0.225000,0.840000,0.749000,28.855000,-81.053000,-15.046000,24.580000
10.900,0.251000,0.884000,0.797000,22.313000,-79.252000,-9.908000,24.480000
10.912,0.283000,0.863000,0.805000,17.695000,-75.275000,-1.481000,24.530000
10.919,0.292000,0.832000,0.835000,14.443000,-70.099000,2.389000,24.530000
10.931,0.343000,0.820000,0.819000,9.725000,-60.893000,3.664000,24.620000
10.938,0.407000,0.822000,0.788000,6.344000,-44.916000,4.382000,24.620000
10.951,0.394000,0.811000,0.790000,4.092000,-29.534000,8.802000,24.620000
10.960,0.420000,0.788000,0.733000,0.015000,-6.145000,9.565000,24.620000
10.971,0.358000,0.759000,0.688000,6.237000,8.344000,15.565000,24.530000
10.978,0.243000,0.779000,0.691000,9.893000,18.160000,19.832000,24.580000
10.991,0.128000,0.831000,0.736000,10.359000,18.023000,24.198000,24.580000
11.000,-0.000000,0.825000,0.783000,7.015000,10.573000,20.740000,24.480000
11.011,-0.018000,0.801000,0.784000,2.702000,0.420000,12.382000,24.580000
11.017,0.008000,0.817000,0.771000,-1.863000,-8.038000,4.359000,24.580000
11.030,0.103000,0.781000,0.711000,-4.115000,-8.328000,-2.573000,24.480000
11.043,0.176000,0.787000,0.667000,-2.893000,0.725000,-5.771000,24.480000
11.050,0.170000,0.775000,0.656000,0.038000,11.305000,-7.641000,24.580000
11.063,0.118000,0.750000,0.637000,3.046000,18.282000,-10.023000,24.580000
11.070,0.043000,0.732000,0.635000,6.885000,19.359000,-14.214000,24.620000
11.082,-0.021000,0.737000,0.649000,7.481000,10.855000,-15.550000,24.530000
11.089,-0.034000,0.729000,0.665000,6.656000,-2.519000,-15.794000,24.530000
11.102,0.032000,0.707000,0.660000,6.298000,-14.427000,-20.298000,24.530000
11.110,0.109000,0.730000,0.646000,6.328000,-23.733000,-21.443000,24.620000
11.121,0.184000,0.740000,0.653000,7.229000,-28.344000,-16.954000,24.670000
11.128,0.211000,0.736000,0.663000,7.061000,-26.641000,-13.366000,24.480000
11.144,0.223000,0.734000,0.656000,8.344000,-22.000000,-11.725000,24.580000
11.149,0.217000,0.751000,0.690000,9.412000,-15.237000,-10.649000,24.580000
11.160,0.172000,0.767000,0.704000,8.695000,-9.725000,-11.939000,24.580000
11.173,0.137000,0.778000,0.707000,6.053000,-6.214000,-12.916000,24.580000
11.180,0.107000,0.797000,0.695000,3.832000,-6.855000,-13.206000,24.580000
11.193,0.099000,0.785000,0.673000,0.420000,-8.893000,-14.351000,24.530000
11.200,0.134000,0.776000,0.652000,-1.389000,-10.916000,-14.061000,24.530000
11.212,0.157000,0.772000,0.619000,-0.763000,-11.763000,-10.023000,24.530000
11.219,0.159000,0.765000,0.579000,-0.229000,-9.580000,-6.237000,24.530000
11.232,0.165000,0.753000,0.547000,2.122000,-7.282000,-1.405000,24.530000
11.239,0.134000,0.754000,0.538000,4.183000,-4.779000,3.153000,24.530000
11.252,0.091000,0.758000,0.533000,5.679000,-3.786000,4.550000,24.620000
11.260,0.070000,0.757000,0.528000,7.740000,-3.870000,3.489000,24.580000
11.272,0.051000,0.764000,0.555000,11.885000,-5.435000,3.153000,24.580000
11.279,0.041000,0.770000,0.565000,13.023000,-6.687000,3.458000,24.480000
11.292,0.051000,0.775000,0.550000,11.779000,-7.397000,2.038000,24.580000
11.299,0.077000,0.765000,0.540000,15.038000,-8.855000,4.962000,24.670000
11.312,0.088000,0.776000,0.538000,15.733000,-6.031000,6.588000,24.580000
11.319,0.104000,0.791000,0.539000,16.122000,-2.748000,7.427000,24.480000
11.331,0.080000,0.781000,0.542000,17.130000,0.099000,6.313000,24.620000
11.338,0.046000,0.780000,0.564000,16.588000,-1.229000,4.145000,24.530000
11.351,0.046000,0.798000,0.573000,16.252000,-6.725000,1.634000,24.620000
11.358,0.048000,0.844000,0.613000,11.985000,-13.435000,-3.588000,24.620000
11.370,0.085000,0.824000,0.627000,7.611000,-22.832000,-4.107000,24.620000
11.383,0.130000,0.793000,0.632000,7.275000,-31.702000,-0.603000,24.530000
11.392,0.201000,0.791000,0.622000,7.344000,-34.206000,0.580000,24.620000
11.403,0.263000,0.792000,0.615000,7.687000,-34.336000,1.519000,24.480000
11.411,0.292000,0.823000,0.652000,8.015000,-33.130000,3.374000,24.580000
11.423,0.342000,0.843000,0.673000,6.282000,-32.153000,7.855000,24.580000
11.430,0.360000,0.828000,0.693000,3.198000,-31.496000,13.992000,24.580000
11.442,0.381000,0.796000,0.657000,2.603000,-32.015000,19.450000,24.480000
11.450,0.437000,0.779000,0.639000,2.786000,-28.282000,23.382000,24.480000
11.462,0.468000,0.729000,0.651000,5.763000,-17.008000,23.840000,24.580000
11.469,0.445000,0.707000,0.672000,10.260000,-6.618000,23.924000,24.530000
11.482,0.355000,0.698000,0.731000,10.779000,-4.473000,20.977000,24.440000
11.491,0.298000,0.718000,0.799000,8.153000,-13.916000,13.840000,24.530000
11.502,0.386000,0.763000,0.825000,6.252000,-19.038000,0.351000,24.530000
11.510,0.549000,0.824000,0.841000,10.756000,-14.779000,-6.496000,24.530000
11.521,0.663000,0.895000,0.837000,10.656000,-5.992000,-5.992000,24.620000
11.529,0.739000,0.956000,0.858000,5.069000,8.687000,1.779000,24.580000
11.542,0.704000,0.968000,0.843000,-3.351000,21.687000,15.580000,24.580000
11.549,0.610000,0.967000,0.823000,-11.756000,22.969000,26.992000,24.580000
11.561,0.540000,0.938000,0.805000,-18.771000,14.931000,32.939000,24.480000
11.573,0.543000,0.908000,0.744000,-24.855000,10.267000,34.939000,24.580000
11.580,0.549000,0.865000,0.671000,-22.878000,2.397000,38.870000,24.580000
11.593,0.588000,0.835000,0.609000,-17.374000,-0.069000,41.313000,24.580000
11.601,0.659000,0.866000,0.587000,-10.450000,5.076000,46.687000,24.580000
11.612,0.639000,0.925000,0.634000,1.649000,11.237000,56.573000,24.580000
11.620,0.583000,0.981000,0.716000,2.840000,21.176000,64.779000,24.480000
11.632,0.471000,1.041000,0.778000,0.618000,29.588000,68.947000,24.620000
11.639,0.416000,1.081000,0.837000,-1.191000,36.237000,66.565000,24.530000
11.652,0.345000,1.003000,0.837000,-8.679000,40.153000,60.504000,24.530000
11.660,0.352000,0.969000,0.823000,-10.023000,39.443000,58.588000,24.620000
11.671,0.332000,0.973000,0.835000,-11.603000,33.183000,58.313000,24.620000
11.678,0.343000,0.997000,0.828000,-14.023000,29.107000,59.534000,24.580000
11.692,0.340000,1.052000,0.855000,-16.061000,27.427000,66.328000,24.580000
11.703,0.315000,1.081000,0.882000,-18.573000,30.237000,71.962000,24.580000
11.711,0.278000,1.111000,0.900000,-24.641000,35.962000,71.313000,24.580000
11.723,0.216000,1.085000,0.906000,-34.389000,36.511000,69.702000,24.580000
11.730,0.198000,1.048000,0.901000,-40.641000,36.053000,66.023000,24.580000
11.742,0.184000,1.054000,0.898000,-46.519000,34.176000,64.137000,24.580000
11.751,0.172000,1.075000,0.905000,-53.153000,30.908000,64.817000,24.530000
11.762,0.158000,1.091000,0.927000,-60.313000,30.450000,66.489000,24.530000
11.769,0.167000,1.091000,0.907000,-71.580000,33.656000,67.115000,24.440000
11.781,0.191000,1.018000,0.825000,-79.519000,39.840000,65.046000,24.530000
11.788,0.186000,0.899000,0.713000,-79.015000,42.458000,60.947000,24.440000
11.802,0.169000,0.810000,0.651000,-71.924000,37.519000,60.031000,24.620000
11.814,0.138000,0.813000,0.654000,-61.290000,25.519000,59.832000,24.620000
11.821,0.093000,0.849000,0.714000,-57.389000,9.374000,61.679000,24.580000
11.833,0.115000,0.854000,0.781000,-60.046000,-3.794000,62.542000,24.580000
11.842,0.191000,0.856000,0.833000,-63.191000,-9.977000,58.427000,24.580000
11.853,0.251000,0.839000,0.863000,-63.214000,-10.679000,56.374000,24.580000
11.861,0.295000,0.854000,0.859000,-63.107000,-6.595000,57.893000,24.580000
11.872,0.287000,0.841000,0.857000,-63.038000,-2.702000,62.855000,24.580000
11.878,0.222000,0.850000,0.856000,-63.336000,-3.374000,67.779000,24.620000
11.892,0.153000,0.872000,0.884000,-67.748000,-11.069000,69.481000,24.620000
11.899,0.101000,0.852000,0.871000,-70.359000,-21.832000,67.840000,24.620000
11.910,0.136000,0.852000,0.853000,-69.183000,-27.908000,61.382000,24.620000
11.923,0.167000,0.813000,0.809000,-68.565000,-31.504000,56.221000,24.620000
11.929,0.180000,0.739000,0.740000,-63.588000,-33.504000,50.183000,24.620000
11.942,0.205000,0.690000,0.695000,-56.237000,-36.504000,42.573000,24.580000
11.951,0.207000,0.674000,0.679000,-47.672000,-44.206000,40.603000,24.580000
11.962,0.207000,0.733000,0.724000,-41.916000,-52.870000,41.260000,24.480000
11.969,0.249000,0.815000,0.778000,-43.916000,-57.733000,39.939000,24.580000
11.981,0.370000,0.856000,0.789000,-52.015000,-53.557000,42.405000,24.580000
11.993,0.467000,0.818000,0.767000,-59.130000,-43.534000,50.756000,24.580000
12.001,0.484000,0.750000,0.750000,-57.313000,-28.344000,57.580000,24.620000
12.013,0.439000,0.742000,0.760000,-57.130000,-17.740000,65.687000,24.530000
12.019,0.324000,0.706000,0.735000,-57.321000,-16.802000,65.534000,24.530000
12.032,0.290000,0.708000,0.726000,-53.252000,-21.244000,63.733000,24.530000
12.039,0.327000,0.737000,0.727000,-54.832000,-20.076000,62.710000,24.620000
12.051,0.357000,0.689000,0.688000,-55.687000,-14.641000,64.763000,24.530000
12.059,0.362000,0.635000,0.674000,-56.603000,-6.634000,68.580000,24.620000
12.071,0.282000,0.534000,0.593000,-55.794000,-2.634000,69.435000,24.670000
12.083,0.199000,0.479000,0.565000,-45.855000,-1.382000,59.397000,24.580000
12.092,0.140000,0.492000,0.572000,-38.198000,-7.542000,48.817000,24.670000
12.103,0.098000,0.440000,0.556000,-28.176000,-15.076000,34.687000,24.580000
12.111,0.103000,0.445000,0.562000,-19.832000,-23.084000,21.374000,24.670000
12.121,0.130000,0.438000,0.577000,-12.527000,-31.313000,13.550000,24.580000
12.129,0.136000,0.448000,0.592000,-2.145000,-44.435000,13.168000,24.480000
12.142,0.191000,0.470000,0.635000,5.191000,-52.496000,12.290000,24.480000
12.149,0.248000,0.474000,0.617000,5.321000,-58.427000,15.099000,24.670000
12.161,0.299000,0.448000,0.554000,10.840000,-62.260000,19.229000,24.530000
12.167,0.411000,0.451000,0.598000,12.321000,-59.374000,21.679000,24.620000
12.180,0.422000,0.483000,0.582000,10.389000,-61.031000,31.214000,24.530000
12.193,0.459000,0.494000,0.611000,8.298000,-56.260000,36.649000,24.530000
12.201,0.457000,0.499000,0.613000,2.053000,-46.160000,41.252000,24.580000
12.212,0.479000,0.466000,0.605000,-0.397000,-32.252000,46.977000,24.580000
12.220,0.500000,0.434000,0.607000,-3.366000,-7.878000,38.412000,24.580000
12.232,0.408000,0.423000,0.582000,-10.153000,8.336000,37.191000,24.580000
12.239,0.334000,0.354000,0.544000,-11.061000,18.893000,32.115000,24.580000
12.252,0.226000,0.358000,0.569000,-10.550000,15.908000,29.710000,24.480000
12.260,0.184000,0.346000,0.596000,-13.427000,6.985000,29.237000,24.620000
12.271,0.234000,0.346000,0.622000,-11.206000,2.916000,28.260000,24.530000
12.278,0.318000,0.366000,0.658000,-17.031000,12.786000,24.405000,24.530000
12.292,0.334000,0.337000,0.683000,-29.771000,26.588000,24.260000,24.530000
12.303,0.294000,0.329000,0.663000,-43.756000,40.695000,23.031000,24.530000
12.310,0.260000,0.250000,0.644000,-59.542000,53.122000,16.176000,24.620000
12.323,0.187000,0.141000,0.570000,-64.939000,57.282000,10.817000,24.670000
12.330,0.091000,0.099000,0.527000,-55.687000,46.809000,4.992000,24.480000
12.342,0.083000,0.095000,0.503000,-47.611000,27.260000,3.748000,24.580000
12.351,0.109000,0.052000,0.495000,-35.855000,7.656000,3.496000,24.580000
12.362,0.187000,0.029000,0.514000,-21.947000,-5.351000,2.137000,24.480000
12.369,0.252000,0.004000,0.504000,-17.565000,-9.191000,-0.649000,24.480000
12.381,0.298000,0.017000,0.490000,-6.702000,-11.840000,-2.206000,24.480000
12.391,0.271000,0.066000,0.473000,-1.015000,-14.725000,-3.817000,24.530000
12.401,0.310000,0.072000,0.511000,-0.153000,-11.366000,-5.977000,24.440000
12.409,0.276000,0.051000,0.523000,-2.511000,-11.275000,-5.901000,24.530000
12.421,0.255000,0.016000,0.524000,-1.595000,-10.183000,-9.908000,24.530000
12.433,0.250000,0.002000,0.508000,-0.916000,-11.878000,-13.763000,24.530000
12.442,0.266000,-0.025000,0.483000,6.656000,-22.351000,-14.031000,24.530000
12.453,0.310000,-0.031000,0.486000,17.107000,-30.099000,-14.840000,24.580000
12.461,0.370000,0.016000,0.490000,23.435000,-35.611000,-15.252000,24.670000
12.472,0.411000,0.034000,0.548000,27.359000,-38.412000,-13.641000,24.480000
12.478,0.409000,0.082000,0.605000,27.626000,-41.382000,-7.321000,24.480000
12.492,0.421000,0.104000,0.615000,27.153000,-43.901000,-3.237000,24.580000
12.499,0.490000,0.149000,0.632000,26.023000,-41.595000,-5.420000,24.580000
12.510,0.604000,0.188000,0.629000,20.458000,-28.565000,-10.206000,24.580000
12.523,0.652000,0.186000,0.606000,15.679000,-15.573000,-8.458000,24.440000
12.530,0.634000,0.112000,0.648000,17.878000,-3.145000,-5.008000,24.530000
12.543,0.465000,0.137000,0.646000,15.084000,-1.290000,-4.534000,24.620000
12.551,0.415000,0.141000,0.644000,17.840000,-7.954000,-5.466000,24.530000
12.562,0.388000,0.159000,0.668000,20.573000,-11.885000,-9.511000,24.530000
12.569,0.407000,0.198000,0.687000,18.710000,-12.031000,-14.244000,24.530000
12.581,0.448000,0.201000,0.672000,17.321000,-12.122000,-17.802000,24.620000
12.589,0.464000,0.202000,0.708000,16.099000,-8.382000,-23.466000,24.580000
12.601,0.461000,0.187000,0.731000,13.481000,-9.443000,-22.603000,24.580000
12.607,0.430000,0.187000,0.750000,11.290000,-15.031000,-17.687000,24.580000
12.620,0.450000,0.224000,0.743000,2.985000,-16.672000,-15.756000,24.480000
12.633,0.517000,0.238000,0.669000,-0.061000,-18.847000,-14.855000,24.480000
12.642,0.582000,0.228000,0.634000,3.855000,-17.969000,-16.183000,24.480000
12.653,0.592000,0.245000,0.638000,7.359000,-20.198000,-13.061000,24.580000
12.661,0.621000,0.252000,0.645000,7.573000,-19.427000,-9.115000,24.580000
12.672,0.648000,0.243000,0.655000,5.878000,-13.321000,-2.855000,24.530000
12.679,0.573000,0.236000,0.678000,0.527000,-5.290000,0.458000,24.530000
12.692,0.501000,0.231000,0.642000,-4.351000,-2.916000,-0.130000,24.530000
12.699,0.509000,0.217000,0.602000,-3.160000,-3.718000,-4.450000,24.530000
12.712,0.528000,0.210000,0.569000,0.443000,-3.313000,-8.695000,24.580000
12.719,0.532000,0.187000,0.553000,5.702000,-3.382000,-11.962000,24.580000
12.731,0.518000,0.184000,0.573000,12.191000,-4.916000,-13.015000,24.480000
12.738,0.471000,0.167000,0.612000,18.504000,-10.328000,-9.824000,24.480000
12.751,0.431000,0.202000,0.659000,19.351000,-15.756000,-7.496000,24.580000
12.763,0.455000,0.248000,0.633000,17.679000,-19.664000,-8.847000,24.580000
12.770,0.534000,0.270000,0.612000,18.725000,-20.763000,-15.725000,24.620000
12.782,0.573000,0.292000,0.601000,20.351000,-19.260000,-20.832000,24.620000
12.789,0.596000,0.310000,0.608000,22.412000,-16.214000,-23.458000,24.530000
12.802,0.615000,0.321000,0.631000,23.061000,-14.771000,-18.710000,24.530000
12.810,0.634000,0.294000,0.655000,21.412000,-6.809000,-16.519000,24.530000
12.821,0.576000,0.274000,0.688000,18.588000,0.305000,-11.466000,24.620000
12.829,0.455000,0.303000,0.691000,9.366000,2.786000,-8.000000,24.580000
12.842,0.391000,0.287000,0.644000,8.901000,-5.115000,-10.809000,24.670000
12.849,0.421000,0.307000,0.624000,13.557000,-11.702000,-19.534000,24.580000
12.863,0.489000,0.346000,0.621000,16.344000,-16.489000,-24.878000,24.580000
12.873,0.548000,0.383000,0.657000,15.702000,-18.313000,-25.321000,24.670000
12.879,0.561000,0.373000,0.707000,13.397000,-15.695000,-24.191000,24.670000
12.892,0.574000,0.354000,0.773000,7.076000,-7.580000,-18.695000,24.530000
12.900,0.528000,0.363000,0.812000,-4.985000,-2.115000,-6.992000,24.620000
12.912,0.427000,0.346000,0.748000,-11.756000,-3.710000,-2.557000,24.620000
12.919,0.421000,0.401000,0.703000,-12.511000,-11.565000,-5.519000,24.620000
12.931,0.443000,0.417000,0.701000,-6.000000,-23.878000,-10.107000,24.620000
12.938,0.499000,0.458000,0.716000,1.221000,-29.237000,-13.237000,24.530000
12.951,0.583000,0.548000,0.769000,-1.420000,-30.252000,-15.672000,24.480000
12.963,0.662000,0.589000,0.821000,-14.611000,-21.237000,-20.305000,24.580000
12.970,0.675000,0.614000,0.883000,-35.481000,-6.611000,-23.061000,24.480000
12.982,0.665000,0.564000,0.898000,-53.733000,6.878000,-21.771000,24.480000
12.989,0.616000,0.531000,0.844000,-63.313000,13.641000,-22.832000,24.580000
13.002,0.583000,0.561000,0.809000,-66.931000,12.489000,-26.824000,24.580000
13.010,0.620000,0.577000,0.796000,-67.863000,7.282000,-26.267000,24.530000
13.021,0.688000,0.573000,0.824000,-71.008000,6.641000,-23.573000,24.530000
13.028,0.738000,0.610000,0.850000,-78.893000,14.458000,-23.107000,24.530000
13.042,0.775000,0.647000,0.884000,-89.771000,26.824000,-20.366000,24.620000
13.053,0.765000,0.660000,0.918000,-105.901000,41.893000,-15.359000,24.530000
13.060,0.730000,0.593000,0.925000,-120.595000,56.969000,-11.206000,24.620000
13.072,0.691000,0.497000,0.910000,-132.382000,74.611000,-12.267000,24.580000
13.078,0.605000,0.457000,0.853000,-139.603000,79.573000,-10.252000,24.580000
13.092,0.503000,0.414000,0.786000,-135.901000,70.023000,-6.588000,24.480000
13.098,0.505000,0.372000,0.811000,-125.298000,62.267000,-5.550000,24.580000
13.111,0.523000,0.409000,0.827000,-118.779000,57.534000,-5.389000,24.580000
13.123,0.544000,0.425000,0.827000,-118.214000,54.832000,-0.916000,24.670000
13.130,0.538000,0.380000,0.829000,-118.710000,58.214000,0.580000,24.580000
13.142,0.527000,0.295000,0.843000,-118.954000,62.069000,-3.000000,24.580000
13.151,0.471000,0.301000,0.846000,-121.473000,60.603000,-10.763000,24.670000
13.162,0.535000,0.293000,0.894000,-129.870000,62.153000,-18.137000,24.620000
13.169,0.552000,0.219000,0.860000,-131.672000,63.962000,-19.901000,24.620000
13.181,0.601000,0.181000,0.858000,-126.412000,71.817000,-22.573000,24.530000
13.193,0.536000,0.213000,0.841000,-121.985000,72.244000,-19.641000,24.670000
13.200,0.486000,0.218000,0.854000,-118.588000,66.061000,-15.550000,24.580000
13.212,0.416000,0.252000,0.930000,-114.733000,50.214000,-5.221000,24.580000
13.219,0.461000,0.365000,1.059000,-119.275000,38.962000,11.298000,24.580000
13.231,0.568000,0.343000,1.096000,-133.664000,49.664000,21.718000,24.480000
13.239,0.736000,0.376000,1.096000,-153.168000,86.336000,16.603000,24.670000
13.251,0.754000,0.383000,1.060000,-176.237000,132.679000,9.641000,24.580000
13.264,0.589000,0.292000,0.973000,-193.168000,174.664000,-3.168000,24.530000
13.270,0.388000,0.195000,0.913000,-200.542000,199.061000,-15.473000,24.620000
13.282,0.201000,0.135000,0.861000,-199.328000,198.031000,-22.924000,24.530000
13.288,0.066000,0.018000,0.863000,-191.863000,181.237000,-26.511000,24.620000
13.301,0.038000,-0.026000,0.863000,-182.565000,153.794000,-21.702000,24.530000
13.313,0.077000,-0.046000,0.865000,-177.550000,134.168000,-8.412000,24.530000
13.320,0.192000,-0.137000,0.834000,-174.809000,138.031000,-5.985000,24.580000
13.332,0.211000,-0.175000,0.773000,-173.969000,156.153000,-10.863000,24.670000
13.339,0.146000,-0.253000,0.715000,-170.053000,175.603000,-23.053000,24.670000
13.351,0.019000,-0.400000,0.639000,-157.748000,182.229000,-36.221000,24.480000
13.363,-0.156000,-0.427000,0.645000,-140.290000,168.015000,-44.504000,24.580000
13.369,-0.296000,-0.262000,0.781000,-123.756000,125.076000,-34.244000,24.670000
13.381,-0.332000,0.029000,0.972000,-144.252000,77.863000,-7.573000,24.580000
13.389,-0.258000,-0.131000,0.945000,-163.122000,42.450000,9.206000,24.720000
13.402,-0.122000,-0.296000,0.808000,-163.733000,25.305000,14.786000,24.620000
13.413,0.087000,-0.506000,0.671000,-151.954000,34.557000,5.832000,24.620000
13.420,0.283000,-0.613000,0.561000,-128.382000,77.176000,-11.542000,24.620000
13.432,0.403000,-0.421000,0.643000,-109.824000,123.603000,-21.000000,24.720000
13.439,0.105000,-0.170000,0.869000,-116.664000,138.389000,-13.160000,24.530000
13.451,-0.282000,-0.023000,0.986000,-145.855000,131.542000,-6.336000,24.670000
13.463,-0.522000,-0.208000,0.979000,-164.122000,106.107000,-10.260000,24.670000
13.469,-0.588000,-0.417000,0.904000,-159.412000,57.099000,-18.412000,24.580000
13.482,-0.498000,-0.556000,0.848000,-149.817000,2.588000,-14.794000,24.580000
13.489,-0.229000,-0.734000,0.738000,-128.458000,-17.916000,-13.718000,24.580000
13.501,0.137000,-0.680000,0.658000,-109.214000,-5.656000,-16.817000,24.670000
13.513,0.330000,-0.510000,0.770000,-103.160000,29.496000,-10.855000,24.720000
13.519,0.198000,-0.298000,0.905000,-111.550000,55.374000,-2.550000,24.530000
13.532,0.018000,-0.131000,0.993000,-138.992000,72.519000,6.038000,24.720000
13.539,-0.276000,-0.380000,0.888000,-146.634000,62.748000,6.183000,24.620000
13.552,-0.436000,-0.620000,0.747000,-140.832000,29.015000,2.107000,24.530000
13.559,-0.345000,-0.690000,0.656000,-133.649000,-8.466000,3.527000,24.530000
13.570,-0.076000,-0.823000,0.543000,-128.847000,-16.168000,-1.473000,24.530000
13.582,0.319000,-0.937000,0.406000,-110.031000,20.550000,-14.702000,24.580000
13.589,0.502000,-0.842000,0.394000,-89.038000,70.305000,-15.229000,24.580000
13.602,0.347000,-0.722000,0.445000,-75.405000,117.023000,-7.351000,24.580000
13.609,0.068000,-0.710000,0.479000,-64.702000,142.832000,-1.969000,24.670000
13.620,-0.223000,-0.647000,0.540000,-56.519000,130.656000,4.603000,24.580000
13.633,-0.311000,-0.455000,0.717000,-71.374000,95.908000,23.924000,24.480000
13.642,-0.357000,-0.541000,0.700000,-95.237000,69.626000,26.206000,24.670000
13.652,-0.217000,-0.816000,0.500000,-99.527000,51.763000,12.458000,24.580000
13.659,-0.038000,-1.036000,0.375000,-88.336000,59.244000,-1.183000,24.670000
13.671,0.063000,-1.030000,0.268000,-68.260000,75.282000,-12.695000,24.530000
13.678,0.035000,-0.959000,0.306000,-50.763000,89.908000,-26.458000,24.530000
13.692,0.065000,-0.647000,0.485000,-48.740000,90.496000,-24.130000,24.620000
13.703,0.026000,-0.437000,0.646000,-71.099000,91.802000,-15.573000,24.530000
13.710,-0.179000,-0.599000,0.526000,-94.748000,61.710000,-3.687000,24.620000
13.722,-0.165000,-0.803000,0.440000,-100.260000,40.878000,12.122000,24.480000
13.728,-0.100000,-0.828000,0.348000,-96.779000,20.534000,31.885000,24.770000
13.742,0.081000,-0.905000,0.222000,-90.878000,34.282000,34.008000,24.580000
13.747,0.199000,-0.909000,0.109000,-77.183000,67.137000,28.260000,24.580000
13.761,0.141000,-0.921000,0.121000,-62.840000,103.733000,17.985000,24.580000
13.772,-0.067000,-1.008000,0.083000,-48.817000,126.588000,3.885000,24.580000
13.779,-0.232000,-0.996000,0.114000,-38.725000,125.794000,-5.931000,24.670000
13.792,-0.330000,-0.998000,0.119000,-29.397000,104.908000,-6.511000,24.620000
13.800,-0.297000,-1.010000,0.115000,-19.389000,83.779000,-2.099000,24.530000
13.811,-0.172000,-0.990000,0.085000,-7.733000,75.687000,5.893000,24.530000
13.823,-0.084000,-0.883000,0.135000,-6.931000,73.214000,14.389000,24.620000
13.830,-0.170000,-0.920000,0.154000,-14.053000,64.015000,18.511000,24.530000
13.842,-0.201000,-0.934000,0.205000,-18.466000,53.031000,24.366000,24.530000
13.850,-0.225000,-0.981000,0.282000,-21.702000,41.435000,29.656000,24.580000
13.861,-0.285000,-1.081000,0.286000,-23.573000,25.992000,34.252000,24.580000
13.869,-0.252000,-1.151000,0.284000,-20.779000,22.038000,34.389000,24.580000
13.881,-0.239000,-1.121000,0.314000,-16.931000,22.061000,29.718000,24.480000
13.894,-0.225000,-1.185000,0.278000,-13.649000,30.198000,17.046000,24.580000
13.901,-0.169000,-1.173000,0.256000,-3.351000,45.649000,2.267000,24.670000
13.913,-0.203000,-1.192000,0.233000,6.893000,59.870000,-9.939000,24.580000
13.921,-0.204000,-1.223000,0.182000,17.870000,74.527000,-16.634000,24.580000
13.932,-0.258000,-1.121000,0.192000,26.550000,83.656000,-17.252000,24.530000
13.939,-0.425000,-1.092000,0.216000,27.038000,71.527000,-11.626000,24.620000
13.952,-0.510000,-1.141000,0.199000,27.809000,53.931000,-7.435000,24.440000
13.963,-0.539000,-1.135000,0.227000,32.260000,32.374000,-10.107000,24.620000
13.970,-0.553000,-1.161000,0.315000,33.382000,11.550000,-23.863000,24.530000
13.982,-0.511000,-1.203000,0.350000,30.542000,-3.977000,-44.435000,24.620000
13.989,-0.413000,-1.260000,0.318000,29.382000,-16.198000,-63.969000,24.580000
14.001,-0.294000,-1.251000,0.272000,33.672000,-22.237000,-75.420000,24.580000
14.008,-0.167000,-1.117000,0.283000,35.870000,-23.511000,-78.977000,24.480000
14.020,-0.078000,-0.951000,0.318000,27.756000,-21.229000,-74.015000,24.670000
14.032,-0.040000,-0.859000,0.354000,12.786000,-20.237000,-60.634000,24.480000
14.039,-0.041000,-0.860000,0.347000,-2.695000,-16.573000,-47.031000,24.580000
14.052,-0.079000,-0.894000,0.335000,-18.366000,-15.496000,-36.122000,24.530000
14.059,-0.112000,-1.001000,0.284000,-27.023000,-14.817000,-28.244000,24.530000
14.070,-0.137000,-1.095000,0.201000,-25.588000,-12.710000,-26.076000,24.620000
14.082,-0.156000,-1.177000,0.147000,-15.527000,-9.985000,-32.496000,24.620000
14.089,-0.156000,-1.178000,0.118000,-0.664000,-5.130000,-41.603000,24.620000
14.102,-0.165000,-1.131000,0.125000,13.321000,-5.092000,-47.710000,24.530000
14.109,-0.172000,-1.083000,0.135000,21.641000,-6.473000,-50.832000,24.580000
14.121,-0.116000,-1.027000,0.156000,27.176000,-7.244000,-50.084000,24.480000
14.133,-0.074000,-0.985000,0.168000,29.466000,-7.634000,-44.115000,24.580000
14.142,-0.044000,-0.944000,0.190000,27.702000,-5.389000,-35.214000,24.580000
14.152,-0.046000,-0.895000,0.223000,25.420000,-4.573000,-25.305000,24.580000
14.160,-0.093000,-0.893000,0.264000,22.221000,-7.221000,-18.061000,24.580000
14.171,-0.106000,-0.922000,0.296000,18.191000,-10.458000,-13.504000,24.580000
14.177,-0.078000,-0.956000,0.311000,19.656000,-11.397000,-10.023000,24.580000
14.192,-0.071000,-0.970000,0.341000,22.420000,-11.214000,-7.588000,24.580000
14.203,-0.068000,-0.973000,0.363000,22.481000,-10.366000,-6.328000,24.580000
14.210,-0.061000,-0.960000,0.396000,22.374000,-9.115000,-4.191000,24.620000
14.222,-0.040000,-0.920000,0.445000,19.931000,-6.351000,-0.679000,24.620000
14.229,-0.036000,-0.887000,0.447000,14.679000,-5.412000,4.863000,24.620000
14.242,-0.039000,-0.896000,0.457000,9.756000,-7.863000,14.366000,24.720000
14.249,-0.048000,-0.897000,0.470000,1.580000,-10.115000,22.076000,24.580000
14.261,-0.059000,-0.960000,0.455000,-4.756000,-14.351000,28.412000,24.670000
14.273,-0.086000,-1.068000,0.424000,-7.511000,-18.916000,33.053000,24.480000
14.279,-0.075000,-1.140000,0.398000,-3.695000,-16.557000,33.511000,24.580000
14.292,-0.078000,-1.159000,0.397000,4.145000,-10.794000,30.840000,24.580000
14.301,-0.129000,-1.140000,0.402000,9.840000,-6.840000,23.832000,24.580000
14.312,-0.196000,-1.159000,0.397000,12.603000,-6.511000,16.489000,24.530000
14.319,-0.233000,-1.167000,0.378000,13.137000,-11.061000,12.695000,24.620000
14.331,-0.228000,-1.168000,0.338000,12.779000,-17.069000,11.336000,24.620000
14.343,-0.152000,-1.194000,0.312000,16.305000,-15.969000,8.359000,24.620000
14.350,-0.101000,-1.218000,0.271000,23.359000,-5.557000,2.023000,24.530000
14.363,-0.125000,-1.234000,0.257000,34.718000,5.206000,-5.443000,24.720000
14.369,-0.166000,-1.263000,0.274000,47.725000,16.061000,-17.405000,24.530000
14.381,-0.225000,-1.228000,0.292000,58.603000,22.237000,-30.756000,24.580000
14.389,-0.290000,-1.167000,0.331000,66.053000,20.664000,-42.832000,24.580000
14.401,-0.311000,-1.081000,0.363000,68.305000,13.382000,-50.496000,24.580000
14.413,-0.274000,-1.021000,0.354000,67.252000,1.664000,-47.855000,24.580000
14.420,-0.250000,-0.960000,0.355000,63.252000,-7.076000,-42.969000,24.580000
14.432,-0.206000,-0.938000,0.349000,60.863000,-12.855000,-37.969000,24.580000
14.439,-0.166000,-0.898000,0.351000,59.817000,-14.756000,-32.908000,24.580000
14.452,-0.189000,-0.907000,0.400000,58.282000,-20.496000,-28.695000,24.620000
14.460,-0.192000,-0.937000,0.468000,55.718000,-25.198000,-28.229000,24.530000
14.470,-0.186000,-0.922000,0.521000,50.382000,-33.756000,-26.305000,24.530000
14.483,-0.144000,-0.956000,0.532000,47.084000,-38.985000,-25.267000,24.620000
14.489,-0.069000,-0.927000,0.550000,41.977000,-39.771000,-21.969000,24.620000
14.501,-0.025000,-0.891000,0.573000,36.496000,-37.992000,-18.260000,24.620000
14.509,-0.033000,-0.903000,0.569000,32.252000,-35.626000,-18.031000,24.580000
14.520,-0.070000,-0.950000,0.563000,30.908000,-36.076000,-17.817000,24.580000
14.533,-0.104000,-0.953000,0.551000,30.267000,-40.305000,-16.901000,24.580000
14.539,-0.077000,-0.951000,0.547000,29.763000,-41.702000,-18.382000,24.670000
14.552,0.035000,-0.865000,0.567000,26.489000,-34.229000,-17.542000,24.580000
14.559,0.070000,-0.797000,0.601000,20.008000,-25.550000,-13.206000,24.480000
14.571,0.021000,-0.811000,0.615000,15.947000,-21.893000,-6.176000,24.580000
14.583,-0.083000,-0.834000,0.621000,10.466000,-24.656000,0.092000,24.620000
14.592,-0.213000,-0.853000,0.621000,3.687000,-42.405000,8.321000,24.620000
14.603,-0.281000,-0.899000,0.634000,-1.511000,-66.573000,13.366000,24.620000
14.610,-0.256000,-0.933000,0.573000,-9.664000,-87.634000,13.000000,24.530000
14.622,-0.042000,-1.048000,0.465000,-3.687000,-80.672000,-3.664000,24.720000
14.628,0.203000,-1.164000,0.339000,20.389000,-49.992000,-28.359000,24.620000
14.642,0.336000,-1.152000,0.300000,53.466000,-4.672000,-47.511000,24.530000
14.648,0.342000,-1.011000,0.383000,79.931000,36.809000,-51.374000,24.670000
14.660,0.127000,-0.892000,0.480000,91.725000,56.237000,-47.229000,24.670000
14.673,-0.103000,-0.788000,0.593000,88.794000,49.656000,-36.695000,24.580000
14.679,-0.253000,-0.710000,0.686000,69.954000,19.725000,-22.473000,24.670000
14.692,-0.335000,-0.722000,0.718000,52.069000,-18.611000,-10.473000,24.670000
14.699,-0.239000,-0.749000,0.680000,36.420000,-52.756000,-4.534000,24.670000
14.711,-0.066000,-0.828000,0.608000,33.244000,-71.557000,-2.496000,24.580000
14.723,0.052000,-0.929000,0.513000,43.542000,-71.069000,-7.748000,24.580000
14.730,0.116000,-0.917000,0.475000,57.702000,-61.115000,-16.176000,24.670000
14.742,0.193000,-0.856000,0.521000,71.344000,-44.511000,-20.901000,24.580000
14.750,0.182000,-0.770000,0.593000,78.840000,-30.595000,-21.191000,24.620000
14.762,0.140000,-0.691000,0.675000,73.947000,-20.443000,-13.443000,24.620000
14.768,0.082000,-0.583000,0.728000,53.275000,-22.977000,-2.473000,24.530000
14.781,0.033000,-0.623000,0.706000,42.641000,-32.473000,9.641000,24.720000
14.793,0.034000,-0.631000,0.664000,29.382000,-42.275000,21.076000,24.670000
14.801,0.055000,-0.691000,0.609000,23.786000,-52.595000,32.550000,24.580000
14.813,0.082000,-0.768000,0.564000,26.405000,-53.260000,35.466000,24.580000
14.820,0.115000,-0.791000,0.527000,34.229000,-44.985000,29.389000,24.580000
14.832,0.071000,-0.830000,0.522000,45.695000,-37.008000,19.412000,24.670000
14.839,0.080000,-0.839000,0.511000,59.786000,-24.214000,6.710000,24.670000
14.852,0.110000,-0.742000,0.526000,71.153000,-8.901000,-3.947000,24.580000
14.859,0.140000,-0.646000,0.576000,80.519000,2.542000,-8.992000,24.670000
14.871,0.155000,-0.496000,0.716000,82.160000,10.985000,-5.458000,24.620000
14.878,0.130000,-0.397000,0.820000,71.420000,11.802000,5.046000,24.720000
14.892,0.043000,-0.437000,0.879000,48.557000,-0.145000,22.618000,24.620000
14.903,-0.024000,-0.560000,0.839000,24.580000,-16.603000,41.031000,24.620000
14.910,-0.026000,-0.652000,0.761000,12.031000,-32.740000,56.237000,24.620000
14.922,0.030000,-0.748000,0.680000,9.015000,-37.931000,60.344000,24.620000
14.929,0.094000,-0.738000,0.618000,21.313000,-31.115000,53.916000,24.620000
14.942,0.076000,-0.723000,0.635000,37.618000,-24.611000,39.084000,24.670000
14.949,0.016000,-0.714000,0.663000,52.214000,-17.275000,18.908000,24.670000
14.961,-0.044000,-0.642000,0.694000,61.618000,-21.992000,5.382000,24.580000
14.973,-0.098000,-0.685000,0.719000,64.863000,-42.366000,-5.397000,24.580000
14.980,-0.016000,-0.694000,0.687000,67.130000,-57.153000,-12.649000,24.580000
14.992,0.125000,-0.555000,0.670000,61.359000,-68.740000,-4.519000,24.670000
15.001,0.223000,-0.496000,0.649000,54.802000,-73.496000,11.924000,24.580000
15.012,0.314000,-0.458000,0.634000,46.374000,-64.679000,26.649000,24.620000
15.019,0.309000,-0.422000,0.648000,41.916000,-56.870000,39.053000,24.620000
15.031,0.244000,-0.470000,0.666000,42.122000,-50.061000,42.870000,24.530000
15.044,0.204000,-0.430000,0.695000,41.802000,-43.863000,47.672000,24.620000
15.051,0.115000,-0.394000,0.717000,36.191000,-47.672000,51.183000,24.530000
15.063,0.035000,-0.365000,0.727000,23.466000,-60.137000,48.084000,24.620000
15.070,0.003000,-0.348000,0.700000,11.214000,-78.748000,41.344000,24.580000
15.082,0.017000,-0.348000,0.685000,1.878000,-98.916000,30.122000,24.670000
15.089,0.125000,-0.372000,0.607000,-3.847000,-102.565000,12.137000,24.670000
15.102,0.352000,-0.257000,0.567000,-5.916000,-83.634000,-2.321000,24.580000
15.109,0.509000,-0.173000,0.564000,-6.863000,-54.458000,-6.611000,24.670000
15.120,0.584000,-0.256000,0.493000,-5.145000,-17.099000,-5.718000,24.580000
15.133,0.584000,-0.242000,0.480000,4.626000,26.794000,0.000000,24.580000
15.142,0.420000,-0.268000,0.507000,14.374000,51.656000,14.267000,24.580000
15.153,0.201000,-0.294000,0.541000,26.031000,56.252000,31.550000,24.530000
15.160,-0.005000,-0.267000,0.598000,36.695000,41.107000,48.679000,24.620000
15.172,-0.146000,-0.278000,0.599000,37.527000,12.359000,68.557000,24.620000
15.179,-0.212000,-0.277000,0.634000,36.092000,-23.092000,87.008000,24.620000
15.192,-0.190000,-0.274000,0.721000,34.573000,-45.084000,89.389000,24.620000
15.199,-0.078000,-0.228000,0.748000,27.031000,-47.466000,70.985000,24.620000
15.211,0.147000,-0.277000,0.715000,14.901000,-22.321000,40.824000,24.670000
15.223,0.309000,-0.338000,0.660000,3.153000,11.031000,22.557000,24.670000
15.230,0.296000,-0.484000,0.627000,0.282000,30.313000,22.031000,24.580000
15.243,0.173000,-0.586000,0.631000,8.832000,33.809000,29.687000,24.580000
15.250,0.038000,-0.576000,0.708000,19.855000,18.473000,44.359000,24.670000
15.262,0.018000,-0.564000,0.783000,24.527000,5.687000,56.382000,24.580000
15.269,0.111000,-0.454000,0.819000,17.679000,9.962000,61.420000,24.580000
15.282,0.163000,-0.376000,0.860000,6.023000,22.824000,62.244000,24.670000
15.289,0.033000,-0.434000,0.872000,-4.473000,38.214000,55.832000,24.620000
15.301,-0.142000,-0.475000,0.894000,-12.588000,46.962000,43.458000,24.620000
15.310,-0.321000,-0.505000,0.878000,-18.198000,40.557000,26.855000,24.620000
15.320,-0.383000,-0.545000,0.886000,-15.603000,24.053000,8.779000,24.530000
15.333,-0.375000,-0.527000,0.857000,-14.450000,7.366000,-9.641000,24.580000
15.339,-0.288000,-0.511000,0.819000,-16.740000,-11.221000,-20.023000,24.670000
15.352,-0.166000,-0.536000,0.758000,-18.000000,-20.802000,-28.122000,24.580000
15.359,-0.085000,-0.566000,0.727000,-17.328000,-26.153000,-34.366000,24.770000
15.370,-0.031000,-0.615000,0.677000,-14.695000,-29.374000,-40.237000,24.580000
15.383,0.022000,-0.607000,0.654000,-8.855000,-31.176000,-46.718000,24.580000
15.390,0.080000,-0.585000,0.659000,-2.969000,-32.832000,-49.366000,24.580000
15.402,0.142000,-0.539000,0.662000,-0.664000,-33.153000,-46.282000,24.720000
15.410,0.220000,-0.536000,0.665000,-1.160000,-27.061000,-44.237000,24.620000
15.421,0.312000,-0.533000,0.643000,-6.550000,-12.794000,-45.710000,24.620000
15.427,0.320000,-0.589000,0.638000,-3.359000,-0.985000,-43.840000,24.720000
15.442,0.259000,-0.633000,0.648000,2.855000,4.702000,-40.763000,24.620000
15.454,0.183000,-0.633000,0.687000,11.351000,2.115000,-34.931000,24.620000
15.460,0.124000,-0.606000,0.760000,21.046000,-6.092000,-24.405000,24.670000
15.472,0.065000,-0.525000,0.843000,25.656000,-11.870000,-11.649000,24.670000
15.479,0.053000,-0.448000,0.885000,23.023000,-15.809000,-0.366000,24.580000
15.492,0.075000,-0.342000,0.923000,10.344000,-8.542000,5.206000,24.580000
15.500,0.107000,-0.291000,0.954000,-8.573000,7.565000,4.351000,24.670000
15.511,0.049000,-0.314000,0.935000,-27.863000,24.130000,-4.008000,24.670000
15.519,-0.033000,-0.340000,0.909000,-41.931000,33.115000,-19.015000,24.770000
15.530,-0.098000,-0.354000,0.865000,-49.122000,32.519000,-36.466000,24.720000
15.542,-0.098000,-0.382000,0.824000,-50.099000,27.221000,-53.099000,24.620000
15.551,-0.016000,-0.355000,0.802000,-49.718000,24.542000,-63.519000,24.530000
15.561,0.109000,-0.307000,0.772000,-51.687000,29.107000,-71.626000,24.720000
15.569,0.226000,-0.273000,0.739000,-55.733000,42.977000,-78.496000,24.720000
15.581,0.300000,-0.276000,0.684000,-61.985000,63.206000,-83.649000,24.620000
15.593,0.316000,-0.314000,0.647000,-68.702000,85.237000,-89.527000,24.530000
15.600,0.229000,-0.407000,0.596000,-73.679000,97.511000,-90.748000,24.580000
15.613,0.110000,-0.482000,0.546000,-73.435000,94.992000,-86.511000,24.580000
15.619,0.007000,-0.531000,0.541000,-65.779000,77.496000,-76.588000,24.670000
15.631,-0.027000,-0.557000,0.528000,-56.107000,54.267000,-64.557000,24.670000
15.637,-0.014000,-0.536000,0.550000,-49.412000,35.977000,-54.145000,24.670000
15.650,0.048000,-0.487000,0.577000,-43.985000,23.924000,-50.115000,24.580000
15.663,0.098000,-0.535000,0.606000,-38.092000,21.481000,-56.870000,24.620000
15.669,0.104000,-0.600000,0.627000,-33.321000,24.687000,-67.061000,24.620000
15.682,0.073000,-0.627000,0.664000,-28.099000,24.725000,-73.817000,24.720000
15.689,0.047000,-0.631000,0.689000,-25.939000,20.863000,-78.031000,24.620000
15.701,0.021000,-0.535000,0.740000,-25.656000,9.206000,-74.924000,24.620000
15.714,0.065000,-0.397000,0.776000,-29.977000,-7.008000,-65.702000,24.720000
15.720,0.154000,-0.297000,0.770000,-35.870000,-17.611000,-58.435000,24.530000
15.732,0.228000,-0.265000,0.771000,-43.504000,-23.878000,-55.611000,24.670000
15.739,0.324000,-0.408000,0.758000,-50.305000,-18.115000,-66.519000,24.670000
15.752,0.444000,-0.502000,0.703000,-56.748000,5.947000,-80.534000,24.670000
15.759,0.497000,-0.563000,0.619000,-58.176000,32.130000,-86.443000,24.670000
15.770,0.478000,-0.583000,0.601000,-54.038000,54.244000,-86.458000,24.580000
15.783,0.384000,-0.546000,0.611000,-50.924000,64.237000,-81.191000,24.670000
15.789,0.286000,-0.487000,0.619000,-48.863000,58.649000,-64.916000,24.670000
15.802,0.220000,-0.442000,0.602000,-47.443000,40.450000,-45.962000,24.670000
15.809,0.240000,-0.457000,0.613000,-45.328000,27.481000,-39.168000,24.580000
15.821,0.309000,-0.438000,0.625000,-46.061000,20.718000,-39.695000,24.580000
15.827,0.421000,-0.591000,0.646000,-47.771000,29.962000,-45.641000,24.720000
15.842,0.429000,-0.680000,0.585000,-49.947000,49.695000,-53.038000,24.720000
15.852,0.436000,-0.714000,0.554000,-51.008000,69.893000,-59.412000,24.720000
15.860,0.407000,-0.724000,0.498000,-50.802000,87.122000,-59.229000,24.720000
15.872,0.326000,-0.645000,0.501000,-49.137000,92.756000,-51.504000,24.670000
15.878,0.235000,-0.637000,0.545000,-45.023000,83.504000,-39.824000,24.580000
15.892,0.170000,-0.679000,0.589000,-43.992000,69.878000,-35.344000,24.670000
15.903,0.206000,-0.778000,0.603000,-46.450000,60.015000,-37.542000,24.670000
15.911,0.238000,-0.898000,0.559000,-50.725000,56.183000,-39.290000,24.770000
15.922,0.289000,-0.931000,0.485000,-44.527000,57.893000,-37.023000,24.670000
15.929,0.292000,-0.901000,0.419000,-37.649000,60.137000,-27.069000,24.620000
15.942,0.272000,-0.806000,0.388000,-30.893000,65.504000,-17.702000,24.720000
15.948,0.245000,-0.768000,0.393000,-22.015000,68.863000,-13.855000,24.720000
15.961,0.194000,-0.756000,0.433000,-14.542000,70.389000,-14.053000,24.720000
15.973,0.215000,-0.608000,0.588000,-15.611000,66.137000,-5.870000,24.620000
15.980,0.226000,-0.580000,0.712000,-31.511000,62.573000,10.779000,24.720000
15.992,0.192000,-0.732000,0.700000,-44.382000,60.336000,20.046000,24.670000
16.001,0.169000,-0.832000,0.620000,-50.634000,62.634000,20.443000,24.670000
16.012,0.182000,-0.820000,0.599000,-51.931000,71.511000,23.672000,24.580000
16.019,0.096000,-0.813000,0.593000,-43.916000,72.580000,26.061000,24.670000
16.031,0.009000,-0.758000,0.610000,-37.122000,72.214000,18.458000,24.670000
16.044,-0.069000,-0.724000,0.651000,-36.557000,58.137000,9.229000,24.770000
16.050,-0.079000,-0.761000,0.660000,-36.779000,40.191000,-1.427000,24.620000
16.063,0.001000,-0.785000,0.644000,-37.855000,24.603000,-6.382000,24.620000
16.069,0.092000,-0.812000,0.626000,-37.145000,15.870000,-4.542000,24.620000
16.082,0.147000,-0.825000,0.605000,-41.427000,12.000000,2.275000,24.620000
16.089,0.231000,-0.728000,0.612000,-52.183000,16.603000,19.466000,24.620000
16.102,0.250000,-0.666000,0.640000,-69.229000,21.122000,42.237000,24.620000
16.109,0.141000,-0.740000,0.590000,-82.359000,16.298000,60.130000,24.670000
16.121,0.007000,-0.805000,0.535000,-86.565000,2.084000,67.328000,24.770000
16.133,-0.003000,-0.897000,0.498000,-82.145000,-10.969000,62.740000,24.670000
16.139,0.038000,-0.885000,0.494000,-78.809000,-17.237000,48.198000,24.670000
16.152,0.128000,-0.931000,0.492000,-74.405000,-8.458000,37.107000,24.670000
16.159,0.227000,-0.939000,0.493000,-65.443000,17.282000,25.840000,24.580000
16.171,0.261000,-0.894000,0.489000,-58.008000,45.076000,16.053000,24.670000
16.178,0.263000,-0.844000,0.482000,-58.557000,74.885000,10.099000,24.720000
16.192,0.208000,-0.846000,0.410000,-64.710000,96.878000,9.725000,24.620000
16.203,0.087000,-0.927000,0.394000,-70.122000,99.344000,14.092000,24.620000
16.211,-0.032000,-1.104000,0.359000,-70.130000,91.183000,14.053000,24.720000
16.222,-0.113000,-1.223000,0.313000,-67.435000,74.542000,18.031000,24.620000
16.229,-0.110000,-1.279000,0.266000,-57.954000,52.504000,29.359000,24.720000
16.242,-0.064000,-1.306000,0.241000,-39.969000,37.427000,40.664000,24.670000
16.250,0.001000,-1.238000,0.236000,-22.557000,35.145000,47.092000,24.770000
16.261,-0.018000,-1.175000,0.250000,-11.557000,35.595000,48.863000,24.670000
16.273,-0.041000,-1.156000,0.266000,-4.489000,39.015000,42.519000,24.580000
16.280,-0.075000,-1.149000,0.270000,0.496000,40.481000,29.580000,24.670000
16.293,-0.106000,-1.202000,0.271000,5.641000,34.733000,17.153000,24.670000
16.301,-0.088000,-1.187000,0.262000,9.061000,26.237000,7.763000,24.670000
16.312,-0.031000,-1.132000,0.281000,10.779000,15.962000,3.473000,24.670000
16.319,0.073000,-1.121000,0.311000,15.939000,15.122000,5.656000,24.580000
16.332,0.144000,-1.103000,0.306000,22.290000,22.496000,12.298000,24.770000
16.339,0.197000,-1.069000,0.324000,27.710000,39.885000,18.870000,24.720000
16.352,0.139000,-1.053000,0.362000,32.046000,53.427000,24.405000,24.720000
16.359,0.104000,-1.022000,0.400000,35.557000,66.336000,24.305000,24.720000
16.370,0.033000,-0.951000,0.431000,35.008000,71.351000,21.389000,24.620000
16.383,-0.025000,-0.928000,0.448000,34.145000,66.573000,20.000000,24.670000
16.392,-0.042000,-0.906000,0.456000,34.176000,57.374000,22.649000,24.770000
16.402,-0.046000,-0.885000,0.460000,33.000000,44.885000,28.947000,24.670000
16.410,0.013000,-0.864000,0.491000,33.305000,38.427000,37.855000,24.670000
16.422,0.052000,-0.845000,0.500000,28.092000,43.908000,44.962000,24.670000
16.429,0.098000,-0.854000,0.481000,17.359000,59.725000,51.069000,24.670000
16.442,0.042000,-0.873000,0.457000,8.458000,77.107000,56.153000,24.720000
16.450,-0.067000,-0.924000,0.441000,4.634000,89.878000,56.443000,24.620000
16.461,-0.174000,-0.945000,0.442000,2.969000,95.405000,54.985000,24.720000
16.468,-0.264000,-0.950000,0.444000,3.679000,89.992000,51.733000,24.620000
16.480,-0.283000,-0.946000,0.438000,7.397000,83.214000,46.550000,24.720000
16.493,-0.223000,-0.938000,0.460000,9.176000,83.000000,40.130000,24.620000
16.500,-0.156000,-0.917000,0.453000,11.366000,90.588000,35.855000,24.620000
16.512,-0.133000,-0.891000,0.453000,11.519000,101.954000,34.031000,24.770000
16.519,-0.172000,-0.822000,0.449000,6.977000,113.748000,32.290000,24.670000
16.531,-0.232000,-0.799000,0.431000,0.328000,120.756000,32.733000,24.670000
16.538,-0.322000,-0.780000,0.424000,-7.427000,119.947000,34.359000,24.670000
16.551,-0.398000,-0.786000,0.418000,-12.084000,111.718000,32.313000,24.670000
16.563,-0.412000,-0.785000,0.392000,-10.443000,98.847000,32.374000,24.670000
16.570,-0.408000,-0.820000,0.374000,-7.382000,87.626000,31.084000,24.670000
16.582,-0.345000,-0.785000,0.374000,-4.000000,85.924000,30.626000,24.620000
16.589,-0.324000,-0.772000,0.368000,-4.115000,86.344000,30.458000,24.720000
16.602,-0.341000,-0.727000,0.371000,-5.267000,83.969000,33.519000,24.720000
16.609,-0.342000,-0.679000,0.380000,-11.809000,82.412000,37.282000,24.620000
16.621,-0.381000,-0.667000,0.366000,-21.542000,76.893000,44.183000,24.620000
16.633,-0.408000,-0.716000,0.344000,-25.870000,69.687000,50.061000,24.720000
16.642,-0.426000,-0.769000,0.273000,-24.969000,61.672000,52.290000,24.620000
16.652,-0.359000,-0.806000,0.224000,-19.901000,58.809000,50.863000,24.670000
16.660,-0.288000,-0.841000,0.204000,-12.382000,64.649000,45.916000,24.670000
16.671,-0.222000,-0.843000,0.180000,-5.366000,79.069000,39.160000,24.670000
16.678,-0.211000,-0.786000,0.178000,-2.198000,92.305000,34.328000,24.670000
16.692,-0.234000,-0.754000,0.177000,-2.824000,103.153000,33.298000,24.770000
16.703,-0.298000,-0.721000,0.197000,-3.366000,105.076000,39.710000,24.670000
16.710,-0.357000,-0.706000,0.179000,-5.328000,101.786000,49.275000,24.670000
16.722,-0.366000,-0.704000,0.198000,-4.611000,95.901000,59.214000,24.720000
16.729,-0.388000,-0.705000,0.200000,-2.038000,90.412000,69.450000,24.620000
16.742,-0.458000,-0.670000,0.191000,-1.504000,86.145000,73.786000,24.720000
16.750,-0.518000,-0.671000,0.193000,-2.076000,77.023000,72.908000,24.720000
16.761,-0.521000,-0.545000,0.244000,-7.550000,69.435000,69.534000,24.720000
16.773,-0.507000,-0.565000,0.232000,-12.183000,64.916000,67.565000,24.720000
16.780,-0.456000,-0.598000,0.196000,-12.771000,67.305000,68.618000,24.720000
16.792,-0.434000,-0.602000,0.177000,-11.137000,74.092000,73.252000,24.770000
16.801,-0.494000,-0.620000,0.152000,-9.267000,81.046000,79.771000,24.670000
16.811,-0.556000,-0.624000,0.139000,-8.237000,85.756000,83.015000,24.770000
16.819,-0.625000,-0.611000,0.137000,-11.260000,85.847000,84.603000,24.770000
16.831,-0.685000,-0.672000,0.091000,-10.046000,89.191000,84.015000,24.670000
16.843,-0.707000,-0.702000,0.063000,-3.756000,90.832000,74.847000,24.670000
16.851,-0.765000,-0.695000,0.073000,4.374000,88.092000,66.023000,24.770000
16.863,-0.809000,-0.576000,0.174000,9.237000,69.618000,69.267000,24.770000
16.869,-0.821000,-0.385000,0.293000,-5.176000,48.099000,90.641000,24.670000
16.882,-0.830000,-0.431000,0.284000,-20.427000,30.374000,111.840000,24.670000
16.889,-0.815000,-0.537000,0.205000,-22.206000,18.916000,124.901000,24.810000
16.901,-0.777000,-0.513000,0.169000,-20.679000,24.695000,120.015000,24.720000
16.913,-0.773000,-0.512000,0.132000,-20.031000,41.450000,105.885000,24.720000
16.920,-0.785000,-0.543000,0.065000,-17.298000,59.160000,85.870000,24.620000
16.932,-0.789000,-0.614000,-0.009000,-8.405000,66.817000,70.458000,24.720000
16.941,-0.812000,-0.685000,-0.052000,5.435000,63.275000,60.840000,24.770000
16.952,-0.787000,-0.500000,0.032000,9.969000,44.893000,66.588000,24.670000
16.959,-0.835000,-0.459000,0.100000,-0.038000,28.786000,89.443000,24.770000
16.971,-0.883000,-0.515000,0.066000,-5.962000,12.412000,107.145000,24.580000
16.983,-0.793000,-0.527000,0.043000,-6.718000,6.847000,108.053000,24.670000
16.992,-0.723000,-0.568000,0.014000,-1.282000,15.099000,101.931000,24.770000
17.002,-0.646000,-0.575000,-0.023000,7.198000,37.015000,86.542000,24.720000
17.009,-0.628000,-0.549000,-0.025000,15.412000,60.107000,70.779000,24.720000
17.021,-0.734000,-0.566000,0.013000,25.336000,70.351000,59.328000,24.720000
17.028,-0.840000,-0.298000,0.163000,19.954000,56.962000,67.565000,24.810000
17.042,-0.971000,-0.209000,0.210000,-2.527000,38.893000,91.931000,24.720000
17.053,-1.002000,-0.369000,0.086000,-12.237000,15.427000,110.267000,24.810000
17.060,-0.906000,-0.422000,0.008000,-7.634000,7.855000,117.061000,24.620000
17.072,-0.909000,-0.430000,-0.018000,-4.389000,11.359000,113.275000,24.770000
17.079,-0.909000,-0.469000,-0.045000,1.420000,21.695000,98.496000,24.670000
17.092,-0.899000,-0.496000,-0.071000,9.695000,32.855000,76.977000,24.670000
17.100,-0.902000,-0.485000,-0.054000,19.565000,34.336000,63.237000,24.670000
17.111,-0.830000,-0.081000,0.089000,7.939000,28.252000,77.458000,24.670000
17.123,-0.923000,-0.047000,0.116000,-19.901000,32.221000,112.359000,24.620000
17.130,-1.104000,-0.222000,0.010000,-31.855000,27.389000,132.550000,24.720000
17.142,-1.234000,-0.338000,-0.041000,-27.298000,15.107000,132.626000,24.720000
17.150,-1.277000,-0.454000,-0.042000,-15.809000,-7.336000,123.893000,24.720000
17.161,-1.284000,-0.553000,-0.035000,3.511000,-41.595000,113.725000,24.720000
17.173,-1.047000,-0.561000,0.026000,23.863000,-65.519000,99.771000,24.720000
17.180,-0.604000,-0.435000,-0.055000,42.496000,-40.229000,79.145000,24.770000
17.192,-0.279000,-0.100000,0.027000,36.977000,33.817000,63.237000,24.670000
17.200,-0.491000,0.065000,0.037000,21.412000,101.947000,60.130000,24.670000
17.212,-0.988000,0.291000,0.155000,-6.794000,102.260000,75.916000,24.670000
17.218,-1.325000,0.208000,0.140000,-38.519000,64.771000,109.611000,24.770000
17.231,-1.307000,-0.024000,-0.040000,-47.496000,15.931000,144.817000,24.810000
17.243,-1.196000,-0.130000,-0.193000,-39.710000,-14.489000,164.290000,24.720000
17.251,-1.243000,-0.136000,-0.229000,-26.603000,-21.779000,154.359000,24.720000
17.262,-1.265000,-0.123000,-0.232000,-9.908000,-22.160000,127.947000,24.810000
17.269,-1.140000,-0.085000,-0.234000,4.954000,-6.687000,95.313000,24.810000
17.281,-0.986000,0.048000,-0.222000,11.290000,20.366000,81.298000,24.720000
17.293,-1.020000,0.083000,-0.242000,11.840000,44.817000,76.885000,24.810000
17.300,-1.173000,0.148000,-0.195000,11.756000,51.893000,77.557000,24.770000
17.312,-1.295000,0.081000,-0.178000,8.084000,40.603000,84.183000,24.770000
17.319,-1.404000,0.095000,-0.212000,14.595000,-1.145000,96.122000,24.770000
17.332,-1.216000,0.021000,-0.054000,11.046000,-22.130000,102.504000,24.770000
17.339,-1.125000,0.047000,-0.028000,13.351000,-50.580000,109.038000,24.670000
17.351,-0.849000,0.193000,0.035000,14.939000,-36.504000,107.893000,24.770000
17.363,-0.833000,0.273000,0.074000,7.168000,-10.084000,108.198000,24.670000
17.370,-1.032000,0.251000,-0.011000,1.397000,12.542000,99.550000,24.670000
17.382,-1.116000,0.234000,-0.028000,-2.664000,20.435000,86.107000,24.720000
17.389,-1.114000,0.124000,-0.081000,-1.153000,12.336000,73.611000,24.720000
17.403,-1.051000,0.104000,-0.140000,5.824000,-5.053000,67.328000,24.720000
17.410,-0.847000,0.083000,-0.124000,13.466000,-11.038000,67.534000,24.810000
17.421,-0.659000,0.223000,-0.072000,16.550000,0.214000,74.725000,24.720000
17.428,-0.682000,0.380000,-0.030000,7.122000,26.183000,91.450000,24.770000
17.442,-0.989000,0.391000,-0.029000,-7.214000,49.023000,103.046000,24.770000
17.453,-1.287000,0.311000,-0.053000,-11.489000,48.412000,97.305000,24.670000
17.460,-1.436000,0.124000,-0.096000,-8.588000,28.672000,86.061000,24.770000
17.472,-1.313000,0.057000,-0.167000,8.092000,4.298000,66.893000,24.770000
17.479,-1.079000,0.159000,-0.138000,22.863000,-14.687000,66.221000,24.770000
17.492,-0.953000,0.248000,-0.107000,28.687000,-11.924000,67.534000,24.670000
17.500,-0.908000,0.365000,-0.034000,26.672000,-9.153000,70.573000,24.720000
17.511,-0.919000,0.447000,0.013000,18.061000,1.382000,79.260000,24.810000
17.518,-1.084000,0.507000,0.034000,1.649000,10.084000,89.489000,24.720000
17.530,-1.196000,0.500000,0.040000,-16.603000,16.756000,97.069000,24.720000
17.543,-1.337000,0.387000,-0.046000,-27.901000,22.450000,99.931000,24.720000
17.550,-1.451000,0.256000,-0.132000,-28.443000,22.893000,85.489000,24.720000
17.562,-1.454000,0.214000,-0.196000,-20.321000,16.023000,65.374000,24.720000
17.569,-1.384000,0.186000,-0.222000,-6.962000,6.847000,49.107000,24.770000
17.581,-1.277000,0.252000,-0.213000,4.427000,-2.374000,38.511000,24.670000
17.588,-1.178000,0.339000,-0.185000,9.710000,-6.702000,43.275000,24.770000
17.601,-1.187000,0.372000,-0.164000,7.405000,-0.321000,49.947000,24.770000
17.607,-1.274000,0.319000,-0.151000,7.298000,4.450000,46.244000,24.770000
17.620,-1.396000,0.309000,-0.220000,10.351000,-0.107000,38.397000,24.670000
17.633,-1.322000,0.270000,-0.121000,19.420000,-5.656000,29.374000,24.620000
17.639,-1.265000,0.350000,-0.060000,22.496000,-17.802000,25.695000,24.720000
17.652,-1.212000,0.380000,-0.026000,20.878000,-23.504000,29.496000,24.720000
17.659,-1.204000,0.385000,-0.002000,18.626000,-19.725000,30.282000,24.620000
17.671,-1.243000,0.390000,0.019000,15.305000,-12.359000,19.565000,24.720000
17.678,-1.252000,0.384000,0.020000,15.038000,-8.489000,5.130000,24.720000
17.692,-1.205000,0.405000,0.041000,13.137000,-7.458000,-6.634000,24.720000
17.703,-1.139000,0.445000,0.038000,5.519000,-3.840000,-9.000000,24.670000
17.710,-1.094000,0.397000,0.034000,-0.802000,7.756000,-9.626000,24.770000
17.723,-1.169000,0.371000,-0.010000,-3.366000,17.298000,-6.809000,24.770000
17.730,-1.407000,0.277000,-0.095000,-5.870000,20.481000,-10.863000,24.770000
17.742,-1.561000,0.273000,-0.156000,-7.817000,17.756000,-23.023000,24.770000
17.750,-1.659000,0.195000,-0.221000,-4.710000,3.985000,-28.802000,24.670000
17.761,-1.690000,0.119000,-0.341000,5.344000,-11.855000,-39.763000,24.670000
17.773,-1.623000,0.060000,-0.441000,25.221000,-29.145000,-55.282000,24.620000
17.780,-1.563000,0.119000,-0.441000,48.969000,-46.084000,-66.427000,24.810000
17.792,-1.523000,0.157000,-0.307000,68.992000,-67.817000,-78.176000,24.720000
17.801,-1.374000,0.336000,-0.161000,79.763000,-84.191000,-95.282000,24.620000
17.811,-1.080000,0.580000,-0.035000,72.603000,-89.504000,-88.321000,24.620000
17.819,-0.873000,0.641000,0.037000,50.702000,-68.687000,-73.763000,24.720000
17.831,-0.806000,0.635000,0.043000,25.374000,-40.420000,-66.771000,24.670000
17.843,-0.864000,0.525000,0.008000,3.924000,-14.748000,-59.656000,24.770000
17.851,-0.992000,0.306000,-0.075000,-2.282000,-0.565000,-54.092000,24.670000
17.863,-1.137000,0.164000,-0.084000,5.588000,1.763000,-61.298000,24.770000
17.869,-1.239000,0.165000,-0.053000,15.252000,-7.595000,-70.481000,24.670000
17.881,-1.254000,0.182000,0.010000,23.626000,-17.511000,-73.977000,24.860000
17.889,-1.178000,0.287000,0.051000,24.641000,-18.817000,-79.481000,24.670000
17.901,-1.118000,0.412000,0.074000,15.000000,-8.489000,-74.374000,24.670000
17.913,-1.159000,0.278000,-0.010000,6.847000,1.221000,-77.221000,24.770000
17.920,-1.173000,0.284000,-0.049000,8.710000,6.733000,-85.542000,24.720000
17.932,-1.263000,0.233000,-0.035000,9.565000,4.160000,-85.260000,24.720000
17.939,-1.289000,0.123000,-0.034000,19.634000,-5.351000,-97.885000,24.720000
17.951,-1.223000,0.182000,0.019000,28.198000,-19.626000,-115.038000,24.720000
17.960,-1.084000,0.222000,0.075000,29.458000,-25.176000,-121.069000,24.770000
17.970,-0.942000,0.340000,0.105000,23.954000,-19.763000,-113.679000,24.670000
17.983,-0.945000,0.473000,0.125000,4.374000,-4.672000,-92.885000,24.670000
17.992,-1.097000,0.312000,0.031000,-11.191000,1.107000,-83.855000,24.770000
18.003,-1.114000,0.105000,-0.104000,-8.641000,-4.076000,-99.183000,24.770000
18.010,-0.999000,-0.030000,-0.188000,6.786000,-11.893000,-116.229000,24.670000
18.021,-0.836000,-0.032000,-0.167000,26.282000,-13.489000,-121.954000,24.670000
18.033,-0.756000,0.223000,-0.044000,29.305000,-1.069000,-110.840000,24.720000
18.042,-0.903000,0.274000,0.027000,16.908000,12.496000,-93.374000,24.810000
18.053,-1.076000,0.223000,0.052000,7.145000,19.321000,-87.427000,24.720000
18.060,-1.191000,0.169000,0.011000,1.519000,15.366000,-89.183000,24.620000
18.072,-1.244000,0.039000,-0.067000,0.756000,0.695000,-95.389000,24.720000
18.079,-1.120000,-0.159000,-0.143000,16.977000,-16.496000,-112.908000,24.720000
18.092,-0.889000,-0.063000,-0.135000,32.931000,-21.550000,-124.382000,24.720000
18.103,-0.743000,-0.007000,-0.037000,35.679000,-19.550000,-118.260000,24.770000
18.110,-0.664000,0.072000,0.055000,32.374000,-6.092000,-109.336000,24.770000
18.122,-0.708000,0.236000,0.122000,13.679000,15.679000,-84.137000,24.770000
18.129,-0.891000,0.162000,0.116000,-4.000000,27.344000,-65.702000,24.670000
18.142,-1.005000,0.231000,0.092000,-24.412000,35.664000,-53.397000,24.770000
18.154,-1.132000,-0.055000,-0.047000,-36.580000,24.313000,-47.977000,24.670000
18.160,-1.143000,-0.415000,-0.188000,-17.939000,6.397000,-71.771000,24.720000
18.172,-0.997000,-0.523000,-0.214000,12.313000,-9.534000,-101.153000,24.720000
18.179,-0.790000,-0.482000,-0.173000,35.496000,-11.626000,-115.153000,24.720000
18.192,-0.603000,-0.142000,-0.052000,41.763000,8.656000,-109.809000,24.720000
18.197,-0.682000,0.022000,0.026000,27.603000,32.511000,-85.817000,24.720000
18.210,-0.799000,0.148000,0.026000,9.069000,63.840000,-70.344000,24.720000
18.223,-1.099000,0.161000,-0.008000,-18.237000,73.939000,-48.389000,24.720000
18.229,-1.390000,-0.245000,-0.135000,-22.000000,60.534000,-52.466000,24.670000
18.242,-1.500000,-0.544000,-0.206000,-0.656000,21.725000,-77.710000,24.670000
18.249,-1.328000,-0.665000,-0.217000,27.725000,-13.130000,-110.458000,24.670000
18.260,-0.889000,-0.482000,-0.204000,52.901000,-15.038000,-132.038000,24.670000
18.272,-0.613000,-0.172000,-0.092000,51.969000,7.366000,-122.649000,24.770000
18.279,-0.594000,-0.054000,-0.024000,37.832000,44.863000,-104.664000,24.670000
18.292,-0.795000,0.183000,0.030000,8.420000,72.412000,-70.702000,24.810000
18.299,-1.223000,-0.171000,-0.040000,-13.061000,64.779000,-57.176000,24.720000
18.310,-1.395000,-0.583000,-0.159000,-5.740000,26.481000,-71.649000,24.720000
18.322,-1.214000,-0.768000,-0.252000,19.427000,-12.779000,-96.588000,24.720000
18.329,-0.898000,-0.712000,-0.281000,42.779000,-34.053000,-113.969000,24.720000
18.342,-0.536000,-0.562000,-0.254000,61.947000,-23.084000,-123.023000,24.720000
18.347,-0.326000,-0.306000,-0.142000,63.427000,7.382000,-111.282000,24.770000
18.360,-0.480000,-0.191000,-0.011000,50.328000,31.313000,-83.985000,24.770000
18.372,-0.690000,-0.236000,0.066000,35.847000,42.679000,-73.214000,24.670000
18.379,-0.861000,-0.373000,0.054000,24.611000,32.008000,-63.733000,24.770000
18.392,-0.864000,-0.456000,-0.010000,21.740000,14.092000,-60.252000,24.670000
18.399,-0.765000,-0.481000,-0.058000,20.740000,-1.145000,-55.679000,24.670000
18.410,-0.690000,-0.636000,-0.076000,29.634000,-8.405000,-61.954000,24.770000
18.423,-0.540000,-0.598000,-0.054000,42.351000,0.427000,-71.450000,24.770000
18.429,-0.429000,-0.390000,0.003000,40.458000,23.656000,-64.198000,24.770000
18.442,-0.533000,-0.377000,0.042000,31.015000,46.099000,-53.794000,24.770000
18.449,-0.711000,-0.291000,0.056000,17.962000,54.473000,-45.443000,24.720000
18.462,-0.944000,-0.474000,0.006000,6.405000,39.885000,-42.863000,24.720000
18.468,-0.938000,-0.729000,-0.104000,15.038000,15.107000,-54.847000,24.810000
18.480,-0.703000,-0.712000,-0.199000,32.466000,5.229000,-64.107000,24.810000
18.494,-0.583000,-0.626000,-0.189000,43.122000,8.412000,-58.763000,24.770000
18.500,-0.556000,-0.561000,-0.127000,50.985000,24.344000,-62.489000,24.770000
18.512,-0.624000,-0.446000,-0.044000,46.687000,40.038000,-56.313000,24.770000
18.519,-0.792000,-0.461000,0.018000,39.321000,41.229000,-49.649000,24.770000
18.531,-0.846000,-0.352000,0.050000,27.053000,36.992000,-39.137000,24.770000
18.543,-0.917000,-0.462000,0.002000,11.519000,24.870000,-30.153000,24.770000
18.550,-0.855000,-0.696000,-0.114000,12.740000,15.298000,-42.366000,24.770000
18.562,-0.765000,-0.786000,-0.199000,25.069000,10.176000,-58.351000,24.620000
18.569,-0.683000,-0.844000,-0.236000,43.916000,9.626000,-72.611000,24.720000
18.581,-0.693000,-0.707000,-0.205000,61.573000,8.824000,-77.160000,24.810000
18.594,-0.743000,-0.632000,-0.104000,67.947000,10.069000,-77.176000,24.720000
18.601,-0.816000,-0.567000,0.010000,67.748000,7.183000,-72.641000,24.720000
18.613,-0.918000,-0.509000,0.089000,62.458000,-2.084000,-69.237000,24.620000
18.620,-1.028000,-0.532000,0.122000,54.824000,-22.153000,-65.130000,24.670000
18.631,-1.059000,-0.541000,0.094000,46.344000,-54.076000,-58.901000,24.770000
18.638,-0.971000,-0.629000,0.001000,37.313000,-81.718000,-68.099000,24.670000
18.651,-0.650000,-0.774000,-0.111000,39.855000,-91.252000,-93.046000,24.770000
18.662,-0.285000,-0.884000,-0.135000,55.573000,-70.206000,-108.687000,24.770000
18.669,-0.165000,-0.921000,-0.054000,73.473000,-37.137000,-117.992000,24.670000
18.681,-0.208000,-0.776000,0.082000,87.252000,-5.863000,-121.954000,24.670000
18.688,-0.421000,-0.571000,0.283000,80.725000,5.038000,-108.664000,24.720000
18.701,-0.615000,-0.567000,0.389000,62.992000,-4.015000,-100.794000,24.720000
18.712,-0.609000,-0.620000,0.366000,48.374000,-23.756000,-100.496000,24.810000
18.719,-0.442000,-0.700000,0.240000,41.000000,-36.351000,-96.313000,24.910000
18.731,-0.180000,-0.760000,0.092000,37.450000,-28.901000,-91.389000,24.810000
18.738,-0.047000,-0.827000,0.031000,44.481000,-13.863000,-83.733000,24.810000
18.751,-0.086000,-0.856000,0.114000,53.397000,4.466000,-79.603000,24.670000
18.763,-0.185000,-0.702000,0.245000,50.046000,16.000000,-69.069000,24.770000
18.770,-0.305000,-0.636000,0.325000,36.511000,18.183000,-52.863000,24.670000
18.782,-0.369000,-0.653000,0.328000,20.840000,19.046000,-39.473000,24.670000
18.789,-0.440000,-0.722000,0.274000,10.939000,17.473000,-29.527000,24.770000
18.802,-0.511000,-0.885000,0.147000,11.420000,14.435000,-39.191000,24.670000
18.809,-0.519000,-0.940000,0.108000,20.168000,6.015000,-52.427000,24.770000
18.821,-0.464000,-0.969000,0.092000,33.588000,-2.458000,-63.542000,24.720000
18.833,-0.349000,-0.850000,0.183000,42.763000,-6.053000,-66.641000,24.720000
18.839,-0.322000,-0.786000,0.275000,40.420000,-6.031000,-60.496000,24.720000
18.852,-0.305000,-0.694000,0.360000,29.939000,-2.840000,-50.237000,24.720000
18.860,-0.330000,-0.684000,0.384000,14.916000,-3.214000,-44.718000,24.720000
18.871,-0.290000,-0.760000,0.327000,4.641000,-6.008000,-42.939000,24.720000
18.883,-0.225000,-0.839000,0.261000,-0.603000,-10.061000,-37.550000,24.720000
18.892,-0.164000,-0.892000,0.194000,0.359000,-14.939000,-25.130000,24.860000
18.903,-0.078000,-0.884000,0.176000,4.260000,-8.260000,-15.962000,24.670000
18.911,-0.066000,-0.861000,0.208000,2.374000,0.786000,-6.901000,24.670000
18.922,-0.120000,-0.894000,0.217000,2.901000,11.053000,-3.275000,24.860000
18.929,-0.218000,-0.838000,0.215000,-0.511000,13.802000,4.046000,24.770000
18.942,-0.263000,-0.899000,0.180000,-1.359000,13.481000,7.405000,24.770000
18.950,-0.255000,-0.894000,0.143000,0.031000,12.046000,7.321000,24.770000
18.962,-0.242000,-0.863000,0.131000,-0.137000,10.863000,14.244000,24.670000
18.969,-0.302000,-0.842000,0.157000,-2.885000,7.878000,26.122000,24.670000
18.981,-0.364000,-0.829000,0.163000,-5.458000,6.450000,34.298000,24.720000
18.993,-0.439000,-0.848000,0.169000,-9.809000,5.389000,40.817000,24.720000
19.001,-0.480000,-0.878000,0.188000,-10.466000,4.588000,34.244000,24.720000
19.012,-0.473000,-0.916000,0.173000,-7.786000,2.534000,18.763000,24.720000
19.019,-0.382000,-0.920000,0.141000,-0.824000,-0.115000,3.000000,24.620000
19.032,-0.257000,-0.832000,0.140000,3.069000,0.427000,1.916000,24.770000
19.039,-0.222000,-0.781000,0.178000,-0.802000,-0.168000,19.527000,24.770000
19.051,-0.219000,-0.730000,0.218000,-7.939000,4.481000,33.947000,24.770000
19.059,-0.257000,-0.733000,0.262000,-19.198000,12.191000,46.809000,24.770000
19.071,-0.360000,-0.816000,0.251000,-23.931000,20.534000,51.168000,24.770000
19.083,-0.424000,-0.866000,0.211000,-22.611000,21.885000,43.977000,24.770000
19.092,-0.436000,-0.850000,0.190000,-19.137000,20.496000,37.359000,24.770000
19.103,-0.443000,-0.877000,0.164000,-16.084000,13.336000,36.565000,24.720000
19.111,-0.407000,-0.792000,0.168000,-13.099000,9.603000,43.374000,24.720000
19.121,-0.436000,-0.769000,0.182000,-18.718000,9.153000,59.145000,24.720000
19.128,-0.531000,-0.814000,0.164000,-22.771000,9.695000,67.053000,24.720000
19.142,-0.614000,-0.842000,0.169000,-25.214000,5.840000,63.542000,24.720000
19.153,-0.656000,-0.850000,0.146000,-27.145000,0.092000,58.649000,24.620000
19.160,-0.677000,-0.890000,0.104000,-26.481000,-10.908000,53.092000,24.720000
19.172,-0.545000,-0.922000,0.056000,-21.740000,-12.679000,44.183000,24.770000
19.179,-0.425000,-0.880000,0.043000,-17.099000,-5.313000,43.679000,24.770000
19.192,-0.427000,-0.877000,0.075000,-13.252000,1.573000,47.824000,24.670000
19.199,-0.478000,-0.811000,0.114000,-12.511000,5.802000,49.351000,24.770000
19.211,-0.545000,-0.729000,0.146000,-20.519000,1.031000,56.313000,24.770000
19.223,-0.604000,-0.751000,0.167000,-28.130000,-10.450000,61.542000,24.770000
19.230,-0.569000,-0.680000,0.174000,-31.504000,-17.954000,66.992000,24.810000
19.242,-0.594000,-0.646000,0.192000,-41.687000,-25.038000,76.328000,24.720000
19.250,-0.649000,-0.711000,0.176000,-48.443000,-33.748000,79.198000,24.810000
19.261,-0.631000,-0.815000,0.147000,-46.710000,-39.405000,72.038000,24.720000
19.273,-0.560000,-0.859000,0.132000,-39.947000,-43.641000,65.237000,24.620000
19.280,-0.481000,-0.892000,0.097000,-30.603000,-37.832000,55.107000,24.810000
19.292,-0.446000,-0.757000,0.120000,-24.733000,-26.656000,54.290000,24.770000
19.301,-0.530000,-0.754000,0.143000,-22.977000,-19.534000,56.473000,24.770000
19.311,-0.636000,-0.732000,0.156000,-23.290000,-18.779000,53.053000,24.770000
19.323,-0.661000,-0.649000,0.174000,-28.298000,-22.977000,58.137000,24.770000
19.330,-0.731000,-0.681000,0.175000,-32.756000,-33.611000,64.580000,24.770000
19.342,-0.788000,-0.731000,0.161000,-34.237000,-52.786000,65.061000,24.770000
19.350,-0.723000,-0.779000,0.136000,-32.870000,-69.710000,60.542000,24.670000
19.361,-0.613000,-0.784000,0.108000,-31.481000,-84.458000,59.191000,24.670000
19.368,-0.421000,-0.833000,0.063000,-24.458000,-81.198000,58.840000,24.720000
19.380,-0.240000,-0.669000,0.026000,-17.351000,-57.374000,71.313000,24.720000
19.392,-0.235000,-0.576000,0.067000,-19.802000,-23.015000,87.763000,24.720000
19.401,-0.424000,-0.541000,0.098000,-24.763000,6.046000,99.702000,24.720000
19.412,-0.739000,-0.559000,0.107000,-27.282000,13.924000,107.122000,24.810000
19.419,-1.093000,-0.626000,0.106000,-28.145000,-7.137000,105.412000,24.810000
19.431,-1.342000,-0.727000,0.072000,-24.000000,-48.924000,90.069000,24.720000
19.443,-1.344000,-0.799000,0.035000,-15.145000,-96.832000,65.382000,24.770000
19.451,-1.072000,-0.793000,-0.031000,-1.832000,-122.725000,51.359000,24.770000
19.462,-0.754000,-0.781000,-0.060000,13.473000,-118.420000,53.145000,24.770000
19.469,-0.585000,-0.786000,-0.072000,30.176000,-99.351000,60.626000,24.770000
19.481,-0.596000,-0.709000,-0.020000,43.985000,-81.466000,67.954000,24.770000
19.493,-0.701000,-0.672000,0.057000,51.511000,-80.618000,71.443000,24.670000
19.501,-0.810000,-0.617000,0.114000,54.786000,-98.107000,71.756000,24.670000
19.512,-0.851000,-0.618000,0.127000,56.885000,-125.252000,76.221000,24.860000
19.519,-0.738000,-0.567000,0.137000,62.977000,-144.076000,90.634000,24.810000
19.531,-0.707000,-0.499000,0.192000,65.252000,-160.351000,114.748000,24.720000
19.543,-0.728000,-0.460000,0.237000,64.557000,-172.939000,137.053000,24.720000
19.550,-0.809000,-0.386000,0.301000,57.634000,-187.992000,156.870000,24.810000
19.562,-0.930000,-0.411000,0.332000,45.405000,-210.763000,168.901000,24.720000
19.568,-0.874000,-0.504000,0.303000,36.092000,-224.008000,168.504000,24.770000
19.580,-0.739000,-0.529000,0.276000,36.557000,-219.641000,160.748000,24.770000
19.593,-0.607000,-0.559000,0.274000,42.924000,-203.672000,147.076000,24.770000
19.601,-0.528000,-0.561000,0.271000,52.061000,-178.053000,124.771000,24.770000
19.612,-0.498000,-0.490000,0.285000,62.603000,-159.634000,104.603000,24.860000
19.619,-0.516000,-0.565000,0.299000,75.221000,-144.282000,82.420000,24.770000
19.630,-0.379000,-0.540000,0.296000,93.351000,-115.618000,67.603000,24.720000
19.643,-0.281000,-0.398000,0.338000,116.000000,-84.229000,76.977000,24.810000
19.651,-0.344000,-0.245000,0.428000,131.313000,-54.878000,96.565000,24.720000
19.662,-0.505000,-0.027000,0.529000,131.985000,-38.046000,115.092000,24.810000
19.669,-0.740000,0.096000,0.617000,111.527000,-49.817000,131.344000,24.720000
19.681,-0.820000,0.096000,0.623000,78.321000,-69.069000,134.771000,24.720000
19.693,-0.777000,0.097000,0.560000,43.053000,-80.527000,122.977000,24.770000
19.701,-0.682000,-0.118000,0.404000,21.855000,-79.924000,103.840000,24.860000
19.713,-0.531000,-0.267000,0.252000,40.504000,-49.893000,87.977000,24.770000
19.719,-0.494000,-0.182000,0.202000,77.481000,-1.702000,80.756000,24.670000
19.731,-0.644000,-0.040000,0.268000,108.779000,37.687000,74.756000,24.670000
19.738,-0.822000,0.124000,0.403000,119.450000,61.756000,65.695000,24.770000
19.750,-1.117000,0.176000,0.475000,113.603000,68.603000,65.710000,24.720000
19.763,-1.231000,0.139000,0.520000,112.687000,54.382000,40.985000,24.810000
19.770,-1.238000,0.211000,0.622000,105.099000,29.626000,20.718000,24.810000
19.782,-1.299000,0.073000,0.606000,97.115000,-15.305000,13.702000,24.720000
19.789,-1.193000,-0.039000,0.531000,105.267000,-58.840000,8.603000,24.810000
19.801,-0.986000,-0.137000,0.481000,126.282000,-103.748000,10.534000,24.720000
19.813,-0.768000,-0.224000,0.465000,159.832000,-130.542000,15.481000,24.720000
19.820,-0.647000,-0.142000,0.465000,192.855000,-149.282000,32.351000,24.770000
19.832,-0.510000,-0.015000,0.605000,204.489000,-158.153000,45.206000,24.770000
19.839,-0.387000,0.068000,0.668000,201.611000,-161.191000,50.527000,24.770000
19.851,-0.199000,0.198000,0.745000,192.260000,-145.557000,50.153000,24.770000
19.858,0.027000,0.432000,0.879000,172.137000,-124.252000,56.725000,24.770000
19.870,0.302000,0.715000,1.145000,134.420000,-82.977000,70.458000,24.670000
19.883,0.239000,0.888000,1.293000,81.779000,-73.817000,116.008000,24.720000
19.889,0.001000,0.661000,1.243000,32.718000,-89.634000,175.237000,24.810000
19.902,-0.279000,0.575000,1.173000,12.389000,-148.809000,242.229000,24.810000
19.910,-0.562000,0.311000,1.002000,3.069000,-242.053000,250.130000,24.810000
19.921,-0.448000,0.119000,0.848000,-3.496000,-250.137000,250.130000,24.720000
19.933,-0.154000,0.028000,0.678000,-15.336000,-250.137000,250.130000,24.910000
19.942,0.304000,-0.207000,0.498000,-6.115000,-250.137000,250.130000,24.720000
19.953,0.704000,-0.247000,0.423000,37.702000,-227.634000,250.130000,24.770000
19.959,0.719000,-0.133000,0.402000,90.939000,-118.924000,198.107000,24.860000
19.971,0.476000,0.088000,0.465000,138.313000,-29.733000,125.115000,24.860000
19.977,-0.123000,0.404000,0.665000,162.290000,-22.771000,91.931000,24.670000
19.992,-0.605000,0.441000,0.809000,162.282000,-67.817000,86.519000,24.770000
20.003,-0.725000,0.531000,0.834000,150.427000,-143.939000,103.115000,24.770000
20.011,-0.610000,0.468000,0.731000,128.527000,-221.321000,122.763000,24.670000
20.021,-0.311000,0.306000,0.501000,116.321000,-250.137000,138.901000,24.860000
20.027,0.048000,0.171000,0.298000,125.137000,-250.137000,134.969000,24.770000
20.040,0.371000,0.061000,0.177000,153.130000,-225.588000,102.015000,24.720000
20.053,0.547000,0.206000,0.203000,197.282000,-149.901000,46.511000,24.720000
20.060,0.481000,0.616000,0.363000,236.565000,-77.649000,-11.153000,24.720000
20.072,0.089000,0.968000,0.552000,250.130000,-60.046000,-38.252000,24.720000
20.078,-0.271000,1.242000,0.782000,245.244000,-98.000000,-22.679000,24.720000
20.092,-0.390000,1.410000,0.867000,213.947000,-179.832000,27.748000,24.860000
20.103,-0.268000,1.328000,0.799000,173.282000,-250.137000,81.748000,24.770000
20.111,0.021000,1.131000,0.641000,141.672000,-250.137000,111.740000,24.770000
20.122,0.415000,0.921000,0.471000,140.046000,-250.137000,111.115000,24.770000
20.128,0.695000,0.919000,0.389000,155.855000,-222.397000,78.992000,24.770000
20.142,0.747000,1.061000,0.434000,171.687000,-156.573000,37.099000,24.860000
20.153,0.528000,1.252000,0.506000,180.802000,-118.634000,-2.725000,24.810000
20.160,0.302000,1.354000,0.614000,175.802000,-107.817000,-29.725000,24.720000
20.172,0.185000,1.447000,0.686000,150.504000,-129.191000,-28.733000,24.810000
20.179,0.184000,1.417000,0.707000,111.725000,-159.634000,-5.359000,24.810000
20.192,0.307000,1.340000,0.615000,78.901000,-176.061000,18.168000,24.810000
20.200,0.491000,1.299000,0.545000,55.374000,-171.313000,29.183000,24.810000
20.211,0.683000,1.297000,0.522000,55.763000,-140.771000,23.290000,24.720000
20.223,0.693000,1.353000,0.506000,50.733000,-119.977000,12.282000,24.770000
20.230,0.726000,1.360000,0.542000,39.427000,-95.695000,-1.153000,24.860000
20.242,0.700000,1.287000,0.512000,19.206000,-74.878000,-10.130000,24.770000
20.250,0.681000,1.136000,0.436000,1.504000,-54.191000,-10.695000,24.770000
20.262,0.573000,1.018000,0.322000,-5.031000,-45.809000,-2.534000,24.770000
20.269,0.476000,0.931000,0.253000,-6.084000,-46.885000,5.771000,24.770000
20.281,0.379000,0.904000,0.207000,0.359000,-61.710000,15.305000,24.770000
20.289,0.437000,0.940000,0.217000,7.634000,-73.023000,10.740000,24.810000
20.302,0.574000,0.948000,0.230000,10.000000,-71.802000,4.275000,24.720000
20.309,0.711000,0.933000,0.245000,9.305000,-54.183000,1.023000,24.720000
20.321,0.763000,0.909000,0.258000,6.412000,-26.237000,-0.542000,24.720000
20.328,0.736000,0.917000,0.241000,3.405000,1.328000,-3.130000,24.810000
20.342,0.605000,0.936000,0.218000,1.336000,17.702000,-6.763000,24.720000
20.349,0.506000,0.971000,0.208000,1.183000,19.313000,-13.176000,24.810000
20.361,0.468000,0.969000,0.203000,4.000000,8.748000,-15.824000,24.770000
20.373,0.501000,0.954000,0.208000,11.618000,-3.244000,-16.084000,24.770000
20.380,0.613000,0.962000,0.234000,13.405000,-4.733000,-12.321000,24.770000
20.393,0.703000,0.928000,0.246000,4.710000,1.748000,-2.458000,24.860000
20.400,0.755000,0.841000,0.177000,-2.885000,17.832000,5.275000,24.670000
20.413,0.734000,0.824000,0.148000,-6.450000,32.450000,10.962000,24.860000
20.420,0.627000,0.804000,0.129000,-6.725000,38.420000,17.015000,24.770000
20.432,0.510000,0.845000,0.145000,-0.855000,29.237000,24.130000,24.810000
20.439,0.460000,0.918000,0.200000,4.473000,11.046000,23.519000,24.720000
20.452,0.512000,0.948000,0.208000,4.771000,-5.748000,19.611000,24.720000
20.460,0.647000,0.895000,0.207000,2.534000,-5.519000,12.481000,24.810000
20.472,0.798000,0.808000,0.143000,-1.336000,11.489000,9.328000,24.720000
20.479,0.836000,0.700000,0.065000,0.450000,38.275000,1.573000,24.720000
20.492,0.862000,0.703000,0.061000,3.481000,72.786000,-14.397000,24.770000
20.500,0.791000,0.762000,0.059000,4.427000,86.313000,-17.008000,24.860000
20.512,0.628000,0.782000,0.104000,8.008000,78.634000,-8.870000,24.770000
20.519,0.483000,0.851000,0.165000,14.374000,43.947000,16.038000,24.770000
20.531,0.490000,0.926000,0.207000,12.344000,11.191000,37.687000,24.860000
20.538,0.580000,0.895000,0.199000,6.924000,-14.000000,53.244000,24.770000
20.551,0.722000,0.843000,0.164000,11.557000,-12.756000,56.206000,24.770000
20.557,0.861000,0.793000,0.138000,17.618000,12.511000,44.679000,24.770000
20.570,0.881000,0.778000,0.120000,25.122000,50.763000,27.160000,24.810000
20.583,0.874000,0.778000,0.121000,28.298000,95.939000,2.527000,24.720000
20.592,0.677000,0.823000,0.119000,26.344000,110.115000,-3.221000,24.810000
20.603,0.538000,0.833000,0.175000,26.282000,109.763000,-7.534000,24.910000
20.610,0.468000,0.886000,0.199000,24.733000,86.893000,-3.573000,24.770000
20.622,0.521000,0.886000,0.243000,20.099000,64.641000,1.771000,24.770000
20.630,0.609000,0.849000,0.244000,15.420000,52.702000,7.939000,24.770000
20.642,0.701000,0.789000,0.198000,17.618000,55.527000,10.313000,24.770000
20.650,0.761000,0.773000,0.178000,25.023000,74.282000,2.611000,24.770000
20.662,0.837000,0.834000,0.160000,29.863000,109.466000,-19.107000,24.770000
20.669,0.798000,0.977000,0.188000,30.969000,136.427000,-43.168000,24.770000
20.681,0.586000,0.950000,0.248000,35.389000,120.748000,-30.496000,24.810000
20.688,0.428000,1.008000,0.325000,29.977000,90.000000,-14.298000,24.810000
20.701,0.416000,1.025000,0.331000,17.557000,37.771000,19.359000,24.720000
20.714,0.512000,0.902000,0.290000,12.427000,3.969000,48.870000,24.720000
20.720,0.660000,0.808000,0.205000,4.832000,-4.023000,67.962000,24.810000
20.733,0.772000,0.741000,0.129000,12.076000,3.168000,78.405000,24.810000
20.742,0.859000,0.729000,0.096000,21.939000,26.481000,73.252000,24.670000
20.753,0.873000,0.792000,0.112000,31.870000,60.695000,55.931000,24.770000
20.760,0.848000,0.923000,0.167000,37.992000,95.611000,29.359000,24.770000
20.772,0.676000,1.054000,0.223000,36.084000,102.511000,19.916000,24.860000
20.779,0.451000,1.053000,0.303000,26.160000,81.290000,30.321000,24.860000
20.792,0.311000,1.048000,0.312000,13.573000,37.977000,50.832000,24.770000
20.800,0.310000,0.970000,0.293000,11.153000,-11.618000,77.008000,24.720000
20.811,0.371000,0.925000,0.262000,10.870000,-49.145000,96.908000,24.810000
20.819,0.527000,0.876000,0.214000,14.618000,-75.443000,110.969000,24.910000
20.831,0.723000,0.876000,0.177000,22.244000,-81.573000,109.580000,24.810000
20.844,0.880000,0.930000,0.190000,30.595000,-63.466000,91.481000,24.810000
20.850,0.978000,0.996000,0.203000,33.817000,-34.756000,63.130000,24.720000
20.863,1.031000,0.971000,0.208000,34.305000,-1.099000,46.008000,24.770000
20.870,1.007000,1.013000,0.221000,33.756000,27.328000,35.649000,24.770000
20.882,0.831000,1.026000,0.253000,34.176000,24.053000,54.053000,24.770000
20.890,0.661000,0.994000,0.307000,39.214000,10.229000,74.008000,24.670000
20.902,0.606000,1.043000,0.314000,29.023000,-15.412000,92.977000,24.670000
20.910,0.630000,1.003000,0.293000,25.244000,-39.366000,105.038000,24.770000
20.921,0.740000,0.937000,0.250000,23.374000,-52.710000,104.641000,24.720000
20.928,0.882000,0.887000,0.217000,27.557000,-49.511000,99.275000,24.810000
20.942,0.969000,0.865000,0.207000,34.092000,-30.405000,86.405000,24.810000
20.953,0.999000,0.951000,0.235000,36.802000,-10.328000,78.557000,24.720000
20.961,0.987000,1.053000,0.308000,30.786000,9.198000,74.260000,24.720000
20.973,0.913000,1.148000,0.362000,17.679000,19.771000,77.527000,24.720000
20.980,0.874000,1.185000,0.382000,-0.573000,22.069000,83.527000,24.770000
20.993,0.919000,1.064000,0.252000,-12.275000,25.573000,77.664000,24.770000
21.000,1.037000,0.963000,0.177000,-8.511000,36.702000,75.947000,24.770000
21.012,1.065000,0.898000,0.164000,0.206000,48.756000,85.305000,24.670000
21.020,1.022000,0.915000,0.201000,9.092000,62.748000,96.672000,24.860000
21.032,0.892000,1.025000,0.259000,9.221000,65.885000,107.740000,24.770000
21.039,0.699000,1.049000,0.324000,1.916000,53.580000,117.664000,24.770000
21.052,0.616000,1.042000,0.325000,-8.824000,41.229000,113.794000,24.770000
21.060,0.666000,0.977000,0.265000,-15.092000,29.962000,100.916000,24.810000
21.071,0.804000,0.864000,0.221000,-13.710000,29.473000,87.191000,24.810000
21.078,0.893000,0.826000,0.243000,-10.466000,38.969000,81.672000,24.910000
21.092,0.876000,0.854000,0.299000,-14.718000,51.412000,83.977000,24.810000
21.103,0.837000,0.877000,0.329000,-25.336000,64.366000,83.931000,24.770000
21.110,0.756000,0.874000,0.293000,-35.244000,69.565000,82.626000,24.770000
21.122,0.664000,0.798000,0.257000,-38.573000,62.244000,83.374000,24.860000
21.130,0.648000,0.770000,0.220000,-40.702000,52.786000,81.168000,24.670000
21.142,0.682000,0.675000,0.175000,-35.221000,40.664000,79.870000,24.770000
21.149,0.725000,0.625000,0.198000,-23.901000,33.626000,80.832000,24.770000
21.161,0.752000,0.633000,0.224000,-18.939000,32.473000,87.374000,24.810000
21.169,0.748000,0.626000,0.234000,-15.740000,35.328000,94.008000,24.810000
21.181,0.716000,0.658000,0.267000,-14.107000,44.595000,90.550000,24.810000
21.189,0.680000,0.688000,0.272000,-18.473000,47.878000,81.588000,24.720000
21.200,0.638000,0.641000,0.284000,-17.756000,41.802000,78.321000,24.720000
21.214,0.616000,0.581000,0.307000,-12.740000,31.550000,82.137000,24.810000
21.220,0.602000,0.594000,0.326000,-14.351000,20.672000,97.832000,24.810000
21.232,0.595000,0.550000,0.320000,-14.397000,14.878000,100.672000,24.770000
21.239,0.621000,0.532000,0.327000,-13.618000,18.305000,95.618000,24.770000
21.252,0.604000,0.537000,0.306000,-15.542000,17.878000,89.641000,24.860000
21.260,0.619000,0.510000,0.323000,-13.634000,20.176000,79.489000,24.770000
21.271,0.624000,0.507000,0.330000,-17.252000,23.885000,68.595000,24.670000
21.278,0.640000,0.430000,0.311000,-16.366000,25.115000,63.145000,24.770000
21.292,0.656000,0.435000,0.327000,-13.076000,31.527000,56.191000,24.810000
21.303,0.638000,0.432000,0.333000,-14.435000,30.817000,55.985000,24.810000
21.311,0.591000,0.410000,0.331000,-11.214000,24.481000,61.000000,24.810000
21.323,0.575000,0.446000,0.342000,-9.397000,20.008000,60.924000,24.910000
21.330,0.602000,0.459000,0.367000,-15.366000,17.229000,57.985000,24.810000
21.342,0.654000,0.439000,0.388000,-15.252000,19.443000,59.382000,24.720000
21.350,0.630000,0.392000,0.404000,-19.458000,21.847000,53.893000,24.770000
21.363,0.559000,0.334000,0.429000,-21.985000,22.137000,56.168000,24.860000
21.369,0.548000,0.280000,0.408000,-23.298000,20.649000,61.298000,24.770000
21.381,0.506000,0.309000,0.376000,-23.634000,20.802000,62.397000,24.860000
21.388,0.482000,0.271000,0.347000,-22.573000,14.985000,56.985000,24.770000
21.402,0.477000,0.230000,0.313000,-16.550000,6.557000,48.061000,24.770000
21.409,0.544000,0.193000,0.336000,-11.672000,1.695000,37.534000,24.910000
21.421,0.629000,0.197000,0.367000,-11.137000,0.336000,32.740000,24.810000
21.433,0.751000,0.186000,0.415000,-9.031000,8.725000,33.382000,24.810000
21.442,0.806000,0.192000,0.368000,-19.122000,26.817000,27.275000,24.720000
21.453,0.754000,0.160000,0.324000,-23.885000,37.160000,25.084000,24.810000
21.461,0.629000,0.160000,0.296000,-21.962000,34.687000,26.130000,24.720000
21.472,0.516000,0.211000,0.317000,-15.924000,17.115000,27.412000,24.670000
21.479,0.524000,0.236000,0.385000,-12.092000,-8.557000,36.214000,24.770000
21.492,0.555000,0.253000,0.413000,-15.191000,-24.656000,38.084000,24.860000
21.500,0.584000,0.183000,0.397000,-15.947000,-39.313000,41.412000,24.770000
21.511,0.571000,0.056000,0.348000,-18.748000,-51.267000,44.015000,24.860000
21.523,0.647000,-0.005000,0.314000,-11.038000,-54.412000,45.565000,24.860000
21.530,0.613000,0.063000,0.283000,-4.015000,-62.008000,44.412000,24.770000
21.543,0.640000,0.133000,0.314000,-1.168000,-67.679000,37.656000,24.860000
21.550,0.766000,0.211000,0.391000,-5.344000,-55.710000,27.489000,24.860000
21.563,0.829000,0.243000,0.427000,-17.687000,-38.863000,25.557000,24.810000
21.569,0.842000,0.144000,0.396000,-27.191000,-14.634000,23.832000,24.720000
21.581,0.790000,0.126000,0.324000,-35.802000,7.397000,24.573000,24.810000
21.591,0.627000,0.017000,0.226000,-46.137000,13.901000,30.710000,24.720000
21.603,0.496000,-0.127000,0.113000,-44.565000,5.733000,39.466000,24.860000
21.609,0.405000,-0.170000,0.062000,-27.076000,-10.031000,41.267000,24.860000
21.621,0.356000,-0.225000,-0.012000,-5.122000,-35.420000,29.794000,24.770000
21.633,0.469000,-0.200000,0.001000,17.893000,-51.267000,7.908000,24.860000
21.639,0.622000,-0.092000,0.091000,31.206000,-53.160000,-13.672000,24.770000
21.653,0.746000,-0.051000,0.193000,37.702000,-43.885000,-27.473000,24.860000
21.660,0.766000,-0.016000,0.263000,38.771000,-35.725000,-26.221000,24.720000
21.671,0.722000,0.016000,0.300000,34.321000,-27.687000,-26.496000,24.720000
21.678,0.679000,0.062000,0.336000,29.550000,-27.382000,-30.359000,24.810000
21.692,0.689000,0.149000,0.359000,25.115000,-26.878000,-32.053000,24.810000
21.703,0.732000,0.140000,0.322000,17.328000,-25.885000,-29.939000,24.720000
21.710,0.780000,0.094000,0.254000,15.290000,-26.649000,-29.008000,24.810000
21.722,0.819000,0.073000,0.211000,16.137000,-25.061000,-30.466000,24.770000
21.729,0.810000,0.065000,0.208000,19.267000,-27.084000,-30.435000,24.770000
21.742,0.811000,0.080000,0.244000,26.504000,-31.779000,-28.282000,24.770000
21.750,0.805000,0.112000,0.282000,24.344000,-32.733000,-29.634000,24.770000
21.761,0.802000,0.113000,0.310000,22.267000,-30.107000,-27.634000,24.770000
21.773,0.822000,0.145000,0.312000,16.924000,-22.809000,-22.710000,24.770000
21.780,0.790000,0.143000,0.304000,7.412000,-17.405000,-16.969000,24.810000
21.793,0.760000,0.147000,0.265000,0.466000,-15.992000,-14.947000,24.810000
21.800,0.766000,0.111000,0.214000,-0.809000,-14.191000,-16.641000,24.810000
21.812,0.778000,0.085000,0.216000,3.374000,-12.290000,-19.282000,24.810000
21.819,0.780000,0.105000,0.231000,7.817000,-10.153000,-24.855000,24.810000
21.832,0.799000,0.152000,0.276000,8.321000,-4.137000,-29.878000,24.810000
21.839,0.783000,0.212000,0.317000,2.389000,0.092000,-31.084000,24.860000
21.852,0.723000,0.208000,0.309000,-7.656000,2.267000,-32.244000,24.860000
21.860,0.683000,0.165000,0.266000,-10.542000,0.458000,-36.015000,24.770000
21.871,0.663000,0.117000,0.206000,-10.298000,-10.107000,-33.947000,24.770000
21.883,0.673000,0.049000,0.146000,-3.992000,-20.672000,-33.924000,24.770000
21.892,0.717000,0.057000,0.130000,7.985000,-29.695000,-34.634000,24.770000
21.902,0.762000,0.122000,0.173000,14.763000,-31.786000,-33.710000,24.810000
21.910,0.748000,0.142000,0.206000,17.366000,-33.939000,-29.244000,24.810000
21.922,0.736000,0.222000,0.233000,16.924000,-32.618000,-29.061000,24.810000
21.929,0.725000,0.249000,0.207000,8.015000,-31.931000,-29.115000,24.810000
21.942,0.740000,0.167000,0.106000,7.305000,-34.802000,-33.626000,24.810000
21.949,0.793000,0.150000,0.057000,16.733000,-38.351000,-40.969000,24.720000
21.961,0.865000,0.194000,0.067000,22.565000,-36.229000,-49.237000,24.860000
21.973,0.943000,0.239000,0.109000,24.672000,-30.901000,-53.763000,24.770000
21.980,0.957000,0.253000,0.183000,25.534000,-24.344000,-53.542000,24.770000
21.992,0.922000,0.272000,0.273000,20.214000,-18.641000,-45.748000,24.860000
22.000,0.826000,0.280000,0.291000,9.702000,-17.916000,-37.435000,24.770000
22.012,0.752000,0.318000,0.273000,5.282000,-25.489000,-30.931000,24.770000
22.019,0.729000,0.361000,0.192000,0.267000,-30.664000,-33.313000,24.670000
22.031,0.807000,0.318000,0.109000,3.153000,-31.565000,-46.405000,24.860000
22.038,0.901000,0.288000,0.099000,11.214000,-29.664000,-54.099000,24.860000
22.051,0.886000,0.292000,0.152000,16.855000,-28.168000,-50.420000,24.910000
22.063,0.804000,0.293000,0.230000,21.947000,-32.664000,-37.870000,24.810000
22.070,0.662000,0.407000,0.304000,16.229000,-42.008000,-26.611000,24.810000
22.082,0.638000,0.398000,0.263000,11.260000,-52.969000,-29.878000,24.810000
22.089,0.700000,0.407000,0.223000,8.840000,-58.947000,-40.603000,24.860000
22.102,0.776000,0.402000,0.197000,9.191000,-61.756000,-47.015000,24.860000
22.109,0.883000,0.424000,0.209000,5.954000,-52.198000,-52.198000,24.670000
22.121,0.947000,0.439000,0.220000,-0.046000,-32.053000,-42.496000,24.860000
22.128,0.802000,0.566000,0.268000,-15.366000,-6.565000,-25.649000,24.860000
22.142,0.639000,0.628000,0.211000,-39.695000,7.107000,-21.153000,24.670000
22.153,0.568000,0.387000,-0.013000,-50.168000,11.214000,-37.611000,24.720000
22.160,0.572000,0.212000,-0.192000,-36.511000,9.130000,-61.534000,24.810000
22.172,0.527000,0.164000,-0.234000,-11.519000,-11.618000,-70.931000,24.720000
22.179,0.548000,0.182000,-0.185000,15.679000,-33.466000,-76.145000,24.810000
22.192,0.609000,0.256000,-0.062000,37.916000,-49.374000,-77.855000,24.810000
22.198,0.686000,0.326000,0.080000,47.450000,-52.519000,-71.672000,24.720000
22.211,0.628000,0.628000,0.222000,35.878000,-47.107000,-59.366000,24.770000
22.223,0.491000,0.709000,0.185000,10.282000,-51.282000,-60.504000,24.770000
22.230,0.599000,0.613000,0.032000,2.008000,-54.588000,-89.191000,24.670000
22.242,0.717000,0.548000,-0.077000,4.595000,-60.198000,-105.527000,24.860000
22.250,0.806000,0.508000,-0.146000,15.481000,-67.038000,-108.221000,24.770000
22.261,0.928000,0.542000,-0.100000,27.863000,-70.313000,-101.420000,24.860000
22.269,0.884000,0.480000,0.054000,40.794000,-72.504000,-76.115000,24.860000
22.281,0.698000,0.621000,0.231000,39.275000,-69.489000,-44.267000,24.720000
22.293,0.522000,0.958000,0.302000,7.802000,-74.313000,-21.038000,24.810000
22.300,0.485000,0.805000,0.099000,-15.748000,-84.557000,-34.130000,24.810000
22.312,0.606000,0.671000,-0.098000,-12.656000,-82.885000,-65.046000,24.810000
22.319,0.591000,0.610000,-0.209000,1.618000,-93.107000,-79.702000,24.720000
22.331,0.663000,0.646000,-0.258000,12.359000,-106.656000,-89.634000,24.810000
22.337,0.921000,0.728000,-0.221000,18.710000,-102.863000,-95.489000,24.670000
22.350,1.120000,0.729000,-0.159000,19.992000,-75.740000,-90.458000,24.770000
22.363,1.080000,0.716000,-0.069000,11.420000,-44.366000,-67.489000,24.860000
22.369,0.822000,0.940000,0.026000,-8.374000,-24.824000,-39.466000,24.860000
22.381,0.562000,0.910000,-0.097000,-35.695000,-25.901000,-33.405000,24.770000
22.388,0.531000,0.711000,-0.307000,-33.634000,-30.130000,-58.947000,24.770000
22.402,0.523000,0.583000,-0.376000,-10.008000,-40.366000,-83.511000,24.720000
22.414,0.523000,0.631000,-0.377000,11.702000,-57.023000,-93.550000,24.810000
22.420,0.605000,0.708000,-0.331000,27.076000,-76.382000,-95.603000,24.810000
22.432,0.829000,0.767000,-0.238000,29.786000,-69.649000,-100.229000,24.810000
22.439,1.004000,0.795000,-0.162000,23.160000,-40.718000,-92.527000,24.720000
22.451,0.856000,0.917000,-0.085000,10.412000,-16.107000,-67.557000,24.810000
22.457,0.561000,1.080000,-0.043000,-11.458000,-11.244000,-53.466000,24.860000
22.470,0.386000,0.984000,-0.124000,-18.191000,-25.366000,-63.710000,24.860000
22.482,0.403000,0.899000,-0.138000,-8.893000,-40.176000,-81.641000,24.770000
22.489,0.459000,0.914000,-0.110000,-0.076000,-53.221000,-89.748000,24.770000
22.502,0.602000,0.935000,-0.090000,0.931000,-64.618000,-88.893000,24.860000
22.510,0.851000,1.009000,-0.073000,-7.954000,-56.076000,-85.359000,24.770000
22.521,1.019000,1.007000,-0.085000,-22.710000,-28.489000,-77.672000,24.860000
22.533,0.997000,0.976000,-0.138000,-39.931000,3.603000,-66.634000,24.860000
22.542,0.804000,0.972000,-0.149000,-42.221000,21.687000,-55.168000,24.860000
22.552,0.504000,0.997000,-0.159000,-47.229000,13.878000,-46.275000,24.910000
22.560,0.365000,0.922000,-0.176000,-41.458000,-5.061000,-47.634000,24.810000
22.571,0.331000,0.972000,-0.141000,-29.458000,-28.809000,-54.962000,24.810000
22.578,0.365000,0.998000,-0.132000,-22.076000,-54.702000,-61.573000,24.720000
22.592,0.543000,1.007000,-0.131000,-15.214000,-70.145000,-71.863000,24.860000
22.602,0.788000,1.083000,-0.104000,-19.748000,-62.137000,-79.527000,24.860000
22.610,0.969000,1.089000,-0.137000,-33.344000,-38.672000,-74.328000,24.860000
22.622,1.021000,1.043000,-0.191000,-44.687000,-7.321000,-66.550000,24.770000
22.628,0.940000,1.029000,-0.205000,-49.206000,19.954000,-58.595000,24.860000
22.642,0.766000,1.026000,-0.191000,-54.153000,38.275000,-50.298000,24.860000
22.653,0.511000,1.053000,-0.139000,-56.786000,31.786000,-36.611000,24.810000
22.660,0.338000,0.975000,-0.162000,-55.985000,8.473000,-26.305000,24.810000
22.672,0.302000,0.937000,-0.203000,-45.931000,-20.344000,-30.046000,24.720000
22.679,0.353000,0.907000,-0.198000,-33.069000,-45.130000,-36.748000,24.810000
22.692,0.491000,0.944000,-0.181000,-23.885000,-54.015000,-43.427000,24.810000
22.698,0.638000,0.983000,-0.151000,-24.687000,-49.000000,-49.626000,24.770000
22.710,0.758000,1.007000,-0.177000,-31.809000,-29.695000,-55.305000,24.770000
22.722,0.785000,0.960000,-0.205000,-32.618000,-12.023000,-54.237000,24.950000
22.729,0.722000,0.989000,-0.192000,-31.084000,1.947000,-51.282000,24.770000
22.742,0.618000,1.064000,-0.124000,-33.160000,5.710000,-45.405000,24.770000
22.750,0.525000,1.056000,-0.074000,-28.908000,3.931000,-43.725000,24.770000
22.761,0.432000,1.050000,-0.031000,-23.305000,-7.473000,-41.229000,24.810000
22.773,0.424000,1.099000,0.005000,-26.519000,-18.931000,-37.611000,24.810000
22.780,0.451000,1.073000,-0.009000,-31.092000,-28.534000,-30.595000,24.910000
22.792,0.528000,1.056000,-0.034000,-33.084000,-28.000000,-29.863000,24.910000
22.799,0.566000,1.052000,-0.089000,-36.840000,-21.153000,-31.328000,24.810000
22.811,0.581000,1.000000,-0.115000,-35.771000,-12.885000,-33.992000,24.910000
22.819,0.534000,1.031000,-0.118000,-33.031000,-9.183000,-34.183000,24.770000
22.830,0.479000,1.033000,-0.118000,-31.267000,-13.641000,-33.664000,24.860000
22.842,0.427000,0.997000,-0.115000,-26.176000,-23.443000,-33.573000,24.770000
22.850,0.426000,1.016000,-0.095000,-20.084000,-33.450000,-35.008000,24.860000
22.862,0.444000,1.064000,-0.055000,-18.573000,-41.725000,-31.153000,24.860000
22.869,0.480000,1.064000,-0.030000,-20.008000,-42.336000,-28.504000,24.810000
22.881,0.549000,1.091000,-0.024000,-26.916000,-32.603000,-30.344000,24.910000
22.893,0.613000,1.070000,-0.076000,-37.687000,-17.031000,-32.244000,24.810000
22.901,0.636000,0.967000,-0.144000,-35.000000,-1.374000,-32.595000,24.810000
22.912,0.566000,0.975000,-0.154000,-31.901000,9.214000,-31.069000,24.720000
22.919,0.468000,0.973000,-0.135000,-27.420000,6.275000,-25.550000,24.810000
22.931,0.378000,0.954000,-0.116000,-22.679000,-5.122000,-19.206000,24.860000
22.944,0.356000,0.969000,-0.091000,-15.511000,-16.695000,-14.863000,24.860000
22.951,0.390000,0.990000,-0.060000,-13.122000,-21.824000,-9.740000,24.770000
22.962,0.386000,0.986000,-0.057000,-12.237000,-21.420000,-6.763000,24.860000
22.969,0.442000,1.025000,-0.043000,-15.786000,-10.176000,-12.504000,24.770000
22.981,0.453000,1.008000,-0.073000,-19.359000,-0.336000,-18.473000,24.860000
22.988,0.455000,0.962000,-0.109000,-19.214000,6.641000,-22.168000,24.770000
23.001,0.423000,0.971000,-0.103000,-17.779000,5.962000,-20.137000,24.860000
23.013,0.378000,0.961000,-0.069000,-14.427000,-1.198000,-11.931000,24.770000
23.020,0.357000,0.969000,-0.044000,-12.794000,-8.214000,-7.244000,24.810000
23.032,0.419000,1.027000,-0.021000,-16.435000,-9.756000,-6.832000,24.810000
23.039,0.462000,1.014000,-0.022000,-16.573000,-6.611000,-1.802000,24.810000
23.052,0.473000,0.992000,-0.022000,-21.252000,0.611000,-0.107000,24.860000
23.059,0.506000,1.062000,-0.017000,-25.916000,9.458000,0.916000,24.770000
23.071,0.514000,1.029000,-0.012000,-32.382000,21.076000,2.084000,24.860000
23.078,0.500000,0.997000,-0.011000,-31.191000,30.740000,3.000000,24.860000
23.092,0.441000,0.965000,0.009000,-30.863000,32.183000,7.840000,24.770000
23.099,0.360000,0.941000,0.027000,-25.473000,24.405000,14.710000,24.770000
23.110,0.314000,0.958000,0.023000,-23.916000,17.611000,14.244000,24.860000
23.123,0.303000,0.938000,0.013000,-19.840000,8.710000,13.496000,24.810000
23.130,0.292000,0.919000,0.013000,-17.328000,-0.649000,10.473000,24.720000
23.144,0.319000,0.913000,0.020000,-11.702000,-8.710000,6.557000,24.810000
23.150,0.357000,0.936000,0.022000,-7.168000,-15.168000,5.771000,24.810000
23.163,0.378000,0.956000,0.033000,-5.260000,-17.733000,1.519000,24.810000
23.170,0.401000,0.933000,0.041000,-3.466000,-18.832000,-0.382000,24.720000
23.182,0.395000,0.956000,0.047000,-2.992000,-19.344000,-3.206000,24.860000
23.189,0.412000,1.000000,0.058000,-5.939000,-17.504000,-5.664000,24.770000
23.201,0.449000,0.948000,0.041000,-4.061000,-13.939000,-5.176000,24.860000
23.209,0.472000,0.953000,0.043000,-5.176000,-8.855000,-5.626000,24.950000
23.221,0.519000,0.944000,0.038000,-4.733000,0.321000,-8.069000,24.860000
23.228,0.493000,0.949000,0.021000,-2.809000,6.061000,-6.908000,24.770000
23.242,0.447000,0.960000,0.031000,-2.847000,6.084000,-5.115000,24.860000
23.249,0.413000,0.952000,0.060000,1.603000,3.855000,-4.573000,24.720000
23.261,0.357000,0.989000,0.121000,1.489000,-4.366000,1.710000,24.810000
23.267,0.328000,0.997000,0.150000,-1.649000,-12.977000,7.198000,24.810000
23.281,0.326000,0.993000,0.150000,-4.687000,-18.053000,7.802000,24.810000
23.293,0.346000,0.982000,0.132000,-7.344000,-20.153000,10.107000,24.810000
23.301,0.348000,0.975000,0.112000,-10.710000,-19.038000,10.534000,24.720000
23.312,0.355000,0.938000,0.078000,-12.985000,-16.351000,8.618000,24.860000
23.319,0.367000,0.938000,0.040000,-12.221000,-13.099000,4.336000,24.770000
23.332,0.368000,0.928000,0.039000,-11.992000,-11.427000,2.252000,24.770000
23.339,0.368000,0.919000,0.024000,-10.473000,-11.718000,4.443000,24.770000
23.351,0.365000,0.915000,0.025000,-9.053000,-12.008000,5.947000,24.770000
23.359,0.385000,0.923000,0.021000,-8.656000,-8.817000,5.046000,24.860000
23.371,0.391000,0.927000,0.025000,-7.519000,-4.000000,6.031000,24.810000
23.379,0.379000,0.925000,0.021000,-6.786000,1.260000,7.672000,24.810000
23.392,0.333000,0.937000,0.038000,-6.565000,4.740000,6.824000,24.720000
23.399,0.305000,0.931000,0.018000,-6.855000,5.427000,5.221000,24.810000
23.412,0.289000,0.937000,0.013000,-7.450000,4.267000,3.977000,24.910000
23.419,0.292000,0.923000,-0.003000,-6.725000,0.328000,2.015000,24.810000
23.431,0.301000,0.894000,-0.015000,-2.924000,-1.947000,-0.573000,24.770000
23.439,0.325000,0.893000,-0.021000,0.924000,-2.435000,-4.313000,24.860000
23.451,0.362000,0.906000,-0.023000,4.710000,-0.847000,-6.420000,24.860000
23.463,0.355000,0.929000,-0.016000,8.000000,-1.305000,-4.969000,24.860000
23.470,0.347000,0.951000,0.006000,9.725000,-3.893000,-4.573000,24.860000
23.483,0.326000,0.971000,0.037000,8.519000,-7.550000,-3.634000,24.860000
23.492,0.351000,0.983000,0.050000,6.267000,-8.771000,-4.885000,24.860000
23.503,0.378000,0.971000,0.045000,5.237000,-7.901000,-6.321000,24.770000
23.510,0.400000,0.940000,0.012000,5.626000,-6.458000,-7.374000,24.810000
23.522,0.444000,0.934000,-0.008000,6.115000,-3.863000,-6.771000,24.810000
23.530,0.457000,0.920000,-0.030000,7.107000,-1.710000,-6.252000,24.810000
23.542,0.481000,0.924000,-0.052000,9.351000,-0.282000,-6.000000,24.810000
23.550,0.496000,0.918000,-0.046000,12.397000,1.382000,-2.702000,24.770000
23.562,0.477000,0.937000,-0.043000,14.290000,1.901000,3.405000,24.860000
23.569,0.453000,0.954000,-0.027000,13.863000,2.832000,7.519000,24.860000
23.582,0.434000,0.939000,-0.021000,13.588000,2.740000,9.588000,24.860000
23.589,0.413000,0.934000,-0.023000,14.000000,3.527000,7.557000,24.770000
23.602,0.430000,0.956000,-0.018000,13.366000,4.656000,3.771000,24.860000
23.610,0.480000,0.966000,-0.030000,13.000000,7.794000,2.641000,24.810000
23.621,0.521000,0.952000,-0.046000,12.443000,9.504000,3.038000,24.810000
23.628,0.594000,0.928000,-0.073000,11.718000,16.450000,3.183000,24.810000
23.642,0.646000,0.892000,-0.109000,13.153000,23.305000,7.908000,24.810000
23.648,0.659000,0.873000,-0.126000,19.405000,30.947000,13.908000,24.810000
23.661,0.635000,0.914000,-0.099000,24.053000,38.794000,18.481000,24.810000
23.673,0.578000,0.968000,-0.088000,23.824000,41.466000,21.198000,24.770000
23.680,0.551000,1.008000,-0.070000,23.809000,41.740000,20.878000,24.770000
23.692,0.557000,1.030000,-0.061000,22.237000,40.160000,17.802000,24.860000
23.701,0.617000,1.029000,-0.066000,19.878000,37.924000,15.985000,24.860000
23.712,0.712000,1.037000,-0.100000,17.328000,42.611000,16.282000,24.770000
23.720,0.797000,1.001000,-0.153000,16.763000,53.847000,20.817000,24.770000
23.731,0.793000,0.958000,-0.198000,19.679000,65.313000,27.008000,24.810000
23.738,0.736000,0.961000,-0.212000,24.053000,72.344000,31.496000,24.810000
23.751,0.690000,1.010000,-0.188000,26.832000,72.977000,35.015000,24.810000
23.758,0.634000,1.038000,-0.140000,28.939000,66.740000,40.511000,24.810000
23.770,0.605000,1.051000,-0.096000,29.725000,57.290000,48.557000,24.720000
23.783,0.613000,1.038000,-0.064000,30.687000,50.153000,54.092000,24.810000
23.792,0.684000,1.093000,-0.046000,28.687000,51.649000,54.870000,24.810000
23.803,0.747000,1.043000,-0.068000,27.595000,61.221000,53.618000,24.860000
23.811,0.752000,1.006000,-0.099000,30.466000,72.282000,53.038000,24.860000
23.822,0.721000,1.031000,-0.079000,34.519000,78.947000,54.695000,24.860000
23.829,0.664000,1.048000,-0.029000,35.534000,84.641000,53.702000,24.860000
23.842,0.630000,1.109000,0.019000,35.107000,86.344000,53.595000,24.860000
23.850,0.622000,1.137000,0.052000,29.611000,87.053000,54.779000,24.910000
23.862,0.656000,1.109000,0.042000,24.061000,91.031000,57.260000,24.910000
23.869,0.702000,1.094000,0.018000,21.328000,97.595000,59.275000,24.720000
23.881,0.672000,1.009000,-0.021000,22.939000,100.084000,60.954000,24.810000
23.893,0.638000,1.003000,-0.023000,26.000000,99.336000,59.015000,24.910000
23.901,0.630000,1.039000,-0.008000,27.817000,93.427000,57.496000,24.910000
23.913,0.660000,1.029000,0.031000,31.763000,86.275000,59.443000,24.860000
23.920,0.667000,1.083000,0.080000,30.565000,80.527000,64.382000,24.770000
23.933,0.710000,1.115000,0.092000,27.626000,80.023000,71.588000,24.860000
23.939,0.720000,1.104000,0.100000,25.725000,83.779000,75.221000,24.860000
23.952,0.710000,1.125000,0.118000,21.824000,86.626000,80.603000,24.860000
23.960,0.670000,1.088000,0.136000,18.214000,87.550000,84.542000,24.770000
23.972,0.629000,1.072000,0.135000,18.076000,87.061000,83.550000,24.860000
23.979,0.600000,1.100000,0.158000,15.557000,83.710000,82.855000,24.910000
23.992,0.579000,1.093000,0.185000,13.748000,79.893000,83.206000,24.810000
23.998,0.598000,1.112000,0.200000,10.511000,76.733000,85.023000,24.910000
24.012,0.583000,1.109000,0.214000,4.672000,72.649000,88.924000,24.910000
24.018,0.565000,1.070000,0.199000,-0.099000,69.328000,92.565000,24.770000
24.031,0.537000,1.029000,0.185000,-2.336000,63.641000,94.450000,24.860000
24.043,0.507000,0.990000,0.168000,-1.756000,55.771000,94.435000,24.770000
24.051,0.490000,0.982000,0.172000,-0.137000,46.145000,90.527000,24.860000
24.063,0.512000,1.004000,0.203000,-2.122000,36.763000,88.611000,24.860000
24.070,0.542000,1.013000,0.216000,-6.328000,31.282000,89.786000,24.810000
24.083,0.569000,0.980000,0.221000,-9.053000,27.771000,90.664000,24.910000
24.089,0.564000,0.980000,0.227000,-12.916000,24.405000,93.565000,24.910000
24.103,0.562000,0.915000,0.198000,-15.282000,20.794000,92.885000,24.810000
24.110,0.602000,0.862000,0.158000,-11.397000,19.710000,88.595000,24.910000
24.122,0.634000,0.851000,0.160000,-6.382000,19.840000,88.595000,24.910000
24.129,0.642000,0.877000,0.192000,-5.115000,21.908000,89.695000,24.860000
24.142,0.682000,0.920000,0.218000,-11.290000,28.649000,89.137000,24.860000
24.148,0.680000,0.883000,0.201000,-15.473000,34.557000,89.252000,24.860000
24.161,0.672000,0.892000,0.195000,-19.740000,42.458000,87.870000,24.860000
24.173,0.618000,0.818000,0.163000,-20.328000,42.069000,85.351000,24.860000
24.180,0.557000,0.744000,0.151000,-16.618000,35.443000,79.710000,24.770000
24.193,0.516000,0.725000,0.155000,-12.771000,23.344000,77.977000,24.810000
24.201,0.520000,0.711000,0.180000,-7.977000,10.008000,76.427000,24.810000
24.213,0.586000,0.759000,0.219000,-8.069000,4.649000,75.977000,24.910000
24.220,0.612000,0.750000,0.220000,-8.947000,1.084000,75.664000,24.720000
24.232,0.658000,0.741000,0.223000,-10.863000,3.511000,72.244000,24.910000
24.239,0.651000,0.682000,0.196000,-10.977000,3.595000,69.206000,24.810000
24.252,0.685000,0.659000,0.186000,-6.260000,7.015000,63.298000,24.860000
24.260,0.705000,0.685000,0.196000,-5.115000,8.649000,61.489000,24.860000
24.272,0.728000,0.681000,0.183000,-4.649000,9.160000,59.145000,24.770000
24.279,0.770000,0.676000,0.209000,-5.588000,14.153000,58.511000,24.860000
24.292,0.738000,0.643000,0.233000,-7.290000,13.840000,66.702000,24.860000
24.299,0.646000,0.645000,0.240000,-6.260000,9.061000,70.756000,24.860000
24.312,0.624000,0.734000,0.277000,-14.992000,-2.931000,70.855000,24.810000
24.319,0.675000,0.606000,0.219000,-11.504000,-12.924000,63.817000,24.910000
24.331,0.785000,0.589000,0.193000,-9.969000,-13.679000,56.221000,24.910000
24.343,0.879000,0.567000,0.171000,-6.718000,-5.107000,55.557000,24.810000
24.350,0.924000,0.571000,0.179000,-2.870000,9.359000,54.359000,24.810000
24.364,0.897000,0.620000,0.230000,-7.496000,25.443000,58.908000,24.810000
24.370,0.781000,0.591000,0.231000,-17.466000,32.038000,63.344000,24.860000
24.382,0.716000,0.518000,0.216000,-15.733000,29.573000,61.985000,24.860000
24.389,0.694000,0.541000,0.228000,-14.122000,25.527000,61.573000,24.950000
24.402,0.697000,0.527000,0.219000,-11.656000,18.901000,63.038000,24.770000
24.410,0.712000,0.520000,0.219000,-9.145000,14.366000,65.519000,24.860000
24.421,0.731000,0.562000,0.245000,-12.252000,15.794000,67.725000,24.860000
24.428,0.729000,0.522000,0.236000,-12.672000,18.908000,69.511000,24.770000
24.442,0.701000,0.506000,0.258000,-13.870000,25.626000,67.160000,24.860000
24.453,0.681000,0.467000,0.271000,-19.412000,33.992000,63.832000,24.810000
24.460,0.609000,0.441000,0.248000,-22.237000,41.046000,60.580000,24.810000
24.473,0.531000,0.427000,0.251000,-24.687000,38.481000,55.855000,24.910000
24.480,0.503000,0.381000,0.223000,-24.229000,31.298000,49.076000,24.910000
24.492,0.503000,0.373000,0.215000,-21.557000,21.069000,45.183000,24.860000
24.501,0.551000,0.346000,0.219000,-19.832000,14.855000,42.740000,24.860000
24.512,0.597000,0.321000,0.225000,-18.099000,10.939000,43.542000,24.860000
24.519,0.604000,0.304000,0.223000,-16.496000,10.427000,44.679000,24.860000
24.531,0.602000,0.296000,0.245000,-17.244000,10.771000,43.779000,24.770000
24.538,0.587000,0.262000,0.237000,-13.611000,6.473000,35.550000,24.860000
24.552,0.600000,0.268000,0.245000,-12.473000,3.527000,28.740000,24.810000
24.560,0.619000,0.281000,0.256000,-11.458000,1.534000,23.229000,24.810000
24.571,0.648000,0.324000,0.296000,-11.275000,1.168000,23.015000,24.810000
24.583,0.672000,0.342000,0.301000,-18.634000,6.519000,24.206000,24.720000
24.592,0.634000,0.258000,0.239000,-22.832000,10.031000,25.626000,24.810000
24.603,0.601000,0.199000,0.222000,-20.588000,9.687000,23.656000,24.810000
24.611,0.562000,0.178000,0.215000,-16.046000,3.786000,22.687000,24.860000
24.622,0.547000,0.163000,0.214000,-10.389000,-4.786000,21.084000,24.770000
24.629,0.551000,0.194000,0.223000,-5.290000,-13.504000,18.183000,24.860000
24.642,0.566000,0.212000,0.218000,-6.870000,-20.168000,12.069000,24.770000
24.650,0.649000,0.211000,0.220000,-5.847000,-21.397000,7.916000,24.860000
24.662,0.709000,0.193000,0.208000,-7.496000,-18.336000,4.718000,24.860000
24.669,0.717000,0.185000,0.199000,-8.145000,-15.641000,3.618000,24.810000
24.681,0.730000,0.186000,0.196000,-8.115000,-14.710000,7.427000,24.810000
24.690,0.733000,0.200000,0.189000,-9.008000,-13.382000,6.130000,24.910000
24.702,0.740000,0.183000,0.190000,-7.763000,-15.252000,5.870000,24.810000
24.713,0.736000,0.198000,0.204000,-7.832000,-15.397000,9.145000,24.910000
24.721,0.714000,0.220000,0.218000,-9.550000,-19.420000,12.550000,24.720000
24.733,0.680000,0.169000,0.188000,-11.427000,-26.733000,13.595000,24.860000
24.739,0.716000,0.120000,0.143000,-6.038000,-32.061000,11.069000,24.770000
24.753,0.735000,0.116000,0.126000,0.809000,-36.252000,7.328000,24.860000
24.760,0.755000,0.146000,0.132000,7.519000,-39.595000,4.885000,24.770000
24.772,0.796000,0.191000,0.162000,8.496000,-38.954000,0.534000,24.770000
24.779,0.855000,0.205000,0.190000,8.679000,-32.015000,-2.878000,24.810000
24.793,0.872000,0.213000,0.199000,6.947000,-22.336000,-4.420000,24.810000
24.800,0.873000,0.237000,0.232000,3.237000,-11.351000,-4.847000,24.910000
24.812,0.822000,0.195000,0.202000,-1.244000,-3.901000,-8.160000,24.810000
24.819,0.784000,0.151000,0.150000,1.733000,-3.458000,-16.282000,24.810000
24.831,0.778000,0.165000,0.134000,6.656000,-9.153000,-21.450000,24.810000
24.838,0.793000,0.182000,0.134000,13.305000,-20.260000,-22.969000,24.860000
24.851,0.852000,0.222000,0.146000,18.145000,-29.435000,-20.595000,24.770000
24.863,0.905000,0.267000,0.180000,20.511000,-35.115000,-13.130000,24.860000
24.870,0.954000,0.326000,0.219000,16.328000,-33.260000,-8.450000,24.860000
24.882,1.014000,0.299000,0.212000,11.160000,-23.053000,-8.366000,24.860000
24.889,1.048000,0.274000,0.223000,6.290000,-8.573000,-9.473000,24.950000
24.902,1.020000,0.273000,0.208000,2.221000,3.977000,-10.450000,24.860000
24.910,0.963000,0.278000,0.181000,0.641000,9.382000,-11.008000,24.860000
24.922,0.899000,0.288000,0.196000,2.000000,8.565000,-10.565000,24.860000
24.929,0.883000,0.307000,0.202000,1.008000,5.366000,-8.160000,24.910000
24.942,0.874000,0.291000,0.200000,0.649000,0.534000,-5.519000,24.810000
24.950,0.881000,0.283000,0.229000,0.435000,-0.496000,-3.931000,24.910000
24.962,0.881000,0.273000,0.204000,-1.221000,0.038000,-4.145000,24.810000
24.969,0.877000,0.252000,0.186000,-0.076000,1.443000,-7.893000,24.860000
24.981,0.865000,0.259000,0.192000,2.214000,0.870000,-9.901000,24.860000
24.989,0.877000,0.267000,0.186000,3.198000,-0.183000,-10.580000,24.860000
25.002,0.903000,0.258000,0.174000,5.176000,0.618000,-10.031000,24.860000
25.010,0.904000,0.279000,0.178000,6.252000,5.481000,-10.885000,24.860000
25.021,0.881000,0.265000,0.187000,3.023000,9.099000,-12.221000,24.860000
25.029,0.845000,0.238000,0.175000,3.664000,8.863000,-14.985000,24.810000
25.041,0.793000,0.249000,0.173000,6.374000,3.832000,-17.794000,24.810000
25.050,0.779000,0.261000,0.176000,7.618000,-5.626000,-20.031000,24.910000
25.061,0.802000,0.277000,0.191000,12.802000,-16.206000,-19.573000,24.810000
25.073,0.841000,0.309000,0.218000,16.916000,-20.794000,-17.809000,24.810000
25.080,0.879000,0.332000,0.243000,15.198000,-20.214000,-16.985000,24.810000
25.092,0.909000,0.339000,0.232000,11.427000,-14.924000,-17.405000,24.770000
25.100,0.920000,0.340000,0.225000,7.176000,-7.954000,-18.947000,24.770000
25.112,0.916000,0.335000,0.217000,4.229000,-2.206000,-19.130000,24.860000
25.119,0.896000,0.331000,0.208000,2.710000,1.000000,-18.023000,24.860000
25.132,0.852000,0.324000,0.215000,0.924000,0.931000,-15.168000,24.770000
25.139,0.828000,0.321000,0.213000,-1.351000,0.809000,-13.115000,24.860000
25.152,0.812000,0.314000,0.191000,-0.756000,-2.840000,-13.168000,24.950000
25.159,0.823000,0.309000,0.189000,0.374000,-4.405000,-16.786000,24.810000
25.171,0.845000,0.326000,0.188000,-0.382000,-3.023000,-21.023000,24.910000
25.178,0.868000,0.316000,0.184000,-1.267000,0.252000,-23.969000,24.810000
25.192,0.887000,0.301000,0.174000,0.405000,3.634000,-23.328000,24.910000
25.197,0.856000,0.325000,0.204000,1.260000,8.282000,-22.282000,24.910000
25.210,0.824000,0.361000,0.238000,-1.863000,11.649000,-20.573000,24.910000
25.223,0.776000,0.358000,0.244000,-4.336000,11.214000,-22.229000,24.810000
25.230,0.761000,0.326000,0.223000,-3.137000,8.397000,-27.527000,24.860000
25.242,0.761000,0.350000,0.217000,-2.366000,2.008000,-30.679000,24.860000
25.250,0.798000,0.352000,0.198000,-2.046000,-2.939000,-31.985000,24.770000
25.263,0.839000,0.363000,0.197000,0.061000,-4.878000,-31.702000,24.860000
25.269,0.843000,0.357000,0.208000,2.389000,-3.832000,-28.809000,24.860000
25.282,0.792000,0.417000,0.252000,1.924000,-5.153000,-18.351000,24.770000
25.289,0.703000,0.420000,0.254000,-2.603000,-9.863000,-13.649000,24.910000
25.302,0.685000,0.384000,0.232000,-1.237000,-12.191000,-19.290000,24.810000
25.309,0.702000,0.389000,0.240000,-0.710000,-12.458000,-26.504000,24.810000
25.321,0.743000,0.415000,0.253000,-5.481000,-7.939000,-31.962000,24.910000
25.333,0.782000,0.406000,0.221000,-10.115000,0.603000,-36.336000,24.810000
25.342,0.808000,0.390000,0.207000,-11.313000,11.656000,-39.183000,24.860000
25.353,0.749000,0.411000,0.206000,-13.840000,17.321000,-37.985000,24.860000
25.360,0.674000,0.426000,0.197000,-13.252000,17.710000,-38.412000,24.860000
25.372,0.611000,0.450000,0.190000,-14.435000,9.443000,-40.519000,24.860000
25.378,0.620000,0.426000,0.140000,-12.389000,-1.122000,-45.389000,24.860000
25.392,0.743000,0.385000,0.124000,-7.397000,-4.275000,-51.053000,24.860000
25.398,0.817000,0.421000,0.124000,-5.237000,-3.450000,-50.740000,24.860000
25.411,0.886000,0.431000,0.122000,-6.779000,0.954000,-48.008000,24.860000
25.423,0.906000,0.408000,0.100000,-5.634000,8.282000,-43.107000,24.910000
25.430,0.863000,0.431000,0.117000,-3.748000,17.160000,-39.504000,24.810000
25.443,0.761000,0.444000,0.106000,-5.092000,20.099000,-36.916000,24.910000
25.450,0.688000,0.418000,0.080000,-1.183000,16.756000,-44.046000,24.810000
25.463,0.677000,0.436000,0.080000,6.252000,9.031000,-53.687000,24.860000
25.470,0.721000,0.448000,0.100000,11.550000,0.366000,-57.656000,24.860000
25.482,0.778000,0.480000,0.120000,14.878000,-3.267000,-58.534000,24.860000
25.489,0.820000,0.497000,0.138000,18.008000,-5.328000,-52.267000,24.860000
25.502,0.834000,0.509000,0.167000,17.359000,-1.771000,-44.794000,24.860000
25.510,0.805000,0.550000,0.196000,15.229000,5.214000,-38.260000,24.860000
25.521,0.719000,0.644000,0.238000,7.687000,9.687000,-32.130000,24.910000
25.528,0.660000,0.598000,0.208000,2.718000,11.664000,-35.870000,24.810000
25.541,0.665000,0.541000,0.154000,5.992000,13.824000,-49.786000,24.910000
25.547,0.691000,0.545000,0.143000,12.718000,12.389000,-58.412000,24.910000
25.561,0.714000,0.585000,0.168000,18.397000,9.214000,-60.450000,24.910000
25.573,0.737000,0.621000,0.174000,19.244000,4.740000,-57.542000,24.770000
25.580,0.800000,0.618000,0.234000,16.084000,8.511000,-53.756000,24.950000
25.593,0.753000,0.676000,0.251000,11.374000,14.038000,-45.473000,24.860000
25.601,0.660000,0.688000,0.217000,2.008000,11.206000,-43.458000,24.860000
25.612,0.674000,0.601000,0.141000,2.954000,5.557000,-51.389000,24.860000
25.619,0.703000,0.573000,0.130000,15.290000,1.802000,-60.099000,24.860000
25.632,0.707000,0.640000,0.161000,22.908000,-3.687000,-60.420000,24.720000
25.639,0.749000,0.648000,0.178000,22.725000,-9.832000,-58.718000,24.810000
25.652,0.842000,0.659000,0.186000,24.656000,-4.214000,-56.282000,24.910000
25.660,0.884000,0.706000,0.230000,22.183000,9.565000,-47.275000,24.910000
25.671,0.782000,0.838000,0.277000,7.359000,19.122000,-33.260000,24.910000
25.678,0.672000,0.757000,0.193000,-2.519000,20.931000,-34.824000,24.810000
25.692,0.687000,0.675000,0.129000,4.939000,20.069000,-49.931000,24.910000
25.703,0.701000,0.654000,0.148000,17.122000,18.328000,-58.420000,24.860000
25.711,0.699000,0.723000,0.181000,25.130000,13.412000,-59.710000,24.860000
25.723,0.699000,0.775000,0.232000,27.252000,3.298000,-52.748000,24.860000
25.730,0.737000,0.780000,0.290000,26.595000,2.527000,-45.908000,24.860000
25.742,0.708000,0.878000,0.372000,19.504000,2.397000,-33.313000,24.770000
25.750,0.622000,0.875000,0.365000,2.985000,2.824000,-28.435000,24.860000
25.762,0.662000,0.778000,0.268000,-1.595000,-0.275000,-37.038000,24.810000
25.769,0.732000,0.755000,0.227000,0.878000,-0.069000,-44.382000,24.910000
25.781,0.785000,0.776000,0.234000,6.908000,2.954000,-47.954000,24.810000
25.789,0.821000,0.816000,0.260000,10.977000,7.046000,-48.282000,24.910000
25.802,0.842000,0.835000,0.299000,10.321000,13.824000,-45.908000,24.910000
25.810,0.838000,0.851000,0.352000,7.870000,24.282000,-37.405000,24.910000
25.821,0.786000,0.894000,0.423000,-0.435000,40.427000,-28.198000,24.860000
25.833,0.715000,1.002000,0.532000,-17.145000,58.115000,-13.794000,24.860000
25.842,0.529000,1.146000,0.618000,-44.023000,69.527000,5.328000,24.860000
25.853,0.391000,1.093000,0.585000,-77.053000,76.031000,9.924000,24.860000
25.860,0.363000,0.901000,0.431000,-84.397000,79.084000,-8.908000,24.860000
25.872,0.393000,0.810000,0.373000,-77.802000,82.641000,-34.122000,24.860000
25.879,0.438000,0.798000,0.367000,-71.718000,84.328000,-53.130000,24.860000
25.892,0.485000,0.884000,0.410000,-69.992000,79.947000,-62.351000,24.770000
25.900,0.597000,0.961000,0.495000,-75.763000,75.344000,-59.046000,24.860000
25.911,0.681000,0.930000,0.525000,-87.053000,76.847000,-47.771000,24.910000
25.918,0.691000,0.837000,0.494000,-88.656000,75.664000,-34.145000,24.910000
25.930,0.702000,0.874000,0.472000,-83.412000,82.137000,-32.611000,24.910000
25.943,0.620000,0.854000,0.505000,-83.344000,79.359000,-26.183000,24.860000
25.950,0.517000,0.928000,0.572000,-84.145000,69.504000,-15.595000,24.860000
25.963,0.460000,1.073000,0.695000,-93.046000,60.855000,-7.336000,24.860000
25.969,0.403000,1.183000,0.720000,-109.489000,54.458000,-0.122000,24.860000
25.981,0.410000,1.138000,0.730000,-122.557000,52.374000,0.634000,24.860000
25.989,0.466000,1.017000,0.654000,-125.969000,55.817000,-12.962000,24.950000
26.001,0.539000,0.898000,0.587000,-119.115000,61.183000,-32.962000,24.810000
26.013,0.598000,0.877000,0.574000,-112.229000,69.962000,-48.573000,24.810000
26.020,0.653000,0.913000,0.597000,-110.992000,79.374000,-51.740000,25.000000
26.032,0.640000,0.934000,0.632000,-114.947000,86.145000,-45.183000,24.910000
26.039,0.565000,0.951000,0.630000,-121.260000,81.481000,-25.695000,24.810000
26.051,0.544000,0.803000,0.633000,-124.718000,73.076000,-15.771000,24.910000
26.059,0.493000,0.674000,0.574000,-112.611000,55.366000,-8.351000,24.860000
26.071,0.459000,0.669000,0.634000,-95.473000,34.649000,-2.496000,24.860000
26.083,0.483000,0.705000,0.701000,-86.260000,24.115000,-1.863000,24.860000
26.092,0.535000,0.736000,0.734000,-85.473000,22.939000,-2.099000,24.860000
26.103,0.566000,0.749000,0.751000,-86.489000,30.908000,-5.290000,24.860000
26.110,0.540000,0.722000,0.752000,-91.901000,40.473000,-12.221000,24.770000
26.122,0.506000,0.648000,0.719000,-95.832000,43.710000,-24.641000,24.810000
26.129,0.510000,0.536000,0.713000,-95.840000,40.748000,-38.466000,24.910000
26.142,0.537000,0.453000,0.716000,-90.046000,30.076000,-47.550000,25.000000
26.150,0.578000,0.441000,0.790000,-77.183000,13.313000,-44.252000,24.810000
26.161,0.666000,0.528000,0.920000,-71.885000,0.550000,-28.847000,24.810000
26.173,0.810000,0.584000,1.012000,-73.359000,3.160000,-13.656000,24.910000
26.180,0.916000,0.573000,1.028000,-83.397000,27.824000,-13.031000,24.860000
26.194,0.938000,0.473000,0.972000,-88.015000,52.496000,-17.023000,24.770000
26.200,0.885000,0.398000,0.930000,-86.664000,67.656000,-23.366000,24.860000
26.212,0.811000,0.288000,0.920000,-82.878000,70.435000,-29.168000,24.860000
26.219,0.773000,0.262000,0.914000,-76.450000,62.504000,-26.626000,24.860000
26.231,0.769000,0.273000,0.938000,-71.282000,48.557000,-16.115000,24.950000
26.239,0.781000,0.286000,0.948000,-72.099000,40.038000,-2.748000,24.910000
26.251,0.816000,0.286000,0.928000,-73.366000,40.718000,7.290000,24.910000
26.264,0.810000,0.254000,0.917000,-72.458000,47.817000,11.290000,24.810000
26.270,0.783000,0.193000,0.874000,-66.992000,55.519000,10.656000,24.910000
26.283,0.742000,0.164000,0.890000,-59.954000,58.855000,11.878000,24.810000
26.290,0.722000,0.165000,0.911000,-52.779000,58.015000,14.679000,24.810000
26.302,0.687000,0.210000,0.961000,-45.954000,57.779000,21.656000,24.860000
26.310,0.648000,0.237000,0.998000,-42.344000,59.802000,26.573000,24.860000
26.322,0.560000,0.253000,1.023000,-39.786000,58.763000,31.298000,24.860000
26.328,0.467000,0.173000,1.008000,-38.344000,54.374000,29.534000,24.860000
26.342,0.431000,0.134000,0.975000,-31.565000,49.176000,25.008000,24.860000
26.350,0.441000,0.125000,0.947000,-24.954000,46.359000,24.420000,24.860000
26.361,0.488000,0.077000,0.938000,-13.847000,54.458000,20.992000,24.950000
26.373,0.511000,0.102000,0.957000,1.290000,71.214000,15.679000,24.810000
26.381,0.470000,0.149000,0.985000,9.481000,87.641000,2.802000,24.910000
26.393,0.444000,0.135000,0.934000,10.809000,106.878000,-21.359000,24.810000
26.400,0.501000,0.167000,0.893000,6.351000,125.084000,-38.336000,24.910000
26.412,0.514000,0.209000,0.872000,-5.168000,137.443000,-39.885000,24.860000
26.419,0.475000,0.234000,0.854000,-16.206000,143.756000,-23.237000,24.770000
26.431,0.391000,0.250000,0.843000,-22.550000,138.214000,2.878000,24.860000
26.439,0.275000,0.245000,0.830000,-18.328000,125.969000,29.130000,24.860000
26.451,0.050000,0.323000,0.886000,-12.229000,92.405000,62.458000,24.860000
26.458,-0.197000,0.269000,0.910000,-4.893000,39.382000,96.267000,24.770000
26.470,-0.286000,0.251000,0.864000,5.519000,-11.527000,113.214000,24.860000
26.483,-0.201000,0.341000,0.872000,15.977000,-49.237000,123.145000,24.910000
26.490,-0.069000,0.437000,0.927000,21.252000,-57.336000,120.832000,24.910000
26.502,-0.010000,0.509000,0.949000,17.763000,-36.618000,110.519000,24.910000
26.510,-0.013000,0.560000,0.969000,5.458000,-15.985000,91.855000,24.910000
26.521,-0.025000,0.475000,0.864000,-12.542000,7.580000,59.107000,24.910000
26.528,0.171000,0.323000,0.708000,-21.718000,40.321000,26.130000,24.910000
26.541,0.421000,0.243000,0.619000,-15.427000,92.298000,6.168000,24.770000
26.547,0.447000,0.460000,0.694000,-1.160000,137.519000,13.466000,24.860000
26.561,0.056000,0.544000,0.781000,2.466000,149.031000,48.908000,24.770000
26.573,-0.235000,0.694000,0.771000,-32.885000,135.779000,57.718000,24.860000
26.579,-0.227000,0.197000,0.404000,-76.947000,108.809000,38.214000,24.860000
26.592,-0.062000,-0.304000,0.042000,-70.053000,83.565000,27.511000,24.860000
26.600,0.140000,-0.821000,-0.062000,12.282000,68.260000,59.153000,24.810000
26.611,0.118000,-0.411000,0.381000,136.458000,61.496000,126.000000,24.810000
26.619,-0.361000,0.730000,1.097000,195.641000,41.099000,193.626000,24.810000
26.630,-0.823000,1.525000,1.665000,157.481000,17.824000,205.145000,24.810000
26.643,-1.055000,1.839000,1.911000,76.229000,-11.237000,173.237000,24.910000
26.651,-1.105000,1.689000,1.832000,-9.634000,-38.641000,120.344000,24.950000
26.662,-0.976000,1.239000,1.520000,-74.466000,-46.534000,57.931000,24.860000
26.669,-0.751000,0.872000,1.062000,-122.595000,-47.191000,-5.366000,24.770000
26.681,-0.506000,0.482000,0.656000,-139.015000,-44.504000,-51.573000,24.770000
26.693,-0.296000,0.187000,0.352000,-120.107000,-46.145000,-82.092000,24.860000
26.700,-0.154000,-0.056000,0.198000,-79.344000,-57.214000,-88.450000,24.860000
26.712,-0.017000,-0.168000,0.242000,-20.595000,-74.947000,-69.924000,24.910000
26.719,0.075000,0.036000,0.421000,21.916000,-89.328000,-40.679000,24.910000
26.731,0.121000,0.248000,0.610000,38.626000,-100.015000,-16.145000,24.910000
26.743,0.197000,0.493000,0.686000,27.992000,-98.924000,-6.824000,24.910000
26.751,0.295000,0.439000,0.600000,8.779000,-95.832000,-6.206000,24.910000
26.764,0.390000,0.238000,0.598000,18.649000,-83.137000,-8.550000,24.810000
26.770,0.363000,0.293000,0.695000,35.015000,-74.634000,6.366000,24.860000
26.783,0.235000,0.429000,0.868000,40.634000,-71.908000,26.076000,24.860000
26.789,0.096000,0.539000,0.981000,35.748000,-74.130000,41.702000,24.950000
26.802,0.083000,0.624000,1.012000,16.344000,-69.954000,41.481000,24.770000
26.810,0.118000,0.551000,0.958000,-4.840000,-61.870000,30.473000,24.950000
26.821,0.167000,0.441000,0.931000,-12.252000,-45.603000,13.145000,24.860000
26.828,0.158000,0.386000,0.887000,-16.198000,-34.687000,1.000000,24.950000
26.842,0.132000,0.361000,0.890000,-15.557000,-30.802000,-5.817000,24.860000
26.853,0.141000,0.476000,0.901000,-20.313000,-27.275000,-11.809000,24.810000
26.860,0.186000,0.472000,0.756000,-39.221000,-26.229000,-12.916000,24.910000
26.872,0.240000,0.268000,0.603000,-42.565000,-24.763000,-11.405000,24.910000
26.879,0.297000,0.191000,0.496000,-36.359000,-25.924000,-9.969000,24.810000
26.892,0.296000,0.099000,0.464000,-22.634000,-36.092000,-2.153000,24.860000
26.899,0.305000,0.096000,0.538000,-1.939000,-45.992000,11.863000,24.860000
26.911,0.294000,0.188000,0.691000,11.008000,-53.779000,28.901000,24.860000
26.918,0.329000,0.365000,0.811000,12.336000,-51.122000,34.931000,24.860000
26.930,0.451000,0.496000,0.837000,-0.695000,-29.336000,28.977000,24.770000
26.943,0.526000,0.447000,0.704000,-19.817000,2.282000,23.000000,24.860000
26.951,0.486000,0.219000,0.560000,-20.687000,30.435000,18.534000,24.910000
26.963,0.292000,0.099000,0.536000,-1.908000,36.046000,21.115000,24.810000
26.969,0.087000,0.104000,0.654000,21.267000,20.015000,31.473000,24.810000
26.982,-0.008000,0.222000,0.843000,34.786000,2.969000,44.214000,24.810000
26.989,0.029000,0.437000,0.982000,32.634000,0.313000,54.206000,24.910000
27.002,0.070000,0.652000,0.989000,5.710000,16.885000,54.008000,24.770000
27.009,0.070000,0.562000,0.836000,-19.893000,38.053000,39.473000,24.860000
27.021,-0.006000,0.303000,0.699000,-19.458000,50.244000,14.389000,24.860000
27.028,-0.145000,0.121000,0.656000,-2.282000,44.176000,-11.366000,24.860000
27.041,-0.265000,0.097000,0.712000,15.076000,14.611000,-27.527000,24.860000
27.053,-0.272000,0.142000,0.842000,26.328000,-26.855000,-23.382000,24.770000
27.060,-0.102000,0.315000,0.945000,27.382000,-51.496000,-23.427000,24.910000
27.072,0.126000,0.434000,0.996000,16.771000,-55.756000,-23.924000,24.810000
27.079,0.283000,0.421000,1.005000,5.992000,-42.420000,-29.092000,24.810000
27.092,0.347000,0.402000,1.000000,1.313000,-21.702000,-41.771000,24.810000
27.099,0.392000,0.443000,1.039000,-6.122000,0.366000,-52.427000,24.810000
27.112,0.303000,0.401000,1.011000,-14.863000,4.885000,-47.756000,24.910000
27.119,0.224000,0.353000,1.013000,-16.481000,-3.099000,-36.244000,24.860000
27.131,0.250000,0.410000,0.998000,-21.237000,-7.160000,-28.664000,24.860000
27.143,0.322000,0.383000,0.934000,-29.534000,-5.519000,-21.229000,24.770000
27.151,0.361000,0.246000,0.838000,-28.824000,0.847000,-12.786000,24.770000
27.163,0.286000,0.180000,0.779000,-16.855000,5.611000,-6.313000,24.860000
27.170,0.130000,0.209000,0.821000,-3.992000,0.260000,-3.382000,24.860000
27.182,-0.023000,0.259000,0.923000,6.870000,-19.710000,-6.702000,24.810000
27.189,-0.033000,0.376000,1.100000,9.687000,-37.985000,-12.725000,24.910000
27.202,0.116000,0.544000,1.185000,-9.328000,-37.611000,-22.817000,24.910000
27.210,0.288000,0.475000,1.159000,-27.359000,-21.679000,-27.389000,24.810000
27.221,0.357000,0.396000,1.049000,-34.534000,0.092000,-33.947000,24.810000
27.227,0.361000,0.346000,0.936000,-39.328000,17.344000,-39.550000,24.910000
27.242,0.280000,0.234000,0.856000,-35.885000,19.634000,-38.771000,24.860000
27.253,0.214000,0.182000,0.856000,-21.336000,11.634000,-28.969000,24.860000
27.260,0.167000,0.295000,0.966000,-12.634000,2.565000,-14.069000,24.770000
27.272,0.110000,0.381000,1.087000,-9.733000,-4.427000,-5.107000,24.860000
27.279,0.155000,0.534000,1.135000,-20.786000,7.832000,-13.924000,24.860000
27.292,0.202000,0.494000,1.064000,-41.550000,26.718000,-22.725000,24.950000
27.299,0.167000,0.345000,0.952000,-47.504000,41.183000,-29.634000,24.860000
27.311,0.024000,0.268000,0.880000,-45.702000,38.229000,-32.008000,24.770000
27.323,-0.163000,0.213000,0.857000,-40.519000,14.931000,-26.053000,24.910000
27.330,-0.214000,0.189000,0.874000,-32.115000,-12.718000,-25.458000,24.810000
27.342,-0.064000,0.303000,0.904000,-30.740000,-25.237000,-34.252000,24.720000
27.349,0.111000,0.319000,0.866000,-35.931000,-19.237000,-39.718000,24.860000
27.363,0.189000,0.256000,0.809000,-37.275000,0.618000,-50.115000,24.950000
27.369,0.196000,0.225000,0.741000,-33.427000,16.221000,-60.969000,24.770000
27.381,0.101000,0.143000,0.705000,-23.893000,13.893000,-61.977000,24.860000
27.386,0.012000,0.120000,0.762000,-8.183000,-5.260000,-52.183000,24.860000
27.401,-0.006000,0.225000,0.881000,-0.290000,-25.557000,-37.489000,24.860000
27.413,0.034000,0.334000,0.983000,-1.756000,-39.290000,-26.763000,24.770000
27.422,0.116000,0.407000,1.038000,-8.122000,-33.031000,-26.885000,24.910000
27.432,0.204000,0.402000,1.004000,-22.382000,-10.855000,-36.115000,24.810000
27.439,0.233000,0.281000,0.915000,-26.053000,11.939000,-47.901000,24.810000
27.451,0.151000,0.243000,0.895000,-22.664000,23.336000,-53.939000,25.000000
27.459,0.039000,0.248000,0.926000,-19.702000,19.595000,-53.122000,24.810000
27.470,-0.030000,0.291000,1.003000,-20.916000,2.053000,-50.115000,24.810000
27.483,0.013000,0.338000,1.024000,-26.687000,-9.443000,-51.107000,24.860000
27.489,0.134000,0.274000,0.943000,-33.252000,-12.695000,-55.420000,24.770000
27.502,0.249000,0.167000,0.875000,-25.603000,-7.122000,-61.947000,24.860000
27.509,0.305000,0.166000,0.871000,-16.687000,1.160000,-65.588000,24.860000
27.522,0.294000,0.221000,0.907000,-12.687000,7.405000,-62.221000,24.950000
27.528,0.194000,0.250000,0.977000,-10.840000,2.649000,-53.802000,24.860000
27.542,0.134000,0.326000,1.000000,-15.947000,-5.481000,-47.863000,24.910000
27.553,0.162000,0.272000,0.986000,-20.519000,-13.878000,-42.855000,24.910000
27.561,0.219000,0.225000,0.957000,-17.656000,-18.282000,-41.489000,24.720000
27.572,0.252000,0.245000,0.954000,-15.656000,-19.076000,-44.382000,25.000000
27.579,0.328000,0.276000,0.978000,-14.198000,-15.824000,-47.718000,24.810000
27.592,0.392000,0.327000,1.014000,-18.336000,-4.031000,-49.840000,24.910000
27.599,0.393000,0.329000,1.003000,-24.412000,5.305000,-42.939000,24.810000
27.611,0.297000,0.269000,0.954000,-25.275000,7.374000,-35.626000,24.860000
27.618,0.177000,0.259000,0.956000,-24.450000,-1.084000,-30.405000,24.770000
27.631,0.121000,0.241000,0.920000,-24.802000,-13.779000,-28.115000,24.860000
27.643,0.134000,0.197000,0.896000,-22.595000,-26.275000,-28.840000,24.770000
27.651,0.192000,0.199000,0.900000,-18.282000,-31.359000,-33.061000,24.860000
27.662,0.259000,0.284000,0.962000,-18.771000,-25.359000,-37.901000,24.860000
27.669,0.252000,0.337000,1.019000,-22.076000,-17.489000,-40.427000,24.910000
27.681,0.299000,0.411000,1.003000,-33.519000,-1.855000,-46.382000,24.810000
27.691,0.328000,0.323000,0.903000,-41.817000,10.374000,-47.603000,24.810000
27.701,0.282000,0.167000,0.799000,-36.443000,14.931000,-47.260000,24.910000
27.713,0.220000,0.159000,0.764000,-27.794000,10.939000,-46.290000,24.720000
27.720,0.153000,0.165000,0.801000,-22.481000,-0.756000,-42.740000,24.720000
27.732,0.100000,0.177000,0.849000,-16.863000,-14.779000,-33.771000,24.770000
27.739,0.136000,0.268000,0.913000,-17.092000,-18.939000,-30.015000,24.770000
27.751,0.199000,0.298000,0.913000,-22.649000,-13.076000,-31.855000,24.860000
27.759,0.216000,0.242000,0.918000,-23.214000,-1.916000,-36.443000,24.860000
27.771,0.212000,0.229000,0.877000,-24.397000,8.901000,-41.176000,24.860000
27.783,0.125000,0.143000,0.840000,-20.206000,6.305000,-42.374000,24.860000
27.792,0.040000,0.164000,0.852000,-12.260000,-8.374000,-42.031000,24.950000
27.802,0.018000,0.246000,0.922000,-12.565000,-26.550000,-34.863000,24.860000
27.809,0.052000,0.275000,0.989000,-15.580000,-39.504000,-26.290000,24.860000
27.821,0.148000,0.319000,1.022000,-21.344000,-37.412000,-26.588000,24.910000
27.828,0.281000,0.305000,0.971000,-31.840000,-23.840000,-28.893000,24.810000
27.842,0.318000,0.188000,0.909000,-32.160000,-9.099000,-30.908000,24.910000
27.853,0.278000,0.163000,0.900000,-26.656000,-0.122000,-35.366000,24.810000
27.861,0.228000,0.177000,0.907000,-21.992000,0.458000,-32.740000,24.770000
27.872,0.179000,0.243000,0.916000,-22.267000,-2.443000,-27.443000,24.860000
27.879,0.195000,0.260000,0.994000,-24.534000,0.840000,-23.366000,24.770000
27.892,0.157000,0.245000,0.987000,-31.237000,7.321000,-25.053000,24.770000
27.899,0.093000,0.198000,0.952000,-35.046000,8.901000,-31.885000,24.860000
27.911,0.110000,0.197000,0.894000,-37.420000,6.496000,-39.992000,24.860000
27.919,0.148000,0.133000,0.844000,-33.412000,-1.718000,-42.588000,24.810000
27.931,0.229000,0.126000,0.832000,-26.168000,-5.855000,-41.458000,24.810000
27.944,0.266000,0.165000,0.863000,-24.550000,-6.290000,-34.015000,24.810000
27.951,0.258000,0.174000,0.891000,-22.359000,-6.000000,-26.885000,24.720000
27.962,0.240000,0.240000,0.907000,-26.992000,-2.519000,-25.656000,24.810000
27.969,0.218000,0.158000,0.886000,-31.351000,-2.198000,-26.229000,24.810000
27.981,0.226000,0.082000,0.836000,-26.901000,-0.649000,-34.122000,24.860000
27.989,0.323000,0.124000,0.841000,-22.756000,8.344000,-41.496000,24.860000
28.001,0.375000,0.147000,0.860000,-20.229000,19.466000,-43.115000,24.770000
28.010,0.359000,0.189000,0.900000,-17.450000,34.305000,-39.794000,24.950000
28.020,0.229000,0.171000,0.898000,-20.763000,39.382000,-33.008000,24.950000
28.033,0.079000,0.105000,0.884000,-22.954000,34.427000,-30.313000,24.770000
28.039,-0.043000,0.045000,0.911000,-18.618000,16.802000,-31.374000,24.810000
28.052,-0.066000,0.057000,0.906000,-17.893000,-9.137000,-36.885000,24.810000
28.059,0.104000,0.088000,0.889000,-15.710000,-20.427000,-46.954000,24.810000
28.071,0.281000,0.157000,0.902000,-14.191000,-16.832000,-52.878000,24.810000
28.078,0.391000,0.187000,0.918000,-14.061000,2.771000,-52.084000,24.910000
28.092,0.333000,0.203000,0.927000,-16.916000,20.939000,-48.038000,24.860000
28.103,0.232000,0.169000,0.860000,-22.519000,30.076000,-46.542000,24.770000
28.110,0.106000,0.024000,0.819000,-20.000000,22.794000,-46.008000,24.770000
28.122,-0.026000,-0.040000,0.781000,-10.183000,1.603000,-46.634000,24.950000
28.129,0.085000,0.016000,0.839000,-1.809000,-15.099000,-48.985000,24.860000
28.142,0.243000,0.099000,0.897000,0.939000,-19.366000,-48.443000,24.860000
28.149,0.350000,0.147000,0.909000,2.824000,-8.939000,-48.695000,24.910000
28.161,0.393000,0.247000,0.956000,0.076000,10.389000,-44.351000,24.810000
28.168,0.253000,0.203000,0.955000,-9.557000,27.046000,-39.718000,24.810000
28.181,0.087000,0.077000,0.914000,-10.321000,31.099000,-43.924000,24.810000
28.193,-0.042000,0.013000,0.892000,-5.603000,18.550000,-51.840000,24.910000
28.201,-0.094000,0.051000,0.894000,-1.931000,-4.771000,-53.817000,24.910000
28.212,0.053000,0.105000,0.934000,-1.038000,-21.282000,-56.588000,24.860000
28.219,0.262000,0.163000,0.971000,-1.336000,-20.496000,-54.511000,24.770000
28.232,0.296000,0.152000,0.980000,-3.588000,-11.214000,-51.298000,24.860000
28.239,0.289000,0.161000,0.951000,-7.023000,-1.107000,-51.366000,24.950000
28.251,0.217000,0.087000,0.885000,-10.183000,-1.687000,-49.198000,24.860000
28.260,0.185000,0.016000,0.827000,-4.771000,-9.267000,-51.679000,24.860000
28.270,0.269000,0.087000,0.839000,-0.122000,-16.550000,-48.099000,24.950000
28.283,0.270000,0.116000,0.864000,0.702000,-24.954000,-36.275000,24.860000
28.292,0.337000,0.112000,0.882000,0.824000,-27.618000,-29.588000,24.910000
28.303,0.443000,0.143000,0.956000,2.740000,-3.305000,-30.695000,24.910000
28.310,0.409000,0.122000,0.936000,-0.733000,-0.244000,-25.000000,24.910000
28.322,0.332000,0.116000,0.884000,0.641000,4.718000,-26.519000,24.910000
28.329,0.263000,0.110000,0.949000,-0.641000,7.985000,-22.649000,24.860000
28.342,0.141000,0.098000,0.945000,-2.008000,-1.313000,-20.427000,24.950000
28.349,0.153000,0.104000,0.958000,-1.855000,-10.458000,-24.740000,24.950000
28.361,0.220000,0.132000,1.004000,-3.260000,-8.191000,-26.931000,24.860000
28.369,0.229000,0.156000,1.007000,-4.313000,0.481000,-31.901000,24.860000
28.381,0.296000,0.207000,1.020000,-7.809000,11.840000,-35.786000,24.910000
28.393,0.288000,0.154000,0.944000,-14.435000,22.130000,-33.198000,24.910000
28.401,0.221000,0.027000,0.874000,-9.595000,24.298000,-31.779000,24.810000
28.413,0.156000,0.023000,0.860000,-2.595000,16.397000,-28.435000,24.810000
28.420,0.088000,0.031000,0.890000,1.214000,1.618000,-23.840000,24.910000
28.432,0.133000,0.080000,0.922000,3.000000,-8.893000,-22.878000,24.910000
28.439,0.232000,0.126000,0.953000,2.015000,-6.107000,-23.878000,24.770000
28.452,0.259000,0.149000,0.970000,-1.527000,3.756000,-25.061000,24.860000
28.459,0.241000,0.136000,0.959000,-1.580000,14.206000,-26.786000,24.860000
28.471,0.196000,0.121000,0.908000,-4.489000,20.244000,-25.115000,24.860000
28.479,0.110000,0.012000,0.854000,-1.443000,15.740000,-21.023000,24.770000
28.492,0.052000,0.010000,0.865000,5.924000,3.023000,-21.603000,24.950000
28.499,0.095000,0.065000,0.918000,8.817000,-10.878000,-19.328000,24.810000
28.511,0.214000,0.129000,0.961000,9.328000,-11.679000,-19.985000,24.810000
28.523,0.292000,0.153000,0.990000,7.450000,-3.427000,-18.992000,24.910000
28.531,0.336000,0.203000,0.996000,4.168000,15.321000,-18.000000,24.910000
28.543,0.282000,0.177000,0.983000,-0.427000,32.206000,-12.656000,24.810000
28.551,0.140000,0.063000,0.941000,-2.733000,38.046000,-10.565000,24.910000
28.563,0.003000,0.008000,0.920000,1.099000,27.916000,-13.832000,24.860000
28.569,-0.047000,0.016000,0.940000,5.305000,7.588000,-17.137000,24.860000
28.582,0.043000,0.078000,0.975000,7.649000,-9.130000,-21.344000,24.860000
28.589,0.235000,0.139000,1.020000,7.786000,-9.985000,-22.260000,24.860000
28.602,0.285000,0.186000,1.000000,3.237000,-2.267000,-16.794000,24.950000
28.609,0.265000,0.157000,0.992000,1.641000,8.962000,-13.634000,24.860000
28.621,0.188000,0.152000,0.979000,-2.382000,15.160000,-11.412000,24.810000
28.628,0.116000,0.073000,0.937000,-4.435000,12.107000,-9.962000,24.810000
28.642,0.072000,0.030000,0.927000,-1.756000,2.634000,-12.809000,24.910000
28.649,0.154000,0.049000,0.940000,2.458000,-2.756000,-18.206000,24.810000
28.661,0.220000,0.082000,0.955000,4.313000,-1.916000,-22.107000,24.910000
28.673,0.229000,0.114000,0.970000,5.313000,0.473000,-22.435000,24.810000
28.681,0.268000,0.176000,0.978000,1.885000,6.450000,-20.313000,24.860000
28.693,0.243000,0.113000,0.909000,-1.527000,8.206000,-15.534000,24.860000
28.701,0.185000,0.019000,0.869000,2.672000,5.389000,-13.779000,24.860000
28.713,0.157000,0.009000,0.884000,7.794000,-1.565000,-15.267000,24.860000
28.719,0.156000,0.041000,0.953000,12.015000,-13.046000,-14.473000,24.860000
28.732,0.183000,0.131000,1.026000,11.198000,-20.824000,-15.626000,24.860000
28.739,0.309000,0.192000,1.061000,4.916000,-19.649000,-15.687000,24.860000
28.752,0.396000,0.160000,1.007000,0.504000,-12.145000,-11.985000,24.860000
28.759,0.443000,0.097000,0.932000,2.855000,-0.565000,-7.992000,24.910000
28.771,0.387000,0.088000,0.924000,6.412000,10.962000,-4.985000,24.910000
28.778,0.297000,0.093000,0.969000,8.366000,14.603000,-1.863000,24.810000
28.792,0.208000,0.119000,1.015000,7.313000,10.603000,-0.931000,24.910000
28.800,0.159000,0.130000,1.049000,4.000000,-1.565000,1.275000,24.860000
28.811,0.204000,0.141000,1.056000,1.511000,-9.466000,-0.038000,24.860000
28.818,0.352000,0.172000,1.019000,-3.336000,-6.740000,-1.611000,24.950000
28.831,0.398000,0.120000,0.960000,-4.832000,-0.321000,-0.924000,24.860000
28.839,0.415000,0.099000,0.914000,-2.031000,7.252000,1.115000,24.860000
28.851,0.384000,0.110000,0.892000,-0.847000,10.328000,7.168000,24.950000
28.859,0.302000,0.079000,0.892000,1.489000,5.328000,12.115000,24.910000
28.870,0.288000,0.123000,0.927000,4.595000,0.420000,13.298000,24.910000
28.876,0.296000,0.153000,0.996000,4.542000,-2.107000,18.756000,24.910000
28.892,0.275000,0.178000,1.017000,1.198000,1.924000,20.092000,24.910000
28.903,0.267000,0.180000,0.990000,-3.527000,7.122000,18.023000,24.910000
28.910,0.239000,0.092000,0.933000,-3.565000,8.282000,16.191000,24.810000
28.923,0.208000,0.063000,0.888000,2.153000,2.634000,14.527000,24.860000
28.931,0.255000,0.116000,0.918000,6.344000,-3.542000,14.824000,24.860000
28.943,0.264000,0.148000,0.950000,7.099000,-8.229000,21.282000,24.860000
28.951,0.293000,0.176000,0.984000,5.679000,-6.588000,25.679000,24.950000
28.963,0.279000,0.176000,0.982000,3.542000,-2.427000,28.313000,24.950000
28.970,0.252000,0.150000,0.964000,1.893000,1.901000,28.137000,24.810000
28.983,0.214000,0.131000,0.937000,-0.198000,2.389000,26.977000,24.810000
28.992,0.180000,0.080000,0.935000,0.824000,-5.260000,23.916000,24.910000
29.003,0.214000,0.098000,0.935000,2.756000,-14.405000,18.664000,24.910000
29.010,0.349000,0.157000,0.946000,5.847000,-18.282000,21.870000,25.000000
29.022,0.419000,0.192000,0.951000,5.824000,-11.931000,32.969000,24.810000
29.029,0.427000,0.204000,0.966000,4.168000,4.412000,40.550000,24.860000
29.042,0.314000,0.179000,0.950000,2.641000,17.053000,42.107000,24.860000
29.051,0.179000,0.137000,0.963000,3.992000,21.229000,41.427000,24.860000
29.062,0.083000,0.139000,0.970000,3.542000,17.450000,37.771000,24.950000
29.069,0.029000,0.114000,0.987000,1.557000,5.496000,31.634000,24.950000
29.082,0.095000,0.107000,0.965000,2.748000,-4.855000,23.855000,25.000000
29.089,0.216000,0.135000,0.967000,5.099000,-10.008000,25.321000,24.910000
29.102,0.284000,0.178000,0.991000,3.969000,-8.412000,32.656000,25.000000
29.109,0.295000,0.190000,0.987000,1.824000,-1.710000,35.115000,24.810000
29.121,0.273000,0.161000,0.987000,-0.824000,2.397000,37.931000,24.910000
29.129,0.244000,0.119000,0.952000,-1.855000,4.702000,37.336000,24.910000
29.142,0.243000,0.094000,0.950000,1.427000,1.412000,36.405000,24.860000
29.149,0.241000,0.108000,0.969000,2.359000,-1.847000,37.130000,24.860000
29.161,0.254000,0.126000,0.989000,1.863000,-7.053000,38.206000,24.860000
29.169,0.291000,0.172000,0.980000,0.580000,-9.748000,40.290000,24.860000
29.181,0.339000,0.184000,0.954000,-1.603000,-8.298000,45.893000,24.860000
29.191,0.335000,0.154000,0.938000,-3.229000,-2.061000,48.191000,24.950000
29.201,0.294000,0.123000,0.923000,-1.634000,3.626000,45.878000,24.860000
29.213,0.275000,0.142000,0.917000,-0.198000,6.527000,44.244000,24.910000
29.221,0.240000,0.141000,0.909000,0.427000,6.496000,45.313000,24.810000
29.233,0.216000,0.152000,0.917000,0.168000,3.565000,47.924000,24.910000
29.242,0.223000,0.168000,0.898000,0.595000,1.542000,49.107000,24.810000
29.253,0.224000,0.154000,0.876000,2.695000,-0.237000,52.580000,24.860000
29.261,0.211000,0.140000,0.860000,3.008000,-0.595000,55.878000,24.860000
29.273,0.163000,0.119000,0.856000,3.649000,-1.015000,56.893000,24.950000
29.280,0.110000,0.109000,0.869000,4.053000,-4.748000,55.031000,24.860000
29.293,0.096000,0.136000,0.851000,3.237000,-9.550000,49.534000,24.860000
29.302,0.154000,0.111000,0.814000,4.931000,-15.122000,48.305000,24.950000
29.312,0.209000,0.099000,0.800000,9.275000,-17.687000,49.397000,24.910000
29.320,0.252000,0.123000,0.845000,11.397000,-16.221000,49.160000,24.910000
29.332,0.241000,0.155000,0.867000,11.099000,-14.427000,48.588000,24.810000
29.339,0.271000,0.161000,0.910000,10.916000,-13.427000,49.191000,24.910000
29.352,0.287000,0.182000,0.910000,8.153000,-10.893000,51.626000,24.910000
29.359,0.315000,0.131000,0.869000,9.191000,-9.458000,54.641000,24.950000
29.371,0.310000,0.121000,0.867000,12.947000,-7.527000,56.550000,24.860000
29.378,0.319000,0.145000,0.892000,15.336000,-5.725000,58.061000,24.950000
29.392,0.302000,0.165000,0.905000,16.053000,-4.687000,60.092000,24.860000
29.399,0.323000,0.215000,0.921000,15.534000,2.015000,61.198000,24.950000
29.411,0.324000,0.225000,0.927000,15.603000,10.977000,62.817000,24.950000
29.423,0.254000,0.221000,0.933000,15.023000,19.321000,63.794000,24.910000
29.430,0.166000,0.177000,0.924000,13.977000,18.206000,63.412000,24.910000
29.443,0.088000,0.120000,0.904000,18.786000,5.542000,61.954000,24.910000
29.451,0.092000,0.144000,0.934000,22.221000,-10.618000,63.282000,24.910000
29.462,0.150000,0.180000,0.961000,23.031000,-22.580000,64.206000,24.910000
29.469,0.238000,0.210000,0.979000,20.840000,-26.252000,65.260000,25.000000
29.482,0.298000,0.211000,0.986000,21.962000,-20.160000,66.992000,24.860000
29.489,0.306000,0.222000,1.022000,21.321000,-10.702000,69.244000,24.950000
29.502,0.278000,0.230000,1.038000,21.076000,0.397000,67.618000,24.860000
29.510,0.227000,0.231000,1.044000,17.740000,7.092000,66.191000,24.860000
29.521,0.189000,0.208000,1.041000,15.985000,7.954000,63.725000,24.950000
29.529,0.211000,0.227000,1.018000,13.427000,8.137000,62.374000,24.950000
29.542,0.222000,0.191000,0.984000,12.672000,5.802000,62.985000,24.910000
29.549,0.250000,0.191000,0.961000,16.748000,2.786000,63.893000,24.910000
29.561,0.268000,0.218000,0.980000,17.687000,1.359000,69.244000,24.810000
29.568,0.260000,0.238000,0.983000,17.458000,0.137000,75.298000,24.910000
29.581,0.263000,0.256000,1.002000,16.718000,5.916000,76.794000,25.000000
29.589,0.228000,0.227000,0.990000,14.947000,13.206000,74.794000,24.910000
29.601,0.192000,0.206000,0.992000,15.290000,20.550000,69.366000,24.950000
29.613,0.159000,0.228000,0.987000,13.015000,21.679000,66.504000,24.860000
29.620,0.102000,0.213000,1.001000,10.855000,16.069000,63.519000,24.950000
29.633,0.101000,0.211000,1.001000,9.420000,7.626000,62.153000,24.770000
29.642,0.159000,0.223000,1.019000,8.412000,-2.504000,66.824000,24.950000
29.653,0.164000,0.261000,0.987000,7.145000,-4.687000,72.588000,24.950000
29.661,0.134000,0.238000,0.957000,3.603000,-4.878000,71.618000,24.950000
29.673,0.109000,0.177000,0.922000,5.443000,-5.198000,66.313000,24.860000
29.680,0.145000,0.161000,0.895000,7.115000,-6.618000,63.534000,24.910000
29.692,0.162000,0.167000,0.898000,8.038000,-8.267000,63.908000,24.910000
29.701,0.168000,0.152000,0.904000,8.618000,-10.168000,63.321000,25.000000
29.713,0.175000,0.156000,0.901000,9.702000,-14.000000,62.695000,24.910000
29.719,0.203000,0.177000,0.888000,10.260000,-17.649000,63.802000,24.950000
29.732,0.229000,0.180000,0.859000,10.466000,-19.458000,67.947000,24.860000
29.739,0.235000,0.178000,0.841000,12.580000,-19.489000,71.863000,24.860000
29.751,0.224000,0.188000,0.846000,12.565000,-15.351000,70.588000,24.860000
29.760,0.229000,0.181000,0.831000,13.908000,-12.519000,67.664000,24.860000
29.771,0.267000,0.178000,0.839000,15.328000,-7.069000,67.130000,24.910000
29.783,0.277000,0.156000,0.812000,15.710000,-3.664000,67.092000,25.000000
29.792,0.323000,0.106000,0.883000,21.985000,1.153000,63.519000,24.910000
29.803,0.323000,0.170000,0.857000,21.809000,-1.924000,67.496000,24.910000
29.810,0.330000,0.165000,0.827000,24.168000,-1.389000,71.733000,24.810000
29.823,0.315000,0.181000,0.851000,26.824000,-0.824000,76.748000,24.910000
29.830,0.310000,0.175000,0.895000,28.420000,2.924000,78.664000,24.950000
29.842,0.274000,0.187000,0.933000,28.992000,7.847000,79.214000,24.860000
29.851,0.232000,0.190000,0.976000,29.504000,16.580000,72.885000,24.860000
29.862,0.211000,0.184000,1.020000,27.031000,22.290000,68.328000,24.950000
29.869,0.142000,0.178000,1.033000,25.053000,20.221000,65.466000,24.860000
29.882,0.104000,0.174000,1.031000,22.137000,11.000000,62.267000,24.860000
29.889,0.135000,0.206000,0.964000,20.115000,0.954000,59.328000,25.000000
29.902,0.244000,0.233000,0.938000,20.687000,1.130000,62.664000,24.910000
29.909,0.251000,0.266000,0.923000,18.053000,7.099000,68.679000,25.000000
29.921,0.223000,0.265000,0.920000,17.389000,13.786000,66.481000,24.910000
29.929,0.194000,0.254000,0.917000,20.244000,19.634000,61.153000,25.000000
29.942,0.203000,0.284000,0.943000,15.901000,25.992000,58.718000,25.000000
29.949,0.208000,0.217000,0.926000,15.145000,31.031000,58.374000,24.950000
29.961,0.199000,0.203000,0.919000,16.466000,37.374000,56.893000,25.050000
29.973,0.185000,0.206000,0.921000,15.527000,41.916000,59.992000,24.950000
29.980,0.126000,0.205000,0.907000,16.458000,43.427000,60.809000,24.950000
29.993,0.084000,0.233000,0.916000,16.504000,41.756000,60.611000,24.860000
30.001,0.065000,0.272000,0.911000,12.435000,37.908000,61.832000,25.000000
30.013,0.065000,0.227000,0.889000,10.763000,34.863000,60.130000,24.910000
30.020,0.090000,0.173000,0.869000,12.901000,35.496000,57.687000,24.910000
30.032,0.107000,0.158000,0.861000,14.939000,38.290000,54.679000,24.910000
30.039,0.092000,0.143000,0.867000,20.000000,39.053000,52.405000,24.910000
30.052,0.071000,0.194000,0.915000,22.038000,37.595000,52.733000,24.910000
30.059,-0.004000,0.223000,0.961000,19.511000,28.435000,56.237000,24.860000
30.071,-0.041000,0.218000,0.990000,19.069000,15.802000,54.267000,24.950000
30.078,0.024000,0.252000,1.016000,15.328000,7.908000,52.725000,24.950000
30.092,0.098000,0.230000,1.009000,11.924000,9.405000,51.176000,24.950000
30.099,0.165000,0.177000,0.950000,9.863000,15.618000,45.542000,24.950000
30.111,0.180000,0.144000,0.900000,10.962000,20.069000,43.321000,24.860000
30.118,0.170000,0.113000,0.872000,16.221000,18.656000,44.519000,24.950000
30.131,0.139000,0.171000,0.897000,20.260000,12.573000,49.885000,24.860000
30.143,0.104000,0.229000,0.955000,19.557000,7.733000,52.664000,24.910000
30.151,0.125000,0.253000,0.991000,17.298000,9.824000,51.000000,25.000000
30.163,0.140000,0.255000,0.983000,13.557000,20.611000,48.557000,24.910000
30.170,0.113000,0.207000,0.960000,11.366000,34.122000,44.260000,24.950000
30.183,0.068000,0.195000,0.934000,11.443000,45.137000,38.695000,24.950000
30.192,0.006000,0.193000,0.917000,10.519000,47.397000,35.954000,24.860000
30.203,-0.089000,0.150000,0.915000,14.145000,36.275000,37.244000,24.950000
30.209,-0.135000,0.182000,0.952000,16.992000,18.656000,39.038000,24.950000
30.222,-0.139000,0.225000,1.005000,15.206000,0.260000,41.855000,24.860000
30.229,-0.075000,0.213000,1.022000,11.366000,-7.939000,39.603000,24.810000
30.242,0.036000,0.219000,1.016000,7.710000,-3.038000,31.878000,25.000000
30.251,0.106000,0.199000,0.973000,4.405000,8.466000,27.427000,24.910000
30.262,0.079000,0.195000,0.949000,3.695000,15.214000,27.885000,25.000000
30.269,0.023000,0.219000,0.934000,3.824000,14.489000,30.641000,24.910000
30.281,-0.042000,0.215000,0.944000,3.397000,5.962000,33.557000,25.000000
30.289,-0.046000,0.226000,0.940000,2.305000,-0.290000,33.191000,24.950000
30.301,-0.001000,0.205000,0.899000,-0.137000,-1.573000,31.954000,24.950000
30.309,0.053000,0.163000,0.850000,2.802000,2.855000,27.038000,25.050000
30.321,0.076000,0.134000,0.841000,7.015000,7.611000,20.305000,24.860000
30.328,0.064000,0.125000,0.850000,12.229000,7.412000,16.695000,24.950000
30.342,0.052000,0.133000,0.890000,17.725000,0.160000,20.221000,25.000000
30.353,0.038000,0.191000,0.976000,20.305000,-8.756000,27.252000,25.000000
30.361,0.014000,0.242000,1.036000,17.740000,-12.420000,32.687000,24.910000
30.373,0.027000,0.299000,1.054000,7.878000,-7.389000,31.718000,25.000000
30.380,0.004000,0.189000,0.990000,3.878000,-2.656000,23.756000,25.000000
30.393,0.030000,0.139000,0.940000,7.992000,2.977000,10.618000,25.000000
30.401,0.082000,0.153000,0.904000,7.992000,2.473000,8.305000,24.950000
30.413,0.097000,0.112000,0.871000,12.863000,-0.122000,8.718000,24.860000
30.420,0.103000,0.156000,0.908000,17.344000,-2.977000,11.359000,24.860000
30.432,0.081000,0.188000,0.964000,18.183000,-7.588000,16.069000,24.950000
30.439,0.071000,0.214000,1.019000,16.557000,-9.634000,19.435000,24.950000
30.452,0.086000,0.245000,1.017000,12.809000,-4.305000,22.359000,25.000000
30.459,0.084000,0.198000,0.969000,9.489000,0.099000,24.481000,24.910000
30.472,0.076000,0.167000,0.944000,12.817000,3.565000,15.977000,24.910000
30.479,0.086000,0.184000,0.964000,12.626000,5.153000,10.779000,24.910000
30.492,0.081000,0.212000,0.985000,11.710000,6.489000,11.679000,25.000000
30.499,0.029000,0.217000,1.006000,9.473000,6.084000,14.885000,24.950000
30.512,-0.033000,0.208000,1.032000,6.771000,1.802000,15.397000,24.860000
30.519,-0.050000,0.224000,1.028000,3.733000,-2.099000,12.046000,24.950000
30.531,-0.026000,0.218000,0.969000,0.427000,-4.168000,7.481000,24.950000
30.539,0.009000,0.173000,0.914000,2.214000,-1.053000,3.992000,24.860000
30.552,0.035000,0.222000,0.883000,1.351000,4.061000,0.641000,24.950000
30.559,-0.004000,0.149000,0.859000,5.695000,3.466000,-3.756000,24.950000
30.571,-0.021000,0.163000,0.890000,12.099000,0.145000,-7.695000,25.000000
30.578,-0.034000,0.206000,0.931000,13.206000,-4.916000,-7.076000,25.000000
30.592,-0.063000,0.210000,0.970000,14.405000,-11.206000,-5.214000,24.910000
30.603,-0.062000,0.254000,1.034000,11.824000,-14.687000,-5.214000,24.910000
30.611,0.004000,0.283000,1.042000,3.924000,-7.031000,-8.191000,24.950000
30.623,0.002000,0.217000,0.997000,0.672000,2.069000,-10.672000,24.950000
30.630,-0.016000,0.197000,0.961000,2.206000,7.542000,-16.969000,24.950000
30.643,-0.049000,0.230000,0.954000,1.695000,4.351000,-20.031000,24.950000
30.651,-0.065000,0.196000,0.938000,3.786000,-5.962000,-19.924000,24.950000
30.662,-0.065000,0.192000,0.973000,8.168000,-17.275000,-19.183000,24.860000
30.669,-0.021000,0.229000,1.030000,7.130000,-22.061000,-18.099000,25.000000
30.681,0.025000,0.253000,1.060000,2.397000,-19.221000,-17.947000,24.910000
30.689,0.052000,0.229000,1.050000,-0.519000,-11.038000,-20.176000,24.910000
30.701,0.058000,0.255000,1.019000,-4.481000,-2.237000,-24.947000,24.910000
30.713,0.029000,0.199000,0.972000,-4.580000,-2.969000,-26.603000,24.810000
30.720,0.016000,0.200000,0.946000,-1.023000,-10.153000,-27.534000,25.050000
30.733,0.042000,0.229000,0.974000,-0.573000,-18.977000,-24.931000,24.950000
30.741,0.088000,0.241000,1.010000,-1.702000,-21.053000,-23.015000,25.050000
30.752,0.112000,0.241000,1.033000,-4.863000,-22.527000,-21.237000,24.950000
30.760,0.116000,0.232000,1.034000,-7.313000,-16.473000,-23.763000,24.950000
30.771,0.122000,0.252000,1.026000,-10.527000,-4.382000,-26.092000,25.000000
30.778,0.084000,0.229000,0.990000,-12.198000,0.244000,-27.496000,25.000000
30.792,0.039000,0.229000,0.975000,-12.290000,1.847000,-30.130000,24.910000
30.803,0.030000,0.236000,0.972000,-13.160000,-0.427000,-31.985000,25.000000
30.810,0.026000,0.222000,0.978000,-12.656000,-3.458000,-32.962000,24.910000
30.822,0.007000,0.245000,0.921000,-13.260000,-10.695000,-30.580000,25.000000
30.829,0.028000,0.246000,0.921000,-14.015000,-10.969000,-29.870000,24.950000
30.842,0.040000,0.232000,0.907000,-13.924000,-8.954000,-31.298000,24.950000
30.849,0.056000,0.227000,0.890000,-15.160000,-7.290000,-35.053000,24.950000
30.861,0.060000,0.181000,0.863000,-11.748000,-8.038000,-36.969000,24.860000
30.873,0.057000,0.174000,0.850000,-6.145000,-11.137000,-38.374000,24.860000
30.880,0.059000,0.205000,0.886000,-2.397000,-16.725000,-36.794000,24.910000
30.896,0.059000,0.250000,0.934000,-2.870000,-20.298000,-34.725000,24.910000
30.903,0.066000,0.269000,0.966000,-4.229000,-19.237000,-32.740000,24.910000
30.912,0.061000,0.261000,0.965000,-7.076000,-12.550000,-33.802000,25.000000
30.919,0.057000,0.273000,0.948000,-11.641000,-3.740000,-37.206000,24.910000
30.931,0.002000,0.204000,0.919000,-10.679000,-1.298000,-43.656000,24.910000
30.938,-0.035000,0.204000,0.925000,-6.565000,-6.191000,-51.000000,24.950000
30.950,-0.010000,0.243000,0.959000,-6.130000,-13.885000,-53.374000,24.860000
30.963,0.012000,0.269000,0.973000,-7.573000,-20.748000,-50.954000,24.860000
30.970,0.074000,0.281000,0.981000,-10.656000,-20.718000,-49.763000,24.950000
30.982,0.125000,0.302000,0.942000,-15.679000,-12.427000,-49.031000,24.860000
30.989,0.105000,0.250000,0.891000,-15.916000,-5.588000,-47.611000,24.950000
31.001,0.034000,0.239000,0.848000,-13.679000,-6.626000,-50.115000,24.860000
31.009,-0.030000,0.174000,0.855000,-7.435000,-19.534000,-54.878000,25.000000
31.020,-0.001000,0.216000,0.905000,-2.290000,-35.885000,-58.504000,24.910000
31.033,0.069000,0.255000,0.972000,-2.107000,-49.557000,-55.885000,25.000000
31.042,0.147000,0.280000,1.033000,-3.405000,-55.046000,-52.664000,25.000000
31.053,0.225000,0.352000,1.071000,-9.771000,-48.153000,-51.122000,24.950000
31.060,0.262000,0.346000,1.075000,-17.053000,-34.595000,-48.214000,24.950000
31.071,0.235000,0.336000,1.042000,-21.573000,-16.153000,-50.214000,24.950000
31.078,0.171000,0.321000,0.991000,-26.603000,-2.908000,-53.748000,24.950000
31.092,0.104000,0.235000,0.937000,-25.183000,-2.634000,-59.313000,24.950000
31.104,0.085000,0.233000,0.946000,-20.206000,-9.214000,-66.504000,24.910000
31.110,0.094000,0.271000,0.960000,-19.015000,-20.733000,-65.260000,24.910000
31.122,0.133000,0.279000,0.976000,-19.718000,-29.695000,-61.435000,24.910000
31.129,0.178000,0.289000,0.988000,-20.641000,-34.191000,-58.122000,24.910000
31.142,0.201000,0.321000,0.976000,-24.695000,-32.511000,-56.718000,24.910000
31.149,0.235000,0.268000,0.932000,-25.527000,-29.588000,-58.733000,24.810000
31.162,0.284000,0.254000,0.917000,-23.962000,-24.412000,-61.802000,24.950000
31.173,0.331000,0.264000,0.925000,-22.542000,-16.267000,-63.053000,24.950000
31.179,0.323000,0.289000,0.945000,-21.824000,-8.305000,-62.084000,24.950000
31.192,0.299000,0.309000,0.968000,-24.405000,-0.504000,-60.443000,24.860000
31.201,0.275000,0.295000,0.925000,-28.565000,5.313000,-58.107000,24.950000
31.212,0.238000,0.241000,0.892000,-26.473000,8.160000,-57.855000,24.910000
31.219,0.186000,0.255000,0.893000,-25.183000,5.817000,-57.275000,25.000000
31.231,0.118000,0.237000,0.901000,-24.641000,-2.252000,-56.427000,25.000000
31.237,0.149000,0.199000,0.888000,-19.099000,-8.649000,-61.305000,24.810000
31.251,0.250000,0.251000,0.911000,-15.244000,-8.344000,-64.176000,24.910000
31.263,0.298000,0.312000,0.945000,-19.015000,1.397000,-61.252000,25.000000
31.270,0.238000,0.297000,0.956000,-22.618000,9.420000,-57.718000,24.950000
31.282,0.159000,0.274000,0.964000,-25.603000,13.664000,-59.008000,24.860000
31.289,0.077000,0.229000,0.960000,-25.008000,8.397000,-61.328000,24.950000
31.302,0.060000,0.222000,0.966000,-22.779000,0.748000,-66.557000,24.950000
31.309,0.099000,0.274000,0.954000,-21.863000,-8.290000,-66.786000,24.950000
31.321,0.131000,0.277000,0.931000,-22.824000,-13.565000,-64.870000,25.050000
31.333,0.170000,0.282000,0.888000,-20.786000,-18.427000,-62.939000,25.000000
31.342,0.229000,0.324000,0.901000,-23.038000,-15.458000,-60.481000,24.910000
31.353,0.231000,0.271000,0.885000,-24.153000,-11.878000,-59.145000,24.910000
31.360,0.233000,0.230000,0.869000,-20.969000,-7.855000,-60.931000,24.910000
31.372,0.229000,0.223000,0.891000,-20.221000,-3.863000,-60.626000,25.000000
31.378,0.188000,0.211000,0.911000,-18.603000,-4.061000,-61.710000,24.910000
31.392,0.182000,0.231000,0.931000,-16.947000,-4.969000,-64.794000,25.050000
31.397,0.246000,0.264000,0.944000,-21.565000,-0.763000,-66.916000,24.950000
31.411,0.246000,0.210000,0.923000,-22.489000,0.817000,-66.794000,24.860000
31.423,0.218000,0.230000,0.896000,-17.328000,-2.084000,-68.267000,24.950000
31.430,0.246000,0.280000,0.909000,-16.748000,-6.542000,-64.557000,25.050000
31.442,0.213000,0.240000,0.901000,-16.893000,-13.832000,-57.580000,24.860000
31.450,0.248000,0.230000,0.908000,-15.443000,-13.588000,-59.718000,24.950000
31.462,0.318000,0.274000,0.956000,-19.573000,-2.733000,-59.290000,25.000000
31.468,0.312000,0.258000,0.969000,-24.015000,16.099000,-62.008000,25.000000
31.481,0.255000,0.224000,0.969000,-25.786000,32.557000,-68.305000,25.000000
31.493,0.154000,0.158000,0.974000,-26.015000,36.969000,-73.809000,24.950000
31.501,0.058000,0.154000,0.922000,-22.267000,22.519000,-78.588000,24.860000
31.512,0.061000,0.198000,0.923000,-17.023000,-3.298000,-76.153000,24.860000
31.519,0.142000,0.233000,0.948000,-17.168000,-29.305000,-65.122000,24.860000
31.531,0.215000,0.234000,0.890000,-20.206000,-47.359000,-55.191000,24.950000
31.539,0.363000,0.231000,0.863000,-20.511000,-44.198000,-50.328000,24.860000
31.551,0.428000,0.188000,0.846000,-22.008000,-30.863000,-48.183000,24.910000
31.564,0.404000,0.127000,0.833000,-21.206000,-13.397000,-50.855000,25.000000
31.570,0.366000,0.129000,0.845000,-14.855000,-2.458000,-59.397000,24.910000
31.582,0.325000,0.174000,0.908000,-11.397000,-0.550000,-61.893000,24.910000
31.589,0.266000,0.217000,0.963000,-14.092000,-5.634000,-56.267000,24.910000
31.602,0.239000,0.235000,0.977000,-16.855000,-12.809000,-50.107000,24.950000
31.609,0.228000,0.228000,0.991000,-22.305000,-17.237000,-47.122000,24.950000
31.621,0.238000,0.202000,0.995000,-25.947000,-15.931000,-48.916000,25.050000
31.633,0.215000,0.194000,0.968000,-28.183000,-15.198000,-54.382000,24.950000
31.639,0.223000,0.192000,0.956000,-29.542000,-16.740000,-58.198000,24.860000
31.652,0.216000,0.190000,0.927000,-30.611000,-21.679000,-58.969000,25.050000
31.659,0.288000,0.190000,0.923000,-28.733000,-24.969000,-58.107000,24.910000
31.671,0.341000,0.209000,0.913000,-30.008000,-21.771000,-55.817000,25.000000
31.678,0.371000,0.189000,0.840000,-32.557000,-13.122000,-53.015000,25.000000
31.692,0.414000,0.127000,0.848000,-30.183000,1.962000,-57.321000,24.910000
31.703,0.405000,0.099000,0.833000,-26.435000,11.687000,-58.985000,25.000000
31.711,0.382000,0.107000,0.791000,-23.000000,16.855000,-55.527000,24.950000
31.722,0.392000,0.127000,0.789000,-20.466000,18.679000,-55.763000,24.950000
31.729,0.360000,0.117000,0.757000,-20.977000,15.855000,-49.908000,24.950000
31.742,0.329000,0.097000,0.749000,-14.519000,15.817000,-45.626000,24.950000
31.749,0.236000,0.061000,0.792000,-11.863000,9.947000,-39.626000,24.950000
31.761,0.166000,0.016000,0.799000,-8.145000,0.435000,-42.687000,25.000000
31.769,0.197000,0.028000,0.817000,-0.916000,-6.763000,-49.679000,24.910000
31.781,0.268000,0.054000,0.863000,4.214000,-12.305000,-51.542000,25.000000
31.793,0.316000,0.118000,0.830000,6.206000,-16.519000,-45.420000,24.910000
31.801,0.368000,0.188000,0.847000,6.214000,-10.214000,-39.511000,25.090000
31.813,0.346000,0.177000,0.836000,6.450000,-2.618000,-32.992000,24.950000
31.820,0.291000,0.152000,0.876000,2.832000,3.763000,-25.427000,24.950000
31.833,0.178000,0.099000,0.875000,1.649000,6.786000,-22.366000,25.050000
31.839,0.138000,0.076000,0.881000,3.405000,6.618000,-25.427000,24.950000
31.852,0.127000,0.091000,0.901000,4.382000,5.710000,-30.573000,25.050000
31.860,0.162000,0.120000,0.886000,5.992000,7.290000,-36.893000,24.950000
31.872,0.175000,0.116000,0.874000,8.756000,8.618000,-35.565000,24.860000
31.879,0.091000,0.134000,0.883000,10.115000,3.412000,-29.580000,24.950000
31.892,0.014000,0.122000,0.922000,8.649000,-7.427000,-27.565000,25.000000
31.899,0.012000,0.121000,0.949000,5.756000,-16.038000,-31.389000,25.000000
31.911,0.053000,0.087000,0.943000,4.466000,-20.924000,-38.046000,25.000000
31.919,0.176000,0.100000,0.937000,4.802000,-19.069000,-45.809000,24.950000
31.931,0.298000,0.131000,0.922000,5.031000,-13.634000,-47.382000,24.950000
31.943,0.370000,0.115000,0.893000,6.275000,-4.275000,-47.198000,24.950000
31.951,0.436000,0.130000,0.896000,9.412000,8.092000,-45.336000,24.950000
31.963,0.467000,0.140000,1.010000,12.031000,24.580000,-42.130000,24.950000
31.970,0.313000,0.157000,0.971000,6.588000,24.748000,-36.573000,24.860000
31.983,0.239000,0.118000,0.996000,6.198000,26.939000,-33.802000,25.000000
31.989,0.167000,0.119000,0.965000,4.412000,17.084000,-33.099000,25.000000
32.002,0.167000,0.105000,0.948000,5.046000,3.504000,-33.206000,25.000000
32.009,0.229000,0.078000,0.943000,6.969000,-0.611000,-36.985000,24.910000
32.022,0.283000,0.102000,0.896000,9.702000,-7.817000,-38.260000,24.910000
32.029,0.317000,0.114000,0.876000,12.611000,-10.969000,-39.557000,24.860000
32.042,0.362000,0.122000,0.900000,15.618000,-15.122000,-37.466000,24.950000
32.049,0.355000,0.164000,0.916000,15.947000,-20.710000,-32.786000,24.950000
32.061,0.390000,0.170000,0.934000,12.519000,-34.496000,-25.092000,24.950000
32.073,0.438000,0.178000,0.951000,9.267000,-42.053000,-19.221000,24.950000
32.080,0.494000,0.167000,0.915000,7.061000,-46.305000,-17.649000,25.000000
32.093,0.565000,0.186000,0.896000,7.031000,-45.878000,-19.496000,25.000000
32.101,0.628000,0.211000,0.870000,6.687000,-40.947000,-20.031000,25.000000
32.113,0.694000,0.241000,0.868000,5.275000,-32.069000,-15.985000,24.910000
32.119,0.668000,0.262000,0.826000,0.992000,-26.389000,-8.435000,25.000000
32.132,0.686000,0.213000,0.854000,0.977000,-16.664000,-2.328000,24.910000
32.139,0.635000,0.198000,0.824000,0.458000,-12.947000,5.802000,24.950000
32.152,0.652000,0.179000,0.801000,4.496000,-6.634000,5.748000,24.860000
32.160,0.641000,0.201000,0.790000,6.313000,0.061000,7.481000,24.950000
32.172,0.622000,0.189000,0.795000,10.221000,6.931000,11.115000,24.950000
32.179,0.595000,0.214000,0.800000,12.977000,9.389000,16.466000,24.950000
32.192,0.553000,0.205000,0.799000,13.473000,11.420000,21.191000,25.000000
32.199,0.524000,0.202000,0.795000,15.069000,13.145000,24.870000,25.000000
32.211,0.498000,0.188000,0.784000,17.809000,13.656000,28.664000,24.910000
32.218,0.467000,0.177000,0.794000,20.496000,13.145000,31.603000,25.000000
32.231,0.451000,0.174000,0.787000,24.229000,12.534000,34.756000,24.910000
32.243,0.444000,0.206000,0.794000,26.214000,11.084000,36.664000,25.000000
32.251,0.436000,0.251000,0.810000,26.313000,9.748000,37.649000,24.950000
32.263,0.428000,0.244000,0.803000,26.397000,11.221000,37.267000,25.050000
32.271,0.437000,0.242000,0.803000,26.954000,14.374000,37.313000,24.950000
32.283,0.463000,0.213000,0.881000,29.412000,23.198000,38.137000,24.950000
32.292,0.361000,0.228000,0.833000,28.641000,21.794000,42.122000,24.950000
32.302,0.328000,0.240000,0.851000,26.565000,22.427000,45.748000,24.950000
32.310,0.293000,0.231000,0.843000,27.099000,20.107000,48.641000,24.950000
32.322,0.235000,0.229000,0.831000,26.504000,15.145000,49.771000,24.910000
32.329,0.229000,0.235000,0.805000,27.641000,10.313000,49.206000,24.910000
32.342,0.248000,0.245000,0.808000,29.595000,8.718000,48.366000,24.910000
32.350,0.264000,0.266000,0.786000,30.588000,11.397000,46.603000,24.910000
32.362,0.283000,0.292000,0.799000,31.366000,16.618000,45.626000,25.050000
32.369,0.267000,0.294000,0.805000,31.344000,20.618000,46.527000,24.950000
32.381,0.212000,0.309000,0.816000,29.817000,20.183000,47.008000,24.950000
32.389,0.209000,0.282000,0.814000,28.710000,16.237000,48.038000,24.950000
32.401,0.217000,0.264000,0.809000,29.802000,13.710000,49.191000,24.950000
32.413,0.233000,0.276000,0.813000,31.099000,13.450000,50.618000,25.000000
32.420,0.244000,0.301000,0.815000,30.267000,16.023000,50.733000,24.910000
32.433,0.237000,0.308000,0.807000,28.595000,18.344000,51.046000,25.090000
32.442,0.242000,0.301000,0.788000,27.557000,22.611000,51.244000,24.910000
32.453,0.222000,0.287000,0.771000,28.099000,25.206000,52.427000,24.910000
32.460,0.172000,0.267000,0.756000,30.183000,26.168000,52.779000,24.860000
32.472,0.117000,0.269000,0.727000,31.336000,22.794000,52.649000,24.950000
32.479,0.099000,0.281000,0.733000,34.168000,18.504000,52.435000,24.950000
32.492,0.114000,0.293000,0.740000,35.168000,10.481000,52.450000,24.950000
32.501,0.111000,0.324000,0.743000,36.031000,4.458000,53.275000,24.860000
32.512,0.085000,0.347000,0.725000,33.298000,0.206000,54.588000,25.050000
32.519,0.167000,0.338000,0.720000,31.366000,2.794000,52.260000,25.000000
32.532,0.172000,0.348000,0.664000,31.298000,9.588000,54.992000,25.000000
32.539,0.187000,0.305000,0.673000,34.473000,18.107000,54.168000,25.000000
32.551,0.096000,0.327000,0.664000,35.931000,21.061000,50.351000,24.910000
32.560,0.058000,0.364000,0.603000,35.573000,17.901000,46.160000,25.000000
32.571,0.094000,0.339000,0.700000,38.183000,13.763000,43.672000,25.000000
32.578,0.064000,0.351000,0.642000,42.809000,8.130000,45.893000,24.950000
32.592,0.098000,0.370000,0.602000,46.191000,6.328000,47.359000,25.050000
32.599,0.090000,0.353000,0.643000,50.229000,6.412000,48.802000,24.950000
32.612,0.062000,0.351000,0.601000,51.412000,7.122000,49.443000,24.950000
32.623,0.015000,0.331000,0.592000,57.443000,3.794000,51.763000,24.950000
32.630,-0.047000,0.347000,0.587000,62.901000,-6.351000,49.779000,25.000000
32.643,-0.085000,0.373000,0.608000,69.282000,-25.115000,50.756000,25.000000
32.651,-0.009000,0.381000,0.657000,77.374000,-37.130000,47.885000,25.000000
32.662,0.027000,0.414000,0.666000,77.031000,-50.977000,49.130000,25.000000
32.669,0.091000,0.446000,0.671000,79.435000,-52.679000,48.031000,25.000000
32.681,0.149000,0.452000,0.686000,79.214000,-47.779000,45.527000,24.910000
32.689,0.189000,0.437000,0.693000,82.412000,-40.496000,42.160000,25.050000
32.701,0.166000,0.462000,0.721000,88.794000,-37.038000,39.504000,24.860000
32.710,0.111000,0.521000,0.780000,90.031000,-40.649000,38.916000,25.050000
32.720,0.086000,0.562000,0.804000,89.969000,-49.947000,39.542000,24.950000
32.733,0.100000,0.578000,0.815000,88.046000,-61.405000,41.099000,24.950000
32.741,0.156000,0.577000,0.815000,89.786000,-66.977000,43.893000,24.950000
32.752,0.221000,0.603000,0.837000,90.382000,-61.534000,41.748000,24.950000
32.760,0.295000,0.616000,0.849000,91.160000,-46.290000,35.198000,24.950000
32.772,0.318000,0.634000,0.872000,90.641000,-26.145000,25.160000,24.910000
32.779,0.284000,0.654000,0.905000,90.382000,-7.282000,17.817000,25.000000
32.792,0.214000,0.695000,0.950000,87.336000,3.336000,12.763000,25.000000
32.801,0.155000,0.719000,0.994000,83.420000,5.931000,8.244000,24.950000
32.812,0.153000,0.764000,1.008000,73.137000,4.374000,4.084000,24.950000
32.819,0.266000,0.792000,1.048000,67.046000,7.733000,2.092000,25.050000
32.832,0.326000,0.776000,1.059000,58.794000,18.489000,5.664000,24.950000
32.839,0.349000,0.738000,1.026000,54.351000,36.489000,4.374000,25.050000
32.852,0.370000,0.703000,0.997000,52.351000,57.053000,3.336000,24.950000
32.859,0.301000,0.684000,0.973000,48.962000,76.611000,0.985000,24.950000
32.871,0.215000,0.672000,0.944000,47.053000,87.267000,-1.198000,24.910000
32.878,0.127000,0.704000,0.888000,43.298000,89.603000,-3.198000,24.910000
32.892,0.104000,0.705000,0.877000,37.863000,89.901000,-6.954000,24.910000
32.897,0.070000,0.672000,0.852000,35.198000,84.481000,-6.427000,25.090000
32.910,0.053000,0.665000,0.864000,33.870000,77.412000,-5.389000,24.910000
32.923,0.041000,0.659000,0.844000,31.130000,70.382000,-4.359000,25.000000
32.930,0.040000,0.647000,0.844000,28.710000,64.542000,-5.511000,24.860000
32.943,0.013000,0.606000,0.812000,28.252000,57.443000,-6.809000,24.950000
32.951,0.009000,0.593000,0.800000,30.710000,51.382000,-9.336000,24.950000
32.962,0.000000,0.616000,0.782000,32.473000,42.702000,-12.000000,25.050000
32.970,-0.009000,0.619000,0.772000,34.588000,32.450000,-14.092000,24.950000
32.982,0.013000,0.632000,0.761000,36.435000,22.252000,-16.496000,24.860000
32.989,0.021000,0.643000,0.751000,37.832000,11.985000,-16.198000,24.950000
33.001,0.037000,0.650000,0.750000,37.733000,3.237000,-17.626000,25.090000
33.010,0.097000,0.665000,0.760000,37.290000,0.542000,-20.771000,25.000000
33.021,0.148000,0.669000,0.750000,37.389000,2.656000,-21.855000,25.000000
33.028,0.175000,0.666000,0.744000,38.496000,7.962000,-21.153000,25.090000
33.042,0.171000,0.667000,0.769000,41.618000,11.153000,-17.137000,25.000000
33.053,0.131000,0.674000,0.755000,42.603000,13.710000,-15.611000,24.910000
33.060,0.090000,0.687000,0.776000,43.595000,11.443000,-15.618000,24.950000
33.072,0.058000,0.688000,0.774000,44.931000,6.031000,-16.954000,25.050000
33.080,0.057000,0.710000,0.780000,46.519000,-1.298000,-16.168000,24.950000
33.092,0.052000,0.731000,0.784000,46.656000,-10.565000,-13.664000,24.950000
33.100,0.092000,0.744000,0.795000,44.771000,-14.450000,-14.870000,25.050000
33.111,0.134000,0.771000,0.813000,42.573000,-15.534000,-15.450000,25.050000
33.118,0.151000,0.784000,0.815000,38.565000,-14.977000,-16.313000,25.000000
33.131,0.182000,0.788000,0.790000,35.260000,-12.061000,-15.649000,25.000000
33.143,0.209000,0.766000,0.767000,33.168000,-4.771000,-15.817000,24.910000
33.151,0.219000,0.740000,0.753000,35.000000,5.092000,-15.847000,24.910000
33.163,0.183000,0.765000,0.750000,35.313000,13.275000,-15.466000,25.000000
33.170,0.106000,0.784000,0.758000,33.321000,15.038000,-15.321000,25.000000
33.182,0.062000,0.789000,0.762000,31.038000,10.763000,-15.534000,25.000000
33.189,0.057000,0.801000,0.756000,29.878000,4.344000,-16.153000,24.950000
33.202,0.094000,0.812000,0.755000,27.244000,-0.458000,-17.702000,25.050000
33.209,0.145000,0.823000,0.746000,24.099000,-1.809000,-17.618000,24.950000
33.221,0.147000,0.820000,0.736000,22.603000,-4.076000,-12.427000,25.050000
33.228,0.166000,0.797000,0.717000,20.695000,-1.924000,-12.931000,24.950000
33.242,0.179000,0.797000,0.712000,18.504000,2.771000,-14.802000,25.050000
33.253,0.171000,0.782000,0.704000,17.786000,7.489000,-16.611000,24.950000
33.260,0.162000,0.778000,0.697000,17.939000,11.595000,-16.527000,24.950000
33.273,0.120000,0.770000,0.689000,19.290000,11.183000,-16.718000,25.000000
33.280,0.083000,0.781000,0.684000,18.832000,7.084000,-17.267000,25.000000
33.292,0.092000,0.786000,0.687000,21.435000,-0.504000,-16.313000,25.090000
33.301,0.128000,0.804000,0.686000,21.260000,-3.641000,-17.489000,25.000000
33.312,0.139000,0.833000,0.686000,18.542000,-9.214000,-16.015000,25.050000
33.319,0.171000,0.813000,0.681000,16.794000,-12.588000,-12.588000,25.050000
33.331,0.201000,0.808000,0.668000,16.160000,-14.412000,-7.313000,24.950000
33.338,0.222000,0.794000,0.643000,15.206000,-10.634000,-5.954000,25.050000
33.351,0.236000,0.770000,0.654000,16.885000,-3.496000,-4.573000,24.950000
33.358,0.232000,0.765000,0.617000,16.817000,4.015000,-6.214000,25.050000
33.370,0.192000,0.774000,0.607000,19.130000,9.664000,-7.214000,24.910000
33.383,0.141000,0.782000,0.614000,18.969000,10.275000,-8.397000,25.000000
33.392,0.118000,0.779000,0.618000,18.977000,6.756000,-9.427000,24.910000
33.403,0.121000,0.798000,0.630000,17.435000,1.985000,-10.679000,25.000000
33.410,0.182000,0.801000,0.615000,16.573000,-1.206000,-10.763000,25.000000
33.422,0.220000,0.815000,0.630000,16.206000,-2.290000,-8.153000,25.000000
33.429,0.224000,0.787000,0.608000,16.008000,-0.809000,-4.466000,25.090000
33.442,0.247000,0.783000,0.593000,15.435000,3.809000,-3.176000,24.950000
33.449,0.260000,0.798000,0.591000,15.832000,12.153000,-2.351000,25.050000
33.462,0.232000,0.805000,0.575000,15.275000,19.550000,-1.053000,24.950000
33.470,0.179000,0.789000,0.585000,15.427000,22.748000,0.580000,25.050000
33.482,0.137000,0.774000,0.576000,16.786000,23.405000,0.015000,24.950000
33.489,0.096000,0.775000,0.573000,17.992000,19.473000,-1.031000,24.950000
33.502,0.074000,0.781000,0.587000,19.260000,12.008000,-0.641000,24.910000
33.509,0.061000,0.793000,0.591000,19.435000,2.908000,-0.458000,25.000000
33.521,0.096000,0.803000,0.584000,19.145000,-3.580000,-1.374000,25.000000
33.528,0.146000,0.812000,0.589000,18.878000,-6.366000,-1.237000,24.910000
33.542,0.177000,0.822000,0.583000,19.969000,-5.824000,1.092000,25.000000
33.548,0.199000,0.830000,0.593000,20.832000,-1.183000,3.382000,25.000000
33.561,0.183000,0.838000,0.587000,21.229000,4.046000,4.916000,24.950000
33.569,0.147000,0.842000,0.598000,21.168000,5.580000,6.794000,24.950000
33.581,0.105000,0.841000,0.602000,19.405000,6.069000,5.458000,24.950000
33.589,0.084000,0.847000,0.603000,16.962000,4.649000,3.435000,24.950000
33.601,0.088000,0.858000,0.607000,14.626000,1.328000,2.672000,24.950000
33.609,0.091000,0.839000,0.597000,12.924000,-0.878000,2.015000,25.000000
33.621,0.111000,0.839000,0.590000,12.031000,-2.115000,0.160000,24.910000
33.633,0.133000,0.838000,0.592000,11.076000,-1.305000,-0.824000,25.000000
33.642,0.151000,0.838000,0.584000,9.618000,0.893000,-1.221000,25.000000
33.654,0.160000,0.850000,0.583000,8.458000,3.985000,-0.206000,25.000000
33.662,0.151000,0.847000,0.575000,7.084000,6.672000,1.069000,25.000000
33.668,0.132000,0.850000,0.565000,6.634000,8.878000,1.557000,25.050000
33.681,0.115000,0.844000,0.552000,6.595000,9.160000,2.053000,24.950000
33.689,0.095000,0.829000,0.545000,7.985000,7.794000,4.008000,25.050000
33.702,0.087000,0.829000,0.547000,9.076000,6.244000,3.977000,24.950000
33.708,0.084000,0.825000,0.542000,8.687000,5.023000,2.962000,24.950000
33.721,0.080000,0.824000,0.539000,8.206000,3.595000,1.794000,24.950000
33.728,0.086000,0.828000,0.528000,8.000000,2.282000,1.282000,24.950000
33.742,0.101000,0.824000,0.522000,7.985000,2.496000,1.176000,24.950000
33.749,0.105000,0.817000,0.524000,8.412000,2.885000,1.550000,24.950000
33.762,0.106000,0.820000,0.524000,9.374000,4.427000,1.786000,25.000000
33.769,0.100000,0.828000,0.525000,9.351000,6.137000,1.198000,25.000000
33.781,0.094000,0.842000,0.538000,8.366000,7.519000,-0.412000,24.910000
33.790,0.076000,0.837000,0.529000,7.229000,8.092000,-0.580000,25.050000
33.801,0.065000,0.829000,0.527000,7.695000,7.611000,-1.496000,25.050000
33.809,0.067000,0.829000,0.521000,9.176000,6.672000,-1.130000,24.860000
33.824,0.065000,0.838000,0.516000,9.183000,5.672000,-0.405000,25.050000
33.829,0.055000,0.837000,0.514000,9.282000,5.031000,-0.176000,24.860000
33.841,0.056000,0.842000,0.519000,8.947000,5.939000,-2.160000,24.950000
33.849,0.050000,0.828000,0.522000,7.924000,6.557000,-3.382000,24.950000
33.861,0.042000,0.826000,0.513000,8.053000,5.733000,-4.573000,24.910000
33.870,0.032000,0.828000,0.518000,7.168000,4.504000,-5.336000,24.910000
33.881,0.037000,0.817000,0.515000,6.786000,2.824000,-5.183000,25.000000
33.889,0.035000,0.830000,0.518000,7.817000,1.496000,-5.687000,24.910000
33.901,0.041000,0.838000,0.519000,7.366000,0.824000,-6.901000,25.000000
33.911,0.055000,0.847000,0.526000,6.023000,0.145000,-7.099000,24.910000
33.921,0.058000,0.844000,0.511000,7.351000,-0.191000,-6.000000,24.950000
33.929,0.066000,0.860000,0.521000,8.260000,-0.015000,-4.565000,24.950000
33.942,0.061000,0.851000,0.514000,8.313000,-1.969000,-0.809000,24.860000
33.950,0.064000,0.844000,0.519000,7.641000,-1.710000,0.733000,24.950000
33.961,0.060000,0.834000,0.509000,7.924000,-2.382000,0.595000,24.950000
33.970,0.065000,0.840000,0.497000,8.099000,-2.580000,-0.664000,24.950000
33.981,0.080000,0.849000,0.492000,7.611000,-2.145000,-1.221000,25.000000
33.989,0.082000,0.853000,0.501000,7.519000,-2.115000,0.321000,24.910000
34.002,0.082000,0.848000,0.508000,7.595000,-2.489000,1.496000,24.910000
34.009,0.077000,0.855000,0.500000,9.336000,-4.168000,3.374000,24.910000
34.021,0.083000,0.850000,0.487000,9.954000,-5.573000,5.580000,25.000000
34.028,0.073000,0.858000,0.482000,9.863000,-6.214000,5.573000,25.000000
34.042,0.070000,0.847000,0.484000,10.710000,-8.076000,5.763000,24.950000
34.049,0.075000,0.855000,0.474000,9.534000,-8.084000,3.336000,24.950000
34.061,0.091000,0.863000,0.477000,8.153000,-6.473000,-0.489000,25.050000
34.069,0.100000,0.859000,0.481000,7.641000,-5.053000,-1.153000,24.860000
34.081,0.104000,0.849000,0.483000,8.824000,-3.542000,-0.557000,24.950000
34.086,0.094000,0.864000,0.495000,9.015000,-2.443000,-2.260000,25.050000
34.101,0.094000,0.871000,0.489000,6.931000,-0.534000,-3.489000,25.000000
34.113,0.094000,0.869000,0.489000,5.595000,0.649000,-4.527000,24.910000
34.120,0.086000,0.859000,0.488000,5.817000,-2.000000,-2.321000,24.910000
34.133,0.082000,0.869000,0.481000,4.863000,-2.748000,-2.038000,25.000000
34.142,0.089000,0.860000,0.492000,4.397000,-5.069000,-0.069000,25.000000
34.153,0.099000,0.865000,0.485000,7.038000,-9.573000,3.985000,25.000000
34.160,0.102000,0.860000,0.486000,7.046000,-7.656000,2.908000,24.950000
34.173,0.107000,0.881000,0.484000,6.893000,-5.145000,1.107000,24.950000
34.181,0.117000,0.873000,0.490000,6.992000,-2.443000,0.061000,24.950000
34.193,0.108000,0.876000,0.491000,7.099000,-0.031000,-0.748000,24.950000
34.201,0.107000,0.880000,0.496000,7.069000,-0.359000,1.038000,24.950000
34.213,0.101000,0.886000,0.497000,7.664000,-2.740000,5.557000,24.950000
34.220,0.090000,0.885000,0.498000,6.290000,-3.863000,5.718000,24.950000
34.233,0.105000,0.877000,0.499000,4.771000,-2.992000,4.344000,25.050000
34.242,0.102000,0.873000,0.491000,2.504000,-2.718000,3.221000,24.860000
34.253,0.119000,0.862000,0.485000,1.557000,-3.122000,2.053000,25.000000
34.260,0.121000,0.871000,0.483000,1.840000,-2.260000,1.718000,25.000000
34.273,0.120000,0.874000,0.480000,1.779000,-1.374000,1.313000,24.910000
34.280,0.115000,0.872000,0.475000,1.321000,0.092000,0.542000,24.950000
34.293,0.108000,0.867000,0.477000,1.412000,-0.038000,0.634000,25.050000
34.302,0.103000,0.868000,0.472000,0.924000,0.275000,-0.275000,24.950000
34.313,0.104000,0.869000,0.467000,-0.076000,0.626000,-1.305000,24.950000
34.320,0.109000,0.866000,0.467000,-0.260000,-0.015000,-1.374000,24.950000
34.333,0.109000,0.855000,0.462000,1.084000,-1.038000,-0.015000,24.950000
34.342,0.114000,0.869000,0.456000,1.389000,-0.817000,0.542000,25.000000
34.354,0.112000,0.864000,0.451000,2.771000,-1.122000,2.733000,24.910000
34.362,0.100000,0.866000,0.462000,3.038000,-1.176000,3.137000,25.090000
34.373,0.098000,0.871000,0.458000,2.519000,0.107000,2.405000,25.000000
34.380,0.089000,0.876000,0.453000,1.924000,-1.191000,3.053000,24.910000
34.393,0.090000,0.875000,0.448000,1.069000,-0.939000,2.344000,24.910000
34.401,0.085000,0.869000,0.444000,0.817000,-1.145000,1.122000,24.910000
34.413,0.082000,0.872000,0.449000,0.328000,-1.718000,0.069000,25.050000
34.420,0.084000,0.859000,0.440000,0.725000,-2.076000,-0.664000,24.950000
34.433,0.081000,0.860000,0.438000,0.802000,-2.275000,-1.641000,25.050000
34.442,0.104000,0.863000,0.446000,1.824000,-3.588000,0.824000,24.950000
34.453,0.094000,0.871000,0.446000,2.931000,-3.908000,3.298000,25.050000
34.460,0.096000,0.879000,0.446000,3.695000,-1.176000,2.809000,25.000000
34.473,0.083000,0.883000,0.454000,3.099000,0.061000,2.885000,25.000000
34.480,0.082000,0.882000,0.454000,2.321000,0.275000,3.214000,24.910000
34.493,0.066000,0.881000,0.473000,1.802000,-0.183000,3.000000,25.000000
time_sec,ax,ay,az,gx,gy,gz,temp_c
0.014,0.040000,-0.021000,0.863000,-23.710000,-57.458000,16.023000,19.820000
0.026,-0.035000,-0.086000,0.771000,-11.756000,-48.519000,3.168000,19.820000
0.038,-0.089000,-0.177000,0.648000,3.031000,-54.664000,-11.115000,19.820000
0.045,-0.046000,-0.276000,0.543000,26.389000,-64.237000,-29.328000,19.820000
0.057,0.127000,-0.333000,0.531000,60.718000,-63.580000,-42.427000,19.820000
0.064,0.393000,-0.089000,0.606000,84.855000,-51.145000,-49.679000,19.820000
0.076,0.590000,0.173000,0.734000,91.237000,-18.824000,-44.145000,19.920000
0.089,0.527000,0.242000,0.807000,94.603000,10.771000,-30.748000,19.820000
0.096,0.335000,0.451000,0.959000,89.122000,5.565000,0.191000,19.870000
0.108,0.178000,0.592000,1.032000,72.817000,-3.260000,25.611000,19.970000
0.116,0.042000,0.562000,1.022000,55.870000,-37.977000,49.359000,19.870000
0.129,0.082000,0.472000,1.039000,49.649000,-61.191000,68.565000,19.870000
0.135,0.174000,0.435000,0.999000,44.893000,-63.351000,79.000000,19.870000
0.147,0.224000,0.376000,0.965000,45.176000,-47.977000,68.740000,19.920000
0.154,0.155000,0.288000,0.938000,47.015000,-20.740000,50.817000,19.920000
0.166,-0.014000,0.200000,0.966000,57.214000,-8.885000,33.679000,19.820000
0.178,-0.249000,0.311000,0.984000,60.206000,-15.817000,17.252000,19.820000
0.185,-0.374000,0.352000,0.970000,57.550000,-47.344000,5.672000,19.820000
0.198,-0.259000,0.480000,1.047000,47.649000,-81.504000,-0.649000,19.870000
0.205,-0.099000,0.480000,1.071000,35.954000,-103.817000,-4.275000,19.870000
0.217,0.139000,0.432000,1.072000,26.679000,-109.641000,-8.550000,19.870000
0.224,0.398000,0.389000,1.073000,21.137000,-93.122000,-11.153000,19.870000
0.236,0.565000,0.315000,1.062000,19.611000,-48.985000,-9.771000,19.970000
0.248,0.538000,0.292000,1.052000,20.489000,-1.916000,-10.832000,19.870000
0.257,0.336000,0.332000,1.028000,17.542000,32.687000,-8.794000,19.820000
0.268,0.049000,0.356000,0.945000,9.153000,36.855000,-11.244000,19.820000
0.275,-0.113000,0.328000,0.870000,5.489000,14.053000,-20.908000,19.820000
0.287,-0.154000,0.305000,0.768000,4.153000,-21.092000,-29.031000,19.920000
0.294,0.001000,0.324000,0.717000,4.565000,-55.168000,-31.756000,19.820000
0.307,0.233000,0.298000,0.738000,7.229000,-69.130000,-31.366000,19.820000
0.319,0.458000,0.303000,0.785000,11.939000,-59.198000,-31.840000,19.780000
0.326,0.557000,0.303000,0.842000,13.374000,-33.756000,-33.176000,19.870000
0.338,0.541000,0.340000,0.871000,17.084000,-2.802000,-35.336000,19.870000
0.346,0.412000,0.379000,0.877000,14.733000,11.168000,-33.359000,19.970000
0.358,0.341000,0.445000,0.887000,7.634000,8.763000,-27.099000,19.870000
0.365,0.325000,0.423000,0.891000,0.397000,-0.473000,-17.855000,19.820000
0.377,0.380000,0.362000,0.889000,-2.794000,-3.656000,-8.969000,19.920000
0.384,0.413000,0.333000,0.831000,-3.809000,-3.985000,-1.840000,19.820000
0.397,0.401000,0.295000,0.834000,-1.809000,4.214000,0.336000,20.010000
0.404,0.355000,0.309000,0.864000,-0.099000,12.534000,-1.618000,19.920000
0.416,0.305000,0.336000,0.902000,-2.260000,15.023000,-3.481000,19.920000
0.429,0.269000,0.344000,0.920000,-3.527000,12.840000,-3.550000,19.870000
0.435,0.278000,0.322000,0.913000,-3.534000,8.702000,-2.725000,19.870000
0.448,0.293000,0.315000,0.909000,-1.802000,7.802000,-2.229000,19.970000
0.456,0.302000,0.321000,0.908000,2.008000,9.420000,-4.763000,19.920000
0.468,0.286000,0.342000,0.933000,0.893000,10.977000,-5.634000,19.820000
0.475,0.277000,0.357000,0.971000,-0.603000,13.840000,-6.908000,19.920000
0.487,0.273000,0.380000,0.975000,-1.939000,17.435000,-10.863000,19.920000
0.495,0.266000,0.373000,0.987000,-4.435000,19.771000,-12.695000,20.010000
0.507,0.242000,0.374000,1.017000,-6.634000,20.794000,-11.267000,19.920000
0.514,0.209000,0.388000,1.039000,-8.458000,19.260000,-11.359000,19.920000
0.526,0.198000,0.427000,1.060000,-11.168000,20.527000,-12.718000,20.010000
0.538,0.174000,0.462000,1.048000,-17.450000,21.985000,-15.244000,19.870000
0.546,0.202000,0.482000,1.052000,-22.092000,25.015000,-18.595000,19.870000
0.557,0.210000,0.487000,1.020000,-29.725000,24.634000,-19.924000,19.970000
0.565,0.263000,0.472000,0.988000,-34.947000,24.519000,-15.664000,19.970000
0.576,0.329000,0.464000,0.958000,-38.924000,29.397000,-8.511000,19.970000
0.583,0.348000,0.433000,0.923000,-40.198000,38.901000,-0.267000,19.970000
0.596,0.314000,0.426000,0.889000,-38.466000,47.969000,6.733000,19.920000
0.609,0.218000,0.413000,0.867000,-35.031000,51.198000,8.153000,20.010000
0.615,0.116000,0.383000,0.869000,-32.145000,45.832000,4.870000,19.920000
0.628,0.086000,0.491000,0.903000,-33.626000,35.603000,-5.649000,19.920000
0.635,0.128000,0.513000,0.930000,-41.481000,28.076000,-22.794000,19.920000
0.648,0.146000,0.383000,0.894000,-46.206000,22.351000,-31.458000,19.970000
0.654,0.183000,0.308000,0.834000,-40.221000,16.649000,-34.809000,19.870000
0.667,0.230000,0.280000,0.796000,-26.344000,13.771000,-35.405000,19.870000
0.678,0.222000,0.306000,0.847000,-18.580000,11.664000,-31.412000,19.870000
0.685,0.195000,0.337000,0.907000,-15.321000,9.847000,-30.344000,19.870000
0.699,0.175000,0.361000,0.994000,-13.534000,7.107000,-31.046000,19.970000
0.706,0.194000,0.482000,1.055000,-17.260000,4.611000,-26.992000,19.920000
0.717,0.215000,0.501000,1.036000,-25.244000,5.611000,-25.267000,19.920000
0.724,0.194000,0.399000,0.980000,-29.832000,6.832000,-26.313000,19.920000
0.736,0.216000,0.344000,0.915000,-29.573000,11.076000,-29.618000,20.110000
0.749,0.160000,0.280000,0.901000,-24.359000,13.840000,-32.824000,20.010000
0.756,0.121000,0.295000,0.936000,-18.015000,11.069000,-37.328000,19.920000
0.768,0.126000,0.380000,1.018000,-17.328000,3.847000,-37.130000,19.970000
0.775,0.119000,0.448000,1.053000,-23.298000,-7.198000,-30.557000,19.970000
0.787,0.180000,0.474000,1.072000,-32.382000,-13.519000,-23.786000,19.970000
0.794,0.231000,0.430000,1.042000,-38.863000,-10.748000,-16.061000,19.970000
0.807,0.285000,0.383000,0.998000,-38.740000,4.962000,-9.573000,19.970000
0.818,0.326000,0.288000,0.973000,-29.229000,31.397000,-12.550000,19.970000
0.825,0.258000,0.288000,0.973000,-20.450000,57.534000,-18.931000,19.920000
0.838,0.093000,0.318000,0.996000,-20.947000,66.130000,-25.962000,19.920000
0.845,-0.101000,0.331000,1.016000,-24.328000,47.458000,-26.031000,19.920000
0.857,-0.175000,0.366000,1.056000,-29.145000,13.641000,-17.756000,20.010000
0.863,-0.114000,0.414000,1.059000,-31.183000,-23.595000,-8.511000,19.920000
0.876,0.031000,0.426000,1.001000,-36.542000,-46.008000,-3.611000,19.970000
0.888,0.245000,0.401000,0.939000,-48.076000,-43.550000,-3.206000,19.970000
0.896,0.391000,0.187000,0.865000,-53.916000,-16.817000,-8.191000,19.870000
0.908,0.364000,0.045000,0.831000,-45.847000,14.092000,-10.969000,19.970000
0.914,0.273000,0.089000,0.896000,-34.351000,37.160000,-15.481000,19.920000
0.926,0.121000,0.195000,0.994000,-29.679000,40.985000,-15.504000,20.010000
0.939,-0.017000,0.346000,1.085000,-32.061000,27.702000,-9.908000,19.920000
0.946,-0.104000,0.380000,1.093000,-40.481000,0.763000,-3.954000,20.010000
0.958,-0.101000,0.328000,1.034000,-52.412000,-28.290000,4.168000,20.010000
0.965,0.046000,0.162000,0.960000,-59.771000,-41.939000,11.916000,20.010000
0.977,0.148000,0.037000,0.905000,-58.397000,-38.954000,23.832000,19.920000
0.984,0.244000,0.023000,0.919000,-45.855000,-19.817000,25.977000,20.010000
0.997,0.253000,0.046000,0.927000,-37.008000,9.832000,17.031000,19.970000
1.009,0.160000,0.043000,0.939000,-25.107000,31.710000,8.466000,20.060000
1.016,0.017000,0.085000,0.929000,-14.359000,35.450000,0.397000,19.970000
1.028,-0.094000,0.195000,0.960000,-21.053000,19.405000,1.649000,19.970000
1.035,-0.066000,0.330000,1.033000,-39.481000,-2.008000,11.137000,20.060000
1.048,-0.043000,0.228000,0.995000,-58.893000,-18.939000,18.115000,20.010000
1.055,-0.044000,0.071000,0.906000,-66.137000,-33.878000,24.748000,20.010000
1.066,0.060000,-0.016000,0.845000,-58.145000,-37.611000,21.878000,20.010000
1.078,0.124000,-0.068000,0.790000,-50.122000,-34.733000,13.183000,19.920000
1.085,0.185000,-0.090000,0.794000,-34.405000,-28.893000,6.244000,20.010000
1.098,0.256000,-0.016000,0.819000,-22.115000,-15.855000,-0.779000,20.110000
1.105,0.267000,0.039000,0.828000,-22.336000,-5.382000,-1.313000,19.970000
1.117,0.286000,-0.014000,0.836000,-26.885000,8.206000,3.649000,19.970000
1.124,0.240000,-0.125000,0.813000,-28.183000,18.679000,13.802000,19.970000
1.136,0.200000,-0.164000,0.858000,-22.221000,27.664000,24.977000,19.970000
1.149,0.110000,-0.072000,0.931000,-19.420000,33.145000,30.916000,20.150000
1.155,0.023000,-0.080000,0.990000,-15.015000,30.458000,31.748000,19.970000
1.167,-0.031000,-0.039000,1.038000,-12.366000,26.824000,32.679000,20.010000
1.174,-0.045000,0.015000,1.014000,-14.992000,25.336000,30.458000,19.920000
1.186,-0.043000,-0.055000,0.942000,-18.695000,24.710000,29.183000,19.920000
1.199,-0.017000,-0.118000,0.914000,-21.771000,28.748000,30.885000,19.920000
1.206,-0.034000,-0.148000,0.877000,-18.359000,31.779000,30.885000,20.110000
1.218,-0.062000,-0.096000,0.923000,-11.473000,27.504000,31.198000,20.010000
1.225,-0.062000,0.057000,0.989000,-17.183000,22.366000,33.489000,19.970000
1.237,-0.070000,0.014000,0.989000,-27.779000,12.832000,36.252000,19.970000
1.245,-0.064000,-0.085000,0.921000,-28.794000,5.603000,40.473000,19.970000
1.258,-0.009000,-0.187000,0.812000,-24.878000,2.557000,41.885000,19.970000
1.269,0.015000,-0.237000,0.772000,-6.977000,10.519000,35.092000,19.970000
1.275,0.058000,-0.192000,0.799000,7.870000,26.206000,18.153000,20.110000
1.288,0.013000,-0.112000,0.851000,14.824000,36.328000,7.137000,20.010000
1.296,-0.088000,-0.053000,0.902000,16.672000,33.206000,4.542000,19.920000
1.308,-0.138000,-0.043000,0.899000,13.618000,12.092000,10.092000,19.920000
1.314,-0.114000,-0.073000,0.917000,13.351000,-12.382000,21.740000,20.200000
1.326,-0.019000,-0.064000,0.944000,16.718000,-26.290000,24.725000,20.010000
1.338,0.084000,-0.070000,0.925000,15.443000,-24.947000,20.626000,19.970000
1.346,0.102000,-0.097000,0.940000,16.206000,-13.435000,15.847000,19.970000
1.358,0.073000,-0.100000,0.896000,15.405000,-3.565000,10.924000,19.970000
1.365,0.033000,-0.200000,0.856000,19.000000,-3.336000,8.084000,20.010000
1.377,0.020000,-0.203000,0.868000,27.374000,-7.244000,6.893000,20.110000
1.385,0.022000,-0.164000,0.905000,33.382000,-14.092000,6.122000,20.010000
1.397,0.008000,-0.079000,1.055000,42.023000,-17.977000,4.183000,20.110000
1.409,0.082000,0.104000,1.161000,40.947000,-13.809000,-5.198000,19.920000
1.416,0.142000,0.121000,1.188000,29.695000,-6.931000,-10.076000,20.010000
1.428,0.219000,0.028000,1.090000,15.244000,5.229000,-7.115000,20.010000
1.435,0.309000,-0.160000,0.906000,7.527000,18.595000,3.863000,20.010000
1.448,0.364000,-0.316000,0.845000,14.450000,42.992000,11.092000,20.060000
1.456,0.292000,-0.263000,0.806000,22.038000,63.802000,13.496000,19.970000
1.467,0.034000,-0.228000,0.925000,33.679000,62.023000,19.053000,20.060000
1.474,-0.239000,-0.053000,1.069000,32.611000,33.458000,26.000000,19.970000
1.486,-0.364000,0.017000,1.144000,25.366000,-7.870000,32.824000,20.060000
1.499,-0.279000,0.094000,1.171000,15.794000,-36.305000,34.183000,20.060000
1.505,-0.117000,0.099000,1.101000,-0.191000,-44.252000,31.634000,20.110000
1.518,0.048000,-0.063000,1.033000,-4.550000,-27.679000,18.626000,20.010000
1.524,0.086000,-0.085000,0.992000,-2.924000,-6.008000,11.618000,20.110000
1.537,0.010000,-0.074000,0.955000,-2.580000,4.878000,7.748000,20.110000
1.545,-0.062000,-0.084000,0.906000,-9.351000,-0.702000,17.321000,20.010000
1.556,-0.079000,-0.152000,0.865000,-12.733000,-13.160000,28.748000,20.110000
1.568,-0.021000,-0.221000,0.833000,-8.649000,-15.298000,35.504000,20.010000
1.575,0.019000,-0.148000,0.858000,1.382000,-5.405000,31.664000,19.970000
1.588,-0.051000,-0.106000,0.893000,7.298000,6.122000,19.794000,20.060000
1.596,-0.109000,-0.061000,0.947000,10.931000,9.901000,8.832000,20.060000
1.609,-0.103000,-0.012000,0.979000,11.794000,8.153000,-0.099000,20.060000
1.615,-0.025000,0.003000,0.988000,13.336000,8.527000,-3.595000,20.060000
1.627,-0.005000,0.074000,0.974000,8.359000,8.748000,2.153000,20.010000
1.634,-0.054000,0.046000,0.932000,-0.290000,5.443000,11.176000,19.920000
1.646,-0.145000,-0.037000,0.897000,-2.763000,-7.252000,19.443000,20.110000
1.659,-0.196000,-0.096000,0.875000,1.893000,-24.389000,20.267000,19.920000
1.665,-0.104000,-0.097000,0.887000,8.206000,-34.710000,10.771000,20.110000
1.678,0.043000,-0.141000,0.895000,16.481000,-27.763000,-3.221000,20.110000
1.684,0.158000,-0.087000,0.932000,27.237000,-5.962000,-14.496000,20.110000
1.697,0.143000,0.032000,0.981000,31.405000,16.687000,-24.397000,20.060000
1.705,0.049000,0.100000,1.024000,24.489000,27.405000,-27.076000,20.060000
1.716,-0.045000,0.086000,1.034000,12.702000,21.359000,-18.580000,20.060000
1.729,-0.115000,0.029000,1.011000,5.122000,2.015000,-5.947000,20.150000
1.735,-0.125000,-0.047000,0.995000,4.565000,-22.084000,4.389000,20.060000
1.748,-0.070000,-0.033000,1.037000,9.405000,-37.519000,9.901000,20.060000
1.755,0.030000,0.036000,1.079000,13.962000,-37.908000,5.191000,20.200000
1.767,0.080000,0.063000,1.092000,13.992000,-25.473000,-5.595000,20.010000
1.774,0.080000,0.074000,1.094000,12.924000,-12.687000,-12.305000,20.110000
1.787,0.083000,0.102000,1.055000,10.107000,-2.885000,-18.389000,20.110000
1.795,0.067000,0.026000,1.017000,3.450000,-0.634000,-19.939000,20.110000
1.806,0.072000,-0.032000,1.008000,0.916000,-1.939000,-16.626000,20.010000
1.819,0.063000,-0.058000,1.004000,3.962000,-6.817000,-9.328000,20.110000
1.826,0.072000,-0.029000,1.054000,8.748000,-9.260000,-3.023000,20.060000
1.838,0.085000,0.046000,1.084000,7.893000,-7.489000,3.878000,20.060000
1.846,0.093000,0.063000,1.051000,4.275000,-1.557000,3.664000,20.150000
1.858,0.084000,0.037000,0.966000,-0.382000,5.992000,-0.450000,20.110000
1.865,0.099000,-0.046000,0.871000,0.344000,13.344000,-6.817000,20.110000
1.877,0.125000,-0.115000,0.818000,5.137000,20.763000,-11.733000,20.110000
1.884,0.132000,-0.145000,0.811000,14.496000,29.321000,-15.229000,20.110000
1.897,0.120000,-0.117000,0.832000,23.473000,35.489000,-17.252000,20.010000
1.903,0.095000,-0.047000,0.866000,27.618000,38.687000,-14.000000,20.110000
1.916,0.031000,-0.014000,0.904000,26.603000,39.023000,-8.817000,20.110000
1.928,-0.020000,-0.020000,0.895000,24.977000,35.328000,-3.267000,20.110000
1.935,-0.055000,-0.044000,0.873000,27.160000,28.137000,0.015000,20.060000
1.947,-0.042000,-0.013000,0.906000,37.534000,23.992000,-1.634000,20.150000
1.955,-0.008000,0.065000,0.915000,44.069000,23.359000,-10.939000,20.250000
1.967,0.019000,0.114000,0.980000,47.611000,23.099000,-17.931000,20.060000
1.972,-0.012000,0.205000,1.073000,47.084000,18.802000,-17.679000,20.060000
1.986,-0.055000,0.290000,1.135000,38.611000,8.641000,-11.336000,20.060000
1.998,-0.108000,0.298000,1.105000,22.092000,-6.664000,-4.595000,20.110000
2.006,-0.141000,0.177000,1.018000,8.870000,-22.664000,0.069000,20.110000
2.017,-0.088000,0.092000,0.950000,5.252000,-34.244000,3.260000,20.110000
2.025,0.015000,0.069000,0.926000,5.908000,-35.954000,6.168000,20.110000
2.037,0.110000,0.126000,0.950000,8.473000,-24.351000,6.473000,20.110000
2.045,0.138000,0.156000,0.957000,10.366000,-8.336000,-1.122000,20.060000
2.057,0.102000,0.127000,0.970000,12.634000,5.237000,-8.389000,20.150000
2.065,0.026000,0.078000,0.988000,16.168000,10.542000,-11.672000,20.150000
2.076,-0.016000,0.065000,0.965000,16.878000,8.374000,-10.344000,20.250000
2.089,-0.045000,0.077000,0.966000,14.611000,-0.763000,-2.565000,20.150000
2.096,-0.062000,0.097000,0.963000,12.733000,-11.809000,4.137000,20.060000
2.108,-0.075000,0.077000,0.943000,11.954000,-20.519000,5.527000,20.110000
2.115,-0.007000,0.079000,0.912000,13.740000,-22.641000,1.336000,20.110000
2.127,0.091000,0.081000,0.926000,16.519000,-11.977000,-6.328000,20.200000
2.134,0.118000,0.082000,0.916000,20.779000,4.679000,-18.740000,20.110000
2.147,0.090000,0.100000,0.929000,22.863000,17.160000,-24.008000,20.010000
2.154,-0.015000,0.133000,0.978000,22.412000,19.695000,-19.229000,20.110000
2.166,-0.153000,0.173000,0.996000,17.397000,6.092000,-8.550000,20.150000
2.178,-0.265000,0.184000,1.009000,11.504000,-21.275000,3.557000,20.150000
2.185,-0.243000,0.130000,0.992000,9.076000,-44.672000,5.641000,20.250000
2.198,-0.111000,0.073000,0.959000,14.168000,-51.550000,-2.679000,20.150000
2.205,0.002000,0.015000,0.922000,25.046000,-38.794000,-21.443000,20.060000
2.216,0.053000,-0.019000,0.897000,38.863000,-15.359000,-46.237000,20.110000
2.223,-0.009000,0.026000,0.896000,48.649000,-0.779000,-64.122000,20.110000
2.236,-0.062000,0.183000,0.973000,48.802000,-3.992000,-65.290000,20.200000
2.248,-0.068000,0.439000,1.077000,32.481000,-19.534000,-44.756000,20.200000
2.255,-0.068000,0.532000,1.118000,4.496000,-48.893000,-14.260000,20.290000
2.267,-0.004000,0.450000,1.070000,-15.275000,-72.099000,8.718000,20.110000
2.274,0.135000,0.318000,1.029000,-16.466000,-78.649000,19.290000,20.150000
2.286,0.287000,0.226000,1.001000,-2.977000,-63.115000,13.824000,20.060000
2.295,0.405000,0.171000,0.990000,14.786000,-25.214000,-4.176000,20.150000
2.306,0.415000,0.168000,0.982000,27.450000,21.725000,-28.870000,20.110000
2.318,0.284000,0.240000,0.978000,36.656000,51.901000,-41.420000,20.200000
2.325,0.094000,0.365000,1.031000,38.328000,60.260000,-39.534000,20.200000
2.338,-0.095000,0.454000,1.077000,26.847000,39.382000,-25.962000,20.110000
2.347,-0.169000,0.518000,1.113000,5.313000,0.756000,-5.901000,20.200000
2.357,-0.100000,0.518000,1.095000,-18.534000,-34.580000,14.595000,20.200000
2.364,0.037000,0.383000,1.032000,-33.427000,-54.290000,28.427000,20.200000
2.376,0.206000,0.234000,0.953000,-33.740000,-48.115000,30.985000,20.110000
2.388,0.329000,0.149000,0.903000,-21.664000,-20.588000,21.435000,20.150000
2.396,0.363000,0.118000,0.858000,-4.511000,16.962000,5.168000,20.060000
2.409,0.250000,0.131000,0.842000,11.458000,45.603000,-11.565000,20.150000
2.415,0.072000,0.171000,0.840000,22.695000,50.901000,-21.053000,20.150000
2.427,-0.106000,0.249000,0.874000,23.595000,30.046000,-19.885000,20.150000
2.434,-0.204000,0.266000,0.891000,15.733000,-8.977000,-8.924000,20.150000
2.446,-0.146000,0.259000,0.899000,5.076000,-48.626000,8.817000,20.200000
2.459,0.028000,0.236000,0.914000,-6.687000,-72.634000,24.366000,20.110000
2.466,0.220000,0.165000,0.892000,-10.221000,-70.191000,29.687000,20.200000
2.478,0.354000,0.112000,0.858000,-0.321000,-45.557000,22.664000,20.200000
2.485,0.369000,0.134000,0.839000,16.450000,-13.397000,9.046000,20.200000
2.497,0.294000,0.149000,0.839000,29.443000,13.855000,-4.252000,20.200000
2.506,0.143000,0.198000,0.863000,35.115000,20.374000,-6.405000,20.200000
2.517,-0.000000,0.237000,0.898000,34.336000,6.481000,2.611000,20.150000
2.524,-0.074000,0.248000,0.914000,27.947000,-20.756000,14.634000,20.150000
2.536,-0.007000,0.245000,0.918000,23.237000,-40.298000,25.458000,20.060000
2.549,0.108000,0.294000,0.922000,24.084000,-47.023000,28.214000,20.150000
2.556,0.198000,0.316000,0.930000,27.145000,-38.756000,21.939000,20.250000
2.568,0.254000,0.344000,0.930000,31.481000,-24.122000,7.374000,20.150000
2.575,0.330000,0.350000,0.932000,32.573000,-5.748000,-0.779000,20.200000
2.587,0.414000,0.391000,0.964000,30.947000,22.115000,-1.359000,20.200000
2.595,0.358000,0.437000,0.950000,28.672000,44.511000,1.794000,20.200000
2.607,0.116000,0.462000,0.996000,24.687000,42.412000,12.321000,20.110000
2.614,-0.088000,0.481000,1.007000,16.412000,18.969000,24.153000,20.290000
2.626,-0.145000,0.444000,0.981000,2.718000,-15.779000,34.618000,20.200000
2.639,-0.073000,0.377000,0.908000,-8.191000,-45.328000,42.863000,20.150000
2.647,0.077000,0.244000,0.820000,-7.084000,-54.809000,43.359000,20.250000
2.658,0.287000,0.164000,0.760000,8.992000,-32.435000,33.359000,20.150000
2.666,0.387000,0.171000,0.757000,33.595000,11.992000,16.664000,20.150000
2.677,0.353000,0.240000,0.786000,57.824000,62.893000,-8.008000,20.150000
2.684,0.132000,0.377000,0.827000,72.321000,90.382000,-27.977000,20.150000
2.697,-0.149000,0.493000,0.955000,75.954000,79.626000,-34.198000,20.150000
2.704,-0.290000,0.618000,1.053000,63.130000,38.878000,-25.489000,20.200000
2.716,-0.241000,0.693000,1.112000,35.542000,-11.664000,-5.290000,20.290000
2.728,-0.121000,0.626000,1.089000,4.634000,-58.374000,18.061000,20.200000
2.735,0.024000,0.487000,0.981000,-20.168000,-87.069000,37.542000,20.200000
2.747,0.128000,0.343000,0.831000,-32.489000,-98.160000,46.405000,20.110000
2.755,0.262000,0.209000,0.726000,-23.687000,-87.023000,40.824000,20.200000
2.767,0.395000,0.180000,0.670000,-1.275000,-57.672000,24.893000,20.250000
2.773,0.442000,0.197000,0.696000,24.412000,-19.534000,3.947000,20.150000
2.786,0.375000,0.257000,0.725000,47.664000,11.366000,-17.313000,20.250000
2.799,0.253000,0.353000,0.794000,63.313000,29.885000,-31.878000,20.250000
2.806,0.148000,0.533000,0.900000,60.107000,21.015000,-24.511000,20.150000
2.818,0.092000,0.703000,1.031000,37.626000,-1.099000,-5.427000,20.200000
2.825,0.055000,0.723000,1.063000,10.305000,-28.046000,11.435000,20.200000
2.837,0.127000,0.651000,1.038000,-10.985000,-47.756000,19.290000,20.290000
2.845,0.240000,0.526000,0.980000,-19.969000,-55.473000,24.069000,20.200000
2.857,0.369000,0.399000,0.891000,-16.565000,-44.817000,24.061000,20.200000
2.868,0.439000,0.334000,0.849000,-5.664000,-21.496000,18.656000,20.200000
2.876,0.437000,0.306000,0.826000,9.817000,7.962000,8.824000,20.290000
2.888,0.393000,0.324000,0.814000,23.061000,36.924000,-0.924000,20.200000
2.896,0.247000,0.395000,0.833000,29.489000,50.298000,-3.229000,20.150000
2.909,0.096000,0.409000,0.882000,30.885000,46.046000,-3.237000,20.250000
2.916,0.003000,0.456000,0.905000,27.817000,27.565000,-1.634000,20.250000
2.927,0.030000,0.458000,0.943000,21.053000,9.908000,-0.511000,20.150000
2.935,0.080000,0.458000,0.912000,15.061000,-6.435000,1.443000,20.250000
2.948,0.167000,0.407000,0.883000,13.947000,-12.183000,1.168000,20.250000
2.955,0.224000,0.384000,0.853000,15.618000,-10.061000,0.000000,20.250000
2.966,0.256000,0.352000,0.838000,20.244000,-2.763000,-4.496000,20.200000
2.973,0.274000,0.366000,0.832000,26.718000,5.122000,-8.282000,20.290000
2.986,0.303000,0.426000,0.869000,26.954000,13.420000,-8.450000,20.200000
2.998,0.288000,0.434000,0.885000,24.389000,15.588000,-7.252000,20.290000
3.006,0.276000,0.451000,0.897000,17.672000,13.298000,0.962000,20.290000
3.018,0.247000,0.432000,0.900000,11.145000,6.176000,11.038000,20.290000
3.025,0.235000,0.412000,0.890000,7.809000,1.031000,18.779000,20.150000
3.038,0.221000,0.400000,0.846000,6.305000,-4.168000,24.145000,20.150000
3.046,0.213000,0.363000,0.838000,6.931000,-5.336000,23.275000,20.250000
3.057,0.236000,0.372000,0.811000,12.473000,-1.473000,19.092000,20.250000
3.065,0.266000,0.380000,0.801000,21.458000,7.168000,13.450000,20.340000
3.077,0.277000,0.443000,0.814000,28.298000,20.763000,6.672000,20.250000
3.084,0.275000,0.485000,0.851000,28.702000,30.947000,5.504000,20.250000
3.098,0.230000,0.493000,0.872000,25.511000,37.634000,7.221000,20.200000
3.105,0.149000,0.502000,0.870000,21.076000,33.855000,13.939000,20.290000
3.116,0.117000,0.531000,0.893000,14.840000,24.046000,22.626000,20.200000
3.122,0.095000,0.515000,0.895000,4.985000,10.275000,29.099000,20.200000
3.136,0.130000,0.492000,0.879000,-0.931000,1.466000,30.397000,20.290000
3.148,0.170000,0.463000,0.865000,0.504000,-2.427000,29.191000,20.290000
3.157,0.219000,0.423000,0.847000,6.176000,1.786000,27.015000,20.290000
3.168,0.199000,0.438000,0.849000,12.786000,7.214000,29.420000,20.250000
3.175,0.195000,0.687000,1.132000,6.374000,14.290000,22.908000,20.250000
3.188,0.082000,0.695000,1.077000,-4.679000,22.954000,4.878000,20.250000
3.196,0.018000,0.563000,1.010000,-19.626000,19.542000,10.282000,20.250000
3.207,-0.077000,0.447000,0.928000,-21.405000,3.885000,13.756000,20.250000
3.215,-0.021000,0.439000,0.905000,-19.069000,-12.672000,16.634000,20.340000
3.226,0.049000,0.437000,0.911000,-16.725000,-26.947000,18.389000,20.250000
3.239,0.142000,0.441000,0.896000,-14.313000,-27.870000,23.267000,20.290000
3.247,0.208000,0.399000,0.904000,-3.786000,-19.550000,37.695000,20.290000
3.258,0.264000,0.369000,0.933000,17.023000,-5.458000,26.382000,20.200000
3.265,0.280000,0.414000,0.919000,29.832000,12.160000,13.962000,20.290000
3.278,0.265000,0.399000,0.905000,38.046000,32.282000,2.244000,20.200000
3.284,0.235000,0.461000,0.811000,21.733000,46.023000,-2.969000,20.200000
3.297,0.148000,0.441000,0.770000,12.641000,46.466000,0.672000,20.390000
3.306,0.076000,0.398000,0.752000,9.176000,35.122000,3.031000,20.290000
3.317,0.047000,0.355000,0.746000,9.214000,14.053000,6.076000,20.340000
3.324,0.102000,0.445000,0.849000,5.092000,-10.008000,19.084000,20.340000
3.336,0.191000,0.465000,0.913000,-0.359000,-31.977000,31.290000,20.250000
3.349,0.262000,0.477000,0.963000,-3.435000,-35.046000,24.122000,20.340000
3.357,0.253000,0.466000,0.941000,-13.374000,-31.122000,20.733000,20.290000
3.368,0.217000,0.495000,0.950000,-19.389000,-25.435000,18.695000,20.290000
3.375,0.146000,0.399000,0.914000,-14.290000,-19.359000,21.969000,20.290000
3.387,0.132000,0.469000,0.895000,-10.443000,-11.908000,19.550000,20.200000
3.395,0.106000,0.499000,0.873000,-10.573000,-11.290000,17.542000,20.290000
3.407,0.103000,0.497000,0.870000,-16.870000,-12.244000,17.023000,20.390000
3.418,0.130000,0.476000,0.868000,-14.664000,-16.718000,19.740000,20.290000
3.425,0.173000,0.483000,0.876000,-19.618000,-21.359000,25.756000,20.290000
3.438,0.180000,0.412000,0.848000,-19.618000,-21.076000,29.023000,20.200000
3.445,0.215000,0.422000,0.844000,-13.954000,-17.595000,23.229000,20.290000
3.457,0.245000,0.393000,0.827000,-14.145000,-7.397000,18.672000,20.340000
3.464,0.252000,0.359000,0.816000,-8.947000,2.840000,14.954000,20.250000
3.476,0.243000,0.363000,0.827000,-6.076000,11.221000,11.344000,20.250000
3.483,0.208000,0.388000,0.840000,-6.863000,14.809000,8.359000,20.250000
3.497,0.197000,0.377000,0.853000,-8.145000,14.931000,5.611000,20.250000
3.509,0.208000,0.388000,0.871000,-9.893000,12.649000,2.687000,20.250000
3.516,0.238000,0.386000,0.887000,-11.374000,9.847000,2.099000,20.290000
3.528,0.285000,0.400000,0.889000,-13.000000,7.710000,3.237000,20.290000
3.535,0.291000,0.387000,0.896000,-14.687000,6.985000,4.588000,20.290000
3.548,0.276000,0.358000,0.876000,-13.542000,6.206000,5.542000,20.290000
3.557,0.268000,0.352000,0.882000,-11.229000,5.389000,7.000000,20.290000
3.568,0.282000,0.357000,0.895000,-8.725000,6.466000,7.824000,20.390000
3.575,0.268000,0.368000,0.895000,-6.595000,8.710000,7.229000,20.290000
3.587,0.259000,0.353000,0.893000,-3.588000,12.168000,5.527000,20.250000
3.596,0.236000,0.368000,0.889000,-0.191000,17.015000,2.641000,20.340000
3.607,0.226000,0.359000,0.879000,2.427000,18.687000,-0.069000,20.340000
3.615,0.191000,0.358000,0.895000,4.550000,18.992000,-2.435000,20.340000
3.627,0.181000,0.367000,0.893000,5.595000,17.489000,-3.420000,20.340000
3.634,0.165000,0.394000,0.910000,4.878000,14.031000,-3.504000,20.250000
3.647,0.155000,0.395000,0.905000,3.992000,9.977000,-2.351000,20.250000
3.654,0.152000,0.405000,0.906000,2.832000,6.076000,-1.710000,20.290000
3.666,0.176000,0.408000,0.905000,3.244000,3.000000,0.046000,20.390000
3.674,0.173000,0.397000,0.906000,3.176000,1.389000,0.771000,20.290000
3.686,0.177000,0.383000,0.892000,3.267000,0.076000,0.374000,20.390000
3.695,0.186000,0.389000,0.888000,3.618000,-0.420000,0.740000,20.290000
3.707,0.188000,0.393000,0.880000,2.282000,-0.595000,2.130000,20.290000
3.714,0.176000,0.380000,0.889000,1.542000,-1.458000,2.305000,20.390000
3.726,0.173000,0.390000,0.893000,0.649000,-2.130000,1.718000,20.340000
3.739,0.172000,0.391000,0.901000,-0.046000,-2.802000,0.809000,20.340000
3.746,0.171000,0.376000,0.899000,0.351000,-1.931000,-0.389000,20.340000
3.759,0.187000,0.383000,0.889000,0.931000,0.069000,-1.519000,20.340000
3.766,0.192000,0.397000,0.883000,1.718000,0.893000,-2.260000,20.340000
3.780,0.183000,0.385000,0.885000,1.305000,1.298000,-2.137000,20.340000
3.785,0.187000,0.399000,0.882000,0.328000,1.137000,0.305000,20.340000
3.798,0.189000,0.397000,0.880000,0.046000,0.618000,3.000000,20.340000
3.807,0.177000,0.385000,0.900000,0.863000,1.893000,2.863000,20.290000
3.818,0.176000,0.391000,0.908000,2.427000,3.046000,1.702000,20.290000
3.826,0.174000,0.387000,0.904000,3.466000,4.160000,0.695000,20.290000
3.838,0.177000,0.403000,0.892000,3.382000,4.603000,0.015000,20.290000
3.846,0.169000,0.391000,0.869000,2.267000,4.076000,0.718000,20.390000
3.859,0.177000,0.406000,0.866000,1.672000,2.511000,0.809000,20.390000
3.866,0.165000,0.412000,0.877000,-0.382000,1.061000,0.198000,20.390000
3.878,0.171000,0.413000,0.871000,-3.237000,-0.603000,-0.649000,20.250000
3.885,0.182000,0.394000,0.877000,-5.206000,-1.443000,-1.130000,20.340000
3.898,0.209000,0.393000,0.881000,-5.412000,-1.214000,-0.397000,20.340000
3.906,0.216000,0.397000,0.894000,-5.847000,-0.489000,-0.176000,20.440000
3.917,0.199000,0.374000,0.907000,-5.603000,-0.244000,0.061000,20.290000
3.940,0.210000,0.369000,0.899000,-4.443000,1.664000,-0.397000,20.390000
3.941,0.227000,0.386000,0.904000,-1.603000,3.328000,1.084000,20.290000
