time_sec,ax,ay,az,gx,gy,gz,temp_c
0.021,-0.437000,0.609000,0.595000,-11.817000,1.947000,19.389000,26.370000
0.032,-0.574000,0.611000,0.615000,-9.450000,-12.405000,14.351000,26.270000
0.040,-0.464000,0.557000,0.642000,-6.130000,9.008000,21.061000,26.320000
0.052,-0.485000,0.596000,0.575000,-6.160000,9.679000,20.397000,26.410000
0.060,-0.500000,0.590000,0.578000,-6.542000,8.611000,18.985000,26.320000
0.072,-0.467000,0.592000,0.577000,-6.107000,6.679000,17.656000,26.220000
0.079,-0.477000,0.566000,0.570000,-2.794000,7.237000,12.168000,26.460000
0.092,-0.479000,0.585000,0.576000,0.573000,6.924000,13.511000,26.370000
0.099,-0.499000,0.593000,0.594000,0.618000,3.122000,15.939000,26.270000
0.112,-0.490000,0.598000,0.587000,-0.634000,0.489000,18.779000,26.370000
0.120,-0.502000,0.606000,0.594000,-0.153000,-2.794000,22.840000,26.370000
0.132,-0.496000,0.586000,0.608000,0.580000,-6.718000,29.718000,26.370000
0.139,-0.531000,0.598000,0.618000,-0.038000,-9.443000,28.023000,26.320000
0.151,-0.527000,0.620000,0.625000,-2.802000,-12.954000,26.206000,26.220000
0.161,-0.515000,0.615000,0.613000,-3.771000,-12.282000,20.244000,26.370000
0.171,-0.543000,0.603000,0.615000,-1.695000,-12.901000,17.702000,26.370000
0.177,-0.549000,0.610000,0.624000,0.939000,-14.145000,15.534000,26.370000
0.191,-0.536000,0.612000,0.605000,1.924000,-18.427000,13.489000,26.370000
0.203,-0.532000,0.606000,0.601000,3.878000,-24.153000,14.473000,26.320000
0.210,-0.497000,0.603000,0.606000,5.099000,-26.786000,14.962000,26.410000
0.223,-0.490000,0.625000,0.620000,5.855000,-31.534000,18.649000,26.320000
0.230,-0.445000,0.631000,0.605000,4.115000,-35.908000,15.061000,26.410000
0.242,-0.467000,0.579000,0.589000,11.519000,-52.916000,36.145000,26.370000
0.250,-0.526000,0.678000,0.633000,12.679000,-71.534000,37.107000,26.370000
0.262,-0.592000,0.756000,0.687000,10.870000,-89.695000,50.954000,26.370000
0.269,-0.607000,0.727000,0.665000,5.031000,-107.160000,66.374000,26.370000
0.281,-0.551000,0.774000,0.669000,1.137000,-126.611000,80.893000,26.320000
0.288,-0.456000,0.712000,0.647000,-5.878000,-136.504000,79.824000,26.410000
0.300,-0.274000,0.728000,0.588000,-12.542000,-129.794000,59.076000,26.410000
0.313,-0.287000,0.632000,0.593000,-8.649000,-130.817000,65.099000,26.410000
0.320,-0.244000,0.609000,0.583000,-4.992000,-118.206000,55.557000,26.370000
0.332,-0.250000,0.670000,0.607000,-1.763000,-101.122000,38.710000,26.370000
0.339,-0.224000,0.648000,0.602000,-4.672000,-94.351000,33.160000,26.370000
0.352,-0.195000,0.653000,0.614000,-3.725000,-84.198000,26.573000,26.370000
0.360,-0.153000,0.632000,0.607000,0.374000,-66.473000,13.511000,26.320000
0.371,-0.128000,0.626000,0.604000,6.198000,-52.000000,7.191000,26.410000
0.379,-0.136000,0.637000,0.601000,9.542000,-39.725000,-1.397000,26.410000
0.391,-0.124000,0.651000,0.615000,11.313000,-32.626000,-6.298000,26.220000
0.398,-0.122000,0.646000,0.628000,14.008000,-26.214000,-9.435000,26.370000
0.411,-0.120000,0.662000,0.636000,14.832000,-18.748000,-11.069000,26.460000
0.423,-0.125000,0.654000,0.655000,14.603000,-14.656000,-12.099000,26.370000
0.430,-0.117000,0.655000,0.658000,15.359000,-9.107000,-12.740000,26.370000
0.442,-0.128000,0.663000,0.666000,17.183000,-7.763000,-7.328000,26.460000
0.449,-0.145000,0.675000,0.678000,20.611000,-7.107000,-3.397000,26.410000
0.462,-0.155000,0.706000,0.701000,21.595000,-3.397000,-2.756000,26.410000
0.470,-0.178000,0.742000,0.727000,21.206000,-0.489000,-4.221000,26.320000
0.482,-0.204000,0.790000,0.762000,16.695000,4.542000,-11.229000,26.370000
0.489,-0.211000,0.809000,0.774000,11.336000,7.824000,-16.321000,26.460000
0.501,-0.246000,0.801000,0.795000,5.641000,7.931000,-22.435000,26.370000
0.510,-0.184000,0.800000,0.759000,-0.595000,8.992000,-28.580000,26.370000
0.521,-0.154000,0.787000,0.757000,-4.763000,13.618000,-18.885000,26.320000
0.527,-0.200000,0.746000,0.729000,-11.061000,13.061000,-12.046000,26.410000
0.540,-0.198000,0.692000,0.696000,-13.802000,13.061000,-10.992000,26.410000
0.553,-0.178000,0.657000,0.654000,-13.168000,18.076000,-14.824000,26.510000
0.560,-0.214000,0.619000,0.639000,-8.969000,15.931000,-14.405000,26.370000
0.573,-0.210000,0.606000,0.620000,-4.382000,11.702000,-12.618000,26.460000
0.580,-0.136000,0.615000,0.592000,1.992000,12.267000,-8.893000,26.370000
0.592,-0.178000,0.692000,0.648000,5.397000,9.427000,0.824000,26.460000
0.599,-0.220000,0.640000,0.653000,6.573000,15.305000,7.832000,26.410000
0.612,-0.253000,0.738000,0.688000,7.008000,18.145000,12.458000,26.410000
0.620,-0.486000,0.812000,0.642000,1.221000,5.756000,8.351000,26.410000
0.632,-0.364000,0.841000,0.643000,-18.489000,-15.115000,19.260000,26.410000
0.639,-0.188000,0.617000,0.605000,-25.702000,-13.611000,28.977000,26.460000
0.651,-0.104000,0.580000,0.549000,-16.000000,-2.160000,-10.939000,26.460000
0.659,-0.174000,0.574000,0.574000,-1.412000,-0.824000,-23.107000,26.460000
0.671,-0.211000,0.606000,0.582000,7.626000,9.672000,-23.458000,26.410000
0.683,-0.274000,0.648000,0.601000,14.954000,14.328000,-21.779000,26.510000
0.690,-0.208000,0.646000,0.686000,10.947000,25.756000,-15.168000,26.410000
0.704,-0.313000,0.769000,0.659000,2.832000,-0.740000,8.534000,26.410000
0.711,-0.377000,0.714000,0.677000,9.847000,-9.405000,11.550000,26.370000
0.723,-0.229000,0.611000,0.645000,7.702000,-14.061000,12.794000,26.370000
0.730,-0.162000,0.613000,0.619000,7.908000,-7.313000,12.679000,26.460000
0.743,-0.140000,0.590000,0.582000,11.130000,2.550000,7.267000,26.370000
0.750,-0.062000,0.508000,0.543000,11.840000,23.779000,-15.618000,26.460000
0.763,-0.095000,0.609000,0.538000,23.427000,33.771000,-38.183000,26.510000
0.770,-0.174000,0.573000,0.598000,34.679000,43.565000,-41.458000,26.510000
0.782,-0.219000,0.614000,0.626000,41.076000,46.611000,-43.191000,26.410000
0.789,-0.241000,0.764000,0.683000,25.206000,53.450000,-49.863000,26.370000
0.801,-0.148000,0.806000,0.621000,19.878000,55.756000,-15.947000,26.550000
0.810,-0.213000,0.619000,0.576000,10.519000,47.298000,51.779000,26.370000
0.821,-0.453000,0.810000,0.578000,-24.893000,26.763000,-28.328000,26.510000
0.833,-0.447000,0.681000,0.590000,-62.198000,-1.962000,-85.321000,26.510000
0.840,-0.429000,0.469000,0.605000,-52.351000,-10.137000,-71.885000,26.410000
0.853,-0.301000,0.637000,0.531000,-58.115000,-4.115000,-102.992000,26.410000
0.861,-0.282000,0.552000,0.604000,-62.336000,0.206000,-94.336000,26.460000
0.872,-0.062000,0.577000,0.622000,-68.206000,24.603000,-71.580000,26.550000
0.879,-0.190000,0.746000,0.643000,-69.015000,41.321000,-42.679000,26.460000
0.891,-0.302000,0.694000,0.603000,-69.573000,34.015000,-33.687000,26.510000
0.904,-0.440000,0.556000,0.653000,-69.702000,22.771000,-37.855000,26.510000
0.911,-0.443000,0.597000,0.597000,-66.588000,19.985000,-17.115000,26.510000
0.923,-0.454000,0.498000,0.583000,-48.840000,13.191000,-22.992000,26.410000
0.930,-0.470000,0.539000,0.597000,-29.076000,8.840000,-26.145000,26.550000
0.942,-0.462000,0.675000,0.692000,-20.336000,2.901000,-19.939000,26.460000
0.949,-0.542000,0.626000,0.770000,-10.947000,-4.718000,-15.305000,26.460000
0.962,-0.599000,0.687000,0.757000,-23.237000,-11.313000,-22.374000,26.550000
0.969,-0.571000,0.660000,0.725000,-26.763000,-20.687000,-24.000000,26.510000
0.980,-0.576000,0.545000,0.582000,-14.878000,-25.229000,-16.580000,26.510000
0.993,-0.406000,0.582000,0.648000,-5.176000,-19.458000,-9.992000,26.510000
1.000,-0.583000,0.575000,0.592000,1.542000,-35.817000,-13.038000,26.510000
1.013,-0.596000,0.512000,0.599000,6.611000,-55.863000,-2.916000,26.460000
1.020,-0.583000,0.510000,0.612000,13.794000,-83.634000,7.435000,26.460000
1.032,-0.565000,0.490000,0.545000,18.290000,-110.366000,14.511000,26.550000
1.039,-0.498000,0.443000,0.494000,22.718000,-130.695000,14.504000,26.460000
1.051,-0.367000,0.443000,0.469000,25.351000,-137.588000,15.130000,26.460000
1.061,-0.235000,0.413000,0.444000,38.405000,-136.656000,18.573000,26.510000
1.071,-0.273000,0.418000,0.416000,42.847000,-144.313000,25.282000,26.510000
1.083,-0.323000,0.373000,0.360000,46.618000,-156.916000,34.466000,26.410000
1.090,-0.384000,0.402000,0.293000,44.313000,-182.382000,42.733000,26.460000
1.103,-0.365000,0.280000,0.238000,53.580000,-212.420000,58.672000,26.460000
1.111,-0.292000,0.216000,0.150000,69.359000,-242.878000,77.733000,26.370000
1.122,-0.248000,0.196000,0.126000,87.756000,-250.137000,87.794000,26.550000
1.129,-0.117000,0.216000,0.094000,100.603000,-250.137000,87.893000,26.510000
1.141,-0.027000,0.310000,0.106000,115.450000,-250.137000,89.237000,26.510000
1.153,-0.025000,0.289000,0.081000,124.405000,-250.137000,84.061000,26.510000
1.161,0.027000,0.285000,0.020000,142.947000,-250.137000,72.489000,26.510000
1.173,0.055000,0.335000,-0.003000,156.947000,-250.137000,77.779000,26.550000
1.179,0.065000,0.309000,-0.022000,169.626000,-250.137000,87.328000,26.460000
1.191,0.130000,0.432000,-0.005000,183.000000,-250.137000,92.099000,26.550000
1.198,0.206000,0.623000,0.065000,191.099000,-250.137000,82.260000,26.410000
1.212,0.360000,0.721000,0.078000,206.282000,-250.137000,61.282000,26.510000
1.223,0.471000,0.749000,0.067000,220.298000,-235.351000,42.321000,26.510000
1.230,0.512000,0.890000,0.099000,216.473000,-207.740000,47.168000,26.510000
1.242,0.551000,0.847000,0.072000,210.008000,-171.779000,40.099000,26.550000
1.249,0.519000,0.888000,0.058000,207.679000,-131.000000,22.328000,26.550000
1.262,0.588000,0.891000,0.107000,203.649000,-81.733000,-17.160000,26.550000
1.270,0.526000,1.147000,0.128000,201.053000,-47.260000,-45.748000,26.460000
1.281,0.293000,1.415000,0.260000,194.351000,-38.695000,-59.672000,26.510000
1.288,0.236000,1.519000,0.331000,184.588000,-36.794000,-91.008000,26.510000
1.300,0.271000,1.672000,0.469000,158.802000,-58.321000,-78.282000,26.510000
1.314,0.400000,1.711000,0.470000,125.626000,-70.954000,-73.145000,26.460000
1.320,0.529000,1.677000,0.469000,96.771000,-92.435000,-50.366000,26.650000
1.332,0.622000,1.685000,0.446000,73.099000,-104.038000,-24.832000,26.370000
1.339,0.758000,1.668000,0.449000,62.137000,-91.641000,-20.511000,26.550000
1.352,0.833000,1.654000,0.457000,59.214000,-68.702000,-27.786000,26.550000
1.361,0.909000,1.549000,0.461000,56.221000,-34.977000,-38.985000,26.510000
1.371,0.918000,1.485000,0.449000,53.244000,2.351000,-42.885000,26.510000
1.379,0.841000,1.433000,0.443000,48.099000,32.344000,-37.672000,26.410000
1.391,0.662000,1.369000,0.417000,42.427000,44.046000,-22.405000,26.550000
1.398,0.533000,1.317000,0.382000,32.412000,44.779000,-8.626000,26.550000
1.411,0.456000,1.258000,0.344000,24.496000,38.969000,2.061000,26.460000
1.420,0.410000,1.198000,0.293000,18.267000,28.321000,11.382000,26.510000
1.431,0.397000,1.135000,0.250000,10.641000,18.840000,18.885000,26.600000
1.438,0.387000,1.079000,0.210000,4.977000,13.206000,21.107000,26.600000
1.452,0.366000,1.015000,0.152000,3.176000,14.237000,16.969000,26.510000
1.461,0.354000,1.008000,0.124000,5.511000,15.496000,9.840000,26.550000
1.471,0.333000,1.008000,0.113000,6.221000,17.580000,1.321000,26.550000
1.479,0.347000,1.017000,0.084000,3.015000,17.389000,-6.840000,26.550000
1.491,0.350000,1.023000,0.058000,3.748000,8.580000,-8.641000,26.600000
1.498,0.363000,1.024000,0.051000,5.908000,-2.908000,-5.489000,26.510000
1.511,0.387000,1.010000,0.047000,5.695000,-10.878000,-3.313000,26.510000
1.520,0.451000,0.996000,0.033000,4.969000,-15.656000,-0.344000,26.510000
1.531,0.513000,1.003000,0.028000,3.664000,-14.855000,2.405000,26.650000
1.542,0.561000,1.014000,0.016000,1.450000,-11.160000,5.679000,26.550000
1.551,0.584000,0.995000,-0.017000,2.313000,-8.695000,11.328000,26.550000
1.557,0.568000,0.976000,-0.040000,1.130000,-10.053000,20.168000,26.650000
1.571,0.554000,0.941000,-0.083000,-0.336000,-8.023000,25.649000,26.510000
1.583,0.552000,0.911000,-0.118000,1.405000,-4.748000,24.802000,26.600000
1.590,0.553000,0.887000,-0.119000,3.481000,-2.527000,22.733000,26.600000
1.603,0.548000,0.879000,-0.139000,7.206000,-1.870000,19.435000,26.650000
1.610,0.570000,0.913000,-0.149000,9.298000,-6.008000,17.153000,26.550000
1.624,0.617000,0.864000,-0.158000,20.427000,-8.985000,16.504000,26.550000
1.631,0.692000,0.864000,-0.143000,25.336000,-9.267000,15.595000,26.550000
1.643,0.773000,0.863000,-0.134000,26.924000,-4.244000,16.992000,26.650000
1.650,0.839000,0.871000,-0.149000,29.809000,6.183000,20.000000,26.510000
1.662,0.856000,0.883000,-0.141000,32.893000,18.893000,22.542000,26.510000
1.671,0.829000,0.921000,-0.131000,32.725000,29.450000,24.908000,26.600000
1.682,0.787000,0.927000,-0.145000,33.122000,33.832000,30.641000,26.550000
1.689,0.726000,0.934000,-0.126000,34.519000,32.191000,39.038000,26.550000
1.701,0.692000,0.942000,-0.105000,33.015000,31.244000,39.305000,26.550000
1.709,0.709000,0.929000,-0.099000,32.038000,32.275000,35.405000,26.510000
1.721,0.749000,0.926000,-0.086000,31.931000,35.504000,31.282000,26.510000
1.728,0.766000,0.925000,-0.076000,31.763000,41.389000,29.687000,26.600000
1.741,0.760000,0.933000,-0.072000,33.244000,42.313000,33.618000,26.690000
1.754,0.729000,0.962000,-0.033000,31.931000,42.374000,38.237000,26.550000
1.762,0.684000,0.934000,-0.020000,29.069000,40.939000,30.748000,26.650000
1.773,0.670000,1.003000,-0.019000,24.695000,32.519000,50.565000,26.550000
1.780,0.612000,0.982000,0.000000,21.863000,27.870000,54.084000,26.650000
1.793,0.593000,0.975000,0.010000,17.947000,22.649000,50.588000,26.510000
1.800,0.632000,1.015000,-0.010000,18.504000,19.321000,46.893000,26.600000
1.813,0.619000,0.927000,-0.012000,18.168000,16.053000,38.160000,26.600000
1.821,0.702000,0.985000,-0.024000,16.427000,12.176000,46.221000,26.650000
1.832,0.714000,0.907000,-0.044000,19.779000,13.611000,48.786000,26.650000
1.839,0.720000,0.896000,-0.025000,23.992000,15.855000,46.534000,26.550000
1.852,0.757000,1.009000,0.023000,26.740000,20.504000,42.313000,26.550000
1.861,0.789000,1.042000,0.088000,24.061000,25.076000,44.969000,26.600000
1.872,0.802000,1.069000,0.109000,18.389000,30.870000,48.244000,26.600000
1.880,0.832000,1.083000,0.105000,14.122000,38.664000,50.313000,26.600000
1.892,0.811000,1.078000,0.106000,10.145000,43.557000,61.931000,26.650000
1.899,0.754000,1.075000,0.102000,6.374000,45.809000,64.565000,26.650000
1.912,0.676000,0.878000,0.092000,5.504000,41.313000,49.214000,26.650000
1.919,0.711000,0.999000,0.054000,3.023000,36.794000,69.389000,26.650000
1.932,0.708000,0.951000,0.035000,6.763000,36.802000,52.885000,26.550000
1.939,0.761000,0.942000,0.018000,9.542000,35.916000,50.145000,26.600000
1.951,0.789000,0.980000,0.004000,11.107000,37.656000,56.168000,26.690000
1.959,0.760000,0.949000,-0.011000,16.840000,41.260000,51.244000,26.650000
1.971,0.783000,0.985000,0.005000,19.145000,44.534000,48.954000,26.650000
1.979,0.762000,1.016000,0.019000,15.710000,46.603000,56.206000,26.550000
1.991,0.709000,0.966000,0.015000,16.229000,44.076000,57.298000,26.650000
1.998,0.649000,0.989000,0.047000,15.229000,35.855000,61.405000,26.600000
2.012,0.604000,0.976000,0.051000,16.023000,23.618000,67.504000,26.600000
2.019,0.575000,0.999000,0.071000,14.550000,11.145000,67.183000,26.600000
2.031,0.601000,1.050000,0.088000,11.443000,-1.122000,63.382000,26.600000
2.036,0.676000,0.992000,0.075000,5.885000,-5.191000,59.924000,26.650000
2.051,0.771000,1.010000,0.038000,6.466000,-0.031000,45.275000,26.650000
2.057,0.852000,0.952000,0.033000,9.824000,11.847000,34.977000,26.550000
2.071,0.839000,0.946000,0.052000,8.947000,26.176000,33.656000,26.600000
2.077,0.788000,1.024000,0.101000,4.718000,29.847000,50.908000,26.600000
2.091,0.697000,0.996000,0.137000,-1.916000,28.489000,58.420000,26.690000
2.104,0.660000,0.987000,0.142000,-8.534000,17.191000,63.084000,26.690000
2.112,0.612000,0.979000,0.101000,-13.977000,4.107000,85.527000,26.650000
2.123,0.608000,0.914000,0.085000,-16.733000,0.282000,77.321000,26.650000
2.131,0.637000,0.919000,0.070000,-15.214000,-1.580000,64.351000,26.650000
2.143,0.679000,0.887000,0.068000,-13.122000,0.893000,58.000000,26.600000
2.150,0.714000,0.880000,0.073000,-13.000000,7.107000,51.786000,26.690000
2.163,0.754000,0.882000,0.059000,-13.992000,11.573000,56.359000,26.600000
2.171,0.761000,0.819000,0.034000,-10.282000,15.748000,66.947000,26.790000
2.182,0.771000,0.813000,0.027000,-2.389000,20.252000,73.695000,26.650000
2.190,0.761000,0.834000,0.031000,1.313000,25.267000,79.679000,26.650000
2.202,0.749000,0.841000,0.047000,1.786000,29.641000,80.504000,26.650000
2.210,0.724000,0.824000,0.049000,2.260000,34.252000,79.702000,26.650000
2.223,0.695000,0.806000,0.079000,0.069000,40.443000,75.115000,26.650000
2.230,0.658000,0.803000,0.070000,-3.794000,41.145000,71.947000,26.690000
2.242,0.639000,0.786000,0.065000,-3.069000,36.137000,57.977000,26.600000
2.249,0.604000,0.783000,0.041000,-5.046000,29.015000,74.603000,26.650000
2.262,0.607000,0.760000,0.075000,-4.321000,14.954000,87.588000,26.650000
2.271,0.585000,0.667000,0.101000,-1.664000,1.779000,73.611000,26.650000
2.282,0.690000,0.687000,0.059000,-4.252000,-7.298000,73.977000,26.650000
2.289,0.803000,0.684000,0.021000,-1.359000,-6.397000,72.107000,26.690000
2.302,0.875000,0.629000,-0.004000,8.145000,-3.695000,90.466000,26.690000
2.310,0.838000,0.648000,0.009000,10.573000,4.756000,105.786000,26.690000
2.322,0.759000,0.671000,0.032000,8.061000,9.832000,111.206000,26.650000
2.330,0.691000,0.704000,0.050000,6.672000,12.145000,125.069000,26.650000
2.342,0.613000,0.667000,0.054000,-0.534000,8.221000,117.214000,26.650000
2.349,0.640000,0.653000,0.073000,-5.603000,1.779000,105.405000,26.650000
2.362,0.705000,0.598000,0.039000,-3.237000,2.053000,86.840000,26.690000
2.370,0.751000,0.520000,0.016000,2.519000,6.802000,77.588000,26.690000
2.382,0.723000,0.524000,0.045000,5.328000,12.756000,63.168000,26.690000
2.389,0.658000,0.511000,0.064000,8.053000,14.832000,38.198000,26.650000
2.401,0.663000,0.594000,0.094000,3.763000,7.641000,22.565000,26.650000
2.410,0.716000,0.547000,0.078000,8.290000,7.244000,34.649000,26.740000
2.422,0.769000,0.648000,0.111000,-0.382000,6.588000,44.595000,26.740000
2.430,0.828000,0.641000,0.054000,-7.244000,8.611000,51.489000,26.690000
2.442,0.866000,0.504000,0.065000,-11.084000,11.992000,60.603000,26.690000
2.449,0.813000,0.505000,0.060000,-9.260000,14.931000,65.496000,26.790000
2.462,0.755000,0.461000,0.100000,-5.244000,12.649000,68.771000,26.650000
2.471,0.691000,0.461000,0.114000,-8.237000,8.427000,57.221000,26.650000
2.481,0.634000,0.466000,0.133000,-11.198000,-2.611000,51.634000,26.650000
2.488,0.618000,0.380000,0.100000,-2.954000,-8.939000,22.450000,26.840000
2.501,0.645000,0.404000,0.115000,-11.427000,-17.046000,-1.153000,26.740000
2.513,0.621000,0.353000,0.112000,-8.870000,-25.649000,-9.687000,26.690000
2.521,0.602000,0.353000,0.094000,-9.954000,-36.450000,-29.863000,26.600000
2.533,0.684000,0.371000,0.108000,-2.718000,-42.382000,-53.802000,26.650000
2.540,0.784000,0.471000,0.117000,5.985000,-41.069000,-81.298000,26.740000
2.552,0.842000,0.537000,0.087000,13.260000,-38.504000,-75.557000,26.840000
2.561,0.978000,0.507000,0.137000,8.893000,-22.038000,-59.458000,26.790000
2.572,0.944000,0.674000,0.148000,-1.069000,-11.901000,-16.992000,26.690000
2.579,0.921000,0.642000,0.113000,-13.718000,-8.321000,25.321000,26.690000
2.592,0.841000,0.587000,0.135000,-19.641000,2.443000,47.618000,26.690000
2.599,0.798000,0.468000,0.130000,-17.969000,9.588000,63.779000,26.650000
2.612,0.620000,0.454000,0.157000,-19.328000,6.664000,63.389000,26.840000
2.621,0.615000,0.437000,0.168000,-23.420000,-8.229000,61.794000,26.740000
2.631,0.614000,0.414000,0.136000,-33.794000,-19.191000,38.130000,26.690000
2.638,0.767000,0.280000,0.028000,-35.229000,-20.084000,-8.107000,26.690000
2.651,0.758000,0.394000,0.100000,-37.069000,-26.985000,-9.221000,26.690000
2.663,0.880000,0.483000,0.066000,-38.939000,-19.931000,0.076000,26.740000
2.670,0.885000,0.506000,0.015000,-42.496000,-19.260000,21.809000,26.650000
2.683,0.920000,0.416000,0.023000,-43.466000,-13.977000,42.969000,26.650000
2.690,0.846000,0.396000,0.010000,-46.137000,-6.153000,44.863000,26.650000
2.702,0.842000,0.325000,-0.017000,-48.840000,-1.000000,37.031000,26.690000
2.711,0.749000,0.350000,-0.045000,-48.954000,1.794000,27.656000,26.690000
2.722,0.732000,0.210000,-0.024000,-45.321000,-0.183000,20.290000,26.790000
2.729,0.767000,0.249000,-0.072000,-38.122000,1.893000,25.969000,26.740000
2.742,0.709000,0.280000,-0.059000,-36.458000,3.863000,29.756000,26.650000
2.749,0.700000,0.212000,-0.076000,-35.443000,5.992000,33.427000,26.840000
2.762,0.619000,0.174000,-0.096000,-35.313000,7.740000,31.718000,26.740000
2.770,0.570000,0.172000,-0.047000,-32.656000,3.443000,25.389000,26.840000
2.781,0.572000,0.125000,-0.024000,-30.817000,8.473000,6.344000,26.690000
2.786,0.544000,0.115000,-0.028000,-27.145000,6.366000,-1.878000,26.790000
2.800,0.563000,0.151000,-0.006000,-23.176000,8.618000,-20.382000,26.740000
2.813,0.616000,0.155000,0.036000,-23.092000,12.053000,-31.443000,26.840000
2.821,0.614000,0.159000,0.025000,-22.763000,17.130000,-35.153000,26.840000
2.832,0.617000,0.157000,0.035000,-21.290000,18.405000,-34.740000,26.690000
2.839,0.606000,0.157000,0.037000,-18.496000,18.115000,-30.992000,26.690000
2.852,0.562000,0.153000,0.076000,-11.824000,9.489000,-31.038000,26.790000
2.860,0.555000,0.195000,0.098000,-7.237000,11.695000,-23.626000,26.790000
2.872,0.568000,0.226000,0.124000,-11.031000,12.634000,-28.237000,26.840000
2.879,0.622000,0.242000,0.125000,-11.985000,24.847000,-44.168000,26.840000
2.891,0.621000,0.285000,0.142000,-22.641000,33.427000,-45.366000,26.740000
2.898,0.620000,0.214000,0.150000,-30.015000,44.252000,-48.359000,26.880000
2.911,0.530000,0.232000,0.139000,-40.115000,45.137000,-39.893000,26.790000
2.924,0.427000,0.120000,0.064000,-50.130000,35.344000,-34.489000,26.790000
2.930,0.360000,0.051000,-0.028000,-42.611000,21.511000,-49.580000,26.790000
2.942,0.408000,-0.014000,-0.087000,-29.321000,13.168000,-71.061000,26.740000
2.949,0.404000,0.058000,-0.089000,-10.679000,8.687000,-97.237000,26.740000
2.962,0.495000,0.078000,-0.106000,7.542000,6.000000,-116.939000,26.740000
2.971,0.525000,0.139000,-0.026000,19.908000,4.420000,-138.282000,26.790000
2.981,0.579000,0.174000,0.012000,26.740000,16.511000,-156.450000,26.690000
2.988,0.552000,0.347000,0.081000,20.206000,16.298000,-147.000000,26.790000
3.001,0.569000,0.337000,0.052000,11.084000,13.634000,-128.931000,26.690000
3.014,0.534000,0.288000,0.025000,15.618000,13.641000,-104.351000,26.740000
3.021,0.494000,0.451000,0.066000,14.878000,9.336000,-85.450000,26.840000
3.033,0.522000,0.423000,0.094000,11.183000,10.763000,-98.267000,26.740000
3.040,0.548000,0.457000,0.109000,7.336000,14.412000,-104.107000,26.840000
3.053,0.513000,0.484000,0.130000,5.733000,12.733000,-103.237000,26.650000
3.060,0.464000,0.474000,0.128000,-1.802000,8.901000,-107.099000,26.880000
3.073,0.424000,0.476000,0.078000,-4.046000,-3.206000,-108.260000,26.690000
3.080,0.464000,0.609000,0.010000,13.504000,-12.779000,-94.481000,26.740000
3.092,0.474000,0.635000,0.041000,15.191000,-16.252000,-105.427000,26.740000
3.099,0.549000,0.554000,0.065000,4.695000,-12.321000,-98.252000,26.740000
3.112,0.541000,0.859000,0.210000,12.924000,-8.527000,-81.160000,26.790000
3.120,0.623000,0.671000,0.059000,11.359000,-23.168000,-43.649000,26.790000
3.131,0.449000,0.686000,0.334000,-39.084000,-10.000000,-51.969000,26.790000
3.143,0.373000,0.719000,0.308000,-65.412000,-0.924000,-44.473000,26.690000
3.150,0.359000,0.479000,0.170000,-65.023000,6.992000,-87.427000,26.740000
3.163,0.208000,0.616000,0.043000,-61.580000,-35.130000,-36.420000,26.740000
3.171,0.488000,0.322000,-0.144000,-8.489000,-11.405000,-99.443000,26.840000
3.182,0.445000,0.599000,-0.130000,17.550000,-23.160000,-115.084000,26.740000
3.189,0.530000,0.654000,-0.051000,30.870000,-33.252000,-109.870000,26.790000
3.201,0.589000,0.786000,0.000000,41.565000,-28.115000,-101.763000,26.880000
3.210,0.578000,0.845000,0.061000,42.374000,-32.809000,-90.359000,26.690000
3.221,0.584000,0.814000,0.026000,50.611000,-33.519000,-101.794000,26.650000
3.233,0.556000,0.876000,0.031000,49.061000,-48.450000,-94.527000,26.840000
3.240,0.644000,0.959000,0.020000,48.733000,-49.725000,-86.977000,26.840000
3.253,0.690000,0.965000,0.008000,49.023000,-30.053000,-98.008000,26.840000
3.261,0.708000,1.065000,0.044000,45.931000,-18.580000,-97.863000,26.790000
3.273,0.739000,1.109000,0.085000,35.260000,-0.824000,-89.870000,26.790000
3.280,0.695000,1.051000,0.101000,19.191000,23.313000,-79.061000,26.790000
3.292,0.547000,0.954000,0.115000,6.305000,36.000000,-85.595000,26.740000
3.299,0.464000,0.998000,0.100000,5.824000,29.779000,-84.954000,26.840000
3.312,0.466000,1.052000,0.081000,6.786000,29.412000,-84.603000,26.740000
3.320,0.485000,1.079000,0.111000,7.344000,38.137000,-90.542000,26.840000
3.332,0.474000,1.155000,0.161000,2.664000,40.000000,-88.275000,26.840000
3.339,0.531000,1.182000,0.153000,-6.710000,43.397000,-63.695000,26.690000
3.351,0.595000,1.031000,0.177000,-17.985000,55.962000,-40.794000,26.790000
3.358,0.450000,0.920000,0.183000,-31.252000,87.672000,-44.275000,26.790000
3.371,0.152000,0.886000,0.194000,-34.603000,86.183000,-38.366000,26.740000
3.383,0.018000,0.817000,0.188000,-29.924000,73.534000,-46.282000,26.840000
3.390,-0.117000,0.837000,0.204000,-21.427000,47.527000,-65.718000,26.740000
3.402,-0.040000,0.938000,0.207000,-10.916000,10.137000,-79.931000,26.690000
3.411,0.227000,1.052000,0.186000,-6.969000,-1.565000,-90.481000,26.690000
3.423,0.389000,1.097000,0.175000,-8.282000,9.557000,-89.481000,26.790000
3.430,0.358000,0.958000,0.170000,0.565000,18.260000,-61.313000,26.790000
3.442,0.366000,1.175000,0.243000,-14.237000,35.107000,-76.611000,26.740000
3.449,0.200000,1.026000,0.171000,-25.382000,31.908000,-37.557000,26.740000
3.462,0.063000,0.925000,0.174000,-11.107000,16.427000,-29.557000,26.840000
3.471,0.035000,0.944000,0.150000,10.481000,-3.115000,-35.443000,26.880000
3.481,0.122000,1.094000,0.171000,15.252000,-14.672000,-59.489000,26.880000
3.493,0.212000,1.107000,0.204000,16.840000,-26.802000,-33.641000,26.790000
3.500,0.298000,1.095000,0.221000,10.878000,-18.771000,-33.893000,26.790000
3.513,0.297000,1.099000,0.197000,0.023000,-5.687000,-39.122000,26.840000
3.521,0.257000,1.062000,0.184000,-5.031000,3.473000,-36.275000,26.740000
3.533,0.193000,1.000000,0.145000,-4.206000,9.924000,-45.534000,26.740000
3.540,0.130000,1.022000,0.158000,3.870000,4.351000,-42.817000,26.790000
3.553,0.134000,1.100000,0.186000,7.603000,-5.504000,-46.092000,26.690000
3.561,0.230000,1.186000,0.173000,3.321000,-8.832000,-52.435000,26.790000
3.573,0.369000,1.200000,0.152000,-3.855000,0.649000,-40.939000,26.790000
3.580,0.412000,1.113000,0.114000,-12.588000,27.786000,-31.496000,26.840000
3.592,0.249000,1.030000,0.136000,-14.534000,48.275000,-31.527000,26.840000
3.599,0.414000,0.809000,0.021000,87.901000,-4.122000,250.130000,26.840000
3.612,0.209000,1.224000,0.118000,22.527000,93.733000,54.267000,26.930000
3.621,-0.655000,0.915000,0.340000,-6.305000,29.328000,-101.336000,26.790000
3.632,-0.057000,1.135000,0.213000,4.466000,-83.076000,9.015000,26.790000
3.638,0.412000,1.066000,0.062000,8.542000,-61.992000,-30.832000,26.790000
3.651,0.433000,1.200000,0.096000,7.298000,-32.168000,-53.198000,26.740000
3.658,0.430000,1.174000,0.116000,8.626000,-26.244000,-34.267000,26.740000
3.672,0.494000,1.115000,0.091000,7.435000,-4.802000,-28.435000,26.840000
3.683,0.436000,1.080000,0.126000,1.328000,29.687000,-34.344000,26.880000
3.690,0.165000,1.039000,0.198000,-0.565000,45.267000,-58.450000,26.790000
3.703,-0.049000,1.087000,0.234000,2.183000,15.947000,-61.809000,26.790000
3.712,0.025000,1.164000,0.209000,7.191000,-28.389000,-58.863000,26.980000
3.723,0.275000,1.159000,0.171000,14.809000,-48.611000,-62.878000,26.840000
3.730,0.435000,1.190000,0.144000,16.924000,-45.847000,-77.939000,26.840000
3.742,0.509000,1.210000,0.169000,14.145000,-29.740000,-102.344000,26.840000
3.749,0.514000,1.205000,0.183000,10.725000,-14.908000,-115.573000,26.880000
3.762,0.507000,1.187000,0.216000,9.176000,0.809000,-95.290000,26.880000
3.771,0.402000,1.204000,0.225000,10.977000,12.267000,-58.962000,26.790000
3.782,0.227000,1.166000,0.271000,14.359000,1.687000,-20.901000,26.790000
3.789,0.125000,1.138000,0.305000,14.855000,-19.176000,-33.885000,26.740000
3.801,0.146000,1.183000,0.300000,9.832000,-40.924000,-78.328000,26.840000
3.807,0.283000,1.202000,0.263000,4.252000,-51.702000,-106.702000,26.840000
3.821,0.413000,1.216000,0.240000,4.099000,-46.168000,-98.191000,26.880000
3.833,0.479000,1.226000,0.191000,5.374000,-37.992000,-66.718000,26.790000
3.840,0.545000,1.324000,0.163000,-6.397000,-9.107000,-7.145000,26.790000
3.854,0.330000,1.190000,0.235000,-10.504000,9.763000,4.634000,26.790000
3.862,0.176000,1.209000,0.253000,-11.565000,5.000000,44.588000,26.840000
3.873,0.085000,1.115000,0.242000,-16.649000,-1.405000,27.031000,26.840000
3.880,0.078000,1.092000,0.220000,-18.901000,-7.137000,-5.160000,26.840000
3.892,0.150000,1.161000,0.204000,-24.740000,-8.160000,-17.542000,26.840000
3.900,0.214000,1.166000,0.154000,-26.099000,-3.374000,3.000000,26.840000
3.912,0.236000,1.140000,0.107000,-31.870000,11.840000,11.298000,26.790000
3.920,0.184000,1.091000,0.125000,-31.618000,20.573000,31.511000,26.880000
3.932,0.107000,1.021000,0.131000,-27.176000,22.405000,35.702000,26.930000
3.939,-0.031000,0.995000,0.161000,-28.481000,21.695000,-31.763000,26.840000
3.951,0.064000,1.025000,0.154000,-23.115000,-1.092000,-9.565000,26.840000
3.959,0.215000,0.971000,0.102000,-19.725000,6.023000,-30.397000,26.880000
3.971,0.230000,0.987000,0.129000,-16.015000,17.099000,-49.550000,26.880000
3.983,0.222000,1.026000,0.153000,-16.168000,20.282000,-46.466000,26.790000
3.990,0.221000,1.027000,0.156000,-19.092000,27.611000,-50.191000,26.880000
4.003,0.214000,1.037000,0.162000,-21.618000,37.389000,-47.145000,26.840000
4.011,0.178000,1.018000,0.172000,-21.893000,48.282000,-42.137000,26.930000
4.022,0.140000,1.040000,0.207000,-22.305000,61.420000,-47.679000,26.930000
4.030,0.098000,1.078000,0.214000,-24.954000,70.504000,-41.725000,26.880000
4.042,0.067000,1.028000,0.215000,-24.145000,75.740000,-33.595000,26.790000
4.049,0.030000,0.995000,0.187000,-22.618000,85.160000,-40.634000,26.790000
4.062,-0.049000,0.975000,0.220000,-24.130000,83.282000,-56.473000,26.690000
4.070,-0.083000,1.025000,0.215000,-22.550000,64.023000,-43.901000,26.930000
4.081,-0.061000,0.952000,0.175000,-19.618000,55.351000,-40.573000,26.840000
4.093,-0.079000,0.946000,0.132000,-11.237000,50.435000,-52.840000,26.840000
4.100,-0.111000,0.951000,0.157000,-3.519000,41.115000,-47.649000,26.880000
4.113,-0.157000,0.896000,0.189000,4.328000,30.191000,-47.076000,26.880000
4.121,-0.214000,0.931000,0.231000,10.511000,10.924000,-52.145000,26.880000
4.132,-0.240000,0.959000,0.260000,16.847000,-17.802000,-39.870000,26.790000
4.139,-0.169000,0.995000,0.244000,18.710000,-42.160000,-36.466000,26.840000
4.151,-0.089000,1.007000,0.214000,22.824000,-58.939000,-9.389000,26.930000
4.158,-0.057000,1.039000,0.252000,23.000000,-74.794000,28.489000,26.840000
4.171,0.040000,1.022000,0.225000,20.672000,-71.107000,40.870000,26.840000
4.183,0.096000,0.991000,0.193000,25.107000,-55.061000,44.252000,26.790000
4.190,0.094000,1.040000,0.206000,37.969000,-46.893000,59.992000,26.790000
4.204,0.140000,1.076000,0.230000,41.527000,-35.275000,94.153000,26.930000
4.212,-0.133000,0.958000,0.254000,16.435000,-14.458000,-3.748000,26.930000
4.223,-0.104000,1.092000,0.259000,21.496000,-53.015000,7.183000,26.930000
4.230,0.104000,1.004000,0.178000,26.534000,-54.771000,19.092000,26.880000
4.242,0.066000,1.042000,0.205000,15.420000,-32.366000,-25.405000,26.880000
4.249,-0.010000,1.065000,0.218000,13.153000,-35.977000,-13.878000,26.790000
4.262,-0.038000,1.047000,0.248000,12.313000,-48.344000,0.534000,26.840000
4.271,0.016000,1.100000,0.208000,13.786000,-81.702000,41.420000,26.840000
4.282,0.370000,1.121000,0.095000,2.580000,-81.458000,32.221000,26.840000
4.289,0.545000,0.950000,0.072000,10.084000,-60.679000,8.115000,26.840000
4.301,0.702000,1.057000,0.054000,7.084000,-19.802000,-32.740000,26.790000
4.308,0.619000,1.116000,0.038000,-3.733000,17.901000,-52.817000,26.880000
4.321,0.415000,0.994000,0.061000,-7.794000,28.015000,-54.397000,26.880000
4.333,0.265000,0.987000,0.051000,-3.557000,23.802000,-44.672000,26.840000
4.341,0.161000,0.995000,0.071000,1.153000,13.763000,-26.847000,26.840000
4.354,0.097000,0.954000,0.096000,7.664000,3.275000,-13.061000,26.740000
4.362,0.075000,0.976000,0.106000,10.382000,1.534000,-6.038000,26.930000
4.374,0.060000,0.980000,0.134000,11.725000,6.198000,1.634000,26.880000
4.381,0.048000,1.027000,0.144000,7.794000,18.374000,-1.122000,26.980000
4.393,-0.004000,1.005000,0.140000,2.527000,27.740000,-3.397000,26.790000
4.400,-0.072000,0.985000,0.154000,-1.191000,30.618000,-1.595000,26.930000
4.413,-0.100000,0.929000,0.130000,0.573000,26.053000,2.847000,26.840000
4.421,-0.098000,0.917000,0.107000,6.321000,18.679000,3.489000,26.840000
4.433,-0.094000,0.930000,0.113000,10.481000,9.885000,7.076000,26.840000
4.440,-0.063000,0.960000,0.111000,12.412000,3.534000,12.275000,26.840000
4.454,-0.040000,0.990000,0.095000,12.366000,1.031000,16.168000,26.880000
4.462,-0.035000,0.984000,0.103000,14.267000,1.351000,18.206000,26.880000
4.473,0.007000,0.967000,0.119000,17.969000,3.954000,21.198000,26.840000
4.480,0.078000,0.939000,0.155000,24.374000,16.885000,16.557000,26.840000
4.493,0.130000,1.018000,0.186000,27.420000,41.847000,5.702000,26.930000
4.500,0.126000,1.147000,0.188000,26.534000,65.908000,-4.542000,26.980000
4.513,-0.003000,1.169000,0.284000,21.626000,79.611000,-26.840000,26.880000
4.521,-0.158000,1.243000,0.386000,16.267000,53.092000,-22.038000,26.880000
4.533,-0.126000,1.310000,0.372000,6.321000,4.458000,7.779000,26.880000
4.539,0.108000,1.203000,0.294000,6.382000,-30.504000,39.267000,26.840000
4.552,0.332000,1.185000,0.190000,-5.855000,-20.267000,12.466000,26.930000
4.561,0.400000,1.075000,0.169000,-9.336000,-5.809000,28.817000,26.840000
4.572,0.408000,1.032000,0.121000,-13.053000,19.275000,22.145000,26.880000
4.580,0.284000,0.992000,0.107000,-13.908000,40.282000,11.901000,26.880000
4.592,0.157000,0.986000,0.108000,-9.573000,42.458000,11.832000,26.880000
4.599,0.072000,1.037000,0.146000,-8.527000,32.771000,14.076000,26.840000
4.612,0.069000,1.077000,0.149000,-9.252000,14.641000,23.290000,26.930000
4.619,0.125000,1.095000,0.118000,-9.740000,-0.954000,25.382000,26.840000
4.631,0.217000,1.060000,0.091000,-7.511000,-5.756000,15.939000,26.880000
4.638,0.298000,0.993000,0.051000,-5.313000,2.595000,-4.580000,26.790000
4.651,0.322000,1.041000,0.050000,-3.679000,16.046000,-35.046000,26.880000
4.660,0.313000,1.163000,0.075000,-9.855000,21.840000,-22.954000,26.880000
4.671,0.294000,1.128000,0.049000,-6.702000,22.511000,16.733000,26.840000
4.683,0.233000,1.100000,0.042000,-6.962000,28.458000,24.412000,26.840000
4.691,0.132000,1.098000,0.052000,-2.725000,21.962000,38.473000,26.840000
4.706,0.078000,1.106000,0.075000,-1.298000,11.015000,26.718000,26.840000
4.711,0.086000,1.107000,0.052000,-1.656000,4.344000,-4.656000,26.930000
4.723,0.501000,1.522000,0.071000,0.710000,-3.046000,95.504000,26.880000
4.731,0.285000,1.025000,-0.013000,-1.626000,34.611000,23.656000,26.880000
4.743,0.139000,1.171000,0.055000,-0.328000,47.015000,19.344000,26.840000
4.750,0.002000,1.138000,0.090000,2.779000,34.733000,27.061000,26.930000
4.763,0.035000,1.161000,0.109000,10.328000,18.656000,29.664000,26.930000
4.772,0.106000,1.200000,0.120000,16.237000,9.931000,28.053000,26.880000
4.783,0.182000,1.242000,0.157000,20.176000,8.290000,29.977000,26.880000
4.790,0.223000,1.326000,0.199000,15.466000,8.450000,32.130000,26.880000
4.803,0.290000,1.379000,0.194000,4.664000,17.656000,48.756000,26.930000
4.812,0.268000,1.353000,0.213000,-6.626000,34.260000,59.893000,26.840000
4.822,0.196000,1.281000,0.216000,-17.595000,47.359000,64.489000,26.930000
4.830,0.116000,1.249000,0.204000,-25.603000,55.198000,63.969000,26.930000
4.842,0.048000,1.207000,0.185000,-30.924000,56.557000,62.809000,26.880000
4.849,0.026000,1.188000,0.171000,-34.557000,50.466000,63.298000,26.980000
4.862,0.027000,1.137000,0.155000,-35.107000,44.534000,58.947000,26.880000
4.872,0.091000,1.101000,0.113000,-31.595000,38.908000,57.786000,26.930000
4.882,0.115000,1.091000,0.119000,-28.244000,36.580000,63.450000,26.930000
4.889,0.087000,1.075000,0.126000,-26.473000,29.496000,77.038000,26.930000
4.901,0.080000,1.057000,0.113000,-23.107000,26.740000,78.771000,26.880000
4.909,0.022000,1.017000,0.138000,-17.366000,21.351000,78.748000,26.880000
4.921,0.002000,1.013000,0.156000,-14.626000,8.473000,82.427000,26.880000
4.930,0.075000,1.029000,0.160000,-11.366000,5.420000,71.901000,26.880000
4.941,0.128000,1.126000,0.175000,-10.198000,3.214000,70.069000,26.930000
4.947,0.176000,1.074000,0.160000,-11.031000,3.672000,65.061000,26.840000
4.962,0.216000,1.086000,0.146000,-11.153000,7.168000,66.374000,26.840000
4.973,0.253000,1.075000,0.146000,-8.870000,14.847000,69.740000,26.840000
4.981,0.227000,1.047000,0.167000,-9.084000,21.924000,73.702000,27.020000
4.993,0.147000,1.058000,0.217000,-8.092000,21.443000,75.611000,26.980000
5.000,0.121000,1.081000,0.238000,-7.420000,17.595000,70.115000,26.980000
5.013,0.151000,1.043000,0.226000,-7.405000,12.740000,59.634000,26.930000
5.020,0.201000,1.081000,0.242000,-7.817000,10.832000,58.939000,26.930000
5.033,0.242000,1.135000,0.262000,-10.099000,12.008000,74.908000,26.840000
5.040,0.233000,1.104000,0.248000,-13.191000,17.076000,80.969000,26.930000
5.052,0.187000,1.065000,0.263000,-16.160000,18.214000,81.229000,26.880000
5.060,0.161000,1.033000,0.249000,-17.817000,16.191000,76.038000,26.880000
5.072,0.134000,1.004000,0.237000,-14.824000,7.595000,74.351000,26.980000
5.080,0.180000,1.022000,0.235000,-9.099000,-0.947000,74.863000,26.840000
5.092,0.202000,1.032000,0.243000,-4.595000,-6.611000,72.237000,26.930000
5.099,0.293000,1.108000,0.248000,-4.809000,-7.672000,80.954000,26.930000
5.112,0.323000,1.085000,0.251000,-9.687000,0.031000,79.519000,26.980000
5.121,0.246000,1.053000,0.259000,-12.336000,-0.046000,84.870000,26.980000
5.132,0.238000,1.042000,0.256000,-12.878000,-2.176000,85.305000,26.880000
5.139,0.251000,1.015000,0.243000,-12.763000,0.130000,80.290000,26.930000
5.151,0.244000,0.948000,0.217000,-12.252000,4.427000,67.687000,27.020000
5.161,0.338000,1.017000,0.226000,-11.305000,11.252000,79.962000,26.840000
5.171,0.270000,1.019000,0.287000,-15.656000,18.046000,74.183000,27.020000
5.181,0.246000,1.018000,0.309000,-22.649000,15.634000,70.985000,26.880000
5.191,0.302000,0.990000,0.283000,-28.176000,10.916000,71.420000,26.880000
5.203,0.324000,0.942000,0.256000,-28.321000,10.786000,76.023000,26.980000
5.211,0.348000,0.919000,0.227000,-27.366000,8.939000,84.405000,26.840000
5.224,0.328000,0.898000,0.226000,-25.229000,12.427000,86.740000,26.930000
5.230,0.288000,0.892000,0.261000,-25.893000,14.412000,84.519000,26.930000
5.242,0.254000,0.885000,0.264000,-27.076000,10.412000,82.160000,26.840000
5.250,0.287000,0.836000,0.277000,-25.924000,5.115000,77.779000,26.930000
5.263,0.349000,0.818000,0.239000,-27.130000,6.649000,66.443000,26.980000
5.271,0.382000,0.813000,0.240000,-26.489000,5.771000,70.840000,26.880000
5.283,0.483000,0.835000,0.229000,-27.779000,18.496000,62.511000,26.930000
5.289,0.408000,0.850000,0.249000,-28.939000,24.328000,71.977000,26.930000
5.302,0.386000,0.831000,0.268000,-34.473000,34.275000,65.115000,26.930000
5.312,0.357000,0.826000,0.264000,-36.198000,32.145000,65.924000,26.880000
5.322,0.380000,0.776000,0.248000,-41.015000,31.611000,59.748000,26.880000
5.330,0.435000,0.721000,0.186000,-40.802000,29.824000,59.824000,26.880000
5.341,0.463000,0.658000,0.155000,-33.519000,32.153000,59.374000,26.930000
5.348,0.389000,0.625000,0.176000,-24.450000,31.496000,59.466000,26.840000
5.362,0.323000,0.648000,0.221000,-15.992000,21.099000,62.328000,26.930000
5.367,0.290000,0.687000,0.276000,-11.908000,3.748000,63.901000,26.840000
5.381,0.345000,0.703000,0.296000,-9.260000,-15.237000,68.595000,26.980000
5.393,0.449000,0.720000,0.287000,-9.969000,-23.725000,66.344000,26.880000
5.400,0.473000,0.714000,0.274000,-10.160000,-29.550000,68.939000,26.980000
5.413,0.563000,0.727000,0.221000,-8.176000,-25.481000,59.282000,26.930000
5.422,0.522000,0.660000,0.256000,-2.924000,-21.908000,60.496000,26.930000
5.433,0.555000,0.682000,0.245000,-0.679000,-17.969000,60.977000,26.840000
5.439,0.561000,0.680000,0.284000,-1.450000,-10.458000,51.725000,26.880000
5.452,0.531000,0.695000,0.291000,-5.298000,-9.794000,46.214000,26.980000
5.460,0.589000,0.680000,0.278000,-10.031000,-5.947000,36.351000,26.980000
5.472,0.591000,0.630000,0.280000,-12.695000,-3.603000,31.328000,26.880000
5.479,0.560000,0.620000,0.291000,-11.107000,-3.611000,35.305000,26.930000
5.492,0.539000,0.650000,0.295000,-9.336000,-6.992000,40.763000,26.840000
5.499,0.527000,0.677000,0.288000,-11.702000,-3.382000,30.305000,26.930000
5.512,0.427000,0.605000,0.323000,-9.130000,-10.237000,31.641000,26.840000
5.519,0.412000,0.642000,0.317000,-8.595000,-22.710000,37.435000,26.930000
5.531,0.478000,0.618000,0.290000,-12.168000,-27.733000,31.817000,26.980000
5.543,0.488000,0.547000,0.293000,-12.817000,-28.954000,28.397000,26.880000
5.550,0.538000,0.563000,0.236000,-18.198000,-26.756000,23.015000,26.930000
5.563,0.545000,0.532000,0.226000,-20.557000,-16.122000,12.366000,26.930000
5.570,0.511000,0.461000,0.215000,-17.160000,-14.779000,16.878000,27.020000
5.583,0.488000,0.443000,0.220000,-15.573000,-7.557000,8.115000,26.980000
5.589,0.441000,0.447000,0.220000,-7.366000,-14.954000,19.863000,26.980000
5.602,0.480000,0.460000,0.234000,-3.450000,-13.435000,14.008000,26.980000
5.610,0.460000,0.475000,0.255000,-2.924000,-15.580000,11.901000,26.930000
5.622,0.477000,0.469000,0.236000,-2.748000,-18.977000,10.489000,26.930000
5.630,0.499000,0.457000,0.222000,-0.015000,-18.466000,8.244000,26.930000
5.641,0.497000,0.470000,0.241000,3.595000,-19.878000,10.076000,26.840000
5.649,0.512000,0.459000,0.250000,6.908000,-23.168000,15.420000,26.880000
5.662,0.518000,0.470000,0.273000,6.496000,-25.328000,19.489000,26.880000
5.670,0.498000,0.472000,0.279000,8.351000,-25.664000,23.893000,26.880000
5.682,0.482000,0.478000,0.260000,7.427000,-23.863000,21.321000,26.930000
5.688,0.488000,0.464000,0.274000,5.298000,-23.076000,18.389000,27.020000
5.701,0.515000,0.458000,0.244000,-1.061000,-17.244000,11.947000,26.930000
5.708,0.536000,0.443000,0.241000,-5.763000,-6.672000,4.947000,26.930000
5.722,0.541000,0.427000,0.215000,-10.069000,3.824000,-4.802000,26.980000
5.727,0.460000,0.458000,0.249000,-11.580000,4.298000,-5.626000,26.880000
5.741,0.490000,0.479000,0.247000,-14.473000,4.870000,-11.290000,26.880000
5.754,0.513000,0.479000,0.254000,-17.756000,7.351000,-13.397000,27.020000
5.762,0.564000,0.537000,0.274000,-24.153000,13.382000,-13.489000,26.840000
5.773,0.579000,0.501000,0.267000,-30.069000,22.817000,-14.053000,26.930000
5.780,0.556000,0.469000,0.250000,-34.061000,34.397000,-17.176000,26.930000
5.792,0.479000,0.421000,0.265000,-39.588000,43.458000,-27.092000,26.930000
5.799,0.383000,0.363000,0.235000,-38.313000,38.977000,-32.389000,26.980000
5.812,0.373000,0.352000,0.203000,-29.160000,31.176000,-38.962000,26.980000
5.821,0.382000,0.379000,0.212000,-19.466000,20.603000,-42.687000,27.020000
5.832,0.445000,0.419000,0.210000,-9.992000,7.504000,-38.107000,26.930000
5.838,0.510000,0.444000,0.230000,-2.809000,1.496000,-32.649000,26.930000
5.851,0.519000,0.449000,0.251000,0.542000,-0.458000,-29.511000,26.930000
5.858,0.496000,0.434000,0.235000,3.221000,-4.496000,-29.137000,26.980000
5.871,0.501000,0.446000,0.217000,8.313000,-5.824000,-35.481000,26.880000
5.878,0.527000,0.474000,0.220000,14.504000,-7.435000,-41.412000,26.980000
5.890,0.565000,0.543000,0.239000,18.527000,-8.763000,-43.229000,26.840000
5.904,0.620000,0.604000,0.259000,18.649000,-5.412000,-44.702000,26.930000
5.912,0.690000,0.636000,0.264000,13.473000,5.603000,-50.130000,26.930000
5.923,0.651000,0.597000,0.277000,8.267000,14.344000,-51.023000,26.880000
5.930,0.573000,0.543000,0.244000,11.298000,15.954000,-49.870000,26.980000
5.943,0.510000,0.548000,0.244000,18.008000,4.794000,-52.137000,26.880000
5.950,0.504000,0.579000,0.231000,26.550000,-6.664000,-55.794000,26.840000
5.962,0.533000,0.683000,0.253000,35.237000,-15.191000,-57.985000,27.020000
5.970,0.604000,0.746000,0.275000,37.664000,-23.168000,-53.901000,26.930000
5.982,0.677000,0.793000,0.293000,36.969000,-23.771000,-45.458000,26.930000
5.989,0.741000,0.806000,0.304000,31.420000,-16.359000,-40.786000,26.980000
6.001,0.740000,0.798000,0.298000,23.916000,-4.130000,-39.740000,26.980000
6.009,0.717000,0.786000,0.299000,17.847000,6.130000,-38.321000,26.980000
6.021,0.667000,0.807000,0.284000,11.771000,15.443000,-39.809000,26.930000
6.030,0.613000,0.804000,0.281000,9.107000,22.046000,-39.809000,26.930000
6.041,0.573000,0.809000,0.299000,7.473000,29.137000,-38.580000,26.930000
6.048,0.535000,0.805000,0.316000,2.527000,36.939000,-37.695000,26.930000
6.062,0.496000,0.741000,0.347000,-3.588000,44.924000,-39.901000,26.980000
6.073,0.349000,0.682000,0.368000,-13.504000,46.382000,-46.282000,26.980000
6.080,0.212000,0.615000,0.306000,-11.053000,31.641000,-46.939000,27.020000
6.093,0.222000,0.617000,0.256000,0.092000,16.748000,-53.977000,26.930000
6.100,0.265000,0.653000,0.233000,12.046000,2.809000,-57.763000,27.020000
6.112,0.347000,0.704000,0.263000,24.191000,-12.374000,-49.336000,27.020000
6.121,0.394000,0.770000,0.301000,27.244000,-21.351000,-41.802000,26.980000
6.132,0.456000,0.816000,0.283000,26.695000,-28.122000,-29.916000,26.980000
6.139,0.529000,0.807000,0.276000,23.863000,-18.191000,-31.107000,26.980000
6.151,0.481000,0.804000,0.310000,14.954000,-0.947000,-40.328000,27.020000
6.159,0.439000,0.806000,0.265000,8.229000,8.687000,-41.985000,27.020000
6.172,0.404000,0.798000,0.235000,8.649000,23.496000,-47.618000,26.930000
6.181,0.338000,0.800000,0.235000,6.908000,40.634000,-53.076000,26.980000
6.192,0.265000,0.747000,0.288000,6.489000,45.321000,-24.687000,26.980000
6.198,0.120000,0.812000,0.409000,-4.160000,52.481000,-44.122000,26.980000
6.211,-0.022000,0.859000,0.358000,-17.305000,33.840000,-47.130000,26.930000
6.224,0.186000,0.826000,0.267000,-21.985000,33.015000,-49.626000,26.930000
6.230,0.352000,0.792000,0.224000,-27.847000,61.863000,-70.084000,26.840000
6.243,0.293000,0.761000,0.189000,-26.786000,82.740000,-70.176000,26.980000
6.250,0.234000,0.755000,0.237000,-26.534000,97.122000,-65.183000,26.980000
6.263,0.055000,0.704000,0.281000,-23.458000,99.313000,-78.893000,26.980000
6.270,-0.015000,0.679000,0.329000,-9.870000,83.000000,-86.313000,27.070000
6.282,-0.051000,0.761000,0.396000,-2.481000,54.573000,-88.252000,26.930000
6.289,0.015000,0.790000,0.362000,7.840000,23.679000,-89.733000,26.930000
6.301,0.157000,0.828000,0.320000,24.557000,-3.313000,-74.611000,26.840000
6.309,0.304000,0.896000,0.330000,32.977000,-15.634000,-61.626000,27.020000
6.322,0.360000,0.954000,0.322000,40.099000,-19.321000,-44.374000,26.980000
6.327,0.400000,0.979000,0.359000,43.061000,-6.992000,-40.550000,26.880000
6.341,0.238000,0.987000,0.482000,34.519000,6.863000,-49.985000,27.020000
6.354,0.176000,1.054000,0.473000,26.947000,-6.092000,-38.221000,26.930000
6.362,0.220000,1.078000,0.422000,22.069000,-6.076000,-57.344000,27.020000
6.373,0.339000,1.094000,0.419000,13.252000,6.260000,-72.137000,27.020000
6.381,0.397000,1.101000,0.375000,8.061000,11.939000,-67.573000,26.980000
6.393,0.495000,1.094000,0.310000,5.290000,28.344000,-66.313000,27.070000
6.400,0.425000,1.081000,0.331000,5.977000,50.977000,-68.809000,27.070000
6.413,0.334000,1.110000,0.376000,7.595000,61.344000,-53.634000,26.930000
6.421,0.256000,1.031000,0.455000,1.817000,71.954000,-39.046000,27.020000
6.432,-0.018000,1.002000,0.516000,-4.481000,58.443000,-27.916000,27.020000
6.439,-0.062000,0.984000,0.465000,0.382000,28.817000,-32.618000,26.980000
6.452,0.038000,0.995000,0.417000,4.328000,16.084000,-62.870000,26.980000
6.464,0.067000,1.008000,0.410000,15.115000,-4.282000,-53.466000,26.880000
6.473,0.177000,1.073000,0.379000,22.504000,-13.229000,-44.084000,27.020000
6.479,0.221000,1.143000,0.394000,23.840000,-12.336000,-36.626000,26.930000
6.491,0.275000,1.182000,0.395000,22.237000,0.740000,-30.527000,27.020000
6.498,0.279000,1.196000,0.426000,15.977000,21.275000,-21.702000,26.980000
6.511,0.250000,1.202000,0.433000,4.412000,46.710000,-9.450000,26.980000
6.520,0.085000,1.065000,0.471000,0.053000,61.214000,0.679000,26.980000
6.532,-0.120000,0.983000,0.532000,-5.901000,59.786000,-7.893000,26.980000
6.536,-0.349000,0.843000,0.496000,-3.634000,14.260000,-13.679000,26.930000
6.550,-0.132000,0.895000,0.383000,0.924000,-11.656000,-42.275000,27.020000
6.563,-0.027000,0.932000,0.340000,15.786000,-37.290000,-37.962000,27.020000
6.572,0.137000,1.021000,0.317000,21.542000,-45.427000,-35.763000,27.020000
6.583,0.221000,1.099000,0.330000,24.023000,-44.008000,-28.847000,26.980000
6.590,0.247000,1.097000,0.346000,21.878000,-34.420000,-25.290000,26.980000
6.602,0.145000,1.037000,0.405000,19.565000,-26.748000,-27.504000,26.980000
6.609,0.014000,1.011000,0.425000,13.924000,-32.237000,-31.939000,26.930000
6.621,0.012000,1.021000,0.386000,14.458000,-49.412000,-31.282000,26.930000
6.630,0.120000,1.049000,0.369000,13.244000,-54.458000,-39.977000,27.020000
6.641,0.202000,1.074000,0.325000,11.863000,-54.885000,-41.252000,26.980000
6.654,0.290000,1.095000,0.291000,11.328000,-46.366000,-42.588000,27.070000
6.662,0.308000,1.113000,0.294000,8.885000,-34.389000,-41.656000,26.980000
6.673,0.312000,1.090000,0.290000,8.405000,-19.443000,-41.160000,26.980000
6.681,0.281000,1.044000,0.361000,5.000000,-2.511000,-47.466000,27.020000
6.693,0.038000,1.032000,0.436000,0.237000,-11.176000,-44.305000,27.020000
6.700,0.057000,1.026000,0.402000,1.565000,-34.168000,-40.443000,26.930000
6.712,0.131000,1.094000,0.395000,1.198000,-47.534000,-44.008000,27.070000
6.721,0.232000,1.119000,0.359000,0.275000,-56.305000,-40.847000,27.070000
6.732,0.358000,1.137000,0.321000,-1.382000,-56.458000,-33.611000,27.070000
6.739,0.400000,1.130000,0.302000,-4.290000,-48.427000,-28.397000,26.930000
6.752,0.423000,1.100000,0.279000,-6.580000,-34.634000,-23.191000,27.020000
6.759,0.415000,1.092000,0.286000,-7.710000,-15.076000,-23.687000,26.930000
6.771,0.379000,1.110000,0.308000,-11.580000,6.519000,-26.618000,27.020000
6.777,0.316000,1.131000,0.332000,-16.863000,21.511000,-29.763000,26.980000
6.791,0.248000,1.116000,0.349000,-22.107000,30.679000,-33.160000,26.980000
6.804,0.260000,1.145000,0.332000,-27.603000,35.534000,-29.870000,27.070000
6.812,0.333000,1.129000,0.292000,-32.450000,46.328000,-29.237000,27.020000
6.822,0.353000,1.133000,0.301000,-37.420000,59.244000,-22.168000,27.020000
6.830,0.313000,1.084000,0.259000,-41.389000,69.924000,-15.176000,27.020000
6.842,0.105000,0.964000,0.262000,-39.031000,72.611000,-7.038000,27.020000
6.849,-0.108000,0.837000,0.285000,-26.489000,49.626000,19.748000,27.020000
6.862,-0.149000,0.854000,0.305000,-15.924000,26.458000,15.962000,26.980000
6.870,-0.128000,0.955000,0.365000,-9.115000,2.527000,14.038000,26.980000
6.882,-0.014000,0.990000,0.391000,-9.099000,-5.382000,4.015000,27.020000
6.888,0.064000,1.051000,0.432000,-13.397000,-8.015000,-4.687000,27.020000
6.901,0.137000,1.098000,0.446000,-19.389000,-8.053000,-6.435000,27.020000
6.908,0.216000,1.107000,0.438000,-27.832000,-5.466000,-9.466000,26.980000
6.922,0.198000,1.017000,0.425000,-32.260000,-5.008000,-8.206000,26.980000
6.934,0.226000,0.927000,0.375000,-28.115000,-7.649000,-4.557000,26.980000
6.940,0.253000,0.897000,0.385000,-23.092000,-6.336000,-4.359000,27.020000
6.953,0.269000,0.914000,0.405000,-19.115000,-4.267000,-2.206000,27.020000
6.962,0.286000,0.941000,0.415000,-17.336000,-0.359000,-2.435000,26.930000
6.974,0.308000,0.981000,0.432000,-18.687000,4.634000,-2.351000,26.980000
6.980,0.364000,0.997000,0.429000,-20.656000,12.191000,4.069000,27.070000
6.992,0.351000,0.960000,0.418000,-24.389000,24.748000,0.504000,27.070000
6.999,0.275000,0.907000,0.415000,-22.664000,33.557000,18.092000,27.020000
7.012,0.143000,0.904000,0.453000,-16.534000,28.038000,21.802000,27.020000
7.021,0.072000,0.891000,0.468000,-13.282000,19.053000,12.580000,27.020000
7.033,0.088000,0.943000,0.492000,-12.389000,10.504000,14.580000,27.020000
7.039,0.098000,0.932000,0.471000,-14.412000,9.511000,10.878000,27.070000
7.052,0.040000,0.892000,0.456000,-15.305000,4.954000,11.015000,27.070000
7.059,0.092000,0.960000,0.424000,-10.489000,-2.733000,47.618000,26.980000
7.072,0.052000,0.874000,0.372000,-6.176000,-0.611000,12.595000,27.120000
7.079,-0.007000,0.827000,0.369000,-2.069000,2.656000,0.687000,27.020000
7.091,0.006000,0.857000,0.376000,4.725000,-0.183000,3.809000,27.020000
7.099,0.038000,0.896000,0.390000,7.580000,-1.061000,15.008000,26.930000
7.112,0.100000,0.907000,0.380000,3.534000,5.985000,-4.786000,27.070000
7.120,0.110000,0.932000,0.397000,2.649000,11.916000,-5.939000,27.070000
7.132,0.105000,0.920000,0.383000,1.374000,16.954000,-3.565000,27.070000
7.139,0.071000,0.918000,0.411000,1.802000,19.489000,-4.718000,26.930000
7.151,0.035000,0.913000,0.424000,0.885000,17.634000,-5.198000,27.120000
7.159,0.030000,0.915000,0.448000,0.656000,13.992000,-4.771000,27.020000
7.172,0.032000,0.931000,0.470000,0.351000,10.076000,-5.824000,27.070000
7.180,0.050000,0.937000,0.485000,-1.962000,5.664000,-5.939000,27.070000
7.191,0.086000,0.921000,0.481000,-4.053000,2.763000,-7.031000,27.070000
7.199,0.130000,0.898000,0.450000,-4.267000,2.313000,-7.115000,27.020000
7.212,0.195000,0.892000,0.429000,-3.260000,6.695000,-6.061000,27.020000
7.220,0.230000,0.908000,0.417000,-2.534000,13.000000,-3.313000,27.020000
7.232,0.222000,0.898000,0.438000,-1.634000,20.458000,-3.260000,27.170000
7.239,0.212000,0.899000,0.447000,-0.473000,23.641000,-0.450000,26.980000
7.251,0.187000,0.905000,0.480000,-0.038000,24.626000,2.832000,27.070000
7.259,0.168000,0.902000,0.499000,1.649000,24.351000,5.931000,27.120000
7.271,0.165000,0.943000,0.556000,1.496000,21.473000,12.015000,27.120000
7.279,0.174000,0.988000,0.593000,-3.718000,19.748000,17.221000,27.020000
7.291,0.188000,0.983000,0.614000,-9.618000,21.656000,15.893000,27.070000
7.298,0.186000,0.961000,0.625000,-14.473000,24.565000,14.603000,27.070000
7.312,0.162000,0.942000,0.590000,-17.176000,26.580000,16.649000,27.070000
7.324,0.173000,0.958000,0.598000,-17.534000,27.603000,18.817000,26.980000
7.331,0.169000,0.996000,0.595000,-20.183000,28.672000,20.504000,27.020000
7.343,0.187000,0.972000,0.576000,-21.328000,31.053000,21.473000,27.020000
7.350,0.209000,0.953000,0.591000,-21.611000,34.779000,22.000000,27.020000
7.363,0.225000,0.954000,0.611000,-23.336000,39.374000,21.237000,27.020000
7.371,0.252000,0.948000,0.611000,-23.008000,46.985000,21.641000,26.980000
7.382,0.210000,0.987000,0.645000,-25.656000,56.542000,19.771000,27.070000
7.389,0.107000,0.981000,0.696000,-27.786000,56.748000,21.176000,27.120000
7.402,0.031000,1.035000,0.701000,-30.947000,51.679000,20.954000,26.930000
7.411,0.055000,1.096000,0.674000,-32.939000,44.962000,24.443000,26.930000
7.422,0.099000,1.109000,0.657000,-36.069000,41.557000,22.969000,27.070000
7.429,0.226000,1.091000,0.643000,-37.817000,44.756000,30.122000,26.980000
7.441,0.301000,1.096000,0.629000,-47.397000,64.924000,19.534000,27.070000
7.448,0.165000,0.993000,0.650000,-52.718000,79.863000,4.053000,26.980000
7.462,0.037000,0.927000,0.663000,-54.420000,74.947000,2.504000,27.020000
7.470,-0.024000,0.877000,0.668000,-51.901000,66.947000,1.244000,27.020000
7.481,-0.072000,0.896000,0.689000,-46.542000,53.183000,6.115000,27.020000
7.493,-0.054000,0.933000,0.681000,-45.481000,43.664000,7.626000,27.170000
7.500,-0.075000,0.945000,0.664000,-46.985000,39.122000,6.137000,27.070000
7.513,-0.097000,0.956000,0.685000,-47.450000,31.359000,9.229000,27.070000
7.521,-0.100000,0.954000,0.666000,-51.099000,24.947000,8.366000,27.020000
7.533,-0.113000,0.992000,0.725000,-55.237000,13.977000,7.389000,27.120000
7.540,-0.084000,0.993000,0.754000,-60.260000,0.191000,6.359000,27.020000
7.552,0.016000,1.007000,0.713000,-64.145000,-11.511000,11.962000,27.020000
7.563,0.159000,0.995000,0.657000,-67.672000,-12.672000,20.511000,27.070000
7.574,0.254000,0.972000,0.621000,-70.237000,-2.000000,24.069000,27.070000
7.579,0.242000,0.969000,0.599000,-69.962000,12.626000,24.771000,27.070000
7.591,0.170000,0.981000,0.607000,-70.221000,17.298000,35.275000,27.120000
7.599,0.139000,0.986000,0.616000,-72.061000,19.000000,43.595000,27.120000
7.612,0.081000,0.966000,0.629000,-74.710000,18.985000,47.473000,27.020000
7.619,0.077000,0.917000,0.609000,-74.802000,18.573000,51.061000,27.020000
7.631,0.098000,0.885000,0.589000,-74.229000,24.336000,49.588000,27.070000
7.636,0.037000,0.860000,0.584000,-72.252000,28.649000,49.008000,27.070000
7.651,0.011000,0.853000,0.605000,-70.893000,35.534000,42.710000,27.020000
7.663,-0.023000,0.834000,0.611000,-71.115000,41.901000,32.023000,27.020000
7.671,-0.088000,0.812000,0.638000,-71.344000,40.130000,27.679000,27.020000
7.683,-0.123000,0.791000,0.643000,-70.427000,30.748000,27.183000,27.120000
7.689,-0.126000,0.759000,0.630000,-67.435000,17.977000,27.260000,26.980000
7.702,-0.112000,0.747000,0.610000,-61.893000,5.237000,30.092000,27.170000
7.710,-0.027000,0.800000,0.616000,-57.115000,-2.450000,35.137000,26.980000
7.722,0.054000,0.832000,0.641000,-57.626000,2.015000,34.863000,27.020000
7.730,0.102000,0.864000,0.677000,-60.550000,11.443000,37.954000,27.020000
7.741,0.121000,0.846000,0.678000,-67.611000,25.977000,37.618000,27.020000
7.748,0.078000,0.818000,0.696000,-71.702000,38.008000,36.443000,27.070000
7.761,-0.009000,0.775000,0.698000,-72.237000,39.321000,40.160000,26.980000
7.768,-0.090000,0.734000,0.710000,-70.359000,31.634000,47.427000,27.070000
7.781,-0.107000,0.717000,0.681000,-67.038000,24.626000,51.527000,27.020000
7.793,-0.107000,0.718000,0.662000,-64.405000,23.160000,50.718000,27.020000
7.800,-0.117000,0.718000,0.678000,-65.137000,24.031000,47.947000,27.020000
7.813,-0.089000,0.670000,0.676000,-64.977000,27.664000,41.153000,27.020000
7.820,-0.116000,0.635000,0.679000,-65.634000,28.069000,35.366000,27.070000
7.833,-0.042000,0.623000,0.683000,-62.168000,32.931000,25.824000,27.070000
7.839,-0.036000,0.677000,0.620000,-63.885000,31.656000,20.641000,27.070000
7.852,0.039000,0.672000,0.608000,-63.519000,43.519000,20.542000,27.120000
7.859,0.005000,0.679000,0.634000,-63.985000,48.977000,22.435000,27.020000
7.872,-0.153000,0.681000,0.662000,-65.282000,42.160000,34.855000,27.020000
7.879,-0.274000,0.631000,0.694000,-65.756000,29.305000,36.519000,27.020000
7.891,-0.300000,0.581000,0.672000,-63.824000,14.198000,39.107000,26.980000
7.904,-0.198000,0.517000,0.647000,-58.206000,4.885000,35.817000,26.980000
7.912,-0.164000,0.521000,0.618000,-53.893000,0.244000,36.298000,27.020000
7.923,-0.117000,0.535000,0.615000,-51.191000,-0.092000,35.176000,27.020000
7.930,-0.103000,0.532000,0.616000,-49.252000,1.969000,34.267000,26.930000
7.942,-0.114000,0.514000,0.655000,-44.053000,4.550000,32.977000,26.980000
7.950,-0.123000,0.481000,0.648000,-44.931000,7.466000,28.733000,27.070000
7.962,-0.148000,0.443000,0.651000,-40.389000,7.496000,27.214000,26.980000
7.971,-0.160000,0.427000,0.681000,-38.885000,6.481000,17.870000,26.930000
7.982,-0.106000,0.429000,0.635000,-35.725000,4.847000,14.397000,27.120000
7.989,-0.052000,0.427000,0.639000,-29.947000,7.115000,6.985000,26.930000
8.002,-0.066000,0.528000,0.715000,-26.748000,2.344000,15.695000,27.120000
8.009,0.005000,0.558000,0.732000,-30.458000,2.855000,19.450000,27.070000
8.021,0.032000,0.538000,0.752000,-39.160000,11.130000,20.573000,26.980000
8.029,0.064000,0.477000,0.754000,-42.603000,15.664000,16.962000,27.070000
8.041,0.096000,0.441000,0.727000,-39.802000,24.634000,14.023000,27.020000
8.054,0.073000,0.474000,0.676000,-40.771000,24.695000,21.786000,27.020000
8.062,0.102000,0.458000,0.612000,-37.855000,24.053000,33.908000,27.020000
8.074,0.092000,0.426000,0.576000,-34.321000,25.748000,35.924000,26.980000
8.081,-0.004000,0.396000,0.588000,-26.244000,11.015000,77.763000,27.070000
8.092,0.101000,0.267000,0.588000,-19.328000,16.641000,51.458000,27.170000
8.100,0.005000,0.314000,0.649000,-12.573000,17.557000,31.252000,27.020000
8.112,0.043000,0.360000,0.701000,-8.214000,7.969000,33.626000,27.120000
8.121,0.084000,0.361000,0.662000,-6.008000,4.893000,21.420000,27.020000
8.133,0.098000,0.371000,0.663000,4.183000,-3.870000,22.115000,27.020000
8.140,0.133000,0.494000,0.591000,5.908000,-15.122000,35.198000,27.070000
8.152,0.202000,0.581000,0.711000,7.420000,-30.809000,56.290000,27.070000
8.163,0.340000,0.619000,0.691000,1.374000,-28.458000,55.580000,27.120000
8.172,0.443000,0.501000,0.696000,-7.084000,1.412000,21.374000,27.020000
8.180,0.310000,0.417000,0.856000,-9.473000,32.733000,-12.374000,27.020000
8.192,0.105000,0.605000,0.859000,-4.870000,27.519000,25.595000,27.070000
8.199,0.071000,0.499000,0.820000,-10.771000,17.771000,39.725000,27.070000
8.212,0.032000,0.427000,0.788000,-6.702000,14.664000,33.878000,26.980000
8.221,0.003000,0.389000,0.760000,-1.718000,7.038000,27.160000,26.930000
8.232,0.053000,0.351000,0.801000,9.221000,-1.687000,45.298000,27.020000
8.239,0.143000,0.411000,0.836000,16.695000,0.191000,59.191000,27.020000
8.251,0.090000,0.529000,0.920000,11.756000,11.634000,51.305000,26.980000
8.260,0.019000,0.601000,0.878000,0.542000,10.542000,49.595000,26.980000
8.272,-0.175000,0.466000,0.844000,-3.847000,-8.137000,47.702000,26.980000
8.280,-0.121000,0.413000,0.747000,1.160000,-26.420000,34.519000,26.930000
8.291,-0.021000,0.462000,0.695000,1.191000,-34.641000,5.931000,27.020000
8.298,0.122000,0.451000,0.678000,3.061000,-29.901000,-18.458000,27.020000
8.311,0.285000,0.465000,0.823000,10.244000,-10.405000,-26.939000,27.120000
8.318,0.288000,0.508000,0.903000,6.947000,9.580000,-17.366000,26.980000
8.332,0.125000,0.560000,0.953000,-3.931000,20.870000,-2.634000,27.070000
8.343,0.011000,0.554000,0.890000,-11.924000,16.290000,11.412000,27.070000
8.350,-0.052000,0.499000,0.849000,-13.176000,-0.641000,21.725000,27.020000
8.363,0.214000,0.281000,0.726000,-0.588000,-1.916000,40.656000,27.120000
8.372,0.073000,0.474000,0.730000,-0.656000,-3.916000,40.939000,27.120000
8.383,0.236000,0.481000,0.762000,3.450000,4.412000,52.244000,27.120000
8.390,0.185000,0.503000,0.797000,3.153000,22.603000,66.649000,27.070000
8.403,0.032000,0.531000,0.825000,-3.168000,31.412000,75.847000,26.980000
8.411,-0.127000,0.475000,0.825000,-3.122000,33.168000,77.863000,26.930000
8.423,-0.186000,0.443000,0.789000,-5.427000,30.237000,69.908000,27.020000
8.431,-0.260000,0.403000,0.750000,-15.176000,27.969000,42.046000,27.020000
8.442,-0.175000,0.367000,0.672000,-20.000000,29.649000,5.267000,26.980000
8.449,-0.197000,0.334000,0.694000,-15.305000,27.664000,53.397000,26.980000
8.461,0.022000,0.370000,0.689000,-12.550000,37.321000,43.282000,27.070000
8.470,-0.079000,0.204000,0.739000,-12.176000,40.305000,65.168000,26.980000
8.481,-0.055000,0.434000,0.720000,-8.511000,44.649000,62.450000,27.020000
8.488,-0.017000,0.435000,0.727000,-9.748000,51.237000,41.237000,27.020000
8.501,0.044000,0.276000,0.680000,-9.725000,52.802000,28.458000,26.930000
8.507,-0.035000,0.321000,0.632000,-4.634000,43.115000,40.802000,27.070000
8.522,-0.039000,0.298000,0.628000,8.298000,27.756000,56.481000,27.070000
8.534,0.039000,0.362000,0.739000,22.893000,25.771000,61.076000,26.980000
8.540,-0.023000,0.368000,0.866000,26.954000,21.824000,80.947000,27.020000
8.553,-0.078000,0.453000,0.939000,17.840000,30.725000,67.069000,27.120000
8.561,-0.096000,0.536000,0.963000,7.198000,37.412000,68.275000,27.120000
8.573,-0.075000,0.536000,0.953000,-0.924000,45.672000,94.366000,27.070000
8.582,0.054000,0.417000,0.890000,-5.748000,62.260000,83.664000,26.980000
8.592,-0.067000,0.541000,0.861000,-11.031000,69.191000,106.542000,27.070000
8.599,-0.129000,0.414000,0.844000,-10.863000,78.420000,61.244000,27.120000
8.612,-0.216000,0.360000,0.858000,-5.855000,68.198000,62.168000,27.020000
8.618,-0.295000,0.418000,0.902000,-5.206000,53.214000,81.840000,27.120000
8.632,-0.315000,0.348000,0.940000,-1.069000,42.954000,66.130000,27.120000
8.636,-0.361000,0.377000,0.945000,-0.252000,28.588000,61.611000,27.070000
8.651,-0.351000,0.331000,0.922000,2.802000,20.084000,52.695000,27.070000
8.663,-0.295000,0.314000,0.882000,4.969000,16.359000,42.756000,27.120000
8.670,-0.244000,0.298000,0.873000,7.031000,18.969000,20.908000,27.020000
8.684,-0.243000,0.239000,0.893000,13.427000,18.412000,6.267000,27.020000
8.690,-0.214000,0.323000,0.940000,18.779000,18.298000,-2.511000,27.070000
8.702,-0.275000,0.341000,0.977000,24.565000,4.344000,-0.160000,27.170000
8.712,-0.295000,0.338000,1.028000,30.985000,-8.267000,4.176000,27.070000
8.722,-0.283000,0.404000,1.036000,29.786000,-24.992000,12.626000,27.070000
8.732,-0.239000,0.437000,1.043000,27.901000,-36.359000,21.435000,27.120000
8.741,-0.138000,0.489000,1.013000,23.267000,-32.481000,23.214000,27.120000
8.748,-0.076000,0.494000,0.959000,17.115000,-28.443000,38.885000,27.020000
8.762,0.035000,0.400000,0.870000,12.053000,-16.603000,35.397000,27.170000
8.773,-0.077000,0.485000,0.862000,4.260000,2.313000,-3.237000,27.070000
8.781,-0.123000,0.448000,0.861000,-1.840000,3.901000,-11.305000,27.070000
8.793,-0.189000,0.329000,0.894000,0.939000,-1.267000,-0.863000,27.120000
8.800,-0.182000,0.443000,0.928000,1.733000,-5.115000,13.427000,27.020000
8.813,-0.237000,0.403000,0.920000,-0.618000,-13.252000,18.397000,27.020000
8.819,-0.212000,0.437000,0.914000,-1.870000,-13.748000,18.557000,26.980000
8.832,-0.182000,0.407000,0.869000,-3.275000,-11.130000,18.198000,27.070000
8.839,-0.170000,0.348000,0.845000,-1.153000,-7.534000,4.069000,27.070000
8.851,-0.198000,0.363000,0.854000,1.794000,-5.031000,-0.046000,27.120000
8.859,-0.187000,0.393000,0.924000,4.496000,-2.519000,-5.443000,27.120000
8.871,-0.233000,0.478000,1.020000,1.160000,-3.702000,2.435000,27.020000
8.883,-0.212000,0.500000,1.107000,-10.412000,0.733000,-10.718000,27.120000
8.890,-0.225000,0.502000,1.133000,-21.595000,4.656000,-13.802000,26.980000
8.903,-0.284000,0.361000,1.114000,-28.389000,3.939000,-27.046000,27.170000
8.910,-0.358000,0.307000,1.111000,-25.275000,-4.405000,-39.359000,27.120000
8.923,-0.392000,0.331000,1.140000,-21.565000,-17.420000,-52.176000,27.120000
8.930,-0.403000,0.377000,1.184000,-18.664000,-30.260000,-58.382000,27.120000
8.941,-0.342000,0.501000,1.243000,-23.252000,-41.351000,-57.969000,27.070000
8.953,-0.216000,0.572000,1.245000,-38.153000,-42.527000,-60.740000,27.070000
8.962,-0.069000,0.565000,1.156000,-55.527000,-31.977000,-62.000000,27.070000
8.973,0.009000,0.515000,1.043000,-68.290000,-15.603000,-62.710000,27.120000
8.980,0.025000,0.448000,0.907000,-73.969000,-0.885000,-63.023000,27.020000
8.991,0.055000,0.382000,0.760000,-71.298000,11.008000,-58.237000,27.210000
8.998,-0.084000,0.301000,0.738000,-55.397000,10.267000,-50.176000,27.070000
9.013,-0.198000,0.357000,0.824000,-42.504000,-2.466000,-34.069000,27.070000
9.024,-0.405000,0.331000,0.917000,-36.405000,-15.237000,-17.924000,27.070000
9.031,-0.310000,0.347000,0.946000,-35.649000,-25.931000,-32.695000,27.070000
9.042,-0.255000,0.354000,0.915000,-40.557000,-26.992000,-39.382000,27.120000
9.048,-0.234000,0.273000,0.850000,-39.336000,-25.550000,-46.794000,27.120000
9.062,-0.272000,0.184000,0.833000,-32.336000,-26.076000,-49.382000,27.020000
9.073,-0.158000,0.305000,0.826000,-25.702000,-22.527000,-46.725000,27.170000
9.080,-0.177000,0.350000,0.894000,-21.290000,-24.466000,-44.489000,27.170000
9.092,-0.102000,0.419000,0.947000,-25.092000,-16.947000,-46.443000,27.170000
9.099,-0.064000,0.402000,0.963000,-32.481000,-7.412000,-46.092000,27.170000
9.112,-0.018000,0.317000,0.903000,-33.443000,5.565000,-40.496000,27.210000
9.124,-0.104000,0.284000,0.903000,-34.290000,11.321000,-41.840000,27.120000
9.131,-0.147000,0.310000,0.875000,-32.366000,11.534000,-36.237000,27.120000
9.142,-0.164000,0.184000,0.904000,-25.435000,13.649000,-48.130000,27.120000
9.149,-0.209000,0.350000,0.968000,-25.611000,12.458000,-60.588000,27.170000
9.163,-0.171000,0.366000,0.957000,-32.748000,15.435000,-61.496000,27.170000
9.169,-0.192000,0.253000,0.886000,-33.969000,18.580000,-57.458000,27.120000
9.181,-0.139000,0.271000,0.817000,-30.321000,25.069000,-59.183000,27.120000
9.193,-0.191000,0.230000,0.755000,-24.031000,21.458000,-57.947000,27.210000
9.200,-0.247000,0.231000,0.774000,-14.954000,13.962000,-60.374000,27.170000
9.213,-0.280000,0.283000,0.817000,-8.557000,4.229000,-62.038000,27.170000
9.220,-0.291000,0.286000,0.877000,-9.695000,-2.824000,-68.802000,27.170000
9.232,-0.213000,0.267000,0.865000,-10.855000,-4.924000,-77.084000,27.020000
9.239,-0.153000,0.263000,0.865000,-9.511000,-6.298000,-81.359000,27.210000
9.251,-0.112000,0.319000,0.871000,-7.359000,-7.863000,-80.359000,27.210000
9.264,-0.080000,0.362000,0.871000,-4.687000,-5.840000,-78.649000,27.070000
9.272,-0.069000,0.391000,0.897000,-4.557000,-2.664000,-72.542000,27.170000
9.283,-0.168000,0.376000,0.940000,-8.328000,-5.649000,-64.000000,27.070000
9.289,-0.269000,0.273000,0.938000,-7.763000,-12.763000,-62.885000,27.070000
9.302,-0.292000,0.256000,0.906000,-5.679000,-24.176000,-65.588000,27.120000
9.309,-0.252000,0.251000,0.903000,-2.481000,-34.809000,-68.122000,27.120000
9.322,-0.181000,0.293000,0.890000,0.504000,-39.145000,-70.221000,27.120000
9.327,-0.095000,0.334000,0.920000,4.336000,-37.359000,-66.847000,27.170000
9.340,-0.102000,0.416000,0.924000,-0.122000,-34.817000,-70.000000,27.170000
9.352,-0.122000,0.383000,0.923000,-8.145000,-33.863000,-76.275000,27.170000
9.360,-0.115000,0.263000,0.888000,-7.389000,-33.305000,-83.282000,27.210000
9.372,-0.058000,0.281000,0.911000,-4.321000,-32.969000,-88.519000,27.120000
9.379,-0.017000,0.360000,0.883000,-2.405000,-37.458000,-86.786000,27.210000
9.391,0.061000,0.409000,0.886000,-4.802000,-34.802000,-83.985000,27.210000
9.404,0.136000,0.499000,0.875000,-9.679000,-25.802000,-76.702000,27.170000
9.411,0.089000,0.503000,0.877000,-14.702000,-9.954000,-65.916000,27.170000
9.423,0.007000,0.485000,0.850000,-24.443000,7.397000,-60.092000,27.020000
9.431,-0.135000,0.405000,0.795000,-32.084000,10.992000,-49.405000,27.120000
9.442,-0.308000,0.125000,0.728000,-24.908000,0.427000,-65.260000,27.120000
9.449,-0.275000,0.111000,0.664000,-14.924000,-23.458000,-78.573000,27.120000
9.463,-0.182000,0.157000,0.702000,-0.733000,-45.031000,-86.046000,27.070000
9.468,-0.044000,0.271000,0.788000,9.939000,-54.748000,-84.771000,27.070000
9.480,0.048000,0.435000,0.917000,11.176000,-50.924000,-73.420000,27.170000
9.493,0.043000,0.490000,0.978000,3.061000,-41.328000,-68.702000,27.210000
9.500,0.028000,0.454000,0.983000,-11.053000,-30.389000,-71.794000,27.210000
9.513,-0.001000,0.353000,0.925000,-18.786000,-28.435000,-75.748000,27.210000
9.519,0.065000,0.313000,0.879000,-18.168000,-28.924000,-85.656000,27.170000
9.531,0.161000,0.337000,0.831000,-15.344000,-29.359000,-81.458000,27.170000
9.537,0.190000,0.313000,0.832000,-9.160000,-27.794000,-75.038000,27.070000
9.551,0.133000,0.439000,0.920000,-6.366000,-21.481000,-65.702000,27.120000
9.563,0.059000,0.502000,1.013000,-13.718000,-11.901000,-57.687000,27.120000
9.570,-0.051000,0.435000,1.041000,-25.710000,-6.344000,-58.092000,27.120000
9.582,-0.106000,0.288000,0.973000,-35.588000,-6.328000,-66.634000,27.120000
9.589,-0.096000,0.173000,0.820000,-34.992000,-17.046000,-81.908000,27.170000
9.601,0.030000,0.168000,0.746000,-26.985000,-22.718000,-93.122000,27.170000
9.614,0.094000,0.142000,0.801000,-16.405000,-20.794000,-86.618000,27.170000
9.621,0.224000,0.338000,0.794000,-7.656000,-4.626000,-81.351000,27.120000
9.633,0.202000,0.430000,0.906000,-5.382000,12.298000,-71.344000,27.120000
9.640,0.109000,0.510000,0.931000,-14.611000,20.137000,-46.443000,27.210000
9.652,-0.095000,0.263000,0.930000,-13.015000,20.863000,-51.855000,27.120000
9.662,-0.201000,0.207000,0.956000,-7.786000,9.870000,-67.511000,27.170000
9.672,-0.158000,0.211000,0.969000,-5.626000,-2.038000,-73.275000,27.170000
9.680,-0.015000,0.318000,0.988000,-2.344000,-3.122000,-76.382000,27.210000
9.691,0.010000,0.376000,1.037000,-1.962000,5.435000,-72.939000,27.120000
9.704,-0.040000,0.364000,1.075000,-11.168000,10.847000,-71.450000,27.120000
9.712,-0.119000,0.209000,1.032000,-15.450000,5.649000,-76.397000,27.170000
9.722,-0.128000,0.095000,0.938000,-13.687000,-9.595000,-81.359000,27.170000
9.730,-0.014000,0.093000,0.879000,-4.244000,-23.817000,-88.443000,27.170000
9.742,0.135000,0.160000,0.869000,5.466000,-33.832000,-84.481000,27.210000
9.749,0.245000,0.256000,0.916000,10.855000,-28.985000,-72.252000,27.120000
9.761,0.271000,0.326000,0.959000,12.237000,-14.855000,-61.153000,27.210000
9.767,0.159000,0.274000,0.971000,10.412000,-9.145000,-29.527000,27.170000
9.781,-0.081000,0.303000,1.101000,2.069000,-0.298000,-65.885000,27.170000
9.793,-0.158000,0.224000,1.064000,-4.427000,-16.527000,-55.779000,27.260000
9.800,-0.086000,0.162000,0.991000,-1.969000,-28.969000,-90.458000,27.210000
9.812,0.038000,0.208000,0.942000,3.466000,-44.092000,-88.527000,27.310000
9.821,0.169000,0.261000,0.945000,7.405000,-49.779000,-82.160000,27.210000
9.832,0.224000,0.287000,0.947000,9.435000,-49.168000,-71.305000,27.170000
9.838,0.231000,0.275000,0.946000,12.947000,-39.977000,-64.992000,27.170000
9.851,0.126000,0.280000,0.960000,13.473000,-32.344000,-59.786000,27.260000
9.865,0.046000,0.266000,1.017000,10.916000,-26.878000,-62.740000,27.210000
9.872,0.047000,0.215000,0.983000,8.290000,-24.824000,-70.473000,27.210000
9.883,0.069000,0.150000,0.926000,10.496000,-24.672000,-78.435000,27.210000
9.890,0.082000,0.149000,0.872000,16.740000,-32.542000,-72.916000,27.210000
9.902,0.191000,0.175000,0.824000,23.053000,-34.527000,-67.420000,27.170000
9.912,0.166000,0.196000,0.838000,26.687000,-32.359000,-68.718000,27.260000
9.921,0.120000,0.248000,0.848000,28.802000,-35.962000,-56.313000,27.120000
9.929,0.105000,0.220000,0.830000,28.939000,-32.611000,-69.244000,27.120000
9.941,0.089000,0.174000,0.829000,30.687000,-38.328000,-72.000000,27.210000
9.953,0.118000,0.191000,0.823000,34.840000,-50.008000,-71.031000,27.170000
9.961,0.149000,0.215000,0.826000,40.779000,-65.206000,-66.580000,27.170000
9.973,0.261000,0.232000,0.849000,46.855000,-83.649000,-41.870000,27.170000
9.980,0.327000,0.276000,0.893000,51.412000,-89.748000,-22.779000,27.210000
9.992,0.388000,0.268000,0.916000,54.977000,-80.344000,-31.321000,27.210000
9.999,0.475000,0.295000,0.926000,53.656000,-66.252000,-31.092000,27.210000
10.012,0.458000,0.450000,1.002000,45.435000,-43.802000,-48.939000,27.260000
10.025,0.350000,0.375000,1.046000,35.061000,-34.962000,-51.374000,27.260000
10.030,0.272000,0.342000,1.006000,28.397000,-33.702000,-55.107000,27.260000
10.043,0.242000,0.299000,0.964000,26.206000,-38.176000,-65.076000,27.120000
10.050,0.325000,0.317000,0.961000,28.557000,-46.420000,-56.145000,27.310000
10.062,0.409000,0.372000,0.967000,28.336000,-44.748000,-54.817000,27.210000
10.071,0.419000,0.457000,1.022000,21.809000,-45.855000,-41.267000,27.210000
10.082,0.448000,0.509000,1.051000,11.466000,-43.931000,-28.611000,27.260000
10.088,0.464000,0.464000,1.060000,-0.344000,-39.046000,-19.802000,27.260000
10.101,0.487000,0.395000,1.009000,-9.527000,-29.076000,-29.221000,27.170000
10.113,0.445000,0.255000,0.958000,-11.687000,-24.122000,-28.084000,27.210000
10.121,0.487000,0.265000,0.905000,-10.282000,-20.985000,-21.351000,27.310000
10.133,0.480000,0.295000,0.869000,-8.542000,-23.023000,-6.481000,27.210000
10.139,0.432000,0.309000,0.846000,-5.611000,-17.794000,-11.786000,27.210000
10.151,0.380000,0.310000,0.866000,-5.458000,-18.038000,-10.267000,27.260000
10.159,0.367000,0.275000,0.846000,-6.557000,-19.817000,-10.969000,27.170000
10.171,0.349000,0.229000,0.829000,-5.069000,-19.122000,-14.328000,27.210000
10.183,0.366000,0.242000,0.827000,-2.595000,-20.466000,-18.244000,27.210000
10.190,0.391000,0.312000,0.841000,-1.542000,-24.405000,-15.779000,27.210000
10.203,0.458000,0.299000,0.832000,0.595000,-23.405000,-15.015000,27.260000
10.212,0.446000,0.311000,0.867000,0.885000,-21.076000,-15.206000,27.170000
10.224,0.448000,0.340000,0.871000,-0.031000,-23.565000,2.885000,27.260000
10.230,0.482000,0.278000,0.863000,-3.618000,-17.832000,11.504000,27.260000
10.242,0.405000,0.278000,0.836000,-4.557000,-9.573000,1.107000,27.210000
10.249,0.417000,0.246000,0.809000,-0.420000,-6.298000,4.969000,27.310000
10.262,0.412000,0.236000,0.837000,2.321000,-3.191000,6.924000,27.210000
10.271,0.399000,0.270000,0.855000,5.405000,-2.275000,9.840000,27.260000
10.282,0.402000,0.311000,0.896000,3.809000,-0.443000,11.641000,27.260000
10.289,0.397000,0.317000,0.905000,-0.611000,2.038000,13.794000,27.260000
10.301,0.420000,0.311000,0.860000,-2.031000,7.473000,14.992000,27.210000
10.309,0.382000,0.272000,0.825000,-2.382000,11.237000,13.733000,27.210000
10.321,0.368000,0.241000,0.791000,2.763000,10.702000,15.511000,27.210000
10.329,0.367000,0.283000,0.832000,7.656000,10.221000,19.305000,27.310000
10.341,0.356000,0.306000,0.886000,7.733000,11.092000,20.107000,27.170000
10.349,0.310000,0.332000,0.943000,4.229000,11.359000,20.046000,27.260000
10.362,0.319000,0.326000,0.942000,-0.160000,11.824000,18.244000,27.260000
10.368,0.298000,0.294000,0.934000,-5.221000,10.710000,14.580000,27.310000
10.382,0.283000,0.250000,0.874000,-6.458000,5.084000,12.397000,27.210000
10.393,0.356000,0.229000,0.812000,-2.160000,0.053000,11.076000,27.310000
10.400,0.401000,0.230000,0.778000,3.641000,-4.595000,16.588000,27.310000
10.415,0.476000,0.285000,0.779000,9.679000,1.840000,21.985000,27.210000
10.421,0.435000,0.333000,0.870000,7.061000,10.603000,26.588000,27.260000
10.433,0.351000,0.320000,0.929000,4.481000,12.641000,30.626000,27.260000
10.440,0.285000,0.306000,0.958000,-0.412000,7.573000,33.008000,27.310000
10.453,0.287000,0.280000,0.958000,-4.137000,-3.366000,32.748000,27.310000
10.461,0.396000,0.245000,0.908000,-3.450000,-10.710000,31.870000,27.210000
10.473,0.549000,0.289000,0.884000,-0.046000,-5.084000,34.794000,27.260000
10.481,0.583000,0.347000,0.908000,0.061000,9.046000,43.275000,27.350000
10.492,0.544000,0.363000,0.932000,-2.824000,27.656000,43.504000,27.260000
10.499,0.422000,0.325000,0.948000,-6.298000,38.939000,42.580000,27.260000
10.512,0.331000,0.289000,0.932000,-6.496000,41.252000,40.863000,27.310000
10.520,0.314000,0.271000,0.911000,-2.718000,37.710000,42.794000,27.210000
10.532,0.320000,0.284000,0.926000,-0.954000,33.366000,47.183000,27.310000
10.539,0.224000,0.247000,0.946000,0.626000,22.008000,50.145000,27.260000
10.551,0.213000,0.243000,0.915000,4.885000,11.008000,50.519000,27.260000
10.559,0.243000,0.269000,0.916000,7.389000,3.763000,52.817000,27.260000
10.572,0.283000,0.274000,0.910000,10.260000,5.023000,49.618000,27.310000
10.580,0.291000,0.276000,0.938000,11.198000,9.061000,46.137000,27.310000
10.591,0.297000,0.288000,0.983000,10.756000,12.031000,43.687000,27.310000
10.598,0.323000,0.309000,1.001000,7.580000,17.366000,39.053000,27.260000
10.611,0.351000,0.340000,1.018000,2.092000,19.901000,33.214000,27.260000
10.617,0.391000,0.336000,0.957000,0.244000,23.542000,33.053000,27.260000
10.631,0.441000,0.344000,0.895000,1.977000,30.427000,40.206000,27.310000
10.643,0.405000,0.331000,0.881000,3.015000,38.702000,52.053000,27.310000
10.650,0.288000,0.299000,0.920000,3.130000,43.076000,57.687000,27.310000
10.664,0.216000,0.260000,0.943000,4.389000,42.573000,57.466000,27.310000
10.671,0.187000,0.260000,1.004000,5.763000,39.511000,55.237000,27.210000
10.683,0.209000,0.294000,1.039000,0.458000,35.763000,49.603000,27.350000
10.690,0.294000,0.319000,0.952000,-1.076000,34.588000,45.221000,27.350000
10.703,0.376000,0.364000,0.935000,-0.847000,40.977000,45.618000,27.310000
10.712,0.354000,0.361000,0.940000,-5.298000,47.962000,53.130000,27.210000
10.723,0.266000,0.331000,0.921000,-7.603000,51.344000,56.626000,27.310000
10.730,0.174000,0.290000,0.959000,-8.092000,48.687000,59.466000,27.260000
10.742,0.187000,0.291000,0.958000,-8.542000,43.924000,59.863000,27.260000
10.749,0.200000,0.324000,1.001000,-11.504000,40.939000,60.885000,27.170000
10.762,0.113000,0.321000,1.032000,-17.679000,30.405000,63.756000,27.310000
10.770,0.112000,0.289000,0.917000,-15.924000,19.458000,62.191000,27.310000
10.782,0.196000,0.293000,0.835000,-9.145000,12.145000,68.786000,27.310000
10.788,0.227000,0.322000,0.827000,-5.069000,12.847000,80.260000,27.310000
10.801,0.141000,0.380000,0.849000,-6.710000,18.840000,80.901000,27.260000
10.813,0.083000,0.305000,0.856000,-8.687000,23.137000,76.626000,27.260000
10.822,0.010000,0.224000,0.863000,-7.321000,23.977000,71.031000,27.350000
10.833,0.012000,0.192000,0.867000,-3.046000,21.420000,66.145000,27.310000
10.840,0.036000,0.210000,0.892000,1.183000,20.893000,56.466000,27.310000
10.853,0.121000,0.233000,0.884000,4.237000,22.405000,53.267000,27.210000
10.862,0.150000,0.279000,0.909000,5.893000,26.092000,53.824000,27.170000
10.874,0.170000,0.292000,0.927000,4.855000,29.534000,56.076000,27.260000
10.880,0.134000,0.285000,0.944000,3.916000,32.115000,57.542000,27.350000
10.892,0.111000,0.253000,0.938000,2.313000,31.649000,59.344000,27.350000
10.900,0.090000,0.225000,0.921000,1.405000,29.489000,57.573000,27.210000
10.913,0.094000,0.218000,0.920000,1.237000,27.038000,54.588000,27.310000
10.920,0.101000,0.229000,0.879000,1.229000,22.809000,51.695000,27.400000
10.932,0.119000,0.244000,0.852000,1.229000,18.733000,51.756000,27.310000
10.939,0.125000,0.209000,0.824000,4.557000,16.664000,55.290000,27.310000
10.952,0.126000,0.236000,0.804000,6.855000,12.573000,53.031000,27.260000
10.961,0.140000,0.245000,0.801000,8.763000,8.229000,54.321000,27.350000
10.972,0.136000,0.254000,0.799000,12.328000,5.450000,53.260000,27.210000
10.980,0.175000,0.217000,0.802000,15.206000,2.611000,46.046000,27.310000
10.991,0.204000,0.253000,0.808000,18.763000,2.573000,49.954000,27.310000
10.999,0.225000,0.238000,0.821000,22.832000,3.664000,53.328000,27.260000
11.012,0.220000,0.260000,0.876000,27.389000,5.298000,56.244000,27.350000
11.020,0.165000,0.302000,0.868000,25.328000,0.412000,58.939000,27.260000
11.032,0.169000,0.388000,0.881000,32.481000,-0.427000,63.756000,27.310000
11.038,0.191000,0.424000,0.917000,31.328000,3.069000,64.870000,27.310000
11.051,0.161000,0.426000,0.956000,25.992000,2.931000,74.099000,27.400000
11.058,0.166000,0.383000,0.953000,24.542000,5.870000,76.351000,27.260000
11.072,0.140000,0.340000,0.964000,24.061000,8.344000,75.863000,27.350000
11.083,0.136000,0.342000,0.996000,23.336000,10.382000,74.947000,27.260000
11.090,0.118000,0.378000,1.020000,21.412000,12.229000,72.137000,27.260000
11.104,0.152000,0.403000,1.036000,18.603000,15.679000,71.046000,27.400000
11.111,0.191000,0.431000,1.072000,15.672000,22.351000,77.267000,27.310000
11.124,0.176000,0.468000,1.101000,10.588000,33.214000,82.260000,27.310000
11.130,0.084000,0.447000,1.113000,2.527000,39.725000,86.634000,27.260000
11.142,-0.008000,0.386000,1.097000,-1.336000,43.985000,84.420000,27.350000
11.149,-0.093000,0.332000,1.076000,-3.603000,42.206000,80.000000,27.350000
11.162,-0.171000,0.353000,1.087000,-6.443000,33.008000,75.458000,27.310000
11.170,-0.188000,0.331000,1.091000,-7.588000,19.069000,74.214000,27.310000
11.182,-0.180000,0.349000,1.084000,-11.305000,1.725000,76.786000,27.400000
11.188,-0.133000,0.337000,1.037000,-14.901000,-11.466000,72.038000,27.400000
11.200,-0.036000,0.296000,0.987000,-15.305000,-16.313000,65.969000,27.310000
11.213,0.044000,0.288000,0.966000,-15.344000,-16.847000,62.542000,27.350000
11.221,0.122000,0.284000,0.967000,-15.191000,-10.061000,57.771000,27.260000
11.232,0.164000,0.276000,0.990000,-15.885000,-2.649000,56.290000,27.210000
11.239,0.168000,0.265000,0.967000,-15.618000,6.534000,58.847000,27.310000
11.252,0.177000,0.287000,0.950000,-16.702000,14.458000,55.832000,27.310000
11.259,0.201000,0.312000,0.924000,-18.244000,22.275000,55.794000,27.260000
11.272,0.190000,0.289000,0.870000,-17.664000,26.641000,57.466000,27.350000
11.280,0.174000,0.271000,0.835000,-15.229000,27.725000,61.863000,27.350000
11.291,0.143000,0.265000,0.816000,-12.191000,25.794000,67.282000,27.400000
11.304,0.148000,0.259000,0.824000,-7.901000,27.328000,70.809000,27.400000
11.312,0.119000,0.260000,0.812000,-7.130000,26.221000,76.710000,27.310000
11.324,0.073000,0.257000,0.791000,-3.710000,25.038000,83.092000,27.350000
11.331,0.015000,0.220000,0.751000,0.260000,19.176000,83.611000,27.260000
11.343,-0.031000,0.189000,0.715000,6.595000,10.580000,84.695000,27.350000
11.350,-0.031000,0.186000,0.734000,15.595000,7.679000,79.412000,27.350000
11.363,-0.014000,0.188000,0.756000,20.763000,5.870000,72.817000,27.310000
11.371,0.011000,0.211000,0.799000,23.656000,8.664000,70.695000,27.310000
11.382,-0.001000,0.208000,0.818000,25.725000,7.282000,68.565000,27.400000
11.389,-0.017000,0.213000,0.836000,30.229000,3.534000,65.321000,27.350000
11.402,-0.025000,0.246000,0.870000,32.221000,-2.779000,63.313000,27.450000
11.412,0.010000,0.287000,0.871000,32.847000,-9.763000,63.977000,27.350000
11.422,0.081000,0.296000,0.898000,33.611000,-10.420000,68.389000,27.400000
11.430,0.100000,0.294000,0.908000,31.611000,-6.924000,75.565000,27.400000
11.441,0.104000,0.295000,0.893000,28.611000,0.511000,76.229000,27.400000
11.448,0.087000,0.279000,0.886000,27.359000,7.924000,76.099000,27.400000
11.462,0.027000,0.262000,0.871000,26.450000,10.786000,73.802000,27.260000
11.474,0.003000,0.271000,0.864000,25.718000,11.641000,67.244000,27.350000
11.481,-0.007000,0.280000,0.850000,26.084000,9.145000,62.969000,27.310000
11.493,0.069000,0.288000,0.840000,26.473000,6.611000,63.099000,27.310000
11.500,0.109000,0.297000,0.819000,25.290000,10.168000,66.130000,27.400000
11.513,0.122000,0.282000,0.806000,26.802000,14.893000,71.519000,27.350000
11.522,0.107000,0.268000,0.801000,28.840000,22.366000,72.695000,27.260000
11.533,0.072000,0.286000,0.807000,28.901000,28.733000,71.427000,27.450000
11.539,0.071000,0.273000,0.819000,29.924000,37.229000,66.130000,27.400000
11.552,0.102000,0.309000,0.847000,29.634000,47.244000,61.000000,27.310000
11.559,0.123000,0.305000,0.853000,26.748000,58.695000,59.321000,27.310000
11.572,0.093000,0.300000,0.816000,25.908000,67.489000,55.092000,27.310000
11.580,0.105000,0.333000,0.823000,24.824000,78.908000,51.863000,27.260000
11.591,0.057000,0.331000,0.811000,21.130000,83.298000,53.534000,27.260000
11.598,-0.005000,0.294000,0.797000,21.985000,86.679000,51.252000,27.260000
11.612,-0.068000,0.287000,0.802000,24.954000,82.405000,51.489000,27.400000
11.623,-0.136000,0.319000,0.807000,25.466000,73.756000,54.061000,27.310000
11.631,-0.145000,0.316000,0.791000,27.458000,61.504000,57.076000,27.310000
11.643,-0.165000,0.322000,0.780000,32.603000,49.336000,63.191000,27.450000
11.650,-0.223000,0.341000,0.815000,35.328000,37.153000,67.168000,27.350000
11.662,-0.247000,0.325000,0.820000,35.939000,28.061000,68.130000,27.350000
11.670,-0.231000,0.344000,0.862000,35.786000,25.733000,64.183000,27.310000
11.682,-0.198000,0.353000,0.910000,33.069000,29.191000,58.328000,27.400000
11.689,-0.183000,0.333000,0.913000,29.847000,36.290000,48.847000,27.400000
11.701,-0.161000,0.337000,0.936000,29.427000,45.878000,38.580000,27.400000
11.708,-0.187000,0.333000,0.974000,28.763000,48.672000,36.344000,27.350000
11.721,-0.242000,0.396000,1.022000,28.878000,49.275000,34.885000,27.350000
11.733,-0.260000,0.437000,1.082000,24.420000,46.878000,35.015000,27.310000
11.740,-0.250000,0.442000,1.105000,16.260000,49.542000,36.153000,27.310000
11.753,-0.251000,0.410000,1.084000,7.679000,56.702000,33.504000,27.400000
11.762,-0.285000,0.362000,1.025000,2.000000,63.595000,29.954000,27.350000
11.774,-0.345000,0.305000,0.988000,1.534000,65.511000,21.992000,27.450000
11.780,-0.370000,0.320000,0.974000,3.450000,62.489000,16.214000,27.350000
11.792,-0.395000,0.345000,0.984000,3.244000,55.298000,14.718000,27.400000
11.799,-0.446000,0.349000,1.002000,2.931000,44.802000,14.641000,27.400000
11.812,-0.455000,0.351000,0.998000,1.023000,35.435000,14.489000,27.400000
11.821,-0.477000,0.332000,0.964000,-1.336000,27.939000,11.267000,27.310000
11.832,-0.470000,0.300000,0.947000,-0.573000,21.092000,6.748000,27.350000
11.839,-0.468000,0.275000,0.948000,1.130000,13.153000,2.748000,27.350000
11.851,-0.429000,0.283000,0.934000,4.977000,6.496000,-0.443000,27.350000
11.859,-0.394000,0.304000,0.949000,7.641000,0.740000,-2.985000,27.400000
11.871,-0.367000,0.342000,0.981000,7.794000,-2.137000,-3.618000,27.400000
11.880,-0.347000,0.386000,1.013000,3.183000,-2.656000,-7.557000,27.400000
11.890,-0.342000,0.345000,1.013000,-2.397000,-2.427000,-9.664000,27.350000
11.904,-0.362000,0.292000,0.962000,-3.382000,-2.053000,-12.244000,27.450000
11.910,-0.367000,0.301000,0.934000,-0.740000,-3.733000,-16.954000,27.450000
11.922,-0.326000,0.322000,0.922000,1.679000,-3.328000,-19.076000,27.400000
11.930,-0.299000,0.335000,0.934000,2.099000,-0.664000,-20.366000,27.400000
11.942,-0.274000,0.356000,0.969000,1.725000,5.000000,-22.412000,27.400000
11.949,-0.301000,0.324000,1.002000,-0.046000,9.496000,-25.183000,27.310000
11.962,-0.350000,0.327000,1.034000,-0.458000,10.198000,-30.908000,27.350000
11.970,-0.361000,0.357000,1.045000,-3.237000,7.641000,-36.962000,27.450000
11.981,-0.345000,0.352000,1.039000,-5.290000,1.534000,-33.649000,27.400000
11.993,-0.357000,0.369000,1.018000,-5.779000,-4.328000,-33.618000,27.400000
12.000,-0.310000,0.398000,0.982000,-7.351000,-7.779000,-35.122000,27.400000
12.013,-0.301000,0.428000,0.995000,-10.115000,-9.557000,-31.382000,27.450000
12.019,-0.307000,0.426000,1.015000,-13.855000,-4.893000,-31.718000,27.350000
12.032,-0.340000,0.370000,1.016000,-19.557000,-1.450000,-33.794000,27.450000
12.039,-0.384000,0.305000,1.002000,-19.893000,1.870000,-38.405000,27.400000
12.051,-0.383000,0.323000,0.971000,-19.069000,3.489000,-45.427000,27.400000
12.064,-0.379000,0.322000,0.966000,-17.366000,3.939000,-48.779000,27.400000
12.071,-0.373000,0.337000,0.961000,-14.176000,4.466000,-51.947000,27.450000
12.082,-0.326000,0.395000,0.980000,-14.496000,8.298000,-54.496000,27.450000
12.089,-0.329000,0.348000,0.990000,-18.588000,11.015000,-53.893000,27.450000
12.102,-0.381000,0.300000,0.967000,-17.313000,12.427000,-55.924000,27.400000
12.110,-0.423000,0.299000,0.947000,-15.580000,8.458000,-60.321000,27.400000
12.123,-0.450000,0.273000,0.936000,-11.206000,0.534000,-65.336000,27.400000
12.128,-0.442000,0.301000,0.926000,-6.550000,-8.557000,-69.580000,27.350000
12.140,-0.370000,0.361000,0.919000,-3.893000,-13.702000,-70.710000,27.350000
12.153,-0.316000,0.390000,0.935000,-3.336000,-13.321000,-70.420000,27.450000
12.161,-0.318000,0.382000,0.927000,-5.237000,-11.649000,-70.366000,27.400000
12.172,-0.384000,0.325000,0.890000,-3.710000,-17.038000,-70.786000,27.490000
12.179,-0.397000,0.369000,0.898000,0.328000,-25.565000,-73.214000,27.400000
12.191,-0.329000,0.431000,0.915000,-2.443000,-31.824000,-71.580000,27.400000
12.204,-0.249000,0.425000,0.909000,-7.397000,-28.115000,-68.901000,27.350000
12.211,-0.200000,0.438000,0.880000,-10.275000,-17.290000,-66.023000,27.350000
12.223,-0.184000,0.445000,0.853000,-12.115000,4.855000,-70.634000,27.490000
12.230,-0.219000,0.375000,0.807000,-15.130000,24.901000,-72.206000,27.400000
12.241,-0.368000,0.257000,0.798000,-14.565000,34.718000,-75.992000,27.490000
12.248,-0.519000,0.166000,0.783000,-6.595000,26.496000,-84.008000,27.450000
12.261,-0.572000,0.210000,0.824000,4.840000,5.321000,-90.611000,27.450000
12.275,-0.532000,0.277000,0.884000,10.672000,-22.580000,-90.229000,27.450000
12.281,-0.461000,0.362000,0.948000,12.481000,-48.069000,-85.267000,27.310000
12.292,-0.340000,0.426000,0.958000,9.061000,-65.000000,-77.031000,27.400000
12.299,-0.249000,0.407000,0.966000,2.145000,-72.061000,-70.473000,27.490000
12.312,-0.207000,0.369000,0.936000,0.000000,-70.145000,-68.450000,27.450000
12.320,-0.177000,0.346000,0.942000,0.351000,-61.931000,-73.725000,27.450000
12.331,-0.234000,0.313000,0.963000,-1.588000,-59.511000,-77.969000,27.350000
12.337,-0.279000,0.343000,0.980000,-0.382000,-62.779000,-85.916000,27.490000
12.350,-0.203000,0.417000,1.001000,-4.756000,-62.794000,-92.527000,27.400000
12.363,-0.123000,0.410000,0.970000,-13.069000,-59.122000,-91.672000,27.490000
12.370,-0.061000,0.416000,0.861000,-18.351000,-51.359000,-90.130000,27.350000
12.382,0.064000,0.415000,0.799000,-21.519000,-31.229000,-92.725000,27.450000
12.389,0.067000,0.322000,0.741000,-23.008000,-12.626000,-91.870000,27.450000
12.401,-0.057000,0.233000,0.742000,-14.649000,-5.000000,-91.603000,27.450000
12.413,-0.168000,0.233000,0.793000,-4.733000,-10.641000,-93.473000,27.400000
12.421,-0.219000,0.288000,0.861000,-0.672000,-25.618000,-91.328000,27.400000
12.433,-0.184000,0.340000,0.897000,-1.115000,-38.977000,-86.725000,27.490000
12.439,-0.060000,0.390000,0.880000,-4.672000,-41.550000,-82.252000,27.400000
12.451,-0.010000,0.329000,0.851000,-10.901000,-34.542000,-78.664000,27.350000
12.458,0.006000,0.278000,0.809000,-10.221000,-21.855000,-84.672000,27.540000
12.472,-0.095000,0.217000,0.834000,-6.366000,-21.084000,-88.962000,27.490000
12.483,-0.132000,0.227000,0.867000,1.626000,-29.229000,-91.695000,27.400000
12.490,-0.094000,0.360000,0.918000,3.366000,-38.366000,-88.695000,27.490000
12.502,-0.019000,0.464000,0.977000,-1.847000,-40.015000,-79.397000,27.450000
12.509,0.016000,0.481000,0.915000,-10.870000,-27.779000,-74.786000,27.450000
12.522,0.083000,0.395000,0.825000,-17.908000,-4.901000,-77.061000,27.450000
12.529,-0.053000,0.239000,0.743000,-19.847000,13.504000,-80.656000,27.490000
12.540,-0.155000,0.161000,0.701000,-11.298000,20.542000,-86.977000,27.400000
12.553,-0.254000,0.191000,0.721000,-2.802000,13.947000,-95.153000,27.400000
12.560,-0.356000,0.222000,0.760000,4.321000,-9.130000,-97.313000,27.350000
12.572,-0.296000,0.271000,0.797000,10.092000,-31.634000,-97.038000,27.450000
12.579,-0.270000,0.307000,0.832000,8.893000,-53.802000,-87.336000,27.450000
12.591,-0.257000,0.293000,0.825000,9.954000,-72.496000,-85.336000,27.490000
12.598,-0.223000,0.288000,0.800000,11.725000,-89.481000,-91.359000,27.490000
12.612,-0.094000,0.256000,0.771000,13.580000,-101.092000,-93.878000,27.400000
12.624,0.073000,0.294000,0.732000,19.084000,-101.366000,-91.237000,27.540000
12.630,0.274000,0.352000,0.706000,27.427000,-84.481000,-89.718000,27.450000
12.642,0.354000,0.423000,0.775000,25.641000,-56.397000,-83.687000,27.450000
12.649,0.255000,0.440000,0.889000,15.519000,-31.359000,-72.412000,27.450000
12.662,0.102000,0.396000,0.899000,4.221000,-13.832000,-72.000000,27.490000
12.670,-0.064000,0.257000,0.889000,3.511000,-9.015000,-86.969000,27.400000
12.681,-0.070000,0.230000,0.847000,9.359000,-12.298000,-103.534000,27.400000
12.693,0.003000,0.290000,0.888000,14.038000,-18.916000,-104.847000,27.490000
12.700,0.061000,0.380000,0.893000,16.695000,-24.809000,-98.595000,27.450000
12.713,0.125000,0.442000,0.901000,18.244000,-24.145000,-89.603000,27.450000
12.720,0.078000,0.439000,0.953000,12.634000,-21.534000,-75.260000,27.400000
12.732,-0.015000,0.389000,0.969000,6.504000,-13.198000,-72.435000,27.590000
12.739,-0.017000,0.349000,1.019000,-0.069000,3.397000,-84.015000,27.400000
12.751,-0.030000,0.333000,1.022000,-9.305000,22.466000,-93.618000,27.540000
12.757,-0.036000,0.321000,0.977000,-7.557000,39.099000,-108.557000,27.540000
12.771,0.053000,0.344000,0.950000,-6.908000,56.160000,-119.282000,27.450000
12.783,0.035000,0.363000,0.963000,-6.992000,69.099000,-119.779000,27.490000
12.790,-0.003000,0.366000,0.961000,-5.740000,71.290000,-114.618000,27.490000
12.802,-0.031000,0.345000,0.926000,-3.313000,68.802000,-110.420000,27.490000
12.810,-0.178000,0.329000,0.954000,-4.321000,47.107000,-91.817000,27.450000
12.822,-0.192000,0.305000,0.894000,-4.603000,26.916000,-70.366000,27.540000
12.829,-0.188000,0.170000,0.808000,-0.122000,7.061000,-67.817000,27.450000
12.841,-0.216000,0.196000,0.705000,7.405000,-10.534000,-81.244000,27.490000
12.853,-0.148000,0.153000,0.655000,19.855000,-33.992000,-72.626000,27.490000
12.861,-0.026000,0.166000,0.605000,31.725000,-40.870000,-74.977000,27.590000
12.873,0.079000,0.284000,0.631000,40.557000,-33.595000,-81.885000,27.450000
12.880,0.074000,0.380000,0.688000,42.076000,-25.015000,-93.359000,27.540000
12.892,0.015000,0.442000,0.823000,39.267000,-30.092000,-94.160000,27.540000
12.898,0.088000,0.461000,0.849000,26.901000,-41.916000,-84.542000,27.490000
12.912,0.197000,0.296000,0.786000,22.885000,-43.359000,-90.290000,27.590000
12.924,0.247000,0.301000,0.779000,31.221000,-55.237000,-75.969000,27.490000
12.931,0.360000,0.281000,0.758000,35.786000,-63.053000,-52.458000,27.490000
12.942,0.418000,0.201000,0.808000,43.359000,-64.275000,-36.374000,27.450000
12.949,0.342000,0.216000,0.898000,49.855000,-59.473000,-41.473000,27.450000
12.962,0.269000,0.273000,1.004000,54.229000,-63.855000,-33.031000,27.490000
12.970,0.262000,0.356000,1.079000,48.359000,-66.840000,-30.305000,27.490000
12.982,0.319000,0.378000,1.076000,42.931000,-63.855000,-33.878000,27.590000
12.988,0.370000,0.398000,1.045000,37.901000,-57.855000,-38.145000,27.540000
13.001,0.486000,0.370000,1.027000,36.832000,-47.702000,-37.618000,27.450000
13.013,0.575000,0.372000,1.019000,40.229000,-31.244000,-38.122000,27.450000
13.021,0.630000,0.375000,1.079000,41.725000,-5.824000,-36.710000,27.590000
13.033,0.592000,0.407000,1.067000,35.611000,19.275000,-37.313000,27.490000
13.039,0.405000,0.356000,1.078000,32.336000,33.397000,-41.275000,27.490000
13.052,0.249000,0.352000,1.103000,33.450000,24.061000,-38.015000,27.540000
13.064,0.205000,0.331000,1.095000,36.336000,4.206000,-34.229000,27.540000
13.072,0.226000,0.348000,1.062000,41.496000,-20.229000,-19.939000,27.540000
13.079,0.282000,0.367000,1.058000,45.198000,-36.939000,-7.076000,27.590000
13.091,0.345000,0.399000,1.034000,46.473000,-43.550000,7.237000,27.590000
13.103,0.347000,0.439000,1.021000,45.565000,-41.099000,14.168000,27.490000
13.111,0.372000,0.439000,0.989000,37.359000,-27.443000,3.015000,27.540000
13.124,0.295000,0.449000,1.029000,29.153000,-16.122000,-9.947000,27.450000
13.130,0.246000,0.454000,1.061000,22.580000,-20.069000,-12.847000,27.450000
13.142,0.325000,0.436000,1.018000,18.817000,-22.687000,-12.977000,27.490000
13.149,0.380000,0.421000,0.991000,15.374000,-19.985000,-8.405000,27.590000
13.162,0.446000,0.433000,0.997000,15.145000,-10.527000,-3.641000,27.490000
13.170,0.448000,0.466000,1.000000,9.221000,4.115000,-0.664000,27.400000
13.182,0.341000,0.457000,0.993000,1.473000,12.084000,3.153000,27.540000
13.189,0.250000,0.456000,0.959000,0.550000,10.870000,7.305000,27.540000
13.202,0.271000,0.453000,0.944000,1.450000,5.405000,17.763000,27.590000
13.211,0.286000,0.431000,0.910000,1.267000,12.901000,19.282000,27.400000
13.223,0.250000,0.438000,0.933000,-0.206000,21.282000,23.275000,27.490000
13.229,0.189000,0.413000,0.918000,-3.397000,28.107000,21.160000,27.540000
13.241,0.097000,0.406000,0.920000,-4.290000,25.420000,20.038000,27.540000
13.248,0.096000,0.396000,0.898000,-6.031000,20.924000,18.649000,27.540000
13.262,0.090000,0.384000,0.863000,-6.603000,14.168000,19.740000,27.490000
13.267,0.127000,0.370000,0.841000,-3.305000,5.298000,25.374000,27.490000
13.281,0.207000,0.356000,0.823000,-0.473000,3.397000,29.939000,27.490000
13.293,0.213000,0.363000,0.847000,3.359000,6.015000,31.099000,27.450000
13.301,0.221000,0.387000,0.886000,6.573000,7.000000,35.420000,27.640000
13.313,0.224000,0.422000,0.912000,4.763000,12.908000,33.740000,27.640000
13.321,0.120000,0.432000,0.950000,5.733000,7.718000,38.542000,27.490000
13.333,0.162000,0.414000,0.917000,5.336000,1.748000,41.176000,27.490000
13.341,0.145000,0.411000,0.926000,4.611000,-2.489000,44.282000,27.590000
13.354,0.170000,0.416000,0.919000,5.137000,-5.374000,49.282000,27.540000
13.362,0.160000,0.410000,0.938000,3.275000,-5.145000,50.450000,27.450000
13.374,0.131000,0.418000,0.967000,2.725000,-7.427000,50.305000,27.540000
13.380,0.128000,0.450000,0.988000,1.366000,-10.740000,48.191000,27.590000
13.392,0.184000,0.459000,1.005000,-1.565000,-14.557000,45.779000,27.490000
13.399,0.248000,0.473000,0.994000,-4.290000,-17.107000,49.916000,27.490000
13.412,0.358000,0.475000,0.953000,-6.214000,-9.450000,52.672000,27.590000
13.420,0.386000,0.493000,0.934000,-9.321000,1.565000,53.893000,27.640000
13.432,0.382000,0.456000,0.893000,-9.214000,9.053000,65.756000,27.540000
13.439,0.361000,0.436000,0.877000,-8.679000,23.214000,67.740000,27.590000
13.451,0.311000,0.421000,0.880000,-6.160000,37.802000,67.374000,27.490000
13.459,0.197000,0.445000,0.944000,-4.366000,44.122000,69.641000,27.490000
13.473,0.091000,0.447000,1.000000,-7.366000,41.015000,70.466000,27.540000
13.479,0.010000,0.443000,1.026000,-10.435000,28.664000,70.000000,27.540000
13.491,-0.025000,0.479000,1.075000,-12.435000,5.618000,71.565000,27.540000
13.504,0.126000,0.507000,1.080000,-17.298000,-16.740000,79.382000,27.590000
13.511,0.345000,0.522000,0.998000,-23.641000,-16.611000,84.672000,27.590000
13.523,0.431000,0.525000,0.989000,-29.214000,-2.924000,80.092000,27.590000
13.530,0.438000,0.483000,0.953000,-33.420000,-1.252000,95.473000,27.540000
13.542,0.424000,0.439000,0.948000,-34.626000,8.466000,96.160000,27.540000
13.549,0.390000,0.407000,0.940000,-32.481000,12.397000,97.672000,27.540000
13.562,0.414000,0.391000,0.893000,-28.786000,15.153000,95.832000,27.590000
13.569,0.430000,0.420000,0.893000,-26.878000,19.260000,95.321000,27.400000
13.581,0.463000,0.450000,0.896000,-27.183000,26.023000,96.580000,27.540000
13.588,0.476000,0.433000,0.867000,-26.664000,37.710000,97.023000,27.640000
13.600,0.428000,0.469000,0.849000,-26.550000,47.863000,102.344000,27.540000
13.613,0.354000,0.467000,0.842000,-26.595000,53.954000,108.260000,27.590000
13.621,0.294000,0.426000,0.846000,-23.527000,59.191000,109.504000,27.490000
13.633,0.269000,0.414000,0.843000,-22.771000,68.687000,110.206000,27.490000
13.639,0.236000,0.445000,0.829000,-21.328000,74.565000,112.580000,27.590000
13.651,0.194000,0.459000,0.819000,-18.557000,80.000000,115.481000,27.640000
13.659,0.091000,0.453000,0.824000,-16.824000,82.008000,120.885000,27.540000
13.671,0.036000,0.441000,0.826000,-14.725000,85.183000,125.069000,27.590000
13.683,-0.041000,0.437000,0.839000,-11.550000,83.252000,127.679000,27.490000
13.690,-0.120000,0.447000,0.880000,-11.748000,81.252000,123.275000,27.490000
13.702,-0.178000,0.465000,0.883000,-13.687000,78.534000,118.122000,27.540000
13.711,-0.176000,0.460000,0.889000,-15.519000,80.191000,111.641000,27.640000
13.722,-0.225000,0.467000,0.859000,-19.641000,75.412000,108.679000,27.540000
13.730,-0.306000,0.416000,0.856000,-19.725000,63.550000,109.282000,27.490000
13.741,-0.327000,0.409000,0.849000,-19.954000,49.458000,112.656000,27.590000
13.753,-0.308000,0.386000,0.855000,-19.855000,34.046000,117.267000,27.590000
13.760,-0.257000,0.332000,0.854000,-17.901000,26.916000,116.626000,27.540000
13.773,-0.200000,0.282000,0.847000,-14.183000,27.695000,111.466000,27.640000
13.779,-0.132000,0.282000,0.863000,-8.076000,37.115000,103.557000,27.640000
13.791,-0.122000,0.323000,0.888000,-6.412000,47.107000,96.931000,27.590000
13.798,-0.154000,0.341000,0.889000,-6.588000,54.618000,91.290000,27.590000
13.812,-0.219000,0.355000,0.868000,-8.405000,52.656000,85.290000,27.490000
13.824,-0.264000,0.397000,0.871000,-16.053000,40.763000,87.779000,27.540000
13.831,-0.258000,0.379000,0.801000,-25.359000,21.305000,88.374000,27.540000
13.843,-0.164000,0.272000,0.699000,-22.794000,8.092000,87.695000,27.540000
13.850,-0.056000,0.227000,0.652000,-13.382000,1.985000,93.626000,27.590000
13.863,0.030000,0.199000,0.657000,-1.321000,8.244000,101.023000,27.590000
13.870,0.013000,0.212000,0.701000,9.214000,23.466000,105.443000,27.590000
13.882,-0.104000,0.235000,0.769000,16.611000,31.183000,102.351000,27.490000
13.889,-0.176000,0.255000,0.850000,22.092000,34.298000,92.336000,27.540000
13.901,-0.249000,0.319000,0.919000,19.130000,28.992000,88.489000,27.540000
13.908,-0.250000,0.400000,0.919000,12.870000,16.885000,85.534000,27.590000
13.921,-0.177000,0.434000,0.916000,5.595000,6.588000,85.191000,27.490000
13.933,-0.156000,0.364000,0.854000,-0.947000,-3.038000,89.527000,27.590000
13.940,-0.151000,0.313000,0.754000,-1.840000,-10.420000,92.687000,27.540000
13.953,-0.170000,0.234000,0.705000,3.214000,-17.809000,92.099000,27.540000
13.961,-0.169000,0.188000,0.663000,11.733000,-28.298000,94.374000,27.640000
13.973,-0.138000,0.188000,0.718000,23.527000,-34.489000,92.031000,27.590000
13.980,-0.033000,0.260000,0.738000,28.481000,-33.130000,86.130000,27.590000
13.991,0.109000,0.295000,0.786000,34.473000,-21.817000,85.084000,27.540000
13.999,0.148000,0.341000,0.826000,37.351000,2.092000,80.443000,27.540000
14.011,0.131000,0.420000,0.851000,33.473000,25.023000,76.969000,27.640000
14.019,0.050000,0.425000,0.895000,28.710000,41.191000,73.634000,27.590000
14.031,-0.055000,0.426000,0.896000,23.321000,43.656000,72.756000,27.590000
14.043,-0.155000,0.359000,0.903000,20.573000,32.748000,73.824000,27.590000
14.050,-0.171000,0.339000,0.871000,19.496000,16.924000,74.290000,27.730000
14.063,-0.125000,0.344000,0.816000,17.595000,0.275000,77.008000,27.640000
14.071,-0.055000,0.296000,0.775000,19.252000,-9.168000,78.374000,27.540000
14.082,-0.014000,0.260000,0.734000,22.756000,-10.855000,81.740000,27.590000
14.090,-0.046000,0.218000,0.739000,28.489000,-14.847000,81.534000,27.490000
14.101,-0.090000,0.211000,0.763000,34.916000,-26.137000,80.160000,27.590000
14.110,-0.086000,0.282000,0.804000,41.053000,-41.405000,82.084000,27.590000
14.121,-0.007000,0.368000,0.885000,45.198000,-58.679000,83.382000,27.640000
14.133,0.125000,0.469000,0.945000,44.130000,-66.206000,87.046000,27.640000
14.141,0.271000,0.590000,0.964000,40.000000,-49.550000,92.321000,27.590000
14.153,0.263000,0.596000,1.010000,31.275000,-27.855000,100.588000,27.680000
14.160,0.160000,0.544000,0.996000,23.359000,-0.137000,95.298000,27.590000
14.173,0.073000,0.534000,0.971000,15.817000,25.565000,82.107000,27.540000
14.180,-0.035000,0.494000,0.903000,4.641000,34.641000,71.107000,27.640000
14.192,-0.065000,0.415000,0.815000,6.473000,39.328000,66.947000,27.540000
14.199,-0.007000,0.469000,0.771000,3.206000,46.817000,62.763000,27.590000
14.212,0.032000,0.446000,0.723000,2.160000,48.351000,64.046000,27.590000
14.220,0.061000,0.389000,0.698000,10.336000,56.802000,64.435000,27.590000
14.232,0.040000,0.367000,0.752000,20.374000,65.168000,68.115000,27.640000
14.238,-0.007000,0.386000,0.821000,27.534000,75.702000,71.450000,27.540000
14.251,-0.041000,0.491000,0.888000,28.603000,91.305000,68.939000,27.540000
14.263,-0.098000,0.576000,0.936000,19.916000,105.008000,67.519000,27.680000
14.271,-0.232000,0.551000,0.955000,5.420000,107.893000,64.397000,27.590000
14.283,-0.320000,0.463000,0.877000,2.344000,105.542000,54.061000,27.590000
14.290,-0.266000,0.483000,0.832000,5.336000,108.679000,44.740000,27.640000
14.302,-0.319000,0.464000,0.834000,6.115000,106.916000,47.015000,27.540000
14.310,-0.441000,0.416000,0.869000,12.634000,100.748000,47.992000,27.730000
14.322,-0.524000,0.513000,0.972000,12.038000,93.198000,41.366000,27.590000
14.330,-0.729000,0.480000,1.013000,1.122000,57.427000,47.962000,27.680000
14.341,-0.825000,0.419000,1.018000,-5.977000,24.672000,48.153000,27.590000
14.349,-0.777000,0.413000,0.974000,-7.550000,-9.710000,42.916000,27.590000
14.362,-0.594000,0.417000,0.932000,-11.015000,-29.504000,30.420000,27.640000
14.373,-0.438000,0.447000,0.948000,-11.489000,-35.748000,23.450000,27.640000
14.380,-0.410000,0.395000,0.947000,-14.046000,-38.641000,17.588000,27.590000
14.392,-0.400000,0.348000,0.909000,-15.534000,-41.511000,10.038000,27.590000
14.399,-0.365000,0.278000,0.882000,-12.405000,-46.221000,1.397000,27.590000
14.412,-0.323000,0.272000,0.875000,-5.496000,-54.176000,-4.992000,27.640000
14.419,-0.185000,0.297000,0.863000,1.527000,-56.000000,-9.267000,27.640000
14.432,-0.064000,0.359000,0.878000,6.229000,-49.786000,-9.748000,27.640000
14.438,0.016000,0.461000,0.969000,7.634000,-42.977000,2.336000,27.590000
14.451,0.009000,0.510000,1.068000,2.748000,-33.977000,11.252000,27.590000
14.464,-0.068000,0.520000,1.129000,-8.389000,-26.481000,16.084000,27.680000
14.471,-0.137000,0.448000,1.086000,-22.061000,-24.244000,15.802000,27.730000
14.483,-0.226000,0.340000,1.015000,-25.191000,-23.176000,5.718000,27.640000
14.489,-0.202000,0.323000,0.966000,-23.618000,-24.046000,-5.244000,27.640000
14.501,-0.107000,0.331000,0.934000,-24.038000,-21.023000,-12.534000,27.590000
14.509,-0.092000,0.325000,0.913000,-22.321000,-15.908000,-17.176000,27.590000
14.522,-0.120000,0.319000,0.907000,-17.298000,-13.504000,-19.229000,27.680000
14.533,-0.151000,0.360000,0.934000,-13.901000,-13.710000,-21.305000,27.640000
14.539,-0.203000,0.355000,0.974000,-12.489000,-17.771000,-22.420000,27.640000
14.551,-0.239000,0.337000,1.005000,-12.710000,-18.992000,-30.504000,27.640000
14.558,-0.249000,0.353000,1.008000,-19.565000,-21.947000,-39.809000,27.780000
14.571,-0.195000,0.350000,0.986000,-25.092000,-26.260000,-47.504000,27.680000
14.583,-0.144000,0.358000,0.978000,-25.786000,-31.137000,-48.656000,27.680000
14.589,-0.031000,0.335000,0.951000,-24.771000,-31.962000,-50.740000,27.590000
14.602,-0.022000,0.337000,0.982000,-24.405000,-34.336000,-47.282000,27.730000
14.609,-0.014000,0.351000,1.028000,-23.817000,-39.924000,-39.099000,27.640000
14.621,-0.059000,0.344000,1.094000,-28.076000,-46.099000,-37.824000,27.680000
14.633,-0.048000,0.357000,1.089000,-32.733000,-52.504000,-39.725000,27.680000
14.640,-0.005000,0.422000,1.099000,-37.305000,-57.687000,-36.924000,27.680000
14.653,0.104000,0.448000,1.079000,-42.282000,-51.969000,-39.000000,27.730000
14.660,0.212000,0.450000,1.067000,-46.756000,-35.153000,-42.901000,27.640000
14.671,0.283000,0.422000,1.045000,-48.153000,-11.947000,-51.916000,27.640000
14.680,0.159000,0.351000,1.046000,-52.023000,1.473000,-54.160000,27.680000
14.690,-0.015000,0.298000,1.049000,-51.496000,-2.000000,-49.802000,27.680000
14.703,-0.183000,0.313000,1.059000,-48.626000,-24.489000,-49.702000,27.640000
14.710,-0.195000,0.328000,1.075000,-48.626000,-51.863000,-50.649000,27.640000
14.722,-0.109000,0.393000,1.080000,-51.809000,-75.290000,-47.695000,27.640000
14.729,0.033000,0.445000,1.076000,-57.305000,-85.359000,-47.046000,27.590000
14.741,0.196000,0.464000,1.051000,-63.435000,-77.809000,-51.779000,27.590000
14.753,0.261000,0.488000,1.033000,-67.695000,-66.985000,-48.542000,27.590000
14.761,0.255000,0.413000,1.035000,-71.672000,-53.359000,-45.351000,27.640000
14.773,0.163000,0.327000,1.007000,-75.053000,-43.832000,-37.031000,27.730000
14.780,0.067000,0.294000,0.985000,-72.595000,-41.076000,-32.977000,27.640000
14.791,0.015000,0.312000,0.994000,-66.809000,-39.382000,-37.870000,27.680000
14.798,0.014000,0.359000,0.998000,-65.435000,-37.221000,-47.679000,27.590000
14.813,0.045000,0.391000,0.983000,-65.969000,-34.557000,-56.863000,27.680000
14.823,0.085000,0.376000,1.003000,-67.389000,-30.885000,-72.023000,27.680000
14.830,0.134000,0.337000,0.999000,-70.420000,-26.206000,-81.267000,27.640000
14.842,0.129000,0.308000,1.003000,-69.221000,-29.763000,-74.588000,27.590000
14.849,0.067000,0.265000,1.004000,-70.458000,-38.786000,-66.206000,27.680000
14.862,0.048000,0.228000,0.946000,-67.443000,-54.076000,-48.481000,27.680000
14.875,0.007000,0.260000,1.019000,-68.458000,-70.435000,-34.649000,27.640000
14.880,0.034000,0.303000,0.996000,-73.649000,-81.099000,-27.076000,27.640000
14.893,0.068000,0.332000,0.984000,-77.084000,-85.496000,-29.450000,27.730000
14.900,0.164000,0.316000,0.991000,-78.908000,-78.832000,-44.740000,27.680000
14.912,0.251000,0.272000,0.985000,-83.672000,-68.107000,-62.550000,27.680000
14.919,0.312000,0.209000,0.935000,-86.298000,-58.611000,-67.046000,27.680000
14.931,0.334000,0.167000,0.920000,-76.565000,-48.336000,-67.000000,27.640000
14.943,0.319000,0.283000,0.927000,-73.115000,-47.908000,-61.496000,27.640000
14.950,0.239000,0.365000,1.005000,-74.252000,-63.473000,-38.130000,27.540000
14.962,0.253000,0.486000,1.062000,-82.534000,-71.015000,-25.733000,27.680000
14.970,0.322000,0.491000,1.011000,-102.145000,-77.145000,-11.985000,27.680000
14.982,0.378000,0.325000,0.944000,-116.756000,-70.275000,-2.634000,27.590000
14.988,0.365000,0.128000,0.855000,-124.824000,-48.908000,1.168000,27.640000
15.000,0.248000,-0.027000,0.758000,-122.595000,-34.015000,7.145000,27.730000
15.013,0.157000,-0.065000,0.739000,-103.198000,-17.916000,0.557000,27.730000
15.021,0.085000,0.002000,0.778000,-88.672000,-4.527000,-21.931000,27.680000
15.033,0.064000,0.078000,0.804000,-85.313000,4.519000,-41.267000,27.590000
15.040,0.009000,0.092000,0.843000,-84.626000,4.351000,-67.252000,27.680000
15.051,-0.009000,0.066000,0.851000,-94.031000,-12.817000,-91.008000,27.730000
15.058,0.069000,-0.043000,0.803000,-99.534000,-40.687000,-98.756000,27.640000
15.071,0.215000,-0.065000,0.771000,-101.168000,-68.038000,-98.473000,27.680000
15.083,0.379000,-0.146000,0.694000,-101.145000,-90.427000,-84.786000,27.780000
15.090,0.524000,-0.114000,0.708000,-86.260000,-97.153000,-75.985000,27.780000
15.101,0.678000,-0.021000,0.767000,-81.817000,-89.206000,-68.298000,27.640000
15.110,0.806000,-0.048000,0.751000,-86.771000,-63.122000,-59.214000,27.730000
15.121,0.844000,-0.014000,0.744000,-87.214000,-25.603000,-54.618000,27.640000
15.133,0.714000,0.001000,0.743000,-97.458000,12.672000,-59.122000,27.680000
15.140,0.462000,-0.168000,0.715000,-105.008000,22.496000,-61.756000,27.680000
15.152,0.324000,-0.302000,0.674000,-103.588000,15.427000,-68.092000,27.680000
15.159,0.283000,-0.344000,0.584000,-96.344000,-2.305000,-72.160000,27.640000
15.171,0.344000,-0.376000,0.582000,-84.504000,-18.183000,-73.466000,27.730000
15.183,0.410000,-0.370000,0.578000,-71.664000,-31.313000,-67.794000,27.730000
15.190,0.507000,-0.260000,0.622000,-65.580000,-30.466000,-67.985000,27.590000
15.202,0.595000,-0.232000,0.631000,-73.527000,-23.214000,-62.489000,27.680000
15.211,0.632000,-0.263000,0.598000,-74.237000,-2.588000,-60.015000,27.680000
15.222,0.588000,-0.241000,0.639000,-76.229000,14.649000,-66.374000,27.640000
15.228,0.499000,-0.299000,0.623000,-80.229000,21.740000,-70.519000,27.640000
15.241,0.407000,-0.308000,0.649000,-71.702000,17.427000,-71.504000,27.820000
15.253,0.432000,-0.240000,0.684000,-71.374000,9.954000,-72.809000,27.680000
15.260,0.489000,-0.294000,0.640000,-72.947000,6.641000,-70.237000,27.680000
15.272,0.562000,-0.290000,0.632000,-67.122000,15.504000,-72.901000,27.780000
15.280,0.607000,-0.285000,0.596000,-69.351000,22.267000,-73.954000,27.590000
15.291,0.548000,-0.372000,0.614000,-65.786000,21.298000,-70.145000,27.730000
15.297,0.550000,-0.310000,0.678000,-57.840000,20.496000,-74.321000,27.680000
15.312,0.575000,-0.329000,0.678000,-60.260000,8.053000,-69.137000,27.680000
15.323,0.599000,-0.360000,0.698000,-48.397000,-3.260000,-65.679000,27.680000
15.330,0.727000,-0.205000,0.779000,-40.924000,-3.687000,-67.595000,27.730000
15.342,0.844000,-0.209000,0.801000,-46.328000,1.427000,-61.527000,27.640000
15.349,0.878000,-0.212000,0.762000,-48.053000,19.099000,-57.504000,27.640000
15.362,0.926000,-0.223000,0.757000,-50.405000,52.198000,-58.267000,27.680000
15.375,0.792000,-0.202000,0.787000,-54.641000,70.634000,-50.702000,27.680000
15.381,0.575000,-0.219000,0.812000,-60.489000,65.107000,-44.153000,27.680000
15.392,0.411000,-0.255000,0.819000,-64.534000,41.366000,-41.863000,27.730000
15.399,0.363000,-0.350000,0.800000,-66.405000,2.397000,-39.847000,27.730000
15.412,0.496000,-0.378000,0.770000,-61.664000,-29.061000,-46.664000,27.640000
15.419,0.749000,-0.353000,0.734000,-58.137000,-48.504000,-52.664000,27.680000
15.431,0.982000,-0.380000,0.691000,-56.725000,-41.954000,-54.756000,27.780000
15.443,1.144000,-0.323000,0.683000,-56.870000,-18.840000,-54.664000,27.730000
15.450,1.214000,-0.293000,0.687000,-63.916000,12.275000,-50.359000,27.820000
15.462,1.068000,-0.334000,0.693000,-64.565000,30.947000,-40.885000,27.640000
15.470,0.913000,-0.271000,0.700000,-67.641000,39.771000,-35.000000,27.680000
15.481,0.825000,-0.291000,0.713000,-70.641000,52.053000,-36.221000,27.680000
15.487,0.744000,-0.272000,0.707000,-73.565000,61.771000,-42.542000,27.780000
15.500,0.686000,-0.298000,0.722000,-74.908000,71.389000,-49.076000,27.680000
15.513,0.606000,-0.356000,0.664000,-80.427000,59.580000,-44.840000,27.640000
15.520,0.540000,-0.409000,0.709000,-74.221000,68.550000,-44.817000,27.730000
15.532,0.456000,-0.401000,0.693000,-66.702000,61.145000,-43.573000,27.680000
15.539,0.400000,-0.412000,0.738000,-60.687000,51.206000,-46.015000,27.780000
15.551,0.334000,-0.374000,0.654000,-59.382000,16.565000,-49.061000,27.780000
15.564,0.521000,-0.471000,0.741000,-52.901000,21.420000,-61.588000,27.640000
15.571,0.541000,-0.361000,0.678000,-54.779000,21.168000,-69.008000,27.730000
15.582,0.652000,-0.399000,0.654000,-59.840000,16.481000,-68.168000,27.730000
15.589,0.687000,-0.428000,0.574000,-56.221000,19.298000,-66.290000,27.680000
15.601,0.707000,-0.423000,0.506000,-55.885000,14.855000,-56.206000,27.680000
15.609,0.720000,-0.497000,0.463000,-54.145000,8.115000,-39.115000,27.680000
15.621,0.662000,-0.482000,0.489000,-54.298000,22.885000,-46.206000,27.730000
15.633,0.623000,-0.499000,0.356000,-56.466000,6.214000,-35.611000,27.820000
15.640,0.636000,-0.604000,0.398000,-48.969000,11.336000,-37.771000,27.680000
15.652,0.634000,-0.543000,0.350000,-45.557000,15.076000,-38.550000,27.680000
15.660,0.660000,-0.614000,0.320000,-34.962000,5.634000,-29.130000,27.680000
15.672,0.683000,-0.602000,0.372000,-20.092000,11.565000,-35.580000,27.730000
15.679,0.701000,-0.610000,0.456000,-9.557000,16.969000,-33.962000,27.820000
15.691,0.660000,-0.535000,0.425000,-10.603000,9.321000,-29.176000,27.730000
15.704,0.639000,-0.521000,0.458000,-10.076000,4.924000,-19.855000,27.780000
15.711,0.645000,-0.538000,0.491000,-5.992000,-3.366000,-8.756000,27.680000
15.723,0.633000,-0.492000,0.535000,2.153000,-7.992000,-5.824000,27.780000
15.730,0.674000,-0.431000,0.619000,3.580000,-7.473000,-5.939000,27.680000
15.742,0.703000,-0.409000,0.649000,2.870000,-1.237000,-7.725000,27.730000
15.750,0.715000,-0.418000,0.649000,2.664000,4.481000,-9.206000,27.730000
15.762,0.711000,-0.439000,0.644000,2.122000,12.679000,-9.855000,27.680000
15.770,0.661000,-0.484000,0.658000,4.847000,16.084000,-8.817000,27.780000
15.782,0.589000,-0.456000,0.647000,4.771000,13.237000,-6.458000,27.780000
15.789,0.497000,-0.474000,0.659000,6.145000,4.351000,-0.084000,27.820000
15.802,0.522000,-0.438000,0.682000,9.733000,1.374000,5.244000,27.730000
15.810,0.531000,-0.420000,0.728000,8.573000,-2.374000,6.328000,27.730000
15.822,0.538000,-0.436000,0.734000,9.527000,-3.382000,3.542000,27.680000
15.830,0.554000,-0.420000,0.733000,10.000000,-1.397000,-1.947000,27.780000
15.841,0.552000,-0.415000,0.754000,10.046000,2.527000,-7.137000,27.640000
15.848,0.557000,-0.367000,0.775000,9.084000,5.466000,-10.450000,27.730000
15.862,0.558000,-0.365000,0.787000,5.511000,3.756000,-5.328000,27.730000
15.868,0.559000,-0.358000,0.786000,3.634000,3.107000,1.855000,27.680000
15.881,0.546000,-0.338000,0.776000,0.000000,-1.237000,10.565000,27.780000
15.893,0.522000,-0.374000,0.780000,-3.626000,-3.725000,16.855000,27.780000
15.900,0.522000,-0.402000,0.779000,-4.061000,-2.885000,14.763000,27.730000
15.913,0.518000,-0.425000,0.762000,-3.099000,0.344000,7.931000,27.730000
15.920,0.533000,-0.428000,0.767000,-1.176000,4.069000,-0.710000,27.730000
15.933,0.552000,-0.397000,0.759000,-0.366000,6.008000,-2.985000,27.680000
15.940,0.556000,-0.388000,0.772000,-3.031000,8.198000,0.481000,27.680000
15.952,0.529000,-0.381000,0.764000,-6.550000,4.924000,3.733000,27.680000
15.961,0.524000,-0.382000,0.742000,-10.374000,1.565000,8.198000,27.680000
15.972,0.510000,-0.426000,0.721000,-13.534000,-3.443000,14.069000,27.730000
15.979,0.524000,-0.452000,0.706000,-15.214000,-2.611000,14.603000,27.780000
15.991,0.556000,-0.493000,0.669000,-14.542000,0.084000,13.710000,27.680000
15.998,0.562000,-0.531000,0.645000,-8.580000,5.305000,10.878000,27.780000
16.012,0.538000,-0.516000,0.636000,-4.374000,10.305000,9.863000,27.730000
16.018,0.511000,-0.490000,0.649000,-2.763000,13.000000,8.191000,27.730000
16.031,0.464000,-0.485000,0.636000,-1.489000,10.481000,9.893000,27.820000
16.043,0.438000,-0.472000,0.651000,0.962000,7.618000,9.053000,27.780000
16.050,0.431000,-0.458000,0.654000,2.191000,4.656000,5.870000,27.680000
16.065,0.452000,-0.461000,0.668000,3.374000,3.947000,1.763000,27.680000
16.071,0.469000,-0.458000,0.689000,4.855000,4.443000,-3.160000,27.730000
16.083,0.505000,-0.466000,0.694000,6.351000,6.626000,-4.046000,27.820000
16.090,0.509000,-0.456000,0.706000,7.687000,8.565000,-3.664000,27.820000
16.104,0.482000,-0.427000,0.712000,6.206000,6.565000,-1.878000,27.780000
16.112,0.456000,-0.428000,0.717000,4.420000,2.183000,1.809000,27.780000
16.123,0.428000,-0.422000,0.708000,4.107000,-3.290000,2.763000,27.780000
16.130,0.448000,-0.430000,0.721000,3.504000,-5.168000,-0.313000,27.820000
16.142,0.482000,-0.443000,0.717000,5.595000,-0.924000,-8.664000,27.730000
16.150,0.530000,-0.423000,0.725000,6.634000,5.626000,-15.580000,27.820000
16.163,0.536000,-0.406000,0.755000,5.977000,12.641000,-21.786000,27.780000
16.170,0.518000,-0.352000,0.770000,4.099000,12.176000,-21.153000,27.780000
16.181,0.482000,-0.349000,0.777000,-2.542000,5.191000,-13.756000,27.780000
16.189,0.443000,-0.351000,0.756000,-9.786000,-5.160000,-4.908000,27.780000
16.201,0.433000,-0.402000,0.703000,-13.076000,-16.031000,0.473000,27.730000
16.214,0.500000,-0.485000,0.658000,-8.817000,-19.168000,-1.481000,27.680000
16.221,0.557000,-0.495000,0.674000,-0.565000,-14.992000,-3.977000,27.680000
16.233,0.626000,-0.453000,0.688000,3.176000,-4.519000,-9.458000,27.680000
16.240,0.644000,-0.441000,0.706000,4.595000,6.817000,-11.641000,27.820000
16.252,0.614000,-0.423000,0.700000,3.420000,11.756000,-9.053000,27.730000
16.260,0.577000,-0.422000,0.701000,2.076000,16.672000,-7.221000,27.730000
16.272,0.524000,-0.442000,0.719000,3.305000,17.420000,-4.855000,27.780000
16.280,0.473000,-0.427000,0.726000,5.313000,12.878000,-2.382000,27.780000
16.292,0.447000,-0.391000,0.752000,5.344000,6.244000,-1.420000,27.780000
16.299,0.458000,-0.411000,0.748000,4.305000,-2.672000,1.603000,27.820000
16.312,0.507000,-0.416000,0.739000,5.145000,-5.855000,4.656000,27.820000
16.320,0.529000,-0.413000,0.693000,3.611000,-7.878000,5.840000,27.730000
16.332,0.546000,-0.479000,0.676000,6.542000,-4.878000,5.908000,27.780000
16.339,0.542000,-0.490000,0.697000,12.611000,3.099000,-1.450000,27.780000
16.351,0.542000,-0.448000,0.722000,13.313000,8.382000,-6.237000,27.780000
16.359,0.532000,-0.449000,0.740000,12.626000,12.786000,-8.214000,27.730000
16.371,0.492000,-0.424000,0.746000,11.962000,14.641000,-10.122000,27.730000
16.383,0.491000,-0.420000,0.746000,10.153000,12.244000,-9.771000,27.780000
16.390,0.490000,-0.406000,0.737000,8.771000,8.733000,-7.489000,27.870000
16.404,0.483000,-0.413000,0.721000,9.168000,3.947000,-4.290000,27.870000
16.412,0.481000,-0.410000,0.724000,9.435000,0.237000,-4.634000,27.780000
16.423,0.495000,-0.417000,0.718000,10.832000,-2.802000,-5.626000,27.730000
16.430,0.499000,-0.417000,0.741000,13.267000,-4.702000,-7.626000,27.820000
16.442,0.536000,-0.357000,0.761000,13.985000,-5.137000,-9.069000,27.780000
16.449,0.562000,-0.345000,0.765000,10.977000,-5.412000,-5.733000,27.780000
16.462,0.583000,-0.343000,0.729000,7.168000,-3.786000,0.252000,27.870000
16.471,0.588000,-0.359000,0.694000,3.053000,-0.397000,4.885000,27.920000
16.482,0.568000,-0.422000,0.648000,2.504000,2.603000,7.603000,27.730000
16.489,0.539000,-0.469000,0.604000,7.313000,6.939000,5.580000,27.820000
16.501,0.510000,-0.466000,0.584000,12.282000,9.130000,2.374000,27.780000
16.509,0.503000,-0.471000,0.579000,16.092000,10.305000,1.901000,27.780000
16.522,0.479000,-0.450000,0.545000,18.137000,10.176000,3.382000,27.780000
16.530,0.460000,-0.484000,0.518000,21.229000,9.504000,2.969000,27.820000
16.541,0.446000,-0.502000,0.479000,26.366000,9.344000,2.389000,27.820000
16.548,0.430000,-0.516000,0.443000,32.107000,3.618000,6.267000,27.780000
16.562,0.378000,-0.533000,0.431000,43.511000,-6.977000,10.107000,27.780000
16.573,0.353000,-0.462000,0.415000,52.855000,-24.786000,16.305000,27.680000
16.581,0.385000,-0.469000,0.426000,60.344000,-39.351000,22.076000,27.820000
16.592,0.496000,-0.460000,0.431000,70.053000,-36.702000,15.351000,27.820000
16.599,0.617000,-0.413000,0.450000,74.740000,-20.015000,4.069000,27.820000
16.612,0.698000,-0.390000,0.461000,75.015000,10.740000,-6.656000,27.870000
16.621,0.718000,-0.386000,0.432000,72.710000,45.595000,-16.366000,27.870000
16.632,0.673000,-0.403000,0.384000,70.137000,78.298000,-22.435000,27.870000
16.638,0.523000,-0.456000,0.359000,69.252000,93.618000,-17.802000,27.820000
16.650,0.225000,-0.531000,0.347000,86.069000,84.275000,-11.763000,27.820000
16.663,0.051000,-0.439000,0.448000,105.618000,52.344000,-7.481000,27.780000
16.671,0.038000,-0.398000,0.551000,117.420000,13.481000,-3.893000,27.870000
16.683,0.132000,-0.312000,0.645000,129.954000,-16.435000,-7.779000,27.780000
16.689,0.331000,-0.173000,0.718000,135.145000,-32.534000,-13.992000,27.820000
16.701,0.519000,-0.066000,0.789000,126.924000,-33.527000,-17.802000,27.820000
16.713,0.692000,-0.020000,0.775000,114.405000,-18.328000,-16.603000,27.920000
16.722,0.715000,-0.067000,0.742000,105.046000,-2.763000,-5.214000,27.870000
16.733,0.603000,-0.081000,0.739000,108.840000,9.153000,2.954000,27.870000
16.740,0.525000,0.007000,0.806000,113.756000,15.458000,0.649000,27.820000
16.753,0.491000,0.073000,0.861000,109.076000,18.977000,-4.847000,27.820000
16.760,0.512000,0.104000,0.860000,102.939000,24.779000,-11.092000,27.820000
16.772,0.579000,0.079000,0.771000,90.092000,36.069000,-13.450000,27.870000
16.780,0.601000,-0.052000,0.654000,85.504000,50.611000,-12.718000,27.780000
16.791,0.531000,-0.130000,0.582000,94.008000,65.282000,-15.992000,27.870000
16.797,0.416000,-0.126000,0.581000,102.603000,69.252000,-13.771000,27.820000
16.810,0.241000,-0.152000,0.635000,117.183000,55.977000,-11.107000,27.730000
16.823,0.182000,0.035000,0.701000,130.328000,34.687000,-13.198000,27.820000
16.831,0.232000,0.183000,0.771000,128.481000,7.893000,-6.901000,27.780000
16.842,0.360000,0.276000,0.816000,123.687000,-7.000000,0.076000,27.870000
16.850,0.497000,0.331000,0.797000,115.565000,-10.817000,7.511000,27.870000
16.863,0.611000,0.295000,0.764000,104.985000,0.885000,10.282000,27.870000
16.870,0.656000,0.221000,0.708000,97.031000,22.389000,10.855000,27.820000
16.882,0.587000,0.149000,0.679000,96.443000,44.603000,9.206000,27.870000
16.889,0.473000,0.207000,0.723000,107.214000,63.450000,-3.420000,27.780000
16.901,0.364000,0.278000,0.796000,111.130000,64.893000,-10.756000,27.780000
16.908,0.234000,0.290000,0.842000,108.511000,48.985000,-5.893000,27.820000
16.922,0.183000,0.315000,0.834000,105.122000,22.779000,3.802000,27.820000
16.934,0.234000,0.266000,0.801000,101.298000,-0.130000,13.137000,27.920000
16.940,0.306000,0.226000,0.759000,105.252000,-8.214000,12.695000,27.780000
16.953,0.383000,0.241000,0.736000,112.023000,-7.496000,7.076000,27.870000
16.960,0.409000,0.291000,0.768000,116.656000,3.298000,-7.031000,27.780000
16.972,0.402000,0.376000,0.783000,116.160000,11.725000,-16.885000,27.820000
16.980,0.395000,0.371000,0.768000,117.267000,16.779000,-20.427000,27.820000
16.991,0.334000,0.383000,0.723000,111.908000,8.977000,-13.534000,27.780000
16.999,0.274000,0.359000,0.662000,107.053000,-7.214000,1.015000,27.870000
17.012,0.265000,0.337000,0.612000,102.489000,-27.595000,18.626000,27.780000
17.018,0.269000,0.321000,0.576000,110.802000,-38.901000,21.740000,27.820000
17.031,0.376000,0.340000,0.605000,121.969000,-35.237000,12.198000,27.820000
17.043,0.515000,0.465000,0.711000,134.802000,-11.420000,-10.832000,27.820000
17.050,0.521000,0.616000,0.746000,140.099000,8.763000,-33.664000,27.970000
17.062,0.520000,0.698000,0.773000,136.740000,26.802000,-49.740000,27.780000
17.069,0.479000,0.735000,0.745000,127.672000,26.534000,-39.779000,27.970000
17.082,0.372000,0.684000,0.696000,115.176000,7.069000,-9.450000,27.870000
17.088,0.278000,0.588000,0.612000,108.069000,-19.603000,21.046000,27.820000
17.101,0.366000,0.672000,0.660000,104.435000,-32.389000,37.733000,27.820000
17.114,0.522000,0.785000,0.787000,100.504000,-21.542000,29.618000,27.870000
17.121,0.577000,0.894000,0.860000,92.466000,1.611000,13.863000,27.870000
17.133,0.599000,0.903000,0.859000,87.359000,28.015000,-8.763000,27.970000
17.140,0.653000,0.840000,0.829000,80.840000,48.366000,-20.176000,27.820000
17.153,0.566000,0.773000,0.770000,74.542000,49.641000,-4.832000,27.820000
17.161,0.410000,0.713000,0.705000,74.611000,33.252000,20.847000,27.970000
17.172,0.257000,0.653000,0.638000,77.985000,3.405000,47.015000,27.870000
17.180,0.177000,0.598000,0.614000,78.351000,-27.756000,63.504000,27.970000
17.192,0.204000,0.540000,0.552000,82.969000,-45.282000,59.901000,27.730000
17.199,0.283000,0.478000,0.470000,95.015000,-44.511000,38.321000,27.820000
17.212,0.372000,0.473000,0.423000,111.450000,-30.237000,9.672000,27.920000
17.219,0.420000,0.620000,0.502000,125.534000,-15.374000,-11.198000,27.970000
17.231,0.415000,0.757000,0.585000,133.183000,-6.374000,-24.359000,27.870000
17.243,0.362000,0.916000,0.687000,127.733000,-18.511000,-25.183000,27.870000
17.250,0.335000,0.957000,0.697000,123.198000,-41.824000,-15.489000,27.820000
17.262,0.362000,0.991000,0.681000,110.183000,-74.939000,5.771000,27.820000
17.270,0.414000,0.912000,0.633000,93.817000,-99.206000,27.260000,27.920000
17.282,0.478000,0.749000,0.491000,86.542000,-110.443000,40.947000,27.870000
17.289,0.567000,0.602000,0.378000,92.840000,-95.763000,31.443000,27.870000
17.301,0.659000,0.543000,0.290000,110.405000,-60.443000,5.603000,27.870000
17.314,0.672000,0.591000,0.261000,132.427000,-21.519000,-20.038000,27.870000
17.321,0.603000,0.800000,0.378000,144.901000,6.206000,-35.473000,28.010000
17.333,0.567000,1.158000,0.598000,134.153000,11.282000,-30.046000,27.820000
17.340,0.508000,1.321000,0.730000,112.763000,0.916000,-21.382000,27.870000
17.352,0.520000,1.310000,0.738000,86.466000,-15.779000,-11.282000,27.970000
17.360,0.564000,1.162000,0.672000,71.786000,-31.076000,1.893000,27.870000
17.372,0.645000,1.020000,0.590000,65.412000,-33.420000,11.496000,28.010000
17.379,0.691000,0.968000,0.521000,66.489000,-21.809000,17.099000,27.820000
17.391,0.687000,0.924000,0.486000,71.130000,1.053000,10.924000,27.920000
17.399,0.663000,0.920000,0.452000,74.809000,29.969000,0.855000,27.870000
17.412,0.558000,0.894000,0.403000,79.687000,51.420000,-7.008000,27.870000
17.419,0.402000,0.894000,0.392000,84.756000,57.176000,-13.084000,27.820000
17.432,0.236000,0.907000,0.421000,89.275000,39.656000,-14.298000,27.920000
17.443,0.166000,0.928000,0.473000,92.076000,9.107000,-13.069000,27.920000
17.450,0.273000,1.004000,0.472000,88.313000,-15.702000,-11.359000,27.780000
17.463,0.393000,0.998000,0.450000,82.916000,-28.763000,-6.069000,27.970000
17.470,0.489000,0.979000,0.398000,78.656000,-21.977000,-9.061000,27.870000
17.482,0.503000,0.959000,0.285000,72.046000,-8.863000,-8.160000,27.920000
17.489,0.418000,0.865000,0.222000,72.405000,2.008000,-14.252000,27.920000
17.502,0.310000,0.831000,0.158000,76.046000,3.168000,-21.389000,27.920000
17.510,0.263000,0.834000,0.144000,80.916000,-9.298000,-27.122000,27.870000
17.521,0.359000,0.869000,0.156000,85.702000,-21.985000,-30.015000,27.870000
17.529,0.466000,0.878000,0.165000,91.504000,-26.168000,-31.092000,27.870000
17.540,0.608000,0.920000,0.208000,99.160000,-16.977000,-27.725000,27.870000
17.554,0.729000,0.987000,0.229000,106.153000,9.313000,-29.763000,27.920000
17.561,0.611000,1.075000,0.277000,102.786000,28.748000,-28.069000,27.920000
17.573,0.491000,1.127000,0.270000,95.947000,39.374000,-26.443000,27.870000
17.580,0.376000,1.127000,0.220000,84.107000,38.008000,-21.595000,27.970000
17.592,0.273000,1.079000,0.198000,76.511000,22.313000,-14.977000,27.870000
17.599,0.296000,1.013000,0.171000,72.084000,3.977000,-11.695000,27.920000
17.612,0.301000,0.956000,0.175000,72.557000,-13.679000,-9.336000,27.920000
17.620,0.380000,0.948000,0.226000,78.542000,-23.527000,-10.237000,28.010000
17.631,0.471000,1.007000,0.286000,79.374000,-22.817000,-12.145000,27.870000
17.643,0.531000,1.066000,0.354000,75.107000,-14.832000,-16.137000,27.870000
17.650,0.551000,1.151000,0.384000,63.634000,-3.916000,-16.450000,27.970000
17.663,0.520000,1.193000,0.377000,46.115000,4.038000,-14.084000,27.920000
17.670,0.443000,1.137000,0.335000,30.702000,0.244000,-10.450000,27.920000
17.683,0.430000,1.058000,0.271000,21.420000,-6.855000,-5.832000,27.970000
17.689,0.433000,0.992000,0.228000,16.321000,-14.908000,0.489000,27.870000
17.702,0.488000,0.955000,0.157000,15.115000,-17.237000,4.473000,27.870000
17.711,0.522000,0.923000,0.171000,17.221000,-10.779000,4.557000,27.920000
17.722,0.522000,0.946000,0.174000,17.435000,-0.061000,2.092000,27.920000
17.730,0.494000,0.998000,0.211000,13.908000,8.008000,0.046000,27.820000
17.742,0.475000,1.058000,0.203000,6.504000,14.084000,-0.023000,27.970000
17.749,0.398000,1.027000,0.139000,-1.786000,13.809000,4.840000,27.970000
17.762,0.331000,0.929000,0.082000,-1.969000,8.809000,5.824000,27.970000
17.769,0.307000,0.890000,0.070000,1.443000,2.282000,4.443000,28.060000
17.782,0.315000,0.869000,0.082000,4.305000,-5.313000,2.000000,27.920000
17.789,0.362000,0.895000,0.119000,7.901000,-8.809000,0.237000,27.920000
17.802,0.395000,0.930000,0.165000,9.450000,-8.527000,-3.198000,27.870000
17.811,0.430000,0.984000,0.179000,5.947000,-4.221000,-5.992000,27.970000
17.821,0.413000,1.039000,0.158000,-3.336000,-3.550000,-2.092000,27.970000
17.829,0.375000,0.956000,0.096000,-9.374000,-5.626000,-0.847000,27.920000
17.841,0.395000,0.902000,0.040000,-10.496000,-5.855000,-0.893000,28.010000
17.848,0.396000,0.881000,0.021000,-8.489000,-7.908000,0.015000,28.110000
17.862,0.423000,0.855000,0.007000,-2.756000,-7.214000,0.076000,27.970000
17.867,0.447000,0.871000,0.055000,3.260000,-3.427000,-2.695000,27.970000
17.881,0.455000,0.924000,0.112000,6.038000,3.351000,-5.733000,27.870000
17.893,0.457000,0.992000,0.175000,2.740000,10.435000,-7.420000,27.920000
17.900,0.446000,1.034000,0.186000,-4.145000,14.099000,-5.435000,27.920000
17.913,0.429000,1.011000,0.162000,-10.557000,15.939000,-4.527000,27.820000
17.920,0.404000,0.977000,0.127000,-15.099000,15.756000,-4.191000,27.970000
17.933,0.380000,0.944000,0.116000,-16.939000,13.053000,-2.336000,28.150000
17.939,0.356000,0.913000,0.089000,-16.740000,7.924000,-0.603000,27.970000
17.952,0.391000,0.917000,0.105000,-15.893000,5.771000,3.084000,27.920000
17.960,0.412000,0.955000,0.090000,-16.878000,6.359000,3.695000,28.110000
17.972,0.393000,0.936000,0.098000,-18.275000,7.092000,2.939000,27.920000
17.980,0.386000,0.923000,0.083000,-19.916000,8.412000,-0.366000,27.970000
17.992,0.392000,0.935000,0.041000,-22.069000,9.183000,-0.985000,27.970000
17.999,0.380000,0.867000,0.016000,-20.695000,10.046000,-2.695000,27.970000
18.011,0.377000,0.847000,-0.011000,-15.550000,11.099000,-4.687000,27.970000
18.019,0.395000,0.862000,0.016000,-11.275000,13.191000,-7.641000,27.920000
18.031,0.429000,0.884000,0.060000,-8.046000,17.473000,-10.672000,28.060000
18.043,0.475000,0.929000,0.101000,-6.710000,25.473000,-12.695000,27.970000
18.050,0.471000,0.958000,0.111000,-8.763000,33.565000,-12.802000,27.970000
18.063,0.458000,0.963000,0.112000,-13.115000,40.672000,-14.389000,28.010000
18.070,0.418000,0.988000,0.087000,-19.580000,44.672000,-13.359000,27.920000
18.082,0.325000,0.909000,0.034000,-24.840000,40.641000,-12.626000,28.010000
18.089,0.284000,0.855000,-0.008000,-24.702000,33.107000,-16.786000,27.970000
18.101,0.303000,0.815000,-0.030000,-21.053000,26.168000,-20.160000,27.970000
18.114,0.353000,0.812000,-0.030000,-14.855000,23.092000,-25.412000,27.970000
18.121,0.412000,0.835000,0.006000,-8.504000,25.351000,-26.641000,28.010000
18.133,0.458000,0.854000,0.049000,-2.962000,31.473000,-25.985000,27.920000
18.140,0.486000,0.886000,0.090000,-0.557000,41.992000,-26.779000,28.010000
18.152,0.494000,0.912000,0.110000,1.939000,53.618000,-27.374000,27.970000
18.161,0.492000,0.997000,0.207000,-0.221000,63.458000,-28.221000,27.870000
18.172,0.477000,1.005000,0.236000,-6.802000,70.824000,-27.382000,27.970000
18.180,0.472000,1.034000,0.232000,-13.069000,78.061000,-27.489000,27.920000
18.191,0.451000,1.016000,0.211000,-19.267000,82.740000,-25.916000,28.010000
18.197,0.379000,0.979000,0.208000,-22.336000,83.687000,-21.458000,27.920000
18.212,0.338000,0.952000,0.188000,-23.420000,81.565000,-17.061000,27.970000
18.223,0.309000,0.933000,0.180000,-21.840000,78.244000,-15.168000,28.060000
18.231,0.317000,0.926000,0.177000,-19.374000,78.321000,-14.046000,28.060000
18.242,0.358000,0.945000,0.186000,-18.427000,82.985000,-13.565000,27.970000
18.249,0.385000,0.943000,0.160000,-18.641000,93.397000,-13.901000,28.010000
18.262,0.384000,0.922000,0.167000,-17.802000,105.901000,-16.802000,28.010000
18.269,0.374000,0.910000,0.161000,-15.573000,118.527000,-20.702000,27.970000
18.281,0.382000,0.898000,0.186000,-12.053000,132.542000,-25.740000,27.970000
18.293,0.376000,0.892000,0.214000,-9.031000,146.634000,-29.939000,27.970000
18.300,0.356000,0.924000,0.257000,-6.015000,159.031000,-32.893000,28.010000
18.312,0.354000,0.944000,0.284000,-6.038000,170.489000,-35.298000,28.010000
18.320,0.312000,0.976000,0.340000,-8.481000,178.145000,-33.580000,28.010000
18.332,0.314000,1.004000,0.373000,-14.458000,188.695000,-34.962000,27.970000
18.338,0.295000,1.001000,0.354000,-23.008000,196.511000,-37.382000,27.970000
18.351,0.238000,0.957000,0.347000,-26.649000,203.481000,-40.458000,27.970000
18.363,0.205000,0.935000,0.299000,-25.985000,209.344000,-45.664000,27.920000
18.371,0.173000,0.947000,0.296000,-28.878000,212.046000,-50.611000,27.920000
18.383,0.077000,0.971000,0.294000,-29.855000,206.802000,-50.809000,28.010000
18.389,0.019000,0.976000,0.313000,-31.412000,194.489000,-48.679000,28.060000
18.401,-0.011000,0.992000,0.294000,-35.321000,175.351000,-45.527000,27.970000
18.414,-0.049000,0.970000,0.311000,-37.855000,155.153000,-39.656000,27.970000
18.421,0.001000,0.918000,0.293000,-39.267000,139.634000,-35.710000,27.920000
18.433,0.084000,0.892000,0.255000,-37.786000,135.969000,-33.099000,27.920000
18.440,0.135000,0.859000,0.257000,-34.198000,145.038000,-33.405000,27.920000
18.451,0.171000,0.861000,0.241000,-28.656000,162.679000,-39.786000,27.970000
18.459,0.136000,0.877000,0.251000,-26.344000,181.679000,-48.237000,27.970000
18.471,-0.033000,0.895000,0.294000,-22.985000,181.267000,-46.725000,27.970000
18.483,-0.121000,0.912000,0.308000,-25.924000,167.748000,-46.275000,28.010000
18.490,-0.128000,0.927000,0.275000,-29.069000,149.901000,-41.527000,27.920000
18.502,-0.037000,0.888000,0.236000,-27.046000,144.260000,-40.725000,27.970000
18.509,0.100000,0.851000,0.181000,-23.847000,152.443000,-43.702000,27.870000
18.521,0.080000,0.832000,0.177000,-20.168000,165.237000,-44.466000,27.970000
18.533,0.009000,0.808000,0.166000,-15.756000,168.954000,-38.626000,28.010000
18.540,-0.066000,0.825000,0.162000,-10.351000,165.687000,-28.397000,27.920000
18.552,-0.096000,0.808000,0.181000,-5.176000,160.748000,-18.557000,28.010000
18.559,-0.078000,0.847000,0.174000,0.183000,160.794000,-13.443000,27.970000
18.572,-0.121000,0.864000,0.232000,4.290000,162.771000,-11.092000,28.060000
18.579,-0.174000,0.881000,0.240000,4.870000,161.817000,-12.344000,28.060000
18.591,-0.198000,0.895000,0.235000,4.527000,161.122000,-14.405000,27.920000
18.604,-0.230000,0.885000,0.207000,2.519000,157.863000,-13.771000,27.920000
18.612,-0.258000,0.875000,0.180000,1.366000,154.412000,-12.099000,28.010000
18.624,-0.253000,0.856000,0.154000,1.901000,155.748000,-9.153000,28.060000
18.630,-0.163000,0.857000,0.124000,1.710000,170.458000,-14.649000,27.970000
18.642,-0.214000,0.894000,0.112000,0.405000,183.687000,-17.542000,28.010000
18.649,-0.300000,0.876000,0.144000,-0.168000,186.298000,-17.679000,28.010000
18.662,-0.363000,0.885000,0.157000,-1.282000,180.794000,-17.115000,28.010000
18.668,-0.406000,0.890000,0.153000,-3.206000,169.718000,-14.305000,27.970000
18.681,-0.364000,0.831000,0.161000,-5.244000,160.763000,-15.260000,27.970000
18.693,-0.237000,0.857000,0.123000,-6.962000,165.985000,-20.641000,27.970000
18.699,-0.151000,0.913000,0.053000,-7.763000,181.366000,-28.618000,27.870000
18.712,-0.097000,0.855000,0.009000,-7.931000,198.435000,-30.672000,27.920000
18.721,-0.075000,0.857000,-0.095000,-6.931000,224.244000,-36.763000,28.010000
18.731,-0.214000,0.863000,-0.137000,-5.336000,236.855000,-34.084000,28.060000
18.743,-0.416000,0.834000,-0.153000,-1.817000,226.397000,-21.672000,28.060000
18.750,-0.548000,0.795000,-0.137000,5.443000,197.847000,-2.351000,27.970000
18.762,-0.566000,0.726000,-0.080000,13.710000,171.122000,10.779000,28.010000
18.770,-0.436000,0.813000,-0.112000,20.534000,160.595000,9.252000,27.920000
18.781,-0.302000,0.883000,-0.138000,17.824000,167.466000,-3.962000,28.010000
18.788,-0.256000,0.873000,-0.198000,14.168000,179.969000,-15.153000,27.970000
18.800,-0.286000,0.846000,-0.238000,15.366000,188.336000,-18.496000,27.870000
18.813,-0.412000,0.866000,-0.218000,22.061000,180.969000,-6.267000,27.970000
18.820,-0.507000,0.869000,-0.177000,33.412000,159.603000,19.237000,28.010000
18.833,-0.573000,0.970000,-0.082000,40.168000,137.725000,46.466000,28.010000
18.839,-0.653000,1.049000,-0.039000,39.038000,123.817000,67.679000,28.010000
18.851,-0.686000,1.058000,-0.008000,34.534000,121.244000,71.969000,28.060000
18.864,-0.762000,1.061000,-0.013000,26.313000,126.626000,63.084000,28.060000
18.871,-0.873000,1.041000,0.016000,15.534000,135.450000,44.550000,28.060000
18.883,-0.950000,1.015000,-0.005000,5.527000,134.924000,20.634000,28.010000
18.889,-1.002000,0.971000,-0.015000,-1.038000,126.985000,-2.786000,28.010000
18.902,-1.056000,0.933000,-0.038000,-4.290000,106.710000,-19.542000,28.010000
18.909,-1.017000,0.895000,-0.068000,-4.588000,79.855000,-30.519000,28.060000
18.921,-0.966000,0.863000,-0.078000,-3.267000,51.878000,-34.588000,27.970000
18.933,-0.844000,0.843000,-0.105000,-2.328000,32.802000,-38.145000,28.060000
18.940,-0.726000,0.845000,-0.148000,0.282000,20.450000,-42.061000,27.970000
18.953,-0.608000,0.850000,-0.147000,5.511000,19.084000,-50.153000,27.920000
18.961,-0.497000,0.880000,-0.167000,9.481000,24.076000,-55.336000,28.010000
18.972,-0.451000,0.907000,-0.140000,10.389000,33.595000,-56.588000,27.970000
18.980,-0.463000,0.937000,-0.117000,10.084000,42.069000,-54.748000,28.060000
18.991,-0.524000,0.962000,-0.105000,7.275000,42.237000,-47.496000,28.110000
19.003,-0.622000,0.969000,-0.109000,3.985000,32.947000,-35.107000,28.010000
19.011,-0.618000,0.943000,-0.108000,1.740000,28.878000,-31.885000,28.110000
19.023,-0.599000,1.000000,-0.148000,-1.649000,28.237000,-32.672000,28.060000
19.031,-0.628000,0.947000,-0.130000,-2.214000,28.122000,-38.664000,28.060000
19.042,-0.645000,0.895000,-0.133000,-2.557000,24.840000,-43.679000,27.970000
19.049,-0.613000,0.856000,-0.147000,-3.115000,24.206000,-49.031000,28.110000
19.062,-0.609000,0.821000,-0.171000,-2.053000,19.641000,-50.298000,28.110000
19.073,-0.634000,0.774000,-0.178000,1.977000,11.092000,-48.397000,28.010000
19.080,-0.642000,0.750000,-0.162000,7.794000,-0.450000,-46.710000,28.060000
19.092,-0.620000,0.761000,-0.163000,13.542000,-12.374000,-46.008000,28.060000
19.099,-0.600000,0.782000,-0.139000,17.672000,-23.756000,-44.557000,28.060000
19.112,-0.568000,0.806000,-0.114000,19.389000,-35.450000,-39.313000,28.010000
19.120,-0.539000,0.820000,-0.102000,20.298000,-44.840000,-33.878000,28.110000
19.131,-0.491000,0.881000,-0.073000,17.229000,-50.366000,-23.893000,28.010000
19.142,-0.445000,0.900000,-0.038000,11.244000,-44.885000,-13.130000,28.060000
19.149,-0.410000,0.921000,-0.039000,3.313000,-26.206000,-13.802000,27.970000
19.163,-0.422000,0.924000,-0.039000,-4.466000,-1.244000,-17.565000,28.060000
19.169,-0.531000,0.886000,-0.055000,-11.550000,18.382000,-23.550000,28.060000
19.181,-0.632000,0.857000,-0.071000,-16.290000,29.695000,-27.832000,28.010000
19.193,-0.755000,0.850000,-0.087000,-17.496000,31.237000,-30.168000,28.010000
19.200,-0.816000,0.874000,-0.097000,-19.282000,26.328000,-29.412000,27.970000
19.212,-0.872000,0.931000,-0.095000,-19.824000,20.893000,-23.191000,28.060000
19.220,-0.977000,0.953000,-0.095000,-25.588000,11.107000,-10.763000,28.060000
19.231,-1.075000,0.891000,-0.101000,-28.748000,3.389000,-5.389000,28.010000
19.243,-1.146000,0.749000,-0.111000,-25.115000,-7.740000,-11.962000,28.010000
19.250,-1.135000,0.740000,-0.138000,-21.557000,-17.634000,-21.618000,28.110000
19.262,-1.074000,0.667000,-0.146000,-9.908000,-24.954000,-36.885000,28.060000
19.269,-1.002000,0.625000,-0.136000,0.885000,-27.710000,-58.336000,28.060000
19.281,-0.938000,0.656000,-0.121000,9.603000,-31.275000,-76.137000,28.060000
19.288,-0.839000,0.674000,-0.106000,17.198000,-35.695000,-85.840000,28.110000
19.300,-0.762000,0.740000,-0.084000,23.687000,-38.450000,-87.168000,28.110000
19.313,-0.689000,0.808000,-0.045000,24.397000,-37.557000,-85.015000,28.110000
19.321,-0.654000,0.863000,-0.024000,21.733000,-34.466000,-77.634000,28.060000
19.332,-0.663000,0.916000,-0.011000,14.595000,-29.840000,-67.366000,27.970000
19.338,-0.700000,0.915000,-0.014000,6.580000,-23.977000,-58.290000,28.060000
19.350,-0.743000,0.878000,-0.069000,-0.626000,-15.809000,-54.260000,28.010000
19.363,-0.787000,0.822000,-0.098000,-4.252000,-5.015000,-63.092000,28.010000
19.370,-0.851000,0.738000,-0.148000,-2.924000,-2.244000,-77.000000,28.110000
19.382,-0.865000,0.693000,-0.167000,3.031000,-3.771000,-91.878000,28.060000
19.389,-0.835000,0.696000,-0.194000,9.641000,-9.885000,-98.397000,28.060000
19.401,-0.788000,0.708000,-0.187000,14.794000,-16.595000,-96.511000,27.970000
19.407,-0.758000,0.760000,-0.202000,16.321000,-20.634000,-89.145000,28.060000
19.421,-0.729000,0.748000,-0.224000,17.733000,-20.824000,-78.237000,28.010000
19.433,-0.779000,0.699000,-0.203000,23.954000,-18.573000,-73.511000,28.110000
19.439,-0.844000,0.748000,-0.161000,28.122000,-15.977000,-73.611000,28.060000
19.451,-0.917000,0.715000,-0.125000,26.969000,-18.985000,-82.351000,27.970000
19.458,-0.880000,0.748000,-0.098000,27.458000,-16.832000,-100.840000,28.060000
19.471,-0.790000,0.775000,-0.081000,19.267000,-11.809000,-106.542000,28.010000
19.483,-0.770000,0.750000,-0.093000,12.840000,-2.473000,-109.992000,28.110000
19.489,-0.742000,0.704000,-0.154000,8.847000,8.618000,-105.557000,28.110000
19.502,-0.778000,0.709000,-0.176000,6.901000,16.496000,-92.466000,28.150000
19.510,-0.820000,0.627000,-0.209000,6.870000,24.878000,-91.710000,28.060000
19.521,-0.948000,0.620000,-0.203000,8.786000,27.267000,-88.435000,28.110000
19.533,-1.002000,0.575000,-0.215000,12.405000,28.809000,-91.198000,28.110000
19.540,-1.056000,0.532000,-0.223000,13.916000,27.389000,-93.985000,27.920000
19.553,-1.102000,0.485000,-0.219000,16.115000,25.656000,-101.420000,28.060000
19.560,-1.120000,0.448000,-0.231000,18.756000,20.702000,-113.015000,27.970000
19.572,-1.074000,0.440000,-0.258000,24.893000,19.374000,-122.771000,28.060000
19.579,-1.029000,0.493000,-0.277000,30.015000,20.122000,-124.534000,28.060000
19.591,-1.054000,0.473000,-0.263000,33.947000,18.710000,-122.550000,28.010000
19.602,-1.040000,0.545000,-0.242000,37.115000,24.710000,-117.519000,28.110000
19.610,-1.112000,0.600000,-0.208000,34.275000,24.626000,-105.443000,28.060000
19.622,-1.208000,0.443000,-0.170000,31.626000,16.634000,-113.740000,28.060000
19.629,-1.242000,0.406000,-0.175000,30.137000,4.351000,-121.252000,28.060000
19.641,-1.188000,0.323000,-0.188000,29.641000,-7.092000,-131.840000,28.060000
19.653,-1.051000,0.323000,-0.235000,32.198000,-7.931000,-135.511000,28.110000
19.661,-0.992000,0.360000,-0.238000,36.641000,-3.656000,-132.626000,28.110000
19.672,-1.001000,0.344000,-0.203000,41.763000,2.771000,-128.901000,28.060000
19.679,-1.030000,0.468000,-0.116000,36.336000,8.962000,-117.939000,28.060000
19.691,-1.110000,0.524000,-0.064000,27.176000,9.069000,-101.191000,28.060000
19.704,-1.216000,0.377000,-0.025000,17.198000,1.542000,-111.092000,28.110000
19.710,-1.229000,0.401000,-0.042000,3.191000,-8.359000,-113.855000,28.110000
19.723,-1.232000,0.302000,-0.090000,-6.153000,-19.977000,-122.183000,28.110000
19.730,-1.173000,0.185000,-0.170000,-7.634000,-29.260000,-129.229000,28.150000
19.741,-1.051000,0.183000,-0.253000,-4.168000,-32.275000,-123.076000,28.150000
19.754,-0.966000,0.182000,-0.196000,-0.130000,-29.450000,-129.771000,28.150000
19.761,-0.919000,0.334000,-0.106000,-5.664000,-26.282000,-115.534000,28.110000
19.772,-0.977000,0.337000,-0.079000,-14.458000,-29.336000,-101.237000,28.110000
19.780,-1.062000,0.135000,-0.110000,-18.763000,-36.969000,-96.885000,28.110000
19.791,-1.068000,-0.006000,-0.164000,-14.260000,-43.962000,-101.260000,28.150000
19.803,-1.058000,-0.163000,-0.199000,-3.573000,-50.427000,-118.382000,28.060000
19.810,-0.917000,-0.081000,-0.249000,12.641000,-43.244000,-131.740000,28.060000
19.821,-0.850000,0.013000,-0.262000,20.847000,-37.626000,-143.115000,28.010000
19.829,-0.800000,0.023000,-0.194000,25.221000,-30.008000,-143.366000,28.110000
19.840,-0.742000,0.180000,-0.120000,18.282000,-21.397000,-134.481000,28.110000
19.852,-0.816000,0.057000,-0.129000,12.282000,-25.817000,-126.000000,28.060000
19.859,-0.804000,-0.108000,-0.186000,18.809000,-22.695000,-122.710000,28.060000
19.871,-0.743000,-0.149000,-0.220000,31.870000,-18.137000,-119.710000,28.060000
19.883,-0.767000,-0.237000,-0.198000,46.878000,-9.046000,-119.573000,28.060000
19.890,-0.757000,-0.152000,-0.174000,57.534000,7.000000,-121.183000,28.110000
19.902,-0.823000,-0.121000,-0.151000,66.053000,17.977000,-122.878000,28.150000
19.913,-0.864000,-0.056000,-0.133000,70.771000,33.275000,-124.802000,28.150000
19.921,-0.985000,-0.049000,-0.120000,66.771000,32.641000,-122.450000,28.060000
19.933,-1.122000,-0.180000,-0.089000,65.870000,20.656000,-125.260000,28.200000
19.940,-1.101000,-0.165000,-0.098000,66.069000,3.046000,-126.107000,28.200000
19.952,-1.017000,-0.223000,-0.115000,65.649000,-14.740000,-124.122000,28.110000
19.959,-0.822000,-0.097000,-0.142000,65.351000,-12.672000,-114.305000,28.060000
19.971,-0.834000,-0.148000,-0.144000,62.061000,-12.366000,-105.275000,28.150000
19.983,-0.877000,-0.268000,-0.157000,64.695000,-8.183000,-102.282000,28.150000
19.989,-0.918000,-0.276000,-0.164000,67.244000,-9.153000,-101.649000,28.110000
20.001,-0.971000,-0.412000,-0.115000,72.718000,-16.542000,-108.275000,28.200000
20.013,-0.915000,-0.426000,-0.077000,79.626000,-20.641000,-113.542000,28.110000
20.020,-0.843000,-0.431000,-0.013000,85.221000,-29.145000,-123.252000,28.060000
20.032,-0.769000,-0.426000,0.050000,88.069000,-38.466000,-128.733000,28.060000
20.039,-0.526000,-0.271000,0.067000,88.099000,-36.985000,-119.496000,28.200000
20.051,-0.466000,-0.290000,0.111000,82.046000,-35.397000,-110.817000,28.010000
20.064,-0.418000,-0.307000,0.133000,77.145000,-23.878000,-96.710000,28.110000
20.071,-0.512000,-0.316000,0.133000,65.191000,-19.221000,-83.038000,28.150000
20.082,-0.630000,-0.453000,0.130000,60.626000,-24.397000,-71.420000,28.150000
20.089,-0.694000,-0.557000,0.150000,62.885000,-35.618000,-70.237000,28.150000
20.101,-0.703000,-0.564000,0.194000,65.786000,-51.092000,-73.389000,28.150000
20.113,-0.593000,-0.574000,0.228000,65.939000,-61.298000,-80.924000,28.110000
20.121,-0.413000,-0.537000,0.238000,65.710000,-63.542000,-82.214000,28.110000
20.133,-0.250000,-0.584000,0.228000,65.779000,-48.176000,-87.046000,28.060000
20.139,-0.173000,-0.585000,0.204000,68.779000,-22.099000,-86.397000,28.060000
20.151,-0.152000,-0.559000,0.203000,73.924000,6.947000,-78.305000,28.150000
20.158,-0.294000,-0.533000,0.248000,74.282000,34.008000,-71.573000,28.200000
20.172,-0.480000,-0.492000,0.305000,68.084000,43.634000,-61.069000,28.110000
20.183,-0.647000,-0.477000,0.343000,57.489000,36.252000,-50.237000,28.200000
20.190,-0.735000,-0.528000,0.356000,45.626000,19.374000,-38.229000,28.150000
20.202,-0.699000,-0.509000,0.286000,35.710000,7.603000,-32.267000,28.150000
20.211,-0.720000,-0.594000,0.239000,28.221000,-7.427000,-28.420000,28.110000
20.221,-0.626000,-0.640000,0.170000,24.832000,-9.580000,-27.458000,28.110000
20.233,-0.615000,-0.647000,0.135000,24.412000,-11.260000,-25.122000,28.200000
20.240,-0.569000,-0.717000,0.099000,25.725000,-4.282000,-30.878000,28.150000
20.253,-0.518000,-0.697000,0.074000,28.947000,9.916000,-33.588000,28.060000
20.260,-0.530000,-0.706000,0.064000,29.931000,19.542000,-33.763000,28.150000
20.272,-0.589000,-0.751000,0.061000,34.565000,27.000000,-36.702000,28.110000
20.279,-0.641000,-0.767000,0.101000,42.450000,26.656000,-39.198000,28.110000
20.291,-0.649000,-0.741000,0.117000,46.870000,22.634000,-40.756000,28.110000
20.304,-0.620000,-0.693000,0.134000,50.122000,21.099000,-37.366000,28.150000
20.310,-0.615000,-0.635000,0.155000,47.298000,18.336000,-31.832000,28.150000
20.323,-0.604000,-0.642000,0.176000,44.137000,18.718000,-25.893000,28.150000
20.329,-0.644000,-0.664000,0.202000,40.885000,15.908000,-22.649000,28.150000
20.342,-0.649000,-0.668000,0.198000,38.878000,15.618000,-22.519000,28.110000
20.348,-0.658000,-0.703000,0.220000,36.000000,14.466000,-21.336000,28.250000
20.363,-0.654000,-0.708000,0.216000,38.305000,13.687000,-23.702000,28.150000
20.374,-0.636000,-0.685000,0.242000,38.969000,16.382000,-26.687000,28.250000
20.380,-0.632000,-0.688000,0.260000,38.344000,18.443000,-28.359000,28.200000
20.392,-0.656000,-0.648000,0.285000,33.282000,19.618000,-27.656000,28.200000
20.399,-0.681000,-0.657000,0.267000,28.809000,17.084000,-27.580000,28.200000
20.412,-0.702000,-0.661000,0.270000,25.382000,10.702000,-25.275000,28.250000
20.418,-0.752000,-0.670000,0.270000,22.885000,1.863000,-23.939000,28.150000
20.431,-0.789000,-0.698000,0.265000,20.504000,-11.573000,-22.076000,28.110000
20.442,-0.769000,-0.752000,0.261000,22.580000,-21.748000,-27.443000,28.200000
20.449,-0.709000,-0.795000,0.264000,28.305000,-24.550000,-36.443000,28.200000
20.462,-0.645000,-0.731000,0.261000,34.267000,-24.374000,-44.573000,28.150000
20.469,-0.619000,-0.721000,0.305000,38.031000,-23.137000,-51.893000,28.250000
20.481,-0.560000,-0.683000,0.321000,39.061000,-23.023000,-54.489000,28.110000
20.493,-0.538000,-0.672000,0.349000,38.748000,-25.405000,-51.153000,28.110000
20.500,-0.456000,-0.615000,0.378000,31.802000,-24.863000,-46.046000,28.200000
20.512,-0.420000,-0.645000,0.403000,27.763000,-20.458000,-42.160000,28.150000
20.520,-0.398000,-0.654000,0.410000,20.542000,-18.183000,-37.092000,28.150000
20.531,-0.403000,-0.682000,0.407000,17.649000,-18.985000,-33.214000,28.150000
20.543,-0.369000,-0.706000,0.405000,14.466000,-21.069000,-28.183000,28.150000
20.550,-0.290000,-0.674000,0.362000,12.618000,-18.710000,-19.832000,28.200000
20.563,-0.304000,-0.683000,0.392000,8.137000,-19.176000,-6.466000,28.150000
20.571,-0.266000,-0.647000,0.370000,5.847000,-12.985000,7.840000,28.150000
20.582,-0.326000,-0.685000,0.384000,0.802000,-9.458000,15.244000,28.150000
20.588,-0.356000,-0.698000,0.384000,-1.176000,-3.802000,18.374000,28.200000
20.601,-0.382000,-0.687000,0.378000,-3.092000,-0.939000,18.611000,28.200000
20.613,-0.374000,-0.681000,0.363000,-5.176000,1.420000,18.840000,28.110000
20.622,-0.369000,-0.663000,0.347000,-7.328000,2.420000,23.473000,28.150000
20.633,-0.359000,-0.686000,0.334000,-8.374000,4.198000,32.405000,28.250000
20.640,-0.376000,-0.667000,0.343000,-8.542000,10.832000,41.176000,28.200000
20.652,-0.407000,-0.638000,0.351000,-10.641000,19.458000,49.069000,28.110000
20.660,-0.484000,-0.604000,0.370000,-16.008000,25.649000,54.809000,28.200000
20.672,-0.582000,-0.620000,0.375000,-22.298000,28.061000,57.252000,28.150000
20.679,-0.639000,-0.625000,0.366000,-27.412000,25.832000,57.450000,28.150000
20.690,-0.679000,-0.653000,0.355000,-30.542000,19.336000,56.038000,28.150000
20.703,-0.687000,-0.677000,0.349000,-32.496000,11.511000,52.641000,28.110000
20.710,-0.644000,-0.667000,0.326000,-32.160000,5.924000,50.443000,28.110000
20.722,-0.602000,-0.645000,0.325000,-31.573000,3.740000,52.557000,28.150000
20.730,-0.583000,-0.627000,0.324000,-32.618000,5.168000,56.481000,28.150000
20.741,-0.586000,-0.584000,0.328000,-36.374000,8.107000,61.374000,28.250000
20.748,-0.604000,-0.572000,0.332000,-42.145000,11.908000,64.794000,28.150000
20.761,-0.670000,-0.601000,0.310000,-49.542000,11.015000,65.626000,28.200000
20.773,-0.680000,-0.619000,0.281000,-56.229000,5.710000,61.977000,28.110000
20.781,-0.664000,-0.681000,0.261000,-56.000000,1.115000,54.740000,28.150000
20.792,-0.593000,-0.703000,0.240000,-53.084000,-5.374000,47.229000,28.150000
20.799,-0.510000,-0.692000,0.216000,-47.397000,-9.481000,46.122000,28.110000
20.813,-0.427000,-0.639000,0.218000,-41.183000,-11.580000,54.908000,28.200000
20.818,-0.412000,-0.597000,0.249000,-39.000000,-8.191000,68.038000,28.200000
20.831,-0.421000,-0.463000,0.286000,-42.252000,-3.435000,85.847000,28.250000
20.843,-0.475000,-0.436000,0.308000,-50.435000,0.389000,98.863000,28.150000
20.849,-0.562000,-0.459000,0.317000,-59.931000,2.412000,111.092000,28.250000
20.862,-0.588000,-0.476000,0.287000,-68.427000,6.573000,118.130000,28.200000
20.869,-0.616000,-0.503000,0.245000,-74.000000,9.931000,121.405000,28.110000
20.881,-0.660000,-0.553000,0.193000,-77.763000,15.504000,120.237000,28.150000
20.893,-0.671000,-0.521000,0.146000,-75.656000,22.435000,121.198000,28.150000
20.900,-0.727000,-0.509000,0.134000,-72.069000,27.458000,124.084000,28.150000
20.912,-0.809000,-0.484000,0.129000,-71.206000,27.832000,127.389000,28.290000
20.920,-0.927000,-0.427000,0.157000,-76.519000,18.702000,129.824000,28.200000
20.931,-1.010000,-0.429000,0.170000,-82.466000,2.290000,132.420000,28.200000
20.943,-1.018000,-0.385000,0.140000,-86.107000,-14.710000,137.542000,28.150000
20.950,-1.039000,-0.380000,0.107000,-88.206000,-30.748000,141.908000,28.150000
20.962,-1.034000,-0.377000,0.075000,-87.160000,-42.290000,144.534000,28.150000
20.969,-1.031000,-0.407000,0.050000,-85.389000,-48.710000,141.389000,28.250000
20.981,-0.973000,-0.427000,0.043000,-81.153000,-44.618000,131.176000,28.200000
20.993,-0.959000,-0.447000,0.031000,-75.756000,-38.985000,117.992000,28.250000
21.000,-0.929000,-0.462000,0.022000,-70.305000,-30.557000,103.977000,28.150000
21.012,-0.885000,-0.454000,0.005000,-65.046000,-15.954000,89.763000,28.150000
21.021,-0.924000,-0.455000,0.002000,-57.458000,-12.809000,81.519000,28.110000
21.032,-0.910000,-0.440000,0.003000,-47.817000,-15.702000,81.092000,28.200000
21.043,-0.805000,-0.386000,-0.013000,-38.359000,-9.023000,85.748000,28.200000
21.050,-0.826000,-0.317000,0.021000,-31.191000,1.481000,89.458000,28.250000
21.063,-0.868000,-0.270000,0.068000,-31.389000,11.504000,88.618000,28.150000
21.070,-0.930000,-0.262000,0.102000,-36.122000,16.336000,85.924000,28.150000
21.082,-0.968000,-0.310000,0.130000,-42.252000,14.298000,80.214000,28.200000
21.088,-0.959000,-0.350000,0.116000,-46.511000,7.420000,73.740000,28.110000
21.101,-0.824000,-0.284000,0.042000,-45.115000,7.275000,75.229000,28.250000
21.113,-0.774000,-0.224000,-0.018000,-41.580000,12.947000,84.031000,28.250000
21.120,-0.812000,-0.218000,-0.027000,-33.252000,20.756000,92.534000,28.250000
21.132,-0.856000,-0.151000,0.003000,-29.145000,30.672000,98.374000,28.200000
21.139,-0.966000,-0.166000,0.037000,-32.458000,35.565000,96.832000,28.200000
21.151,-1.120000,-0.235000,0.087000,-36.740000,27.282000,87.534000,28.200000
21.159,-1.142000,-0.311000,0.043000,-42.702000,15.176000,69.061000,28.150000
21.171,-1.103000,-0.370000,-0.017000,-42.290000,3.496000,53.504000,28.250000
21.182,-0.984000,-0.392000,-0.064000,-33.336000,-6.191000,42.931000,28.250000
21.189,-0.834000,-0.326000,-0.091000,-20.634000,-4.527000,40.985000,28.250000
21.202,-0.782000,-0.261000,-0.076000,-10.374000,1.573000,40.756000,28.200000
21.210,-0.806000,-0.213000,-0.013000,-3.542000,2.115000,45.435000,28.250000
21.221,-0.874000,-0.161000,0.094000,-4.779000,-13.802000,55.229000,28.250000
21.233,-0.789000,-0.113000,0.104000,-10.092000,-26.092000,64.443000,28.150000
21.240,-0.685000,-0.069000,0.105000,-21.214000,-28.756000,71.076000,28.200000
21.252,-0.578000,-0.020000,0.062000,-27.779000,-17.733000,78.947000,28.290000
21.259,-0.529000,-0.051000,0.031000,-30.153000,-2.328000,82.198000,28.200000
21.271,-0.524000,-0.003000,0.000000,-38.656000,20.351000,87.947000,28.250000
21.283,-0.571000,-0.114000,-0.088000,-25.198000,29.824000,101.969000,28.250000
21.290,-0.568000,-0.037000,-0.144000,-7.252000,58.756000,108.023000,28.150000
21.303,-0.729000,-0.005000,-0.090000,4.679000,79.206000,112.221000,28.200000
21.311,-0.896000,0.079000,-0.078000,9.740000,86.527000,110.214000,28.200000
21.322,-1.089000,0.103000,0.007000,8.985000,76.221000,105.389000,28.250000
21.330,-1.196000,0.100000,0.056000,1.427000,46.939000,102.389000,28.250000
21.341,-1.028000,0.117000,-0.007000,-1.649000,26.046000,103.977000,28.250000
21.348,-0.787000,0.204000,-0.120000,0.794000,32.504000,105.809000,28.200000
21.362,-0.683000,0.295000,-0.160000,5.954000,54.802000,114.130000,28.110000
21.373,-0.664000,0.543000,-0.188000,5.122000,85.389000,128.298000,28.200000
21.380,-0.863000,0.669000,-0.107000,-7.954000,106.107000,140.802000,28.150000
21.392,-1.186000,0.671000,-0.021000,-23.206000,96.069000,153.763000,28.250000
21.399,-1.473000,0.554000,0.056000,-39.863000,55.473000,163.954000,28.250000
21.412,-1.666000,0.402000,0.115000,-58.527000,4.405000,158.847000,28.150000
21.424,-1.507000,0.267000,0.028000,-68.588000,-35.687000,141.885000,28.290000
21.430,-1.191000,0.214000,-0.075000,-67.214000,-44.321000,112.580000,28.250000
21.442,-0.907000,0.144000,-0.127000,-58.534000,-26.725000,82.763000,28.250000
21.449,-0.743000,0.146000,-0.152000,-49.176000,1.588000,57.344000,28.250000
21.462,-0.617000,0.256000,-0.093000,-43.099000,33.725000,43.046000,28.200000
21.469,-0.662000,0.352000,0.000000,-47.893000,51.115000,45.053000,28.290000
21.481,-0.745000,0.419000,0.048000,-57.473000,49.573000,58.542000,28.200000
21.493,-0.788000,0.511000,0.026000,-65.176000,38.672000,84.412000,28.250000
21.500,-0.875000,0.540000,-0.002000,-71.229000,17.435000,112.489000,28.150000
21.512,-0.920000,0.495000,-0.061000,-69.534000,3.588000,131.962000,28.250000
21.519,-0.901000,0.466000,-0.154000,-62.756000,0.588000,143.298000,28.290000
21.531,-0.927000,0.469000,-0.217000,-48.916000,13.626000,141.771000,28.200000
21.537,-0.992000,0.436000,-0.246000,-35.511000,36.115000,121.145000,28.150000
21.550,-1.144000,0.431000,-0.193000,-24.527000,44.908000,99.267000,28.150000
21.562,-1.320000,0.424000,-0.118000,-17.962000,37.183000,76.687000,28.250000
21.570,-1.354000,0.448000,-0.067000,-18.511000,9.771000,61.511000,28.200000
21.582,-1.203000,0.587000,-0.038000,-23.435000,-12.519000,58.718000,28.110000
21.588,-1.011000,0.643000,-0.055000,-30.725000,-25.053000,60.687000,28.200000
21.601,-0.851000,0.663000,-0.097000,-29.527000,-22.985000,67.992000,28.250000
21.613,-0.801000,0.621000,-0.145000,-24.351000,-11.176000,70.435000,28.250000
21.620,-0.814000,0.590000,-0.142000,-14.748000,-0.756000,72.412000,28.150000
21.633,-0.926000,0.556000,-0.107000,-11.183000,3.176000,73.244000,28.250000
21.639,-1.006000,0.531000,-0.075000,-8.000000,-6.183000,66.214000,28.110000
21.652,-0.980000,0.520000,-0.074000,-8.069000,-15.687000,62.794000,28.250000
21.659,-0.784000,0.560000,-0.135000,-5.511000,-12.840000,60.000000,28.250000
21.671,-0.741000,0.594000,-0.169000,-0.290000,-3.076000,62.794000,28.340000
21.683,-0.687000,0.742000,-0.107000,1.511000,9.305000,70.718000,28.290000
21.690,-0.710000,0.794000,-0.084000,-1.885000,19.779000,77.603000,28.200000
21.703,-0.825000,0.755000,-0.049000,-9.038000,17.832000,83.985000,28.290000
21.710,-0.929000,0.693000,-0.022000,-14.321000,5.649000,88.000000,28.250000
21.722,-0.975000,0.638000,-0.006000,-17.153000,-16.771000,89.397000,28.250000
21.729,-0.939000,0.593000,-0.021000,-17.603000,-37.053000,87.679000,28.200000
21.741,-0.741000,0.641000,-0.081000,-13.298000,-38.145000,84.046000,28.200000
21.754,-0.584000,0.709000,-0.128000,-8.130000,-24.435000,82.618000,28.290000
21.760,-0.481000,0.808000,-0.115000,-1.947000,3.267000,82.122000,28.340000
21.773,-0.545000,0.896000,-0.059000,-6.870000,27.588000,83.489000,28.250000
21.780,-0.679000,0.877000,-0.042000,-10.977000,39.107000,85.198000,28.440000
21.792,-0.822000,0.803000,-0.053000,-14.947000,33.740000,85.618000,28.290000
21.798,-0.955000,0.729000,-0.031000,-18.115000,11.809000,84.489000,28.200000
21.812,-1.005000,0.654000,-0.042000,-19.115000,-19.847000,80.870000,28.290000
21.823,-0.944000,0.608000,-0.040000,-17.099000,-52.939000,74.687000,28.250000
21.831,-0.721000,0.584000,-0.071000,-9.641000,-65.122000,66.290000,28.340000
21.842,-0.414000,0.702000,-0.118000,2.191000,-49.481000,64.191000,28.250000
21.849,-0.197000,0.825000,-0.170000,5.481000,-10.725000,66.687000,28.250000
21.862,-0.254000,0.909000,-0.156000,15.389000,35.076000,68.191000,28.200000
21.868,-0.449000,1.005000,-0.093000,19.351000,63.023000,72.412000,28.150000
21.882,-0.672000,1.028000,-0.048000,15.359000,72.435000,79.939000,28.150000
21.893,-0.869000,1.004000,-0.048000,8.527000,59.794000,90.267000,28.340000
21.900,-1.036000,0.921000,-0.030000,2.435000,31.641000,90.947000,28.290000
21.913,-1.135000,0.786000,-0.036000,-2.832000,-4.832000,82.168000,28.200000
21.920,-1.063000,0.673000,-0.043000,0.687000,-44.473000,68.947000,28.290000
21.933,-0.878000,0.677000,-0.042000,6.924000,-77.130000,53.107000,28.340000
21.939,-0.629000,0.807000,-0.025000,6.137000,-92.046000,50.718000,28.250000
21.951,-0.377000,0.918000,-0.030000,10.847000,-88.008000,54.328000,28.340000
21.963,-0.241000,1.017000,-0.038000,14.084000,-70.656000,68.237000,28.390000
21.971,-0.213000,1.050000,-0.038000,15.076000,-43.656000,78.145000,28.290000
21.983,-0.333000,1.020000,0.000000,14.122000,-20.809000,86.168000,28.200000
21.989,-0.523000,0.944000,-0.005000,8.435000,-12.679000,87.496000,28.250000
22.002,-0.685000,0.869000,-0.000000,8.122000,-18.771000,82.969000,28.340000
22.010,-0.684000,0.911000,0.008000,13.412000,-29.420000,71.351000,28.290000
22.022,-0.605000,0.954000,0.062000,17.779000,-35.053000,61.977000,28.200000
22.029,-0.486000,1.034000,0.081000,16.908000,-29.802000,60.962000,28.200000
22.040,-0.404000,1.114000,0.101000,10.687000,-16.176000,61.298000,28.250000
22.054,-0.387000,1.145000,0.067000,3.023000,4.053000,65.832000,28.250000
22.062,-0.487000,1.142000,0.030000,-4.153000,22.351000,75.328000,28.250000
22.073,-0.654000,1.080000,-0.007000,-11.969000,32.282000,85.137000,28.250000
22.080,-0.825000,0.977000,-0.077000,-13.176000,36.275000,80.702000,28.290000
22.092,-0.984000,0.880000,-0.111000,-7.771000,30.443000,71.420000,28.290000
22.099,-1.061000,0.835000,-0.101000,0.924000,16.931000,55.969000,28.250000
22.112,-1.050000,0.809000,-0.068000,8.099000,-0.061000,35.947000,28.340000
22.119,-0.950000,0.833000,-0.035000,14.046000,-15.840000,14.664000,28.290000
22.131,-0.818000,0.855000,-0.026000,18.244000,-31.786000,0.458000,28.200000
22.143,-0.670000,0.898000,-0.025000,22.366000,-45.985000,-3.542000,28.390000
22.150,-0.497000,0.995000,-0.005000,24.947000,-53.244000,1.107000,28.250000
22.163,-0.334000,1.082000,0.079000,18.000000,-52.977000,13.847000,28.340000
22.169,-0.273000,1.087000,0.103000,4.191000,-48.809000,29.038000,28.290000
22.182,-0.279000,1.020000,0.087000,-6.969000,-41.092000,36.298000,28.290000
22.188,-0.294000,0.955000,0.049000,-10.863000,-34.031000,39.435000,28.290000
22.201,-0.312000,0.930000,0.023000,-10.893000,-25.344000,38.076000,28.340000
22.214,-0.309000,0.934000,0.006000,-9.855000,-11.672000,31.687000,28.340000
22.221,-0.320000,0.941000,-0.006000,-9.557000,4.115000,25.298000,28.340000
22.233,-0.377000,0.945000,-0.005000,-9.992000,18.450000,23.473000,28.290000
22.239,-0.504000,0.927000,-0.013000,-9.718000,25.267000,20.229000,28.290000
22.252,-0.617000,0.896000,-0.009000,-7.847000,22.168000,16.924000,28.250000
22.259,-0.700000,0.882000,-0.016000,-4.176000,12.947000,11.366000,28.250000
22.272,-0.732000,0.868000,-0.023000,1.725000,0.985000,3.573000,28.340000
22.279,-0.688000,0.871000,-0.016000,6.954000,-4.740000,-8.664000,28.340000
22.291,-0.602000,0.907000,-0.029000,10.321000,-4.511000,-20.916000,28.290000
22.304,-0.520000,0.929000,-0.037000,12.809000,1.794000,-32.511000,28.290000
22.310,-0.506000,0.952000,-0.033000,12.855000,5.069000,-38.053000,28.340000
22.323,-0.474000,0.966000,-0.017000,11.565000,6.275000,-40.366000,28.340000
22.330,-0.454000,0.991000,-0.011000,9.366000,6.908000,-40.206000,28.290000
22.342,-0.445000,0.991000,0.002000,6.878000,8.786000,-39.756000,28.290000
22.349,-0.452000,0.966000,0.015000,4.023000,11.618000,-38.641000,28.390000
22.362,-0.453000,0.961000,-0.020000,1.878000,15.008000,-37.542000,28.340000
22.368,-0.466000,0.948000,-0.027000,0.168000,20.069000,-38.344000,28.340000
22.381,-0.493000,0.934000,-0.050000,-0.947000,23.832000,-40.092000,28.250000
22.393,-0.517000,0.913000,-0.082000,0.023000,23.565000,-40.550000,28.390000
22.400,-0.561000,0.895000,-0.089000,2.878000,21.809000,-42.183000,28.290000
22.412,-0.600000,0.893000,-0.100000,5.076000,16.260000,-43.344000,28.340000
22.421,-0.621000,0.882000,-0.093000,7.565000,7.718000,-44.382000,28.340000
22.432,-0.627000,0.860000,-0.079000,11.206000,1.176000,-49.198000,28.250000
22.438,-0.617000,0.876000,-0.048000,12.954000,-5.282000,-53.481000,28.290000
22.451,-0.580000,0.893000,-0.040000,14.176000,-10.122000,-57.427000,28.290000
22.463,-0.561000,0.904000,-0.027000,15.275000,-13.611000,-56.748000,28.290000
22.470,-0.553000,0.931000,-0.012000,15.023000,-17.153000,-54.656000,28.340000
22.483,-0.561000,0.957000,0.006000,13.817000,-20.550000,-49.153000,28.340000
22.489,-0.612000,0.958000,0.011000,12.382000,-25.313000,-45.511000,28.340000
22.501,-0.678000,0.957000,0.002000,11.359000,-33.763000,-45.282000,28.290000
22.508,-0.739000,0.942000,0.009000,9.611000,-44.824000,-47.015000,28.290000
22.521,-0.780000,0.942000,0.015000,7.336000,-61.389000,-51.534000,28.340000
22.534,-0.781000,0.939000,0.019000,4.137000,-81.282000,-53.183000,28.340000
22.540,-0.709000,0.964000,0.022000,-0.176000,-96.473000,-52.786000,28.340000
22.552,-0.618000,0.958000,0.012000,-4.160000,-102.107000,-51.573000,28.290000
22.559,-0.492000,0.955000,0.000000,-6.176000,-91.519000,-50.908000,28.390000
22.571,-0.411000,0.932000,0.008000,-7.969000,-67.206000,-53.840000,28.250000
22.583,-0.444000,0.894000,0.033000,-8.374000,-38.382000,-59.702000,28.340000
22.590,-0.481000,0.897000,0.037000,-8.550000,-15.718000,-63.130000,28.250000
22.603,-0.555000,0.872000,0.048000,-8.832000,1.359000,-66.351000,28.290000
22.610,-0.618000,0.859000,0.032000,-7.450000,11.099000,-67.916000,28.290000
22.622,-0.667000,0.885000,0.035000,-6.046000,17.061000,-68.977000,28.340000
22.630,-0.712000,0.886000,0.065000,-12.069000,19.832000,-66.504000,28.250000
22.641,-0.754000,0.889000,0.060000,-13.145000,24.466000,-67.855000,28.340000
22.647,-0.778000,0.878000,0.029000,-16.168000,30.344000,-74.420000,28.290000
22.662,-0.812000,0.835000,-0.008000,-16.313000,36.389000,-81.160000,28.390000
22.673,-0.840000,0.803000,-0.039000,-12.824000,39.412000,-89.885000,28.390000
22.679,-0.844000,0.783000,-0.059000,-7.824000,41.198000,-98.038000,28.340000
22.691,-0.832000,0.796000,-0.052000,-4.542000,42.985000,-103.191000,28.250000
22.698,-0.819000,0.761000,-0.069000,-1.985000,43.450000,-104.641000,28.440000
22.711,-0.806000,0.800000,-0.069000,0.176000,46.786000,-104.015000,28.390000
22.724,-0.875000,0.769000,-0.062000,1.969000,43.977000,-103.176000,28.390000
22.731,-0.895000,0.750000,-0.058000,4.748000,41.634000,-106.840000,28.340000
22.742,-0.878000,0.756000,-0.051000,6.534000,40.374000,-111.359000,28.340000
22.749,-0.889000,0.720000,-0.062000,7.282000,38.153000,-113.092000,28.340000
22.762,-0.868000,0.731000,-0.089000,10.992000,39.374000,-115.817000,28.290000
22.773,-0.878000,0.711000,-0.110000,8.985000,39.405000,-114.221000,28.290000
22.781,-0.923000,0.696000,-0.126000,12.779000,41.031000,-117.237000,28.390000
22.792,-0.938000,0.695000,-0.108000,14.504000,39.771000,-116.198000,28.340000
22.799,-0.986000,0.695000,-0.091000,14.214000,33.687000,-113.885000,28.250000
22.812,-1.002000,0.637000,-0.112000,17.359000,24.634000,-112.084000,28.200000
22.819,-0.978000,0.649000,-0.128000,18.420000,19.527000,-110.679000,28.290000
22.831,-0.979000,0.612000,-0.137000,19.863000,14.985000,-109.565000,28.390000
22.843,-0.964000,0.575000,-0.156000,24.328000,16.802000,-113.061000,28.340000
22.849,-0.921000,0.615000,-0.161000,26.198000,22.626000,-114.893000,28.340000
22.862,-0.949000,0.584000,-0.157000,28.153000,29.962000,-118.099000,28.340000
22.869,-0.973000,0.589000,-0.190000,31.061000,38.267000,-119.214000,28.290000
22.881,-1.022000,0.584000,-0.173000,32.153000,39.305000,-119.924000,28.390000
22.893,-1.067000,0.538000,-0.156000,32.344000,33.344000,-119.679000,28.390000
22.900,-1.130000,0.490000,-0.148000,32.557000,18.916000,-117.916000,28.340000
22.912,-1.123000,0.453000,-0.155000,36.618000,7.084000,-118.244000,28.340000
22.919,-1.109000,0.410000,-0.148000,38.069000,-5.832000,-117.389000,28.340000
22.931,-1.062000,0.418000,-0.156000,40.893000,-9.771000,-116.527000,28.390000
22.943,-1.009000,0.452000,-0.168000,44.275000,-5.252000,-114.099000,28.390000
22.950,-1.052000,0.404000,-0.166000,45.977000,-1.985000,-119.496000,28.340000
22.962,-1.034000,0.438000,-0.155000,46.695000,5.550000,-124.527000,28.340000
22.970,-1.108000,0.356000,-0.131000,40.473000,1.176000,-128.260000,28.440000
22.981,-1.072000,0.270000,-0.164000,42.267000,-3.863000,-132.397000,28.480000
22.993,-0.978000,0.378000,-0.160000,44.122000,-4.588000,-126.550000,28.290000
23.000,-0.999000,0.318000,-0.164000,44.405000,-6.420000,-121.336000,28.290000
23.012,-0.992000,0.320000,-0.164000,46.763000,-1.496000,-121.176000,28.440000
23.019,-1.050000,0.252000,-0.150000,50.336000,-4.893000,-119.443000,28.340000
23.032,-1.099000,0.188000,-0.115000,54.672000,-8.244000,-125.634000,28.290000
23.043,-1.093000,0.161000,-0.131000,52.397000,-16.863000,-129.718000,28.290000
23.050,-1.024000,0.211000,-0.137000,51.130000,-23.450000,-132.282000,28.290000
23.063,-0.962000,0.218000,-0.170000,48.840000,-27.328000,-130.221000,28.440000
23.070,-0.890000,0.247000,-0.198000,47.885000,-25.679000,-122.473000,28.340000
23.082,-0.830000,0.312000,-0.207000,46.099000,-14.885000,-107.924000,28.340000
23.093,-0.919000,0.277000,-0.182000,41.053000,-4.214000,-94.519000,28.290000
23.100,-1.079000,0.157000,-0.171000,38.992000,3.107000,-91.237000,28.390000
23.113,-1.207000,0.044000,-0.175000,40.405000,-3.809000,-102.366000,28.340000
23.119,-1.271000,-0.070000,-0.186000,48.076000,-17.450000,-116.840000,28.340000
23.131,-1.232000,-0.062000,-0.175000,52.420000,-32.313000,-129.519000,28.340000
23.143,-1.132000,-0.035000,-0.197000,58.786000,-44.435000,-141.634000,28.440000
23.150,-0.980000,0.025000,-0.172000,61.580000,-49.542000,-148.115000,28.290000
23.163,-0.790000,0.137000,-0.175000,58.870000,-43.656000,-141.656000,28.390000
23.170,-0.796000,0.035000,-0.161000,57.183000,-37.328000,-133.847000,28.340000
23.182,-0.854000,-0.060000,-0.144000,59.244000,-29.817000,-130.870000,28.340000
23.193,-0.899000,-0.107000,-0.108000,62.046000,-34.481000,-127.252000,28.390000
23.199,-0.949000,-0.174000,-0.059000,65.076000,-42.595000,-131.832000,28.390000
23.212,-0.852000,-0.170000,-0.046000,66.366000,-48.779000,-137.000000,28.290000
23.223,-0.743000,-0.148000,-0.021000,67.580000,-53.389000,-137.931000,28.340000
23.231,-0.620000,-0.104000,-0.012000,69.901000,-47.809000,-131.527000,28.440000
23.242,-0.556000,-0.046000,0.036000,65.588000,-39.786000,-123.221000,28.530000
23.249,-0.520000,-0.063000,0.067000,57.336000,-26.420000,-108.702000,28.390000
23.261,-0.640000,-0.105000,0.078000,47.122000,-16.420000,-105.099000,28.390000
23.274,-0.708000,-0.196000,0.070000,42.115000,-12.618000,-100.336000,28.440000
23.280,-0.749000,-0.256000,0.048000,37.656000,-14.634000,-96.870000,28.340000
23.292,-0.749000,-0.319000,-0.000000,37.931000,-19.511000,-92.977000,28.340000
23.299,-0.656000,-0.361000,-0.048000,44.427000,-17.771000,-88.916000,28.390000
23.312,-0.664000,-0.361000,-0.039000,51.954000,-15.214000,-87.344000,28.390000
23.323,-0.608000,-0.324000,-0.014000,56.962000,-8.313000,-79.634000,28.390000
23.330,-0.682000,-0.320000,0.070000,57.076000,-6.031000,-73.290000,28.340000
23.342,-0.726000,-0.367000,0.093000,56.809000,-3.748000,-72.435000,28.440000
23.349,-0.744000,-0.365000,0.126000,52.618000,-6.985000,-70.832000,28.340000
23.362,-0.704000,-0.381000,0.146000,50.763000,-5.076000,-71.534000,28.440000
23.369,-0.680000,-0.380000,0.130000,47.237000,-5.229000,-69.076000,28.390000
23.381,-0.692000,-0.463000,0.113000,47.710000,-2.733000,-75.878000,28.440000
23.393,-0.662000,-0.451000,0.102000,48.198000,5.313000,-76.702000,28.440000
23.400,-0.642000,-0.477000,0.109000,50.947000,16.626000,-84.718000,28.440000
23.412,-0.678000,-0.455000,0.134000,48.870000,24.473000,-86.504000,28.390000
23.419,-0.683000,-0.410000,0.104000,47.176000,30.290000,-80.603000,28.480000
23.432,-0.763000,-0.458000,0.123000,46.985000,28.580000,-75.802000,28.290000
23.443,-0.792000,-0.485000,0.118000,47.718000,25.298000,-75.931000,28.440000
23.450,-0.823000,-0.522000,0.119000,43.733000,12.427000,-64.679000,28.530000
23.462,-0.818000,-0.608000,0.092000,44.481000,6.260000,-70.962000,28.390000
23.470,-0.728000,-0.579000,0.071000,51.924000,6.779000,-72.397000,28.390000
23.483,-0.706000,-0.588000,0.070000,53.481000,4.160000,-70.450000,28.390000
23.489,-0.702000,-0.615000,0.075000,58.977000,5.794000,-69.389000,28.440000
23.501,-0.708000,-0.619000,0.085000,63.649000,3.725000,-65.191000,28.340000
23.509,-0.727000,-0.637000,0.106000,66.527000,0.763000,-61.740000,28.440000
23.521,-0.739000,-0.666000,0.116000,71.969000,-3.244000,-60.954000,28.480000
23.534,-0.715000,-0.656000,0.150000,74.840000,-7.924000,-60.420000,28.390000
23.539,-0.686000,-0.632000,0.188000,74.817000,-10.305000,-62.046000,28.440000
23.552,-0.634000,-0.577000,0.228000,71.908000,-12.557000,-64.985000,28.340000
23.559,-0.587000,-0.570000,0.247000,67.275000,-10.847000,-66.756000,28.340000
23.571,-0.584000,-0.569000,0.283000,62.046000,-10.802000,-62.008000,28.340000
23.583,-0.572000,-0.585000,0.289000,55.313000,-9.366000,-60.183000,28.390000
23.590,-0.570000,-0.608000,0.298000,49.382000,-8.939000,-58.336000,28.480000
23.602,-0.566000,-0.622000,0.305000,43.580000,-15.107000,-54.885000,28.340000
23.611,-0.495000,-0.636000,0.286000,39.084000,-17.710000,-52.916000,28.440000
23.621,-0.445000,-0.668000,0.276000,37.450000,-18.420000,-49.824000,28.390000
23.633,-0.417000,-0.666000,0.294000,37.481000,-16.115000,-46.618000,28.390000
23.640,-0.389000,-0.650000,0.332000,35.947000,-11.924000,-43.366000,28.390000
23.653,-0.396000,-0.642000,0.339000,34.229000,-6.756000,-41.954000,28.340000
23.661,-0.450000,-0.616000,0.386000,26.824000,-11.038000,-35.672000,28.440000
23.672,-0.510000,-0.626000,0.383000,23.069000,-23.031000,-27.031000,28.480000
23.678,-0.528000,-0.651000,0.380000,19.496000,-36.038000,-14.595000,28.390000
23.690,-0.491000,-0.656000,0.379000,16.687000,-41.939000,-7.153000,28.480000
23.703,-0.458000,-0.695000,0.350000,10.435000,-40.260000,-4.580000,28.340000
23.711,-0.453000,-0.731000,0.368000,11.908000,-32.489000,-7.695000,28.440000
23.722,-0.458000,-0.722000,0.378000,11.061000,-24.519000,-15.313000,28.390000
23.729,-0.452000,-0.694000,0.376000,11.466000,-20.664000,-18.725000,28.390000
23.741,-0.435000,-0.662000,0.390000,8.672000,-18.824000,-13.718000,28.480000
23.754,-0.414000,-0.603000,0.398000,4.366000,-17.168000,-0.489000,28.440000
23.760,-0.472000,-0.583000,0.404000,-4.718000,-18.748000,11.580000,28.340000
23.772,-0.518000,-0.652000,0.385000,-11.282000,-18.779000,14.824000,28.440000
23.780,-0.514000,-0.688000,0.356000,-15.206000,-17.840000,12.412000,28.440000
23.791,-0.494000,-0.721000,0.325000,-14.786000,-16.992000,11.031000,28.390000
23.797,-0.452000,-0.747000,0.310000,-13.542000,-15.275000,13.656000,28.530000
23.812,-0.396000,-0.741000,0.286000,-10.450000,-6.122000,16.863000,28.340000
23.824,-0.391000,-0.714000,0.290000,-7.550000,6.183000,18.977000,28.440000
23.830,-0.441000,-0.712000,0.304000,-5.511000,16.313000,19.718000,28.390000
23.842,-0.515000,-0.722000,0.304000,-6.733000,19.672000,19.931000,28.390000
23.849,-0.545000,-0.693000,0.299000,-7.527000,15.626000,24.099000,28.340000
23.862,-0.562000,-0.692000,0.301000,-8.863000,5.908000,31.359000,28.440000
23.869,-0.531000,-0.713000,0.289000,-8.855000,-4.107000,39.969000,28.340000
23.881,-0.470000,-0.714000,0.285000,-7.023000,-8.313000,48.130000,28.480000
23.893,-0.464000,-0.735000,0.276000,-4.916000,-5.260000,48.618000,28.480000
23.900,-0.460000,-0.762000,0.287000,0.382000,2.550000,44.763000,28.440000
23.913,-0.499000,-0.769000,0.297000,3.183000,8.099000,40.779000,28.440000
23.922,-0.510000,-0.704000,0.301000,7.664000,16.084000,39.954000,28.440000
23.933,-0.577000,-0.664000,0.310000,7.191000,17.351000,42.672000,28.390000
23.939,-0.627000,-0.594000,0.320000,4.832000,16.107000,47.588000,28.390000
23.952,-0.683000,-0.546000,0.354000,-1.847000,10.511000,54.947000,28.440000
23.959,-0.764000,-0.549000,0.376000,-9.992000,3.275000,60.443000,28.530000
23.972,-0.824000,-0.581000,0.379000,-17.344000,-8.389000,61.198000,28.440000
23.984,-0.805000,-0.614000,0.365000,-22.916000,-19.580000,56.863000,28.440000
23.990,-0.716000,-0.644000,0.338000,-26.267000,-27.466000,52.473000,28.390000
24.002,-0.590000,-0.655000,0.307000,-26.672000,-27.634000,52.221000,28.440000
24.010,-0.527000,-0.660000,0.268000,-24.298000,-19.679000,52.061000,28.440000
24.021,-0.489000,-0.626000,0.250000,-21.122000,-8.405000,53.870000,28.440000
24.029,-0.500000,-0.563000,0.289000,-21.397000,3.519000,55.954000,28.480000
24.041,-0.578000,-0.548000,0.316000,-27.802000,7.298000,58.466000,28.390000
24.053,-0.628000,-0.550000,0.314000,-34.122000,3.191000,60.405000,28.480000
24.062,-0.625000,-0.604000,0.292000,-37.275000,-7.252000,61.565000,28.440000
24.072,-0.523000,-0.633000,0.232000,-34.580000,-11.672000,67.695000,28.440000
24.080,-0.402000,-0.620000,0.184000,-24.626000,-5.290000,76.595000,28.480000
24.091,-0.366000,-0.566000,0.169000,-11.542000,9.412000,87.969000,28.390000
24.098,-0.446000,-0.519000,0.226000,-2.046000,25.137000,101.229000,28.480000
24.112,-0.581000,-0.501000,0.250000,1.443000,29.473000,109.641000,28.440000
24.124,-0.682000,-0.519000,0.290000,3.435000,23.435000,115.023000,28.440000
24.130,-0.686000,-0.515000,0.290000,2.710000,14.672000,117.313000,28.390000
24.142,-0.620000,-0.457000,0.268000,1.962000,11.527000,121.450000,28.390000
24.149,-0.590000,-0.409000,0.276000,-1.053000,15.191000,125.740000,28.480000
24.162,-0.580000,-0.318000,0.251000,-6.038000,26.603000,128.107000,28.440000
24.169,-0.637000,-0.221000,0.249000,-13.443000,38.672000,130.679000,28.340000
24.181,-0.762000,-0.186000,0.279000,-25.779000,45.321000,130.939000,28.440000
24.192,-0.913000,-0.235000,0.297000,-38.947000,39.038000,129.908000,28.480000
24.199,-0.967000,-0.310000,0.264000,-47.069000,25.084000,126.847000,28.480000
24.212,-0.922000,-0.381000,0.208000,-49.282000,11.771000,123.099000,28.440000
24.220,-0.785000,-0.347000,0.142000,-45.626000,12.573000,121.115000,28.440000
24.231,-0.714000,-0.288000,0.115000,-40.908000,20.855000,121.817000,28.480000
24.243,-0.774000,-0.271000,0.129000,-36.046000,33.977000,120.687000,28.390000
24.249,-0.846000,-0.175000,0.166000,-38.893000,42.153000,118.336000,28.480000
24.263,-0.925000,-0.151000,0.177000,-44.481000,44.748000,114.534000,28.440000
24.269,-0.997000,-0.223000,0.172000,-47.878000,38.481000,109.672000,28.440000
24.282,-0.948000,-0.249000,0.132000,-48.351000,30.649000,107.977000,28.440000
24.293,-0.877000,-0.289000,0.090000,-45.244000,24.885000,103.893000,28.480000
24.300,-0.770000,-0.164000,0.031000,-39.450000,31.481000,106.771000,28.480000
24.312,-0.785000,-0.072000,0.048000,-36.794000,36.771000,114.214000,28.530000
24.319,-0.902000,-0.010000,0.125000,-40.168000,40.489000,118.321000,28.440000
24.331,-1.071000,0.007000,0.167000,-48.084000,32.122000,119.168000,28.530000
24.343,-1.143000,-0.030000,0.194000,-57.168000,11.870000,118.244000,28.480000
24.350,-1.180000,-0.107000,0.210000,-64.779000,-16.328000,116.893000,28.480000
24.362,-1.066000,-0.154000,0.203000,-71.252000,-45.779000,115.672000,28.440000
24.369,-0.828000,-0.155000,0.104000,-74.153000,-62.649000,122.649000,28.440000
24.381,-0.498000,-0.107000,-0.033000,-63.702000,-44.015000,134.802000,28.530000
24.393,-0.369000,-0.021000,-0.101000,-50.718000,1.779000,140.954000,28.530000
24.400,-0.543000,0.025000,-0.086000,-31.061000,53.504000,134.550000,28.480000
24.412,-0.837000,0.075000,-0.015000,-24.931000,86.962000,125.122000,28.390000
24.419,-1.156000,0.050000,0.047000,-21.870000,95.863000,114.000000,28.440000
24.432,-1.331000,0.017000,0.097000,-22.153000,77.443000,105.092000,28.440000
24.443,-1.385000,-0.005000,0.140000,-26.443000,41.954000,97.908000,28.480000
24.450,-1.216000,-0.008000,0.119000,-31.275000,4.748000,96.702000,28.290000
24.463,-0.880000,0.117000,0.047000,-35.092000,-10.298000,104.771000,28.390000
24.470,-0.602000,0.257000,0.007000,-36.718000,-0.145000,119.313000,28.340000
24.482,-0.658000,0.282000,-0.037000,-35.763000,17.786000,131.893000,28.440000
24.488,-0.802000,0.275000,-0.032000,-34.237000,35.893000,134.878000,28.390000
24.500,-1.028000,0.209000,-0.013000,-33.229000,42.802000,132.046000,28.480000
24.513,-1.187000,0.114000,0.011000,-31.519000,32.649000,121.153000,28.480000
24.520,-1.211000,0.043000,0.014000,-28.771000,10.107000,108.824000,28.530000
24.533,-1.059000,0.065000,-0.031000,-24.794000,-9.664000,102.435000,28.530000
24.539,-0.785000,0.295000,-0.079000,-21.771000,-14.748000,111.557000,28.480000
24.551,-0.601000,0.464000,-0.072000,-17.802000,-2.794000,126.626000,28.480000
24.563,-0.599000,0.505000,-0.042000,-20.756000,18.153000,138.496000,28.480000
24.571,-0.657000,0.524000,-0.002000,-18.634000,50.321000,134.847000,28.530000
24.582,-0.822000,0.461000,0.042000,-25.710000,67.466000,128.244000,28.530000
24.589,-1.019000,0.327000,0.043000,-29.435000,69.290000,114.481000,28.530000
24.601,-1.127000,0.221000,0.031000,-30.427000,49.962000,100.229000,28.440000
24.608,-1.096000,0.133000,-0.013000,-26.557000,19.878000,93.641000,28.580000
24.621,-0.802000,0.250000,-0.066000,-22.573000,-1.115000,100.282000,28.530000
24.633,-0.458000,0.424000,-0.138000,-17.771000,0.023000,116.229000,28.440000
24.639,-0.180000,0.586000,-0.196000,-8.870000,32.069000,135.534000,28.440000
24.652,-0.120000,0.778000,-0.269000,-6.443000,101.397000,138.863000,28.480000
24.662,-0.469000,0.821000,-0.294000,-3.458000,163.832000,130.580000,28.580000
24.672,-0.978000,0.784000,-0.238000,-0.206000,183.832000,126.863000,28.480000
24.683,-1.397000,0.716000,-0.187000,-1.473000,172.847000,119.344000,28.440000
24.690,-1.697000,0.640000,-0.094000,-4.290000,126.802000,106.450000,28.530000
24.702,-1.726000,0.607000,-0.009000,-9.863000,68.107000,93.405000,28.480000
24.710,-1.488000,0.660000,-0.023000,-18.076000,14.031000,86.252000,28.480000
24.721,-1.065000,0.733000,-0.089000,-23.443000,-3.321000,81.405000,28.580000
24.729,-0.813000,0.781000,-0.156000,-28.580000,-4.237000,82.359000,28.530000
24.740,-0.810000,0.719000,-0.205000,-24.237000,3.878000,84.153000,28.440000
24.753,-0.885000,0.657000,-0.160000,-20.076000,4.336000,86.061000,28.480000
24.761,-0.950000,0.615000,-0.095000,-17.908000,-2.718000,86.893000,28.390000
24.772,-0.929000,0.612000,-0.009000,-19.954000,-16.092000,86.275000,28.480000
24.779,-0.806000,0.658000,0.001000,-29.458000,-23.519000,87.008000,28.530000
24.791,-0.630000,0.679000,-0.081000,-35.580000,-18.618000,89.053000,28.530000
24.804,-0.475000,0.675000,-0.205000,-27.611000,8.275000,84.344000,28.440000
24.811,-0.515000,0.664000,-0.276000,-15.771000,34.244000,78.573000,28.480000
24.823,-0.610000,0.662000,-0.266000,0.099000,57.626000,72.947000,28.480000
24.831,-0.757000,0.740000,-0.172000,8.550000,62.550000,73.023000,28.530000
24.842,-0.871000,0.819000,-0.068000,7.237000,50.344000,75.191000,28.530000
24.849,-0.948000,0.867000,0.000000,-4.290000,22.924000,80.542000,28.530000
24.862,-0.909000,0.854000,0.027000,-14.397000,-7.237000,88.214000,28.480000
24.869,-0.761000,0.869000,-0.001000,-25.626000,-27.748000,97.305000,28.390000
24.881,-0.669000,0.874000,-0.059000,-31.649000,-36.573000,103.160000,28.530000
24.892,-0.536000,0.900000,-0.123000,-29.809000,-24.771000,104.290000,28.440000
24.899,-0.435000,0.945000,-0.195000,-24.649000,1.305000,98.733000,28.440000
24.912,-0.473000,0.964000,-0.217000,-13.832000,31.015000,93.260000,28.390000
24.920,-0.590000,0.975000,-0.198000,-7.687000,55.298000,86.237000,28.480000
24.932,-0.749000,0.969000,-0.148000,-3.550000,62.710000,81.573000,28.580000
24.937,-0.871000,0.967000,-0.114000,-3.763000,55.511000,78.504000,28.440000
24.951,-0.930000,0.960000,-0.092000,-7.229000,39.366000,73.137000,28.530000
24.963,-0.871000,0.949000,-0.082000,-12.725000,24.214000,66.748000,28.480000
24.971,-0.792000,0.945000,-0.055000,-18.580000,14.015000,58.588000,28.480000
24.982,-0.692000,0.951000,-0.039000,-25.985000,6.634000,50.969000,28.390000
24.989,-0.629000,0.935000,-0.040000,-35.137000,1.008000,45.221000,28.530000
25.001,-0.561000,0.926000,-0.063000,-40.718000,-5.015000,43.588000,28.530000
25.013,-0.503000,0.882000,-0.086000,-41.779000,-13.176000,47.176000,28.530000
25.022,-0.471000,0.863000,-0.090000,-44.344000,-23.153000,52.115000,28.620000
25.032,-0.418000,0.822000,-0.146000,-40.771000,-30.962000,59.504000,28.480000
25.039,-0.330000,0.828000,-0.207000,-32.702000,-28.160000,67.573000,28.530000
25.051,-0.303000,0.866000,-0.267000,-26.840000,-17.443000,76.947000,28.440000
25.059,-0.345000,0.858000,-0.311000,-9.702000,-2.580000,79.321000,28.530000
25.078,-0.460000,0.858000,-0.308000,4.206000,7.229000,79.458000,28.480000
25.085,-0.586000,0.872000,-0.260000,18.275000,9.672000,78.618000,28.480000
25.090,-0.673000,0.940000,-0.203000,27.496000,7.313000,73.298000,28.480000
25.103,-0.696000,0.998000,-0.095000,31.939000,3.802000,65.985000,28.440000
25.111,-0.684000,1.125000,-0.035000,29.679000,3.443000,59.145000,28.440000
25.122,-0.658000,1.208000,0.041000,19.695000,1.664000,55.893000,28.480000
25.130,-0.647000,1.242000,0.054000,4.420000,-0.863000,55.725000,28.480000
25.142,-0.640000,1.211000,0.023000,-11.359000,-2.672000,56.542000,28.480000
25.149,-0.700000,1.117000,-0.048000,-22.168000,-5.290000,57.160000,28.440000
25.162,-0.746000,1.005000,-0.113000,-25.626000,-12.099000,52.702000,28.530000
25.173,-0.756000,0.924000,-0.163000,-22.656000,-19.611000,44.420000,28.480000
25.181,-0.728000,0.866000,-0.193000,-15.641000,-26.748000,37.000000,28.580000
25.192,-0.683000,0.842000,-0.161000,-5.573000,-33.649000,30.794000,28.580000
25.199,-0.587000,0.897000,-0.131000,1.840000,-35.710000,25.053000,28.530000
25.214,-0.518000,0.939000,-0.075000,3.954000,-33.366000,22.420000,28.530000
25.220,-0.461000,0.967000,-0.020000,2.008000,-29.588000,21.626000,28.530000
25.232,-0.424000,0.965000,-0.046000,1.015000,-21.550000,22.672000,28.480000
25.243,-0.452000,0.972000,-0.039000,3.069000,-10.916000,22.626000,28.480000
25.250,-0.511000,0.953000,-0.024000,1.519000,-7.183000,24.153000,28.530000
25.263,-0.553000,0.951000,-0.027000,5.031000,-7.298000,22.443000,28.530000
25.271,-0.560000,0.938000,-0.017000,5.939000,-5.061000,17.557000,28.530000
25.283,-0.581000,0.951000,-0.004000,5.641000,-3.534000,11.672000,28.580000
25.289,-0.580000,0.970000,-0.017000,5.122000,-1.969000,6.634000,28.580000
25.302,-0.603000,0.962000,-0.013000,3.985000,-0.954000,2.565000,28.530000
25.309,-0.628000,0.952000,-0.019000,3.977000,-2.771000,-0.359000,28.530000
25.322,-0.657000,0.948000,-0.019000,5.435000,-6.885000,-2.519000,28.530000
25.330,-0.667000,0.953000,-0.011000,7.397000,-9.603000,-3.595000,28.580000
25.341,-0.667000,0.997000,0.002000,10.710000,-9.985000,-4.260000,28.580000
25.354,-0.666000,1.009000,0.013000,13.176000,-0.557000,-10.504000,28.480000
25.361,-0.683000,1.057000,0.024000,10.878000,8.435000,-19.786000,28.530000
25.374,-0.702000,1.044000,0.002000,7.679000,19.008000,-29.611000,28.530000
25.380,-0.754000,1.021000,-0.004000,4.107000,22.771000,-43.351000,28.580000
25.392,-0.772000,0.994000,-0.037000,0.405000,17.511000,-54.954000,28.580000
25.399,-0.781000,0.960000,-0.056000,2.878000,1.985000,-58.679000,28.480000
25.412,-0.716000,0.963000,-0.069000,3.489000,-12.321000,-59.656000,28.530000
25.419,-0.658000,0.979000,-0.081000,5.053000,-23.031000,-58.221000,28.440000
25.431,-0.584000,0.987000,-0.092000,5.863000,-27.344000,-54.885000,28.620000
25.443,-0.542000,0.972000,-0.099000,6.511000,-24.687000,-51.221000,28.580000
25.450,-0.518000,0.951000,-0.096000,9.053000,-12.725000,-55.115000,28.580000
25.462,-0.537000,0.946000,-0.089000,11.771000,-5.435000,-59.450000,28.530000
25.470,-0.552000,0.945000,-0.085000,13.725000,1.191000,-64.931000,28.530000
25.481,-0.573000,0.961000,-0.070000,14.878000,2.053000,-68.504000,28.480000
25.488,-0.564000,0.989000,-0.090000,13.885000,3.527000,-70.725000,28.580000
25.500,-0.570000,1.011000,-0.113000,11.695000,7.771000,-71.053000,28.580000
25.513,-0.596000,1.019000,-0.151000,10.115000,12.450000,-71.412000,28.620000
25.521,-0.651000,0.999000,-0.179000,9.992000,15.420000,-72.435000,28.620000
25.532,-0.724000,0.958000,-0.206000,11.763000,13.466000,-73.878000,28.530000
25.539,-0.744000,0.946000,-0.245000,15.519000,10.321000,-75.641000,28.580000
25.551,-0.771000,0.947000,-0.250000,18.641000,6.802000,-80.084000,28.480000
25.558,-0.779000,0.938000,-0.263000,21.985000,0.908000,-85.145000,28.530000
25.571,-0.812000,0.933000,-0.268000,25.595000,-9.115000,-89.496000,28.440000
25.584,-0.783000,0.939000,-0.284000,30.443000,-17.198000,-92.992000,28.530000
25.590,-0.747000,0.952000,-0.265000,34.847000,-23.336000,-94.344000,28.580000
25.602,-0.724000,0.939000,-0.230000,38.794000,-27.359000,-94.901000,28.670000
25.609,-0.632000,0.975000,-0.215000,41.672000,-23.389000,-98.351000,28.580000
25.622,-0.617000,0.962000,-0.161000,39.519000,-12.794000,-104.756000,28.620000
25.634,-0.637000,0.934000,-0.115000,34.855000,-8.649000,-110.542000,28.440000
25.640,-0.609000,0.910000,-0.129000,29.656000,-2.794000,-114.550000,28.530000
25.652,-0.575000,0.893000,-0.160000,26.519000,4.763000,-116.679000,28.580000
25.659,-0.552000,0.862000,-0.237000,26.870000,18.267000,-116.176000,28.480000
25.672,-0.591000,0.831000,-0.280000,30.878000,33.947000,-112.069000,28.620000
25.683,-0.730000,0.762000,-0.278000,35.435000,43.901000,-111.550000,28.530000
25.690,-0.846000,0.677000,-0.233000,43.176000,34.893000,-108.832000,28.440000
25.702,-0.896000,0.683000,-0.188000,49.450000,22.458000,-106.282000,28.580000
25.709,-0.897000,0.677000,-0.150000,52.466000,6.939000,-103.458000,28.480000
25.722,-0.815000,0.740000,-0.161000,54.756000,-1.221000,-101.145000,28.530000
25.734,-0.803000,0.755000,-0.151000,52.466000,-1.603000,-103.901000,28.440000
25.740,-0.836000,0.719000,-0.103000,47.901000,-5.832000,-105.031000,28.530000
25.752,-0.783000,0.781000,-0.105000,41.664000,-8.527000,-99.221000,28.580000
25.760,-0.830000,0.750000,-0.093000,32.985000,-13.588000,-96.275000,28.580000
25.772,-0.858000,0.636000,-0.075000,25.344000,-20.481000,-94.122000,28.580000
25.779,-0.819000,0.592000,-0.104000,26.229000,-22.641000,-89.160000,28.620000
25.790,-0.845000,0.518000,-0.078000,26.412000,-23.679000,-86.595000,28.440000
25.802,-0.792000,0.534000,-0.143000,31.183000,-22.328000,-82.351000,28.580000
25.810,-0.856000,0.500000,-0.105000,34.374000,-19.656000,-84.053000,28.480000
25.822,-0.863000,0.504000,-0.114000,36.763000,-18.092000,-81.595000,28.580000
25.830,-0.902000,0.492000,-0.077000,36.321000,-15.939000,-83.389000,28.620000
25.841,-0.925000,0.495000,-0.071000,34.435000,-15.634000,-80.458000,28.530000
25.853,-0.907000,0.567000,-0.121000,31.153000,-14.420000,-80.145000,28.620000
25.861,-0.980000,0.516000,-0.098000,28.504000,-15.290000,-83.328000,28.670000
25.873,-0.945000,0.560000,-0.173000,26.748000,-16.878000,-79.947000,28.580000
25.879,-0.913000,0.555000,-0.228000,27.603000,-6.771000,-82.008000,28.620000
25.891,-1.085000,0.490000,-0.182000,30.328000,-5.420000,-88.160000,28.530000
25.903,-1.076000,0.511000,-0.184000,28.244000,-11.122000,-91.618000,28.530000
25.912,-1.115000,0.452000,-0.191000,24.107000,-18.061000,-97.420000,28.480000
25.923,-1.165000,0.392000,-0.172000,23.954000,-29.588000,-104.282000,28.580000
25.930,-1.080000,0.421000,-0.245000,23.962000,-41.344000,-107.084000,28.620000
25.941,-1.059000,0.364000,-0.248000,26.878000,-50.122000,-111.122000,28.620000
25.953,-0.985000,0.351000,-0.251000,32.046000,-52.412000,-111.992000,28.620000
25.960,-0.896000,0.392000,-0.252000,35.458000,-50.366000,-111.710000,28.580000
25.973,-0.925000,0.370000,-0.187000,39.435000,-46.221000,-111.061000,28.580000
25.979,-0.908000,0.373000,-0.124000,33.015000,-44.153000,-114.595000,28.530000
25.990,-0.898000,0.315000,-0.117000,31.183000,-40.122000,-115.511000,28.620000
26.003,-0.911000,0.245000,-0.099000,28.466000,-44.840000,-117.252000,28.620000
26.010,-0.889000,0.203000,-0.107000,26.702000,-48.275000,-117.885000,28.580000
26.023,-0.811000,0.194000,-0.151000,23.153000,-47.847000,-117.931000,28.480000
26.029,-0.805000,0.246000,-0.162000,22.389000,-51.947000,-107.939000,28.670000
26.040,-0.770000,0.216000,-0.173000,23.023000,-50.229000,-104.496000,28.620000
26.053,-0.821000,0.153000,-0.149000,25.405000,-40.763000,-104.489000,28.620000
26.061,-0.793000,0.084000,-0.112000,28.382000,-17.641000,-105.603000,28.530000
26.073,-0.949000,0.128000,-0.065000,24.435000,-16.321000,-102.878000,28.580000
26.077,-0.918000,0.150000,-0.088000,26.649000,-20.084000,-98.351000,28.580000
26.090,-0.916000,0.105000,-0.101000,31.153000,-20.061000,-96.290000,28.620000
26.103,-0.948000,0.159000,-0.138000,27.985000,-11.267000,-95.313000,28.530000
26.110,-1.064000,0.103000,-0.111000,29.656000,-11.397000,-93.359000,28.580000
26.122,-1.045000,0.114000,-0.139000,33.557000,-10.206000,-95.023000,28.580000
26.128,-1.138000,0.033000,-0.077000,27.679000,-17.595000,-97.924000,28.670000
26.140,-1.120000,0.036000,-0.077000,24.939000,-27.511000,-100.153000,28.530000
26.153,-1.056000,0.007000,-0.117000,21.160000,-38.115000,-100.847000,28.530000
26.159,-1.033000,-0.064000,-0.124000,22.534000,-48.076000,-106.481000,28.530000
26.171,-0.944000,-0.050000,-0.174000,26.908000,-54.084000,-105.008000,28.580000
26.183,-0.889000,-0.112000,-0.174000,31.847000,-57.107000,-102.061000,28.580000
26.190,-0.794000,-0.107000,-0.209000,38.954000,-46.359000,-101.809000,28.530000
26.202,-0.761000,-0.146000,-0.219000,49.855000,-32.382000,-100.855000,28.620000
26.209,-0.794000,-0.158000,-0.188000,58.458000,-14.573000,-104.718000,28.620000
26.221,-0.822000,-0.083000,-0.122000,61.870000,-2.443000,-102.725000,28.580000
26.233,-0.897000,-0.069000,-0.032000,59.374000,0.824000,-100.733000,28.580000
26.239,-0.915000,-0.043000,-0.015000,52.939000,-1.145000,-96.443000,28.530000
26.252,-0.927000,-0.108000,-0.010000,46.802000,-7.901000,-92.603000,28.620000
26.262,-0.920000,-0.165000,-0.035000,44.359000,-10.947000,-91.763000,28.530000
26.272,-0.906000,-0.210000,-0.103000,44.626000,-11.763000,-89.695000,28.620000
26.282,-0.958000,-0.275000,-0.073000,51.321000,-15.634000,-91.076000,28.480000
26.290,-0.935000,-0.274000,-0.030000,57.099000,-22.374000,-93.244000,28.530000
26.301,-0.881000,-0.258000,0.040000,58.908000,-25.137000,-96.893000,28.620000
26.309,-0.826000,-0.232000,0.066000,58.015000,-24.824000,-97.160000,28.620000
26.321,-0.790000,-0.267000,0.078000,59.519000,-23.931000,-99.206000,28.670000
26.332,-0.741000,-0.284000,0.065000,63.305000,-15.267000,-101.305000,28.580000
26.339,-0.744000,-0.280000,0.092000,66.046000,-8.344000,-100.397000,28.620000
26.351,-0.790000,-0.322000,0.124000,64.916000,-1.817000,-100.832000,28.620000
26.360,-0.807000,-0.308000,0.118000,66.840000,-0.427000,-96.435000,28.530000
26.372,-0.801000,-0.295000,0.107000,67.038000,5.000000,-95.260000,28.580000
26.383,-0.866000,-0.294000,0.127000,64.702000,1.092000,-94.275000,28.580000
26.390,-0.907000,-0.359000,0.130000,64.122000,-2.573000,-97.954000,28.620000
26.402,-0.926000,-0.374000,0.118000,64.450000,-13.153000,-99.237000,28.620000
26.410,-0.884000,-0.381000,0.133000,63.076000,-20.733000,-100.763000,28.620000
26.421,-0.827000,-0.420000,0.134000,61.336000,-25.099000,-104.389000,28.580000
26.433,-0.733000,-0.418000,0.119000,61.198000,-22.588000,-105.153000,28.580000
26.440,-0.696000,-0.491000,0.105000,62.649000,-19.046000,-107.702000,28.620000
26.452,-0.642000,-0.576000,0.098000,69.511000,-13.053000,-112.534000,28.530000
26.460,-0.581000,-0.583000,0.117000,74.809000,-2.802000,-117.206000,28.720000
26.471,-0.561000,-0.617000,0.162000,80.260000,-0.779000,-119.748000,28.670000
26.483,-0.524000,-0.598000,0.157000,87.580000,5.664000,-120.985000,28.580000
26.490,-0.527000,-0.580000,0.205000,90.321000,6.756000,-119.931000,28.620000
26.502,-0.599000,-0.589000,0.271000,82.962000,-1.847000,-124.947000,28.620000
26.509,-0.615000,-0.587000,0.252000,78.076000,-8.832000,-130.695000,28.620000
26.522,-0.690000,-0.519000,0.269000,68.351000,-20.947000,-143.076000,28.580000
26.533,-0.598000,-0.543000,0.281000,66.458000,-29.290000,-148.817000,28.670000
26.540,-0.579000,-0.540000,0.356000,64.481000,-32.015000,-150.489000,28.530000
26.552,-0.555000,-0.519000,0.401000,63.107000,-33.122000,-143.718000,28.530000
26.559,-0.563000,-0.502000,0.460000,60.298000,-28.153000,-139.191000,28.530000
26.571,-0.569000,-0.470000,0.495000,50.977000,-25.076000,-133.809000,28.670000
26.583,-0.570000,-0.439000,0.502000,39.847000,-23.176000,-125.931000,28.580000
26.590,-0.569000,-0.507000,0.477000,30.168000,-20.985000,-124.183000,28.620000
26.602,-0.589000,-0.543000,0.455000,20.947000,-25.427000,-118.122000,28.620000
26.610,-0.564000,-0.624000,0.437000,14.702000,-31.893000,-114.893000,28.620000
26.622,-0.471000,-0.621000,0.405000,11.237000,-38.061000,-109.000000,28.580000
26.633,-0.385000,-0.654000,0.377000,5.710000,-45.573000,-101.038000,28.580000
26.640,-0.234000,-0.684000,0.342000,4.779000,-44.748000,-88.038000,28.620000
26.652,-0.126000,-0.708000,0.304000,3.328000,-35.267000,-74.496000,28.620000
26.660,-0.090000,-0.752000,0.278000,2.137000,-23.206000,-62.359000,28.530000
26.672,-0.094000,-0.749000,0.283000,1.740000,-12.450000,-48.832000,28.620000
26.679,-0.159000,-0.785000,0.307000,0.221000,-10.618000,-37.206000,28.580000
26.690,-0.182000,-0.775000,0.339000,1.229000,-14.954000,-25.519000,28.620000
26.703,-0.169000,-0.763000,0.364000,0.725000,-23.557000,-13.802000,28.530000
26.710,-0.110000,-0.754000,0.376000,1.878000,-30.725000,1.687000,28.530000
26.722,-0.053000,-0.723000,0.423000,1.214000,-33.443000,20.969000,28.580000
26.729,0.005000,-0.690000,0.451000,-2.374000,-27.450000,40.397000,28.670000
26.741,0.034000,-0.640000,0.456000,-8.718000,-9.840000,54.313000,28.720000
26.748,-0.043000,-0.650000,0.462000,-15.740000,11.550000,61.092000,28.530000
26.764,-0.164000,-0.671000,0.482000,-22.244000,25.260000,63.710000,28.620000
26.774,-0.289000,-0.688000,0.468000,-28.702000,26.924000,63.718000,28.580000
26.780,-0.396000,-0.701000,0.483000,-32.473000,17.893000,61.603000,28.670000
26.792,-0.458000,-0.704000,0.476000,-34.504000,-6.443000,58.305000,28.720000
26.799,-0.471000,-0.721000,0.480000,-34.672000,-42.397000,57.076000,28.620000
26.811,-0.357000,-0.718000,0.481000,-30.229000,-77.740000,60.992000,28.620000
26.823,-0.141000,-0.654000,0.444000,-23.863000,-105.038000,81.954000,28.670000
26.830,0.014000,-0.560000,0.461000,-20.916000,-109.481000,107.160000,28.670000
26.842,0.199000,-0.415000,0.481000,-22.046000,-82.969000,133.191000,28.580000
26.849,0.127000,-0.350000,0.546000,-34.374000,-44.275000,152.947000,28.620000
26.862,-0.076000,-0.289000,0.568000,-52.466000,-11.290000,165.985000,28.720000
26.873,-0.297000,-0.280000,0.584000,-74.214000,9.305000,169.466000,28.620000
26.880,-0.485000,-0.345000,0.558000,-94.550000,14.824000,163.985000,28.580000
26.892,-0.603000,-0.444000,0.470000,-108.885000,8.214000,158.649000,28.580000
26.899,-0.614000,-0.520000,0.344000,-112.733000,2.229000,156.099000,28.620000
26.912,-0.556000,-0.490000,0.217000,-107.672000,2.656000,156.992000,28.620000
26.917,-0.576000,-0.490000,0.172000,-99.885000,10.145000,158.641000,28.670000
26.931,-0.670000,-0.471000,0.175000,-92.489000,19.443000,161.389000,28.580000
26.943,-0.768000,-0.426000,0.168000,-91.664000,26.786000,160.198000,28.670000
26.949,-0.900000,-0.432000,0.203000,-93.099000,24.977000,156.908000,28.530000
26.962,-0.964000,-0.462000,0.211000,-95.634000,17.321000,150.046000,28.620000
26.969,-0.930000,-0.443000,0.151000,-97.351000,12.015000,142.176000,28.580000
26.981,-0.896000,-0.413000,0.116000,-98.473000,11.618000,134.328000,28.670000
26.992,-0.865000,-0.458000,0.085000,-96.824000,12.740000,129.153000,28.670000
26.999,-0.828000,-0.436000,0.029000,-93.664000,19.305000,125.947000,28.620000
27.012,-0.804000,-0.431000,-0.002000,-88.863000,27.023000,124.832000,28.620000
27.019,-0.823000,-0.455000,-0.007000,-84.122000,32.863000,122.313000,28.670000
27.030,-0.795000,-0.444000,-0.022000,-78.740000,41.374000,119.611000,28.580000
27.042,-0.745000,-0.379000,-0.056000,-74.405000,50.916000,118.099000,28.580000
27.049,-0.757000,-0.410000,-0.065000,-70.252000,57.756000,117.687000,28.720000
27.061,-0.698000,-0.352000,-0.108000,-64.374000,71.679000,124.740000,28.530000
27.074,-0.760000,-0.267000,-0.125000,-61.626000,80.626000,133.252000,28.620000
27.081,-0.938000,-0.290000,-0.083000,-60.214000,77.580000,138.489000,28.670000
27.092,-0.996000,-0.271000,-0.085000,-57.878000,70.130000,140.863000,28.670000
27.099,-1.029000,-0.265000,-0.057000,-57.557000,57.336000,137.985000,28.530000
27.112,-1.079000,-0.296000,-0.004000,-57.290000,37.061000,133.389000,28.620000
27.123,-1.066000,-0.312000,0.015000,-59.160000,14.809000,125.695000,28.670000
27.131,-0.951000,-0.307000,-0.003000,-59.962000,-3.366000,116.794000,28.670000
27.142,-0.753000,-0.283000,-0.033000,-56.626000,-6.672000,114.634000,28.770000
27.149,-0.592000,-0.190000,-0.094000,-54.405000,1.168000,119.122000,28.530000
27.162,-0.522000,-0.092000,-0.101000,-50.695000,22.061000,129.618000,28.530000
27.173,-0.604000,0.021000,-0.065000,-53.305000,38.153000,137.489000,28.620000
27.180,-0.792000,0.099000,-0.089000,-61.061000,42.824000,158.740000,28.580000
27.192,-0.988000,0.047000,-0.059000,-64.794000,33.832000,154.656000,28.670000
27.199,-1.081000,-0.019000,-0.027000,-72.939000,12.038000,147.466000,28.620000
27.212,-1.187000,-0.079000,0.022000,-77.313000,-23.038000,135.252000,28.620000
27.223,-1.130000,-0.111000,0.029000,-79.679000,-57.000000,118.969000,28.580000
27.230,-0.919000,-0.143000,-0.014000,-78.817000,-80.802000,105.641000,28.580000
27.242,-0.569000,-0.152000,-0.119000,-67.344000,-76.664000,99.496000,28.580000
27.248,-0.224000,-0.078000,-0.226000,-45.420000,-39.992000,100.084000,28.620000
27.262,-0.119000,-0.010000,-0.243000,-24.618000,14.008000,103.107000,28.620000
27.273,-0.205000,0.156000,-0.186000,-13.221000,65.565000,110.740000,28.620000
27.280,-0.421000,0.324000,-0.108000,-15.061000,97.260000,122.695000,28.670000
27.292,-0.773000,0.403000,0.000000,-27.336000,96.344000,136.466000,28.770000
27.298,-0.956000,0.362000,-0.042000,-42.626000,79.046000,146.710000,28.620000
27.312,-0.903000,0.479000,-0.227000,-50.962000,80.947000,151.084000,28.620000
27.323,-1.018000,0.554000,-0.336000,-55.046000,86.634000,165.183000,28.580000
27.331,-1.208000,0.536000,-0.438000,-53.557000,96.840000,164.626000,28.580000
27.342,-1.553000,0.526000,-0.424000,-47.511000,90.099000,153.939000,28.580000
27.349,-1.876000,0.422000,-0.368000,-41.443000,49.679000,145.634000,28.620000
27.363,-1.993000,0.261000,-0.288000,-34.916000,-16.298000,131.977000,28.620000
27.373,-1.799000,0.178000,-0.251000,-29.405000,-80.122000,118.061000,28.580000
27.380,-1.236000,0.266000,-0.388000,-19.229000,-94.985000,111.176000,28.770000
27.392,-0.700000,0.443000,-0.490000,-0.878000,-60.206000,108.374000,28.670000
27.399,-0.474000,0.589000,-0.454000,12.153000,6.794000,105.901000,28.720000
27.412,-0.666000,0.701000,-0.344000,13.969000,65.008000,113.069000,28.620000
27.417,-1.063000,0.731000,-0.207000,3.244000,90.374000,118.015000,28.670000
27.430,-1.366000,0.698000,-0.103000,-13.481000,71.718000,127.069000,28.670000
27.442,-1.529000,0.594000,-0.061000,-26.779000,27.298000,133.008000,28.580000
27.449,-1.533000,0.483000,-0.049000,-35.450000,-32.863000,138.076000,28.620000
27.463,-1.288000,0.427000,-0.113000,-31.061000,-68.290000,138.481000,28.620000
27.474,-0.855000,0.612000,-0.193000,-28.046000,-58.038000,138.313000,28.620000
27.481,-0.519000,0.762000,-0.245000,-24.901000,-6.618000,136.366000,28.670000
27.492,-0.562000,0.793000,-0.260000,-23.901000,56.771000,128.794000,28.620000
27.499,-0.877000,0.769000,-0.242000,-26.450000,100.771000,120.122000,28.720000
27.512,-1.180000,0.706000,-0.240000,-29.534000,110.290000,114.260000,28.620000
27.524,-1.416000,0.616000,-0.221000,-30.527000,89.206000,107.573000,28.670000
27.531,-1.510000,0.537000,-0.185000,-31.748000,48.687000,99.718000,28.670000
27.542,-1.512000,0.442000,-0.161000,-31.595000,-3.076000,90.641000,28.810000
27.549,-1.356000,0.404000,-0.172000,-24.221000,-47.542000,80.817000,28.620000
27.562,-1.036000,0.519000,-0.192000,-14.397000,-75.763000,82.015000,28.720000
27.569,-0.753000,0.628000,-0.214000,-8.046000,-76.588000,86.290000,28.580000
27.581,-0.568000,0.650000,-0.241000,-4.481000,-48.252000,82.687000,28.670000
27.593,-0.584000,0.654000,-0.229000,-5.183000,-12.542000,80.275000,28.620000
27.600,-0.734000,0.634000,-0.190000,-1.450000,-3.855000,87.466000,28.620000
27.613,-0.808000,0.585000,-0.180000,1.733000,-9.992000,97.313000,28.620000
27.620,-0.874000,0.556000,-0.170000,5.611000,-25.069000,106.916000,28.670000
27.632,-0.679000,0.640000,-0.198000,14.847000,-18.221000,103.008000,28.670000
27.639,-0.433000,0.790000,-0.226000,15.420000,22.969000,98.450000,28.620000
27.651,-0.522000,0.870000,-0.213000,18.198000,69.756000,89.336000,28.720000
27.663,-0.706000,0.908000,-0.172000,11.656000,101.168000,84.870000,28.620000
27.672,-1.006000,0.907000,-0.138000,6.809000,105.870000,85.840000,28.720000
27.683,-1.233000,0.875000,-0.127000,3.611000,83.740000,89.267000,28.580000
27.690,-1.354000,0.837000,-0.123000,-2.954000,53.496000,81.634000,28.720000
27.702,-1.383000,0.792000,-0.104000,-8.450000,10.962000,76.115000,28.620000
27.710,-1.364000,0.714000,-0.094000,-10.916000,-31.573000,68.695000,28.720000
27.721,-1.158000,0.694000,-0.108000,-8.504000,-58.954000,50.527000,28.770000
27.733,-0.983000,0.689000,-0.100000,-8.618000,-77.901000,40.008000,28.670000
27.740,-0.781000,0.751000,-0.096000,-15.260000,-84.191000,38.176000,28.720000
27.752,-0.608000,0.804000,-0.164000,-7.672000,-78.702000,40.786000,28.720000
27.759,-0.503000,0.874000,-0.152000,-1.748000,-62.618000,43.069000,28.620000
27.771,-0.476000,0.922000,-0.122000,-0.130000,-40.183000,45.282000,28.670000
27.778,-0.538000,0.936000,-0.073000,0.855000,-18.908000,49.313000,28.670000
27.791,-0.626000,0.950000,-0.072000,-0.565000,-4.595000,60.176000,28.720000
27.803,-0.744000,0.933000,-0.083000,-3.969000,3.824000,61.802000,28.620000
27.811,-0.848000,0.883000,-0.087000,-5.656000,6.649000,54.328000,28.720000
27.822,-0.817000,0.896000,-0.111000,-6.557000,18.076000,33.137000,28.670000
27.830,-0.849000,0.848000,-0.096000,-9.992000,27.458000,14.221000,28.670000
27.842,-0.925000,0.800000,-0.108000,-10.863000,24.756000,2.275000,28.620000
27.849,-0.945000,0.775000,-0.130000,-9.031000,10.550000,-5.351000,28.720000
27.862,-0.916000,0.759000,-0.127000,-5.160000,-9.511000,-5.595000,28.720000
27.867,-0.843000,0.775000,-0.102000,-1.634000,-28.176000,-1.985000,28.620000
27.881,-0.749000,0.792000,-0.083000,-1.214000,-42.458000,1.252000,28.670000
27.893,-0.648000,0.776000,-0.091000,-1.206000,-43.893000,2.924000,28.720000
27.900,-0.542000,0.767000,-0.075000,-0.527000,-36.626000,-1.695000,28.720000
27.912,-0.523000,0.762000,-0.070000,-2.580000,-28.519000,-6.115000,28.620000
27.919,-0.482000,0.751000,-0.064000,-2.359000,-20.160000,-8.908000,28.670000
27.932,-0.445000,0.741000,-0.090000,-2.901000,-11.565000,-11.473000,28.670000
27.943,-0.443000,0.760000,-0.072000,-0.115000,-4.168000,-10.595000,28.720000
27.950,-0.427000,0.746000,-0.081000,-0.198000,-0.527000,-4.580000,28.620000
27.963,-0.423000,0.783000,-0.108000,3.282000,5.756000,2.374000,28.810000
27.971,-0.476000,0.799000,-0.116000,2.687000,9.878000,8.634000,28.670000
27.982,-0.591000,0.831000,-0.106000,2.160000,11.260000,12.298000,28.670000
27.990,-0.663000,0.804000,-0.105000,3.023000,3.794000,5.977000,28.620000
28.002,-0.754000,0.826000,-0.086000,-0.366000,-11.214000,7.649000,28.720000
28.011,-0.743000,0.800000,-0.098000,1.145000,-24.092000,4.962000,28.720000
28.022,-0.739000,0.820000,-0.102000,-0.489000,-35.466000,3.947000,28.670000
28.029,-0.684000,0.815000,-0.109000,0.206000,-41.611000,-5.061000,28.670000
28.041,-0.661000,0.826000,-0.116000,4.038000,-49.206000,4.336000,28.620000
28.053,-0.639000,0.830000,-0.096000,6.786000,-53.191000,8.137000,28.720000
28.062,-0.610000,0.832000,-0.105000,4.786000,-60.595000,11.672000,28.620000
28.073,-0.629000,0.834000,-0.097000,2.679000,-72.046000,18.252000,28.810000
28.080,-0.667000,0.825000,-0.087000,7.099000,-88.840000,25.137000,28.670000
28.092,-0.762000,0.853000,-0.052000,4.328000,-120.489000,36.863000,28.620000
28.099,-0.843000,0.812000,-0.052000,2.275000,-163.641000,51.679000,28.720000
28.113,-0.870000,0.801000,-0.068000,4.481000,-212.237000,65.885000,28.720000
28.123,-0.841000,0.796000,-0.076000,1.672000,-250.137000,72.359000,28.770000
28.131,-0.769000,0.770000,-0.117000,1.160000,-250.137000,78.351000,28.580000
28.142,-0.686000,0.762000,-0.142000,2.107000,-250.137000,82.336000,28.720000
28.149,-0.601000,0.754000,-0.183000,2.511000,-250.137000,84.779000,28.720000
28.162,-0.517000,0.750000,-0.210000,4.573000,-250.137000,89.252000,28.720000
28.169,-0.443000,0.721000,-0.219000,8.695000,-250.137000,93.183000,28.670000
28.181,-0.427000,0.701000,-0.198000,18.420000,-250.137000,96.450000,28.670000
28.193,-0.413000,0.659000,-0.159000,29.061000,-250.137000,93.183000,28.620000
28.200,-0.384000,0.776000,-0.127000,39.168000,-250.137000,87.168000,28.720000
28.212,-0.299000,0.781000,-0.097000,45.908000,-250.137000,69.878000,28.720000
28.219,-0.199000,0.848000,-0.064000,46.282000,-250.137000,57.237000,28.770000
28.232,-0.129000,0.868000,-0.026000,43.496000,-250.137000,50.336000,28.670000
28.243,-0.027000,0.902000,-0.012000,43.481000,-250.137000,57.710000,28.720000
28.250,-0.000000,0.876000,0.010000,47.290000,-250.137000,54.634000,28.620000
28.262,0.033000,0.921000,0.040000,46.168000,-250.137000,58.336000,28.720000
28.271,0.024000,0.919000,0.064000,50.756000,-250.137000,58.962000,28.720000
28.282,-0.111000,0.941000,0.126000,49.153000,-250.137000,74.328000,28.670000
28.289,-0.255000,0.918000,0.161000,49.206000,-250.137000,79.382000,28.720000
28.301,-0.262000,0.939000,0.117000,58.542000,-250.137000,81.565000,28.720000
28.313,-0.216000,0.917000,0.125000,59.443000,-250.137000,76.893000,28.720000
28.320,-0.188000,0.947000,0.107000,55.397000,-250.137000,72.557000,28.670000
28.332,-0.081000,0.920000,0.014000,57.298000,-250.137000,66.618000,28.580000
28.339,-0.032000,0.888000,-0.028000,62.321000,-250.137000,67.031000,28.720000
28.351,0.049000,0.768000,-0.109000,80.794000,-250.137000,73.321000,28.720000
28.358,0.230000,0.719000,-0.184000,99.420000,-250.137000,84.038000,28.720000
28.371,0.441000,0.766000,-0.219000,119.122000,-250.137000,95.107000,28.670000
28.383,0.572000,0.862000,-0.141000,121.817000,-250.137000,92.870000,28.670000
28.389,0.620000,0.981000,-0.080000,120.031000,-250.137000,80.725000,28.720000
28.401,0.556000,1.072000,0.005000,110.702000,-250.137000,64.435000,28.720000
28.410,0.493000,1.104000,0.030000,100.443000,-229.740000,45.046000,28.620000
28.421,0.424000,1.105000,0.067000,87.977000,-209.824000,33.252000,28.670000
28.433,0.374000,1.059000,0.037000,76.824000,-198.939000,24.611000,28.670000
28.440,0.420000,1.010000,-0.018000,70.580000,-189.145000,20.832000,28.620000
28.452,0.468000,0.981000,-0.062000,67.954000,-173.916000,17.687000,28.720000
28.461,0.523000,1.005000,-0.090000,66.260000,-153.130000,11.458000,28.720000
28.472,0.566000,1.020000,-0.083000,65.969000,-128.885000,3.458000,28.720000
28.480,0.529000,1.075000,-0.035000,60.695000,-105.351000,-8.053000,28.670000
28.491,0.530000,1.059000,-0.042000,56.565000,-84.298000,-13.802000,28.810000
28.504,0.470000,1.102000,-0.021000,49.389000,-73.359000,-15.458000,28.720000
28.511,0.451000,1.063000,-0.008000,42.099000,-64.435000,-20.458000,28.720000
28.523,0.466000,1.080000,-0.035000,34.252000,-60.076000,-12.740000,28.670000
28.530,0.478000,1.071000,-0.058000,28.527000,-54.519000,5.718000,28.770000
28.542,0.481000,1.046000,-0.073000,25.977000,-41.931000,5.344000,28.770000
28.549,0.451000,1.036000,-0.068000,22.924000,-30.214000,3.794000,28.720000
28.562,0.431000,1.031000,-0.080000,19.504000,-20.427000,-0.740000,28.720000
28.567,0.409000,1.018000,-0.094000,19.878000,-15.893000,-2.931000,28.770000
28.582,0.401000,1.012000,-0.099000,19.382000,-15.595000,-2.824000,28.670000
28.593,0.406000,1.021000,-0.090000,19.137000,-17.298000,0.153000,28.670000
28.600,0.381000,1.023000,-0.095000,14.435000,-20.756000,5.672000,28.720000
28.613,0.398000,1.019000,-0.101000,13.405000,-20.695000,10.611000,28.620000
28.620,0.386000,1.019000,-0.102000,9.298000,-23.336000,14.053000,28.770000
28.632,0.377000,1.000000,-0.111000,8.511000,-22.183000,13.221000,28.770000
28.639,0.378000,0.982000,-0.114000,9.214000,-19.046000,12.206000,28.670000
28.651,0.384000,0.973000,-0.129000,7.221000,-16.466000,13.863000,28.810000
28.658,0.400000,0.963000,-0.142000,7.847000,-12.511000,14.122000,28.720000
28.671,0.372000,0.971000,-0.149000,6.664000,-9.336000,15.229000,28.720000
28.684,0.364000,0.970000,-0.153000,6.427000,-6.656000,13.359000,28.670000
28.690,0.359000,0.955000,-0.154000,6.519000,-7.122000,13.740000,28.670000
28.704,0.367000,0.958000,-0.150000,7.038000,-6.504000,13.908000,28.720000
28.711,0.380000,0.961000,-0.166000,6.824000,-6.550000,16.229000,28.720000
28.724,0.394000,0.952000,-0.182000,6.122000,-4.931000,17.382000,28.620000
28.730,0.394000,0.952000,-0.199000,5.832000,-3.603000,16.947000,28.770000
28.742,0.399000,0.944000,-0.194000,5.878000,-0.855000,15.908000,28.670000
28.750,0.464000,0.951000,-0.207000,0.183000,3.061000,9.863000,28.810000
28.763,0.570000,0.947000,-0.293000,-0.702000,13.763000,7.649000,28.810000
28.770,0.676000,0.891000,-0.314000,3.802000,34.718000,1.573000,28.720000
28.782,0.760000,0.916000,-0.369000,7.924000,65.725000,-3.634000,28.770000
28.789,0.778000,0.911000,-0.388000,13.198000,98.786000,-1.260000,28.770000
28.801,0.646000,0.910000,-0.384000,20.550000,123.397000,4.053000,28.720000
28.809,0.422000,0.958000,-0.335000,26.191000,131.183000,9.374000,28.720000
28.821,0.239000,0.980000,-0.241000,30.626000,118.809000,17.855000,28.720000
28.833,0.145000,0.980000,-0.185000,31.099000,92.634000,25.458000,28.580000
28.840,0.124000,1.004000,-0.135000,30.229000,72.260000,26.374000,28.670000
28.853,0.188000,1.003000,-0.108000,27.168000,53.092000,25.221000,28.670000
28.860,0.249000,1.005000,-0.106000,21.344000,38.756000,25.038000,28.720000
28.872,0.341000,1.005000,-0.114000,15.809000,29.313000,26.466000,28.720000
28.880,0.402000,1.012000,-0.154000,10.305000,20.290000,28.863000,28.620000
28.892,0.463000,0.977000,-0.193000,7.198000,13.634000,34.588000,28.770000
28.899,0.487000,0.971000,-0.229000,5.771000,5.473000,42.878000,28.770000
28.912,0.469000,0.951000,-0.251000,7.679000,-2.634000,57.015000,28.720000
28.921,0.413000,0.955000,-0.234000,8.718000,-7.618000,60.122000,28.720000
28.932,0.469000,0.933000,-0.258000,9.534000,-12.947000,63.458000,28.770000
28.938,0.484000,0.929000,-0.254000,9.466000,-14.229000,61.794000,28.770000
28.951,0.527000,0.909000,-0.274000,8.870000,-12.122000,57.168000,28.770000
28.964,0.554000,0.902000,-0.294000,10.542000,-9.252000,57.275000,28.720000
28.971,0.562000,0.884000,-0.309000,12.321000,-5.519000,56.847000,28.810000
28.982,0.604000,0.852000,-0.344000,17.183000,-3.206000,57.916000,28.670000
28.990,0.586000,0.847000,-0.341000,20.901000,-3.611000,61.473000,28.670000
29.002,0.580000,0.832000,-0.322000,28.183000,-3.855000,62.664000,28.770000
29.010,0.577000,0.840000,-0.287000,29.046000,-6.336000,59.282000,28.720000
29.022,0.624000,0.869000,-0.262000,30.420000,-7.351000,53.382000,28.720000
29.030,0.670000,0.871000,-0.259000,28.817000,-8.214000,48.870000,28.770000
29.041,0.719000,0.870000,-0.287000,28.885000,-4.985000,44.031000,28.770000
29.048,0.780000,0.881000,-0.311000,30.580000,-0.275000,45.206000,28.770000
29.061,0.803000,0.906000,-0.301000,33.107000,6.802000,48.809000,28.810000
29.073,0.777000,0.939000,-0.295000,32.893000,11.115000,52.160000,28.720000
29.081,0.748000,0.969000,-0.270000,32.374000,13.405000,55.176000,28.720000
29.093,0.730000,0.987000,-0.260000,32.702000,14.519000,56.550000,28.860000
29.100,0.716000,1.008000,-0.245000,26.626000,13.954000,58.802000,28.670000
29.113,0.707000,1.001000,-0.254000,24.977000,14.847000,58.802000,28.720000
29.121,0.699000,1.005000,-0.235000,23.160000,15.885000,58.878000,28.810000
29.132,0.696000,1.008000,-0.239000,21.107000,17.710000,61.244000,28.770000
29.139,0.704000,0.988000,-0.239000,20.779000,20.901000,65.374000,28.770000
29.151,0.715000,0.984000,-0.227000,19.298000,27.061000,66.916000,28.770000
29.158,0.690000,0.974000,-0.240000,15.718000,28.053000,67.565000,28.720000
29.171,0.672000,0.936000,-0.248000,15.176000,27.908000,69.611000,28.720000
29.183,0.658000,0.918000,-0.276000,14.069000,24.382000,72.992000,28.770000
29.190,0.650000,0.894000,-0.291000,13.618000,19.802000,76.282000,28.670000
29.203,0.660000,0.895000,-0.288000,16.061000,18.771000,76.947000,28.670000
29.210,0.647000,0.896000,-0.274000,15.901000,19.443000,77.359000,28.720000
29.223,0.636000,0.887000,-0.256000,16.115000,21.725000,74.733000,28.720000
29.230,0.645000,0.869000,-0.253000,14.221000,23.634000,70.992000,28.770000
29.242,0.667000,0.839000,-0.287000,17.260000,26.557000,65.328000,28.770000
29.248,0.681000,0.854000,-0.276000,16.626000,29.435000,67.725000,28.770000
29.262,0.699000,0.833000,-0.276000,17.160000,32.702000,67.374000,28.810000
29.268,0.700000,0.849000,-0.288000,18.992000,35.817000,65.817000,28.720000
29.281,0.672000,0.817000,-0.275000,19.954000,33.397000,71.580000,28.810000
29.293,0.630000,0.831000,-0.245000,17.489000,33.626000,72.412000,28.770000
29.300,0.628000,0.789000,-0.263000,16.092000,31.885000,68.649000,28.770000
29.313,0.656000,0.790000,-0.252000,18.771000,32.977000,65.282000,28.720000
29.320,0.675000,0.792000,-0.234000,20.611000,36.580000,62.847000,28.810000
29.333,0.676000,0.794000,-0.222000,20.565000,39.046000,61.313000,28.770000
29.339,0.669000,0.781000,-0.216000,21.206000,37.511000,59.275000,28.770000
29.351,0.677000,0.771000,-0.194000,20.389000,34.122000,58.137000,28.770000
29.359,0.738000,0.746000,-0.217000,20.130000,27.542000,60.405000,28.810000
29.371,0.771000,0.745000,-0.222000,18.656000,21.137000,61.397000,28.720000
29.383,0.839000,0.724000,-0.251000,20.656000,20.649000,62.191000,28.770000
29.390,0.863000,0.730000,-0.238000,22.313000,22.710000,64.183000,28.770000
29.403,0.869000,0.746000,-0.205000,21.786000,27.893000,65.198000,28.810000
29.411,0.851000,0.754000,-0.187000,18.168000,33.656000,60.817000,28.810000
29.424,0.841000,0.732000,-0.199000,16.618000,39.275000,54.061000,28.720000
29.430,0.830000,0.727000,-0.206000,17.160000,41.221000,49.382000,28.770000
29.442,0.789000,0.725000,-0.201000,17.618000,35.374000,50.221000,28.770000
29.449,0.761000,0.734000,-0.174000,18.122000,22.321000,59.779000,28.810000
29.462,0.801000,0.710000,-0.164000,17.038000,13.817000,68.282000,28.720000
29.470,0.846000,0.707000,-0.133000,12.611000,8.198000,68.252000,28.720000
29.482,0.911000,0.697000,-0.164000,8.748000,11.855000,64.321000,28.810000
29.488,0.968000,0.681000,-0.188000,7.153000,20.954000,58.840000,28.770000
29.501,0.982000,0.667000,-0.210000,7.511000,31.389000,55.061000,28.720000
29.514,0.969000,0.661000,-0.216000,9.389000,40.008000,54.221000,28.910000
29.521,0.910000,0.645000,-0.184000,12.466000,44.160000,56.565000,28.810000
29.533,0.858000,0.643000,-0.138000,11.260000,44.588000,59.252000,28.770000
29.540,0.870000,0.632000,-0.101000,6.870000,41.557000,56.992000,28.770000
29.552,0.904000,0.626000,-0.125000,-1.542000,39.763000,56.336000,28.810000
29.560,0.950000,0.583000,-0.176000,-4.267000,43.260000,54.122000,28.620000
29.573,0.957000,0.569000,-0.197000,-2.603000,48.321000,53.198000,28.810000
29.579,0.911000,0.584000,-0.187000,-2.305000,52.420000,52.893000,28.770000
29.591,0.844000,0.581000,-0.153000,-2.168000,50.824000,52.183000,28.770000
29.598,0.798000,0.562000,-0.109000,-5.176000,44.908000,51.679000,28.810000
29.612,0.792000,0.550000,-0.113000,-7.496000,37.618000,52.565000,28.720000
29.623,0.829000,0.530000,-0.087000,-12.237000,32.962000,50.191000,28.810000
29.630,0.863000,0.509000,-0.132000,-16.794000,33.344000,44.534000,28.860000
29.642,0.888000,0.495000,-0.171000,-16.412000,36.443000,41.053000,28.770000
29.649,0.866000,0.465000,-0.169000,-12.779000,39.710000,37.420000,28.810000
29.662,0.815000,0.461000,-0.150000,-9.397000,37.397000,38.458000,28.720000
29.670,0.813000,0.442000,-0.136000,-4.802000,33.611000,36.450000,28.720000
29.682,0.827000,0.441000,-0.130000,-2.015000,23.733000,40.252000,28.810000
29.689,0.898000,0.429000,-0.142000,2.534000,19.924000,47.473000,28.770000
29.701,0.948000,0.451000,-0.132000,6.260000,20.298000,55.557000,28.720000
29.708,0.930000,0.435000,-0.082000,6.809000,22.191000,62.176000,28.810000
29.721,0.894000,0.437000,-0.085000,4.160000,24.237000,66.359000,28.810000
29.733,0.804000,0.419000,-0.074000,1.427000,21.244000,70.603000,28.860000
29.740,0.783000,0.427000,-0.059000,0.008000,17.618000,68.786000,28.670000
29.753,0.781000,0.415000,-0.081000,-2.595000,13.107000,64.748000,28.810000
29.761,0.819000,0.380000,-0.095000,-1.267000,12.511000,60.771000,28.810000
29.772,0.838000,0.385000,-0.093000,-1.191000,13.168000,53.336000,28.810000
29.780,0.865000,0.333000,-0.095000,0.389000,11.328000,51.519000,28.770000
29.792,0.871000,0.303000,-0.093000,3.084000,11.908000,50.183000,28.860000
29.799,0.868000,0.288000,-0.116000,4.840000,10.321000,50.145000,28.810000
29.812,0.883000,0.326000,-0.103000,8.916000,12.557000,43.611000,28.810000
29.820,0.871000,0.299000,-0.073000,7.565000,10.069000,41.924000,28.810000
29.831,0.878000,0.304000,-0.087000,12.359000,11.450000,45.282000,28.770000
29.838,0.864000,0.327000,-0.068000,9.840000,8.832000,44.153000,28.860000
29.851,0.875000,0.291000,-0.072000,10.779000,9.840000,45.740000,28.810000
29.864,0.859000,0.281000,-0.055000,10.557000,13.504000,51.863000,28.720000
29.871,0.796000,0.275000,-0.030000,7.214000,10.939000,57.061000,28.810000
29.883,0.760000,0.221000,-0.051000,8.099000,9.282000,57.870000,28.810000
29.890,0.752000,0.241000,-0.046000,4.977000,7.962000,52.656000,28.770000
29.904,0.776000,0.211000,-0.054000,1.702000,4.443000,44.191000,28.810000
29.912,0.845000,0.220000,-0.081000,1.229000,6.786000,34.282000,28.810000
29.924,0.876000,0.198000,-0.097000,1.031000,8.672000,28.435000,28.720000
29.930,0.878000,0.187000,-0.098000,4.084000,14.130000,14.466000,28.770000
29.943,0.793000,0.200000,-0.051000,3.733000,7.992000,7.634000,28.770000
29.950,0.769000,0.208000,-0.019000,4.931000,2.145000,4.740000,28.810000
29.962,0.717000,0.213000,-0.017000,3.221000,-16.565000,7.992000,28.910000
29.971,0.811000,0.182000,-0.034000,4.924000,-26.260000,9.351000,28.810000
29.982,0.970000,0.230000,-0.043000,5.702000,-15.992000,-4.733000,28.770000
29.989,1.082000,0.229000,-0.057000,4.000000,-1.840000,4.145000,28.860000
30.002,1.078000,0.250000,-0.004000,4.206000,14.756000,16.031000,28.810000
30.011,1.011000,0.281000,0.025000,-3.985000,23.099000,17.771000,28.810000
30.021,0.918000,0.256000,-0.009000,-6.794000,18.618000,24.313000,28.810000
30.029,0.870000,0.209000,0.020000,-5.344000,10.092000,26.634000,28.860000
30.041,0.846000,0.206000,0.022000,-6.885000,-2.939000,34.191000,28.770000
30.048,0.902000,0.191000,0.002000,-9.405000,-8.947000,34.527000,28.910000
30.062,0.969000,0.245000,0.016000,-16.672000,0.718000,26.282000,28.810000
30.073,0.997000,0.240000,-0.013000,-23.763000,15.519000,18.130000,28.720000
30.081,0.922000,0.237000,-0.008000,-31.168000,26.924000,4.275000,28.910000
30.092,0.846000,0.241000,-0.030000,-38.931000,29.313000,-5.496000,28.860000
30.099,0.790000,0.226000,-0.030000,-41.099000,21.053000,-15.962000,28.810000
30.112,0.812000,0.212000,-0.038000,-42.908000,10.511000,-31.496000,28.810000
30.120,0.947000,0.152000,-0.068000,-41.397000,4.168000,-37.855000,28.910000
30.131,1.127000,0.107000,-0.074000,-33.366000,13.137000,-39.626000,28.860000
30.143,1.207000,0.169000,-0.076000,-31.206000,25.229000,-32.435000,28.770000
30.150,1.223000,0.182000,-0.110000,-30.481000,37.939000,-23.466000,28.810000
30.163,1.161000,0.171000,-0.129000,-26.695000,42.626000,-11.435000,28.810000
30.170,1.055000,0.162000,-0.128000,-23.107000,36.466000,0.458000,28.910000
30.182,0.979000,0.172000,-0.115000,-17.099000,22.298000,15.924000,28.860000
30.189,0.913000,0.185000,-0.093000,-10.916000,6.519000,20.351000,28.860000
30.201,0.898000,0.202000,-0.066000,-3.099000,-6.115000,28.183000,28.910000
30.209,0.888000,0.187000,0.018000,1.305000,-5.939000,22.794000,28.810000
30.221,0.847000,0.220000,0.091000,-4.870000,-2.985000,22.328000,28.810000
30.233,0.744000,0.178000,0.117000,-13.206000,-6.847000,24.351000,28.860000
30.240,0.654000,0.104000,0.119000,-14.664000,-14.031000,25.237000,28.770000
30.253,0.604000,0.038000,0.085000,-15.359000,-24.954000,35.718000,28.810000
30.260,0.625000,-0.009000,0.041000,-13.092000,-30.160000,33.313000,28.910000
30.272,0.673000,-0.018000,-0.008000,-4.198000,-33.076000,29.534000,28.810000
30.279,0.744000,0.001000,0.013000,2.588000,-27.687000,18.885000,29.000000
30.291,0.840000,0.086000,0.076000,1.351000,-14.313000,11.679000,28.770000
30.299,0.860000,0.116000,0.139000,-5.847000,-0.122000,14.725000,28.810000
30.312,0.772000,0.113000,0.157000,-18.359000,12.786000,17.450000,28.910000
30.319,0.704000,0.081000,0.108000,-26.260000,21.359000,12.397000,28.910000
30.331,0.656000,0.033000,0.073000,-29.084000,22.580000,9.008000,28.860000
30.343,0.658000,0.001000,0.046000,-27.664000,21.542000,4.366000,28.860000
30.350,0.641000,-0.020000,0.042000,-21.313000,15.802000,4.374000,28.810000
30.363,0.650000,-0.028000,0.081000,-17.198000,8.702000,10.412000,28.810000
30.370,0.665000,-0.005000,0.110000,-16.656000,5.840000,13.183000,28.810000
30.382,0.653000,0.021000,0.132000,-20.168000,3.214000,18.176000,28.770000
30.389,0.627000,-0.012000,0.077000,-25.084000,1.496000,17.611000,28.770000
30.402,0.607000,-0.037000,0.036000,-24.458000,-0.038000,12.611000,28.910000
30.409,0.562000,-0.063000,-0.006000,-22.008000,-6.641000,8.542000,28.810000
30.421,0.530000,-0.096000,-0.015000,-15.397000,-16.618000,7.198000,28.860000
30.433,0.524000,-0.091000,0.035000,-9.763000,-23.626000,5.389000,28.770000
30.440,0.550000,-0.018000,0.092000,-13.634000,-24.321000,0.099000,28.860000
30.453,0.594000,0.002000,0.083000,-18.359000,-22.733000,-9.420000,28.810000
30.461,0.645000,-0.005000,0.058000,-19.534000,-18.382000,-19.916000,28.810000
30.472,0.664000,-0.010000,0.009000,-22.084000,-19.756000,-23.313000,28.810000
30.479,0.670000,-0.040000,-0.062000,-16.779000,-23.008000,-26.412000,28.770000
30.490,0.683000,-0.036000,-0.073000,-9.344000,-28.313000,-28.153000,28.860000
30.503,0.734000,0.013000,-0.027000,-5.779000,-28.962000,-34.061000,28.720000
30.511,0.792000,0.071000,0.029000,-10.641000,-23.076000,-38.580000,28.910000
30.523,0.828000,0.104000,0.043000,-19.824000,-11.710000,-49.237000,28.860000
30.529,0.809000,0.090000,-0.002000,-29.916000,-9.168000,-54.863000,28.860000
30.541,0.807000,0.042000,-0.107000,-31.435000,-13.351000,-59.672000,28.770000
30.553,0.854000,0.038000,-0.194000,-21.206000,-18.580000,-61.550000,28.910000
30.562,0.897000,0.053000,-0.261000,-8.359000,-29.305000,-57.458000,28.810000
30.573,0.925000,0.055000,-0.271000,8.145000,-38.427000,-51.893000,28.950000
30.580,0.976000,0.067000,-0.191000,21.794000,-38.481000,-45.359000,28.860000
30.592,0.962000,0.158000,-0.058000,25.076000,-31.397000,-36.649000,28.770000
30.599,0.872000,0.220000,0.033000,16.634000,-25.542000,-28.885000,28.810000
30.612,0.784000,0.244000,0.075000,7.153000,-20.267000,-28.786000,28.910000
30.618,0.692000,0.264000,0.065000,-3.878000,-19.878000,-32.420000,28.770000
30.631,0.653000,0.211000,-0.037000,-8.725000,-23.466000,-37.160000,28.860000
30.642,0.687000,0.189000,-0.127000,-3.298000,-24.366000,-44.084000,28.810000
30.650,0.712000,0.201000,-0.130000,3.985000,-25.321000,-48.969000,28.810000
30.662,0.672000,0.183000,-0.116000,9.458000,-30.260000,-47.954000,28.910000
30.669,0.668000,0.229000,-0.026000,11.763000,-31.466000,-52.901000,28.810000
30.682,0.715000,0.322000,0.008000,4.947000,-26.656000,-58.664000,28.860000
30.688,0.795000,0.333000,-0.056000,-3.145000,-18.260000,-65.855000,28.910000
30.700,0.849000,0.344000,-0.106000,-4.687000,-7.214000,-70.267000,28.810000
30.714,0.816000,0.328000,-0.141000,-3.305000,-2.206000,-68.824000,28.810000
30.721,0.713000,0.271000,-0.150000,6.740000,-3.183000,-61.191000,28.860000
30.732,0.599000,0.255000,-0.032000,17.588000,-9.931000,-54.649000,28.860000
30.739,0.514000,0.340000,0.078000,10.160000,-19.229000,-52.542000,28.810000
30.751,0.553000,0.425000,0.061000,-2.069000,-22.893000,-61.031000,28.720000
30.759,0.692000,0.475000,-0.011000,-7.779000,-17.481000,-76.939000,28.910000
30.771,0.824000,0.491000,-0.096000,-17.084000,-5.527000,-91.916000,28.860000
30.783,0.951000,0.515000,-0.136000,-18.260000,19.115000,-99.046000,28.770000
30.790,0.938000,0.519000,-0.166000,-14.496000,40.008000,-90.656000,28.810000
30.802,0.692000,0.502000,-0.101000,-7.145000,49.046000,-76.489000,28.810000
30.810,0.362000,0.342000,0.004000,9.000000,28.809000,-58.336000,28.910000
30.823,0.048000,0.344000,0.174000,6.489000,-8.168000,-49.908000,28.950000
30.829,0.053000,0.472000,0.140000,-3.908000,-37.542000,-62.046000,28.860000
30.841,0.291000,0.613000,0.013000,-10.824000,-60.565000,-81.122000,28.810000
30.854,0.617000,0.628000,-0.117000,-11.275000,-54.092000,-109.473000,28.910000
30.860,0.892000,0.664000,-0.229000,-10.748000,-35.298000,-118.374000,28.810000
30.872,1.014000,0.701000,-0.230000,0.756000,-4.718000,-112.405000,28.860000
30.880,0.824000,0.637000,-0.074000,11.656000,9.687000,-95.588000,28.860000
30.892,0.510000,0.654000,0.094000,-2.313000,2.336000,-79.244000,28.910000
30.899,0.380000,0.718000,-0.005000,-20.427000,-12.924000,-84.595000,28.810000
30.911,0.495000,0.725000,-0.160000,-22.802000,-29.412000,-103.061000,28.860000
30.923,0.734000,0.731000,-0.254000,-15.137000,-26.008000,-127.573000,28.770000
30.930,0.963000,0.808000,-0.271000,-8.504000,-11.534000,-134.641000,28.770000
30.942,1.077000,0.835000,-0.275000,-4.931000,8.008000,-122.366000,28.910000
30.949,0.958000,0.781000,-0.185000,4.321000,26.954000,-105.252000,28.910000
30.962,0.671000,0.771000,-0.081000,-6.206000,28.519000,-90.679000,28.860000
30.969,0.479000,0.792000,-0.144000,-12.626000,15.321000,-93.527000,28.950000
30.982,0.480000,0.819000,-0.223000,-7.939000,2.580000,-113.214000,28.950000
30.993,0.640000,0.838000,-0.261000,2.183000,-2.427000,-128.977000,28.910000
31.000,0.838000,0.915000,-0.235000,10.634000,5.992000,-129.519000,28.910000
31.013,0.931000,0.940000,-0.167000,13.244000,19.908000,-115.863000,28.860000
31.021,0.787000,0.875000,-0.111000,12.580000,26.756000,-96.824000,28.860000
31.032,0.532000,0.904000,-0.102000,8.008000,20.305000,-86.748000,28.950000
31.039,0.384000,0.909000,-0.157000,13.809000,-4.832000,-93.015000,28.810000
31.051,0.359000,0.939000,-0.145000,20.053000,-36.771000,-105.092000,28.810000
31.064,0.538000,0.982000,-0.155000,22.038000,-61.153000,-113.779000,28.810000
31.070,0.841000,1.071000,-0.153000,23.962000,-69.847000,-108.618000,28.860000
31.082,1.062000,1.154000,-0.121000,22.046000,-56.840000,-90.794000,28.860000
31.089,1.122000,1.167000,-0.069000,13.084000,-26.725000,-76.565000,29.000000
31.101,0.954000,1.119000,-0.052000,-0.221000,-1.809000,-67.664000,28.910000
31.108,0.692000,1.061000,-0.089000,-12.901000,12.305000,-62.313000,28.860000
31.121,0.551000,1.039000,-0.141000,-11.718000,12.977000,-64.527000,28.950000
31.133,0.426000,1.036000,-0.105000,-10.084000,4.603000,-69.695000,28.910000
31.140,0.411000,1.035000,-0.131000,-9.511000,-7.901000,-72.130000,28.910000
31.152,0.461000,1.047000,-0.129000,-7.527000,-17.496000,-73.000000,28.910000
31.159,0.543000,1.096000,-0.123000,-12.382000,-13.809000,-73.435000,28.860000
31.172,0.625000,1.076000,-0.161000,-15.359000,-0.275000,-73.176000,28.860000
31.178,0.555000,1.045000,-0.151000,-14.183000,14.023000,-69.649000,28.910000
31.190,0.487000,0.986000,-0.137000,-13.519000,28.115000,-69.000000,28.810000
31.202,0.372000,0.985000,-0.061000,-13.038000,32.420000,-72.405000,28.810000
31.210,0.233000,1.060000,-0.054000,-24.580000,16.954000,-68.947000,28.860000
31.222,0.218000,1.028000,-0.128000,-25.603000,-6.290000,-73.145000,28.950000
31.230,0.333000,1.022000,-0.177000,-18.977000,-25.153000,-87.229000,28.810000
31.241,0.541000,1.025000,-0.230000,-12.053000,-35.947000,-89.427000,29.000000
31.253,0.728000,1.047000,-0.235000,-3.588000,-25.679000,-84.802000,28.810000
31.260,0.749000,1.077000,-0.181000,4.168000,-12.473000,-73.160000,28.810000
31.274,0.608000,1.079000,-0.118000,5.389000,-2.908000,-61.275000,28.860000
31.280,0.457000,1.107000,-0.037000,5.573000,-2.992000,-55.733000,28.910000
31.292,0.312000,1.135000,-0.010000,-2.076000,-15.519000,-50.084000,28.810000
31.299,0.285000,1.130000,-0.024000,-5.748000,-29.954000,-46.885000,28.950000
31.312,0.403000,1.149000,-0.030000,-5.191000,-32.137000,-52.664000,28.950000
31.324,0.493000,1.243000,-0.004000,-16.420000,-29.618000,-53.580000,28.950000
31.331,0.609000,1.194000,-0.070000,-24.527000,-12.939000,-57.603000,28.910000
31.342,0.601000,1.136000,-0.084000,-28.924000,0.573000,-54.802000,28.910000
31.349,0.535000,1.053000,-0.106000,-31.519000,11.733000,-49.466000,28.910000
31.362,0.442000,0.985000,-0.053000,-28.397000,10.794000,-45.733000,28.860000
31.369,0.278000,0.972000,-0.044000,-34.802000,-8.382000,-39.908000,28.950000
31.381,0.215000,0.929000,-0.109000,-31.504000,-33.771000,-41.038000,28.910000
31.393,0.306000,1.024000,-0.146000,-25.718000,-54.573000,-46.267000,28.910000
31.400,0.481000,1.066000,-0.177000,-21.534000,-66.168000,-47.221000,28.950000
31.412,0.673000,1.068000,-0.184000,-12.511000,-54.191000,-47.756000,28.860000
31.419,0.756000,1.131000,-0.153000,-12.351000,-33.802000,-39.420000,28.860000
31.431,0.742000,1.126000,-0.137000,-16.595000,-7.496000,-29.878000,28.910000
31.443,0.656000,1.127000,-0.105000,-19.695000,16.183000,-22.176000,28.910000
31.450,0.543000,1.125000,-0.112000,-23.145000,33.863000,-14.298000,28.910000
31.463,0.437000,1.205000,-0.113000,-24.534000,43.809000,-5.603000,28.860000
31.470,0.344000,1.194000,-0.103000,-22.985000,45.901000,-4.351000,28.860000
31.482,0.281000,1.151000,-0.093000,-19.939000,46.000000,-7.855000,28.910000
31.488,0.246000,1.106000,-0.082000,-16.008000,42.489000,-13.366000,28.910000
31.501,0.210000,1.072000,-0.038000,-12.992000,36.527000,-19.321000,28.860000
31.513,0.186000,1.091000,-0.015000,-15.794000,25.725000,-22.061000,28.860000
31.521,0.192000,1.073000,-0.031000,-17.519000,12.969000,-24.725000,28.950000
31.533,0.237000,1.093000,-0.015000,-18.206000,-1.550000,-22.420000,28.910000
31.539,0.319000,1.095000,-0.025000,-18.099000,-13.031000,-18.427000,28.910000
31.551,0.417000,1.086000,-0.033000,-17.649000,-16.550000,-12.137000,28.860000
31.557,0.471000,1.090000,-0.048000,-17.275000,-12.298000,-5.015000,28.860000
31.571,0.481000,1.106000,-0.035000,-18.786000,-3.252000,-0.771000,28.950000
31.583,0.456000,1.085000,-0.036000,-20.458000,8.038000,1.443000,28.910000
31.590,0.394000,1.062000,-0.025000,-21.718000,18.412000,0.611000,28.910000
31.602,0.330000,1.053000,-0.032000,-24.557000,23.305000,-0.443000,28.950000
31.611,0.278000,1.021000,-0.054000,-24.855000,23.641000,-6.115000,28.860000
31.622,0.292000,1.012000,-0.075000,-22.496000,22.511000,-11.985000,28.860000
31.628,0.321000,0.991000,-0.099000,-17.939000,21.336000,-12.901000,28.910000
31.641,0.333000,0.988000,-0.102000,-12.756000,20.412000,-9.344000,28.910000
31.653,0.302000,1.022000,-0.064000,-9.336000,19.916000,-7.725000,28.910000
31.662,0.275000,1.038000,-0.060000,-7.664000,17.878000,-7.931000,28.950000
31.674,0.238000,1.041000,-0.035000,-6.794000,15.748000,-8.305000,28.910000
31.680,0.221000,1.078000,0.029000,-8.496000,12.916000,-10.496000,29.000000
31.692,0.272000,1.085000,0.064000,-16.626000,13.427000,-17.000000,28.910000
31.699,0.335000,1.063000,0.051000,-25.725000,19.977000,-25.153000,28.860000
31.712,0.398000,1.023000,0.013000,-32.756000,29.359000,-31.588000,28.950000
31.719,0.430000,0.960000,-0.039000,-35.008000,38.641000,-32.718000,28.910000
31.732,0.434000,0.917000,-0.102000,-31.573000,48.511000,-34.137000,28.910000
31.743,0.396000,0.902000,-0.122000,-24.802000,52.450000,-32.420000,28.910000
31.750,0.337000,0.912000,-0.096000,-17.267000,52.679000,-28.275000,28.950000
31.763,0.292000,0.927000,-0.074000,-10.733000,50.985000,-22.954000,28.860000
31.770,0.209000,0.961000,-0.033000,-6.756000,43.611000,-14.786000,28.910000
31.782,0.154000,0.972000,-0.013000,-5.229000,37.687000,-13.160000,28.910000
31.788,0.107000,0.976000,-0.020000,-3.489000,29.244000,-11.840000,28.950000
31.801,0.077000,0.962000,-0.023000,0.649000,23.542000,-13.107000,28.860000
31.813,0.059000,0.949000,-0.009000,5.328000,20.450000,-16.466000,28.950000
31.821,0.085000,0.935000,-0.012000,12.206000,25.794000,-21.489000,28.810000
31.833,0.103000,0.961000,0.027000,17.901000,37.679000,-31.153000,28.910000
31.840,0.113000,0.970000,0.076000,20.847000,54.496000,-42.847000,28.810000
31.852,0.074000,0.985000,0.112000,19.672000,68.824000,-56.718000,28.950000
31.860,0.008000,1.016000,0.156000,16.901000,75.756000,-70.397000,28.950000
31.872,-0.012000,1.058000,0.168000,14.145000,77.328000,-81.504000,28.910000
31.879,-0.028000,1.085000,0.166000,7.786000,69.298000,-82.473000,28.910000
31.891,-0.031000,1.081000,0.181000,5.779000,54.641000,-75.634000,28.860000
31.898,-0.069000,1.074000,0.157000,5.321000,37.725000,-67.076000,28.950000
31.911,-0.105000,1.060000,0.148000,2.145000,15.031000,-57.893000,28.860000
31.923,-0.120000,1.045000,0.150000,-0.649000,-8.710000,-51.931000,28.910000
31.930,-0.130000,1.052000,0.134000,-4.565000,-31.359000,-43.847000,29.000000
31.942,0.003000,0.978000,0.089000,-5.939000,-40.855000,-44.718000,28.950000
31.949,0.061000,0.973000,0.048000,-2.542000,-41.786000,-48.924000,28.950000
31.962,0.162000,0.942000,0.030000,-0.397000,-36.351000,-53.099000,28.910000
31.970,0.314000,0.949000,0.040000,3.763000,-20.359000,-58.313000,28.910000
31.982,0.486000,0.957000,0.023000,10.191000,12.969000,-74.817000,28.910000
31.986,0.547000,1.016000,0.013000,15.473000,38.359000,-82.641000,28.950000
32.000,0.514000,1.101000,0.078000,16.038000,46.908000,-79.092000,28.950000
32.013,0.457000,1.115000,0.086000,14.015000,43.763000,-61.504000,28.910000
32.020,0.391000,1.126000,0.086000,11.130000,25.336000,-27.023000,28.910000
32.032,0.326000,1.109000,0.063000,10.130000,17.870000,-5.931000,28.910000
32.040,0.158000,1.059000,0.041000,8.924000,7.748000,12.687000,28.950000
32.053,0.040000,0.979000,0.006000,11.534000,6.504000,20.130000,28.950000
32.060,-0.063000,0.937000,-0.008000,17.916000,8.321000,22.450000,28.910000
32.073,-0.172000,0.961000,0.038000,22.069000,8.550000,21.534000,28.910000
32.079,-0.248000,0.982000,0.074000,23.137000,6.763000,16.527000,28.860000
32.092,-0.270000,0.988000,0.098000,21.603000,4.092000,9.908000,28.950000
32.099,-0.273000,1.002000,0.104000,17.321000,0.153000,3.824000,28.950000
32.112,-0.245000,0.992000,0.091000,14.397000,-3.641000,1.359000,29.000000
32.119,-0.215000,1.010000,0.072000,11.069000,-4.656000,-3.183000,29.000000
32.131,-0.210000,1.016000,0.060000,8.985000,-6.046000,-4.779000,28.950000
32.138,-0.154000,1.031000,0.071000,6.053000,-5.611000,-6.878000,28.950000
32.151,-0.122000,1.039000,0.054000,2.061000,-6.809000,-5.328000,28.910000
32.164,-0.064000,1.036000,0.061000,-2.588000,-5.626000,-1.992000,29.000000
32.171,-0.030000,1.042000,0.060000,-7.550000,-3.527000,-1.000000,29.000000
32.183,-0.015000,1.008000,0.040000,-10.061000,-2.206000,0.817000,28.950000
32.190,-0.018000,0.991000,0.043000,-11.504000,-0.855000,2.023000,28.950000
32.202,-0.037000,0.981000,0.007000,-8.710000,-3.008000,4.786000,28.910000
32.211,-0.041000,0.998000,0.007000,-4.084000,-8.496000,3.687000,29.000000
32.222,-0.037000,0.998000,0.004000,-1.160000,-14.977000,4.061000,29.000000
32.230,-0.019000,1.031000,0.000000,1.496000,-22.878000,4.595000,28.950000
32.242,0.022000,1.054000,0.016000,4.061000,-29.046000,8.580000,28.950000
32.249,0.032000,1.051000,0.018000,4.718000,-34.153000,12.176000,29.000000
32.263,0.006000,1.042000,0.008000,4.870000,-40.038000,13.878000,29.000000
32.269,0.005000,1.023000,0.002000,6.191000,-44.817000,15.565000,28.860000
32.282,0.043000,1.010000,0.003000,8.893000,-46.450000,16.893000,28.860000
32.287,0.066000,1.013000,0.010000,9.626000,-45.412000,20.031000,28.950000
32.301,0.068000,1.020000,-0.005000,9.740000,-43.649000,23.244000,28.910000
32.314,0.084000,1.015000,-0.022000,11.237000,-38.916000,22.023000,28.910000
32.321,0.085000,1.019000,-0.009000,11.481000,-35.809000,22.237000,28.950000
32.332,0.113000,1.014000,-0.012000,10.176000,-31.534000,22.435000,28.860000
32.339,0.137000,1.014000,-0.019000,10.473000,-24.870000,24.550000,28.950000
32.351,0.126000,1.022000,-0.003000,9.779000,-19.099000,24.977000,29.000000
32.359,0.140000,1.017000,0.001000,6.679000,-11.725000,25.695000,29.000000
32.371,0.132000,1.004000,-0.007000,4.466000,-5.053000,25.771000,28.860000
32.379,0.127000,0.991000,-0.028000,5.550000,1.130000,24.847000,28.860000
32.391,0.112000,0.985000,-0.024000,7.336000,7.115000,22.000000,28.910000
32.398,0.102000,0.975000,-0.029000,10.176000,12.275000,20.275000,29.000000
32.412,0.095000,1.002000,-0.001000,12.641000,17.359000,20.985000,28.910000
32.424,0.068000,1.022000,0.021000,11.489000,20.137000,22.435000,29.000000
32.431,0.029000,1.032000,0.023000,10.565000,20.977000,21.260000,28.860000
32.443,0.034000,1.032000,0.041000,9.168000,19.687000,22.725000,29.090000
32.450,0.024000,1.041000,0.023000,6.939000,17.954000,25.351000,29.000000
32.463,0.022000,1.034000,0.013000,6.328000,15.939000,27.397000,29.000000
32.470,0.002000,1.039000,0.021000,5.435000,13.534000,28.359000,29.050000
32.483,-0.009000,1.047000,0.010000,4.046000,9.573000,29.344000,28.950000
32.490,-0.007000,1.033000,0.013000,5.672000,4.679000,30.977000,28.910000
32.502,0.001000,1.036000,0.042000,3.977000,-0.534000,29.229000,28.910000
32.511,0.060000,1.057000,0.018000,1.756000,-4.489000,28.740000,29.000000
32.522,0.102000,1.077000,0.025000,-4.893000,-10.588000,30.435000,28.950000
32.530,0.173000,1.050000,-0.011000,-5.786000,-8.328000,29.382000,28.950000
32.541,0.229000,1.050000,-0.043000,-6.229000,-5.504000,31.160000,29.000000
32.548,0.262000,1.034000,-0.073000,-3.275000,-0.450000,34.420000,29.000000
32.562,0.255000,1.023000,-0.070000,1.122000,2.489000,37.740000,29.000000
32.570,0.221000,1.018000,-0.053000,4.588000,1.634000,39.252000,28.950000
32.581,0.205000,1.021000,-0.021000,7.557000,-2.046000,42.053000,28.950000
32.588,0.188000,1.040000,0.010000,8.153000,-9.473000,41.176000,29.000000
32.601,0.224000,1.067000,-0.003000,7.710000,-15.328000,40.122000,29.000000
32.613,0.286000,1.077000,0.006000,7.489000,-18.748000,38.939000,29.000000
32.622,0.345000,1.075000,0.009000,6.878000,-19.038000,39.229000,28.950000
32.633,0.390000,1.085000,0.009000,6.916000,-17.634000,44.237000,29.050000
32.640,0.391000,1.073000,0.022000,6.084000,-16.359000,47.664000,29.000000
32.653,0.403000,1.072000,0.036000,5.664000,-15.389000,48.557000,29.000000
32.661,0.415000,1.080000,0.031000,3.397000,-16.061000,54.099000,29.050000
32.672,0.427000,1.082000,0.020000,1.832000,-15.771000,59.099000,28.950000
32.679,0.438000,1.090000,-0.002000,0.771000,-14.328000,62.947000,28.950000
32.691,0.458000,1.083000,-0.028000,-0.473000,-6.481000,66.191000,29.000000
32.699,0.441000,1.083000,-0.054000,-1.023000,1.641000,67.489000,29.000000
32.712,0.404000,1.092000,-0.033000,0.061000,9.634000,66.450000,29.050000
32.719,0.354000,1.130000,-0.003000,-2.168000,12.405000,64.008000,29.050000
32.731,0.343000,1.126000,0.005000,-4.794000,12.198000,58.832000,28.950000
32.743,0.377000,1.109000,-0.011000,-5.977000,10.656000,57.511000,28.910000
32.750,0.417000,1.073000,-0.032000,-5.573000,11.374000,61.328000,28.910000
32.763,0.428000,1.068000,-0.041000,-4.450000,12.023000,64.557000,29.050000
32.771,0.425000,1.076000,-0.027000,-2.802000,12.748000,66.580000,28.950000
32.782,0.395000,1.070000,-0.023000,-1.924000,9.550000,71.290000,29.000000
32.789,0.384000,1.079000,-0.010000,-0.908000,3.122000,71.542000,29.000000
32.802,0.392000,1.086000,-0.031000,-3.450000,-8.878000,76.771000,28.910000
32.811,0.450000,1.093000,-0.051000,-2.458000,-14.145000,76.725000,28.910000
32.821,0.550000,1.099000,-0.067000,-1.061000,-13.580000,77.802000,29.050000
32.829,0.590000,1.099000,-0.099000,2.061000,-5.183000,79.420000,29.000000
32.841,0.590000,1.095000,-0.103000,5.573000,4.824000,82.328000,29.000000
32.848,0.549000,1.120000,-0.074000,5.542000,16.176000,83.084000,29.000000
32.862,0.533000,1.086000,-0.090000,4.748000,19.237000,83.214000,29.050000
32.874,0.466000,1.062000,-0.075000,4.679000,18.015000,86.519000,28.950000
32.881,0.411000,1.054000,-0.068000,6.496000,13.214000,85.046000,28.910000
32.893,0.421000,1.056000,-0.056000,8.427000,5.985000,81.817000,29.000000
32.900,0.492000,1.076000,-0.039000,10.603000,0.786000,79.069000,28.950000
32.913,0.567000,1.098000,-0.024000,11.557000,-1.008000,80.000000,28.950000
32.920,0.603000,1.107000,-0.001000,9.427000,0.885000,83.656000,28.950000
32.933,0.616000,1.106000,-0.005000,4.427000,4.290000,87.924000,29.000000
32.940,0.596000,1.067000,-0.031000,1.099000,6.763000,90.656000,29.000000
32.952,0.582000,1.016000,-0.080000,3.802000,10.809000,89.618000,29.050000
32.960,0.579000,1.004000,-0.098000,9.183000,15.008000,89.763000,29.050000
32.972,0.562000,1.028000,-0.087000,7.321000,15.038000,92.198000,29.050000
32.980,0.580000,1.047000,-0.062000,9.260000,22.565000,91.168000,29.000000
32.992,0.579000,1.056000,-0.032000,4.023000,25.412000,91.557000,29.000000
32.999,0.561000,1.020000,-0.045000,1.458000,28.450000,90.588000,29.000000
33.012,0.522000,0.978000,-0.048000,0.031000,27.389000,90.084000,28.950000
33.019,0.513000,0.942000,-0.087000,2.634000,22.023000,88.008000,29.000000
33.032,0.523000,0.931000,-0.092000,9.298000,15.931000,87.229000,29.000000
33.043,0.533000,0.959000,-0.062000,12.969000,10.580000,86.863000,29.000000
33.050,0.581000,0.984000,-0.029000,13.863000,7.763000,88.023000,29.050000
33.063,0.605000,0.996000,0.004000,11.000000,8.412000,90.412000,28.950000
33.072,0.640000,0.992000,0.004000,5.649000,11.977000,89.664000,29.000000
33.083,0.657000,0.939000,-0.015000,3.282000,16.595000,89.511000,29.000000
33.090,0.643000,0.914000,-0.026000,2.405000,19.718000,91.397000,28.910000
33.103,0.633000,0.899000,-0.055000,4.252000,22.954000,90.847000,29.050000
33.110,0.621000,0.891000,-0.048000,6.947000,25.786000,89.573000,29.050000
33.122,0.590000,0.891000,-0.012000,8.924000,27.779000,88.916000,29.000000
33.130,0.576000,0.922000,0.038000,4.519000,27.832000,86.198000,29.000000
33.142,0.596000,0.895000,0.031000,-0.847000,28.802000,83.160000,29.050000
33.149,0.630000,0.847000,0.006000,-2.374000,28.824000,81.168000,29.050000
33.162,0.644000,0.814000,-0.020000,-2.748000,29.779000,80.183000,29.050000
33.170,0.637000,0.783000,-0.047000,0.794000,28.183000,82.038000,29.000000
33.182,0.611000,0.762000,-0.044000,6.191000,25.450000,82.504000,28.910000
33.188,0.598000,0.792000,-0.002000,7.405000,21.595000,83.611000,29.090000
33.201,0.588000,0.803000,0.041000,7.282000,16.412000,84.863000,29.050000
33.207,0.577000,0.793000,0.080000,3.290000,11.321000,83.237000,29.050000
33.221,0.601000,0.749000,0.053000,-1.878000,5.481000,81.023000,29.000000
33.233,0.635000,0.700000,0.026000,-1.168000,2.450000,79.206000,29.000000
33.240,0.644000,0.686000,0.004000,0.779000,0.092000,78.115000,29.140000
33.254,0.662000,0.671000,0.002000,5.687000,-0.916000,77.305000,29.050000
33.262,0.673000,0.679000,0.036000,8.374000,0.260000,76.038000,28.950000
33.274,0.673000,0.687000,0.083000,7.450000,1.168000,76.748000,29.000000
33.280,0.669000,0.711000,0.112000,0.679000,2.527000,75.153000,29.090000
33.293,0.710000,0.670000,0.069000,-4.809000,4.954000,71.366000,29.050000
33.300,0.734000,0.615000,0.032000,-4.824000,10.366000,69.954000,29.140000
33.313,0.727000,0.579000,-0.000000,-2.656000,15.595000,66.679000,29.050000
33.321,0.730000,0.573000,-0.023000,1.008000,21.328000,61.580000,29.000000
33.333,0.699000,0.569000,-0.001000,6.229000,24.557000,58.641000,29.000000
33.339,0.639000,0.586000,0.057000,5.511000,23.489000,58.527000,28.950000
33.352,0.613000,0.588000,0.113000,3.786000,19.779000,53.664000,29.050000
33.360,0.603000,0.519000,0.101000,-2.481000,7.908000,53.832000,28.950000
33.373,0.593000,0.461000,0.092000,-1.275000,-5.580000,50.000000,29.000000
33.379,0.636000,0.445000,0.045000,1.023000,-22.237000,47.527000,29.000000
33.391,0.731000,0.448000,0.004000,7.237000,-36.336000,46.618000,29.090000
33.398,0.854000,0.468000,-0.002000,16.267000,-42.328000,51.908000,29.050000
33.412,0.912000,0.534000,0.051000,18.000000,-41.626000,60.870000,29.050000
33.418,0.905000,0.582000,0.092000,11.374000,-36.794000,69.160000,29.000000
33.431,0.891000,0.574000,0.118000,2.985000,-30.802000,74.565000,29.090000
33.443,0.844000,0.534000,0.090000,-5.573000,-23.725000,76.481000,29.050000
33.450,0.821000,0.476000,0.057000,-11.000000,-17.786000,74.527000,29.050000
33.463,0.787000,0.446000,0.008000,-12.382000,-13.962000,71.687000,29.050000
33.470,0.772000,0.398000,-0.037000,-9.008000,-11.061000,69.550000,29.090000
33.482,0.772000,0.411000,-0.010000,-8.420000,-6.183000,62.847000,29.090000
33.489,0.763000,0.395000,-0.030000,-10.000000,-4.611000,62.649000,29.050000
33.501,0.696000,0.365000,-0.025000,-9.794000,-6.351000,60.069000,29.050000
33.507,0.641000,0.369000,-0.037000,-16.321000,-15.954000,57.901000,29.050000
33.521,0.660000,0.270000,-0.115000,-15.244000,-25.931000,52.603000,29.090000
33.533,0.674000,0.196000,-0.173000,-5.786000,-36.076000,53.924000,29.000000
33.540,0.699000,0.167000,-0.185000,6.901000,-44.992000,53.542000,29.050000
33.552,0.688000,0.187000,-0.168000,17.405000,-55.527000,50.840000,28.950000
33.560,0.754000,0.232000,-0.113000,23.443000,-59.878000,44.435000,29.050000
33.572,0.887000,0.290000,-0.086000,22.756000,-55.008000,41.092000,29.000000
33.579,0.986000,0.302000,-0.065000,20.550000,-39.198000,38.206000,29.090000
33.591,1.039000,0.342000,-0.090000,14.061000,-16.992000,40.023000,29.000000
33.604,0.972000,0.274000,-0.129000,10.511000,3.000000,44.183000,29.050000
33.612,0.824000,0.223000,-0.142000,11.863000,15.389000,45.618000,29.050000
33.624,0.666000,0.208000,-0.130000,13.168000,18.267000,40.947000,29.000000
33.630,0.598000,0.180000,-0.104000,17.885000,15.809000,33.679000,29.090000
33.642,0.546000,0.182000,-0.063000,19.779000,13.351000,24.695000,28.950000
33.649,0.571000,0.191000,-0.021000,19.122000,12.282000,14.412000,29.140000
33.662,0.583000,0.200000,0.002000,15.382000,12.328000,7.840000,29.000000
33.671,0.573000,0.175000,-0.021000,14.611000,11.176000,0.183000,29.000000
33.682,0.535000,0.160000,-0.043000,16.672000,4.641000,-5.588000,29.090000
33.689,0.537000,0.180000,-0.056000,21.122000,-6.305000,-8.626000,29.050000
33.701,0.551000,0.192000,-0.008000,25.534000,-18.496000,-9.031000,29.050000
33.713,0.597000,0.217000,0.040000,27.710000,-26.740000,-10.153000,29.090000
33.721,0.681000,0.276000,0.104000,21.221000,-25.145000,-12.450000,29.000000
33.733,0.745000,0.314000,0.114000,8.344000,-16.427000,-12.954000,29.090000
33.740,0.755000,0.291000,0.075000,-1.924000,-5.321000,-13.519000,28.950000
33.752,0.717000,0.262000,0.018000,-11.344000,1.504000,-13.985000,29.140000
33.761,0.650000,0.202000,-0.056000,-14.229000,-0.389000,-13.420000,29.090000
33.772,0.616000,0.161000,-0.097000,-9.832000,-4.496000,-14.031000,29.000000
33.779,0.605000,0.130000,-0.079000,-3.511000,-10.763000,-13.496000,29.000000
33.791,0.606000,0.199000,-0.017000,-4.649000,-10.847000,-18.588000,29.050000
33.804,0.648000,0.235000,-0.019000,-9.366000,-9.359000,-26.901000,29.050000
33.811,0.658000,0.230000,-0.019000,-11.992000,-5.214000,-34.534000,29.090000
33.823,0.648000,0.219000,-0.053000,-13.092000,-6.450000,-40.328000,29.090000
33.829,0.632000,0.235000,-0.066000,-10.511000,-14.260000,-43.000000,29.050000
33.841,0.647000,0.269000,-0.049000,-7.115000,-24.099000,-45.496000,29.140000
33.848,0.708000,0.293000,0.005000,-7.290000,-32.573000,-45.374000,29.190000
33.862,0.803000,0.331000,0.029000,-11.733000,-32.160000,-45.504000,29.000000
33.874,0.900000,0.405000,0.063000,-19.450000,-21.237000,-45.366000,29.090000
33.880,0.929000,0.453000,0.073000,-32.710000,-7.076000,-45.550000,29.050000
33.892,0.920000,0.452000,0.024000,-44.817000,6.298000,-47.840000,29.140000
33.899,0.899000,0.410000,-0.047000,-48.687000,16.099000,-49.046000,29.000000
33.911,0.834000,0.377000,-0.074000,-47.420000,17.069000,-43.672000,29.090000
33.919,0.768000,0.364000,-0.064000,-44.756000,11.855000,-38.672000,29.050000
33.931,0.724000,0.409000,-0.019000,-48.015000,5.153000,-37.053000,29.050000
33.943,0.752000,0.422000,-0.055000,-56.031000,1.427000,-39.702000,29.050000
33.950,0.804000,0.404000,-0.102000,-58.550000,3.015000,-43.985000,29.090000
33.962,0.800000,0.415000,-0.119000,-61.336000,6.504000,-46.115000,29.090000
33.970,0.779000,0.454000,-0.144000,-65.939000,9.405000,-50.336000,29.000000
33.982,0.777000,0.495000,-0.174000,-66.092000,12.321000,-55.328000,29.050000
33.988,0.796000,0.528000,-0.190000,-66.725000,17.290000,-61.122000,29.090000
34.001,0.851000,0.529000,-0.196000,-69.695000,20.359000,-60.328000,29.090000
34.013,0.867000,0.518000,-0.230000,-65.275000,25.290000,-58.389000,29.000000
34.021,0.868000,0.485000,-0.251000,-59.290000,26.939000,-52.641000,29.050000
34.032,0.881000,0.404000,-0.278000,-50.198000,22.863000,-43.603000,29.140000
34.039,0.776000,0.358000,-0.250000,-36.527000,18.450000,-32.107000,29.000000
34.051,0.643000,0.343000,-0.204000,-25.542000,2.634000,-21.015000,29.090000
34.058,0.549000,0.458000,-0.129000,-24.305000,-16.496000,-20.290000,29.140000
34.071,0.604000,0.482000,-0.151000,-30.450000,-35.382000,-29.069000,29.140000
34.083,0.752000,0.455000,-0.203000,-30.008000,-38.405000,-39.221000,29.000000
34.089,0.912000,0.417000,-0.230000,-23.908000,-24.908000,-52.443000,29.090000
34.101,1.005000,0.410000,-0.191000,-17.962000,-2.641000,-70.458000,29.090000
34.109,1.025000,0.508000,-0.165000,-16.794000,27.863000,-52.695000,29.050000
34.121,0.887000,0.474000,-0.078000,-23.832000,51.000000,-37.779000,29.140000
34.134,0.761000,0.461000,-0.054000,-34.244000,72.183000,-38.008000,29.090000
34.140,0.645000,0.455000,-0.079000,-38.916000,87.260000,-39.763000,29.000000
34.152,0.544000,0.466000,-0.080000,-41.817000,97.160000,-51.481000,29.000000
34.161,0.472000,0.461000,-0.136000,-43.244000,100.328000,-68.137000,28.950000
34.172,0.485000,0.440000,-0.156000,-37.313000,100.893000,-82.878000,29.000000
34.177,0.537000,0.427000,-0.122000,-27.412000,99.870000,-94.397000,29.090000
34.190,0.611000,0.413000,-0.095000,-16.107000,102.420000,-103.244000,29.190000
34.202,0.644000,0.446000,-0.043000,-3.115000,107.863000,-103.092000,29.050000
34.210,0.568000,0.533000,0.055000,4.382000,106.588000,-92.336000,28.950000
34.222,0.453000,0.594000,0.087000,5.962000,98.351000,-83.931000,29.090000
34.230,0.369000,0.655000,0.115000,9.115000,82.031000,-79.282000,29.090000
34.242,0.325000,0.754000,0.171000,11.252000,62.817000,-79.160000,29.050000
34.249,0.374000,0.831000,0.209000,9.702000,41.107000,-77.321000,29.140000
34.262,0.527000,0.842000,0.267000,6.160000,26.038000,-80.069000,29.000000
34.269,0.690000,0.801000,0.252000,-0.130000,23.198000,-81.771000,29.090000
34.281,0.875000,0.766000,0.207000,0.496000,32.695000,-78.527000,29.190000
34.293,0.981000,0.738000,0.174000,7.863000,51.328000,-70.832000,28.950000
34.300,0.927000,0.799000,0.236000,13.565000,77.275000,-63.763000,29.140000
34.313,0.859000,0.931000,0.335000,11.656000,106.481000,-62.099000,29.000000
34.320,0.802000,0.979000,0.401000,3.771000,132.817000,-60.023000,29.000000
34.332,0.674000,1.036000,0.482000,-8.122000,155.344000,-66.137000,29.000000
34.339,0.534000,0.979000,0.481000,-20.328000,161.786000,-77.809000,29.050000
34.351,0.481000,0.885000,0.438000,-26.710000,157.496000,-90.389000,29.050000
34.359,0.521000,0.825000,0.385000,-23.466000,144.542000,-95.763000,29.000000
34.371,0.578000,0.857000,0.392000,-14.794000,131.977000,-91.214000,29.000000
34.383,0.629000,0.957000,0.439000,-11.290000,119.260000,-78.992000,28.950000
34.389,0.671000,1.062000,0.479000,-13.641000,112.298000,-64.061000,29.050000
34.402,0.698000,1.111000,0.511000,-20.313000,113.336000,-48.168000,29.190000
34.409,0.663000,1.061000,0.559000,-29.321000,116.809000,-37.336000,29.090000
34.422,0.564000,0.953000,0.523000,-40.183000,115.427000,-28.084000,29.190000
34.434,0.496000,0.836000,0.422000,-38.237000,114.122000,-26.290000,29.050000
34.440,0.443000,0.775000,0.383000,-26.176000,109.824000,-27.130000,29.050000
34.453,0.374000,0.762000,0.389000,-13.237000,105.267000,-27.687000,29.090000
34.461,0.327000,0.846000,0.441000,-7.252000,102.832000,-30.710000,29.000000
34.472,0.301000,0.959000,0.520000,-7.153000,96.618000,-32.481000,29.090000
34.480,0.296000,1.035000,0.612000,-12.107000,88.435000,-33.008000,29.050000
34.491,0.259000,0.967000,0.661000,-19.389000,74.947000,-35.137000,29.050000
34.498,0.269000,0.858000,0.628000,-21.008000,62.450000,-40.267000,29.000000
34.511,0.350000,0.841000,0.612000,-18.359000,51.763000,-43.031000,29.090000
34.523,0.446000,0.884000,0.628000,-14.664000,48.740000,-39.496000,29.090000
34.530,0.509000,0.962000,0.696000,-14.641000,54.107000,-35.748000,29.050000
34.542,0.522000,1.054000,0.765000,-20.328000,63.588000,-30.992000,29.050000
34.549,0.470000,1.065000,0.838000,-30.733000,70.496000,-29.626000,29.090000
34.562,0.395000,0.987000,0.818000,-41.260000,70.198000,-32.908000,29.090000
34.570,0.389000,0.919000,0.756000,-43.359000,66.855000,-38.275000,29.050000
34.581,0.436000,0.890000,0.713000,-41.908000,62.344000,-37.679000,29.050000
34.594,0.454000,0.918000,0.709000,-39.466000,55.321000,-28.481000,29.050000
34.600,0.438000,0.928000,0.730000,-38.947000,49.511000,-18.534000,29.090000
34.613,0.423000,0.939000,0.740000,-41.267000,43.519000,-6.863000,29.190000
34.621,0.430000,0.983000,0.778000,-45.947000,41.534000,5.901000,29.050000
34.632,0.438000,0.969000,0.761000,-50.893000,47.168000,14.107000,29.050000
34.639,0.400000,0.979000,0.797000,-55.260000,52.687000,19.435000,29.090000
34.652,0.358000,0.995000,0.845000,-62.427000,56.611000,18.702000,29.090000
34.659,0.309000,0.936000,0.842000,-68.290000,57.198000,14.198000,29.090000
34.672,0.204000,0.901000,0.888000,-69.863000,41.122000,21.802000,29.140000
34.679,0.161000,0.956000,0.961000,-75.351000,22.664000,25.771000,29.140000
34.691,0.180000,1.000000,1.021000,-89.267000,0.046000,35.496000,29.090000
34.704,0.237000,1.008000,1.061000,-102.595000,-13.527000,43.588000,29.000000
34.710,0.305000,1.030000,1.124000,-118.405000,-24.053000,52.427000,29.090000
34.722,0.331000,0.974000,1.107000,-133.916000,-27.405000,52.809000,29.140000
34.730,0.364000,0.785000,1.036000,-138.550000,-30.420000,46.191000,29.050000
34.741,0.363000,0.743000,1.020000,-134.580000,-35.076000,39.634000,29.090000
34.748,0.364000,0.764000,1.088000,-131.893000,-44.580000,37.489000,29.090000
34.762,0.372000,0.785000,1.118000,-139.985000,-57.565000,36.252000,29.140000
34.773,0.401000,0.762000,1.092000,-145.603000,-68.221000,35.275000,29.050000
34.780,0.471000,0.764000,1.077000,-151.061000,-72.550000,33.565000,29.050000
34.792,0.542000,0.708000,1.066000,-156.649000,-69.580000,30.092000,29.090000
34.799,0.612000,0.656000,1.044000,-165.137000,-64.885000,30.504000,29.090000
34.812,0.644000,0.605000,1.000000,-171.634000,-58.786000,29.374000,29.140000
34.823,0.649000,0.515000,0.978000,-173.664000,-51.893000,27.069000,29.050000
34.831,0.641000,0.492000,0.964000,-170.008000,-48.466000,27.756000,29.090000
34.842,0.644000,0.460000,0.987000,-165.702000,-47.344000,34.557000,29.090000
34.849,0.602000,0.448000,1.005000,-167.260000,-46.702000,35.137000,29.190000
34.862,0.573000,0.408000,0.990000,-171.145000,-48.214000,33.565000,29.050000
34.869,0.540000,0.346000,0.969000,-175.023000,-48.366000,31.397000,29.140000
34.881,0.589000,0.356000,0.999000,-179.412000,-47.763000,27.038000,29.090000
34.893,0.662000,0.389000,1.051000,-188.473000,-46.122000,27.588000,29.090000
34.900,0.712000,0.381000,1.023000,-192.870000,-43.023000,28.687000,29.090000
34.912,0.732000,0.387000,1.023000,-203.168000,-45.298000,35.443000,29.140000
34.919,0.763000,0.328000,0.994000,-206.137000,-43.679000,43.313000,29.140000
34.932,0.779000,0.327000,0.965000,-210.802000,-41.130000,51.031000,29.090000
34.938,0.816000,0.299000,0.941000,-210.634000,-33.038000,59.603000,29.190000
34.950,0.759000,0.171000,0.858000,-209.336000,-25.481000,64.954000,29.140000
34.963,0.676000,0.049000,0.802000,-201.695000,-21.321000,65.038000,29.140000
34.971,0.670000,-0.001000,0.804000,-194.519000,-18.145000,60.137000,29.190000
34.982,0.669000,-0.047000,0.797000,-187.397000,-15.481000,54.847000,29.090000
34.989,0.698000,-0.071000,0.785000,-179.794000,-11.397000,51.328000,29.090000
35.001,0.735000,-0.051000,0.757000,-173.893000,-5.344000,53.641000,29.050000
35.013,0.729000,-0.093000,0.732000,-166.405000,2.176000,59.397000,29.050000
35.021,0.679000,-0.147000,0.682000,-157.855000,10.817000,62.969000,29.090000
35.033,0.654000,-0.163000,0.713000,-151.260000,19.901000,65.023000,29.090000
35.039,0.628000,-0.153000,0.776000,-148.656000,28.191000,65.786000,29.090000
35.052,0.583000,-0.117000,0.802000,-147.626000,33.145000,64.756000,29.140000
35.059,0.557000,-0.069000,0.812000,-149.809000,33.863000,62.725000,29.050000
35.071,0.520000,-0.073000,0.752000,-156.076000,29.672000,64.313000,29.090000
35.084,0.528000,-0.068000,0.691000,-159.649000,25.427000,71.153000,29.000000
35.090,0.446000,-0.120000,0.601000,-165.710000,17.458000,78.015000,29.090000
35.102,0.397000,-0.288000,0.527000,-158.183000,13.229000,80.244000,29.140000
35.110,0.373000,-0.347000,0.549000,-150.763000,10.496000,76.679000,29.050000
35.121,0.389000,-0.335000,0.570000,-146.267000,15.580000,66.305000,29.090000
35.129,0.439000,-0.248000,0.651000,-147.733000,21.145000,59.214000,29.090000
35.141,0.450000,-0.284000,0.657000,-151.779000,22.229000,57.229000,29.050000
35.153,0.434000,-0.333000,0.635000,-149.695000,21.893000,58.260000,29.050000
35.160,0.426000,-0.379000,0.605000,-144.908000,24.183000,56.977000,29.050000
35.173,0.432000,-0.425000,0.544000,-141.519000,24.466000,56.916000,29.000000
35.180,0.484000,-0.557000,0.557000,-128.702000,35.702000,54.855000,29.190000
35.191,0.646000,-0.520000,0.646000,-117.008000,66.076000,43.160000,29.140000
35.204,0.695000,-0.449000,0.678000,-117.382000,93.672000,40.382000,29.140000
35.211,0.639000,-0.504000,0.657000,-116.351000,114.603000,37.779000,29.090000
35.222,0.515000,-0.500000,0.599000,-114.763000,130.893000,39.076000,29.090000
35.230,0.361000,-0.495000,0.549000,-116.458000,131.832000,47.458000,29.090000
35.241,0.207000,-0.533000,0.491000,-115.947000,118.718000,56.389000,29.050000
35.248,0.097000,-0.539000,0.495000,-118.214000,109.802000,48.634000,29.140000
35.261,0.076000,-0.522000,0.497000,-119.061000,96.351000,40.427000,29.090000
35.274,0.045000,-0.553000,0.515000,-121.588000,81.244000,29.237000,29.090000
35.280,0.021000,-0.505000,0.543000,-131.794000,64.450000,19.031000,29.090000
35.292,0.009000,-0.498000,0.495000,-140.656000,43.450000,13.489000,29.050000
35.299,0.020000,-0.510000,0.446000,-147.588000,22.580000,12.565000,29.050000
35.313,0.032000,-0.497000,0.428000,-156.458000,-0.153000,19.580000,29.090000
35.323,0.078000,-0.522000,0.369000,-158.328000,-16.183000,25.481000,29.090000
35.330,0.122000,-0.567000,0.304000,-161.863000,-30.107000,30.870000,29.050000
35.342,0.122000,-0.591000,0.264000,-163.534000,-33.893000,33.901000,29.050000
35.349,0.120000,-0.646000,0.233000,-164.748000,-36.626000,34.832000,29.090000
35.361,0.102000,-0.754000,0.181000,-160.382000,-36.641000,30.435000,29.000000
35.373,0.139000,-0.868000,0.147000,-146.740000,-31.588000,22.802000,29.190000
35.381,0.188000,-0.871000,0.162000,-135.870000,-21.809000,17.618000,29.140000
35.392,0.214000,-0.871000,0.175000,-123.145000,-9.420000,14.038000,29.140000
35.399,0.169000,-0.879000,0.167000,-116.924000,-4.130000,12.130000,29.090000
35.412,0.110000,-0.893000,0.170000,-108.229000,-2.366000,8.916000,29.190000
35.420,0.056000,-0.898000,0.173000,-100.511000,-5.282000,3.405000,29.140000
35.432,0.043000,-0.848000,0.166000,-95.473000,-10.344000,-1.031000,29.050000
35.443,0.084000,-0.797000,0.163000,-92.237000,-14.176000,-2.122000,29.240000
35.450,0.136000,-0.721000,0.183000,-93.023000,-13.305000,-1.595000,29.090000
35.464,0.169000,-0.716000,0.184000,-96.870000,-14.962000,0.160000,29.090000
35.470,0.208000,-0.784000,0.175000,-95.992000,-10.267000,-1.504000,29.190000
35.482,0.216000,-0.809000,0.146000,-94.580000,-8.702000,-0.725000,29.140000
35.489,0.202000,-0.836000,0.085000,-92.496000,-7.290000,3.191000,29.190000
35.501,0.188000,-0.863000,0.039000,-88.122000,-7.740000,6.870000,29.090000
35.508,0.211000,-0.868000,0.010000,-82.260000,-4.282000,6.313000,29.090000
35.522,0.217000,-0.864000,-0.006000,-78.618000,0.618000,7.481000,29.140000
35.533,0.238000,-0.897000,-0.024000,-71.046000,7.427000,8.092000,29.050000
35.540,0.245000,-0.935000,-0.016000,-61.939000,13.420000,6.756000,29.090000
35.553,0.225000,-0.908000,-0.013000,-54.656000,17.771000,5.733000,29.090000
35.560,0.170000,-0.861000,0.034000,-51.611000,14.511000,9.046000,29.140000
35.572,0.104000,-0.797000,0.059000,-52.832000,5.756000,13.924000,29.140000
35.580,0.057000,-0.790000,0.041000,-57.679000,-9.580000,18.740000,29.050000
35.591,0.091000,-0.882000,0.000000,-55.725000,-19.611000,20.458000,29.090000
35.604,0.182000,-0.955000,-0.037000,-46.771000,-19.229000,20.084000,29.190000
35.611,0.290000,-1.026000,-0.032000,-38.038000,-11.115000,15.160000,29.240000
35.623,0.355000,-1.012000,-0.012000,-25.534000,6.397000,12.595000,29.050000
35.630,0.304000,-0.917000,0.033000,-22.450000,12.603000,17.107000,29.090000
35.642,0.239000,-0.868000,0.086000,-22.053000,13.145000,22.901000,29.090000
35.649,0.183000,-0.839000,0.095000,-25.527000,6.122000,31.298000,29.090000
35.662,0.138000,-0.850000,0.079000,-29.260000,-0.718000,37.137000,29.090000
35.668,0.128000,-0.903000,0.020000,-29.954000,-6.511000,40.176000,29.140000
35.681,0.098000,-0.936000,-0.018000,-27.794000,-11.916000,41.160000,29.090000
35.692,0.079000,-0.985000,-0.043000,-25.756000,-17.298000,39.344000,29.190000
35.699,0.042000,-0.989000,-0.076000,-21.366000,-22.519000,36.237000,29.140000
35.713,0.023000,-1.002000,-0.090000,-21.511000,-33.374000,29.565000,29.050000
35.719,0.068000,-0.981000,-0.106000,-19.344000,-35.527000,22.321000,29.140000
35.731,0.149000,-0.984000,-0.107000,-20.298000,-38.817000,21.817000,29.190000
35.743,0.194000,-0.995000,-0.098000,-16.427000,-30.290000,26.160000,29.090000
35.750,0.197000,-1.021000,-0.127000,-13.023000,-22.229000,31.046000,29.050000
35.762,0.171000,-1.022000,-0.111000,-10.130000,-14.718000,32.748000,29.050000
35.770,0.108000,-1.051000,-0.094000,-7.359000,-9.855000,32.198000,29.140000
35.781,0.073000,-1.051000,-0.072000,-3.908000,-6.794000,29.122000,29.090000
35.787,0.032000,-1.072000,-0.058000,-0.267000,-6.924000,30.000000,29.090000
35.800,-0.005000,-1.071000,-0.030000,0.969000,-6.237000,27.198000,29.240000
35.813,-0.031000,-1.074000,0.003000,1.771000,-6.931000,20.137000,29.140000
35.821,-0.052000,-1.065000,0.033000,3.191000,-9.405000,10.580000,29.190000
35.832,-0.051000,-1.045000,0.044000,3.412000,-12.069000,1.374000,29.090000
35.839,-0.041000,-0.996000,0.063000,0.450000,-17.366000,-3.046000,29.090000
35.851,-0.025000,-0.977000,0.086000,-4.031000,-23.618000,-5.924000,29.090000
35.859,0.035000,-0.978000,0.087000,-9.359000,-26.214000,-6.809000,29.140000
35.871,0.083000,-1.008000,0.059000,-15.008000,-27.473000,-1.282000,29.090000
35.883,0.104000,-1.059000,0.023000,-16.275000,-25.290000,-0.908000,29.090000
35.890,0.123000,-1.102000,-0.007000,-13.710000,-22.687000,-2.534000,29.190000
35.902,0.122000,-1.109000,-0.015000,-10.527000,-19.496000,-3.771000,29.050000
35.909,0.094000,-1.101000,-0.024000,-8.282000,-19.557000,-4.366000,29.050000
35.921,0.091000,-1.104000,-0.009000,-7.290000,-19.000000,-6.824000,29.090000
35.929,0.084000,-1.119000,0.000000,-6.397000,-19.359000,-8.740000,29.190000
35.940,0.073000,-1.119000,-0.005000,-4.718000,-18.595000,-11.641000,29.140000
35.953,0.088000,-1.107000,-0.019000,-1.321000,-19.168000,-10.015000,29.140000
35.960,0.084000,-1.086000,-0.011000,0.580000,-19.634000,-9.374000,29.140000
35.972,0.077000,-1.055000,-0.013000,0.710000,-22.412000,-9.351000,29.190000
35.980,0.076000,-1.082000,-0.013000,2.153000,-25.863000,-10.573000,29.090000
35.991,0.097000,-1.118000,-0.017000,5.450000,-30.695000,-10.565000,29.140000
35.997,0.133000,-1.141000,-0.020000,8.000000,-33.298000,-4.603000,29.140000
36.012,0.139000,-1.170000,-0.031000,11.420000,-34.954000,0.779000,29.090000
36.024,0.131000,-1.175000,-0.049000,15.885000,-36.611000,1.863000,29.190000
36.030,0.112000,-1.146000,-0.043000,19.763000,-40.412000,0.687000,29.190000
36.042,0.076000,-1.134000,-0.024000,21.924000,-46.985000,-2.397000,29.090000
36.049,0.060000,-1.117000,-0.014000,22.893000,-56.321000,-5.977000,29.050000
36.062,0.085000,-1.107000,0.016000,22.504000,-63.672000,-7.672000,29.090000
36.069,0.154000,-1.089000,0.015000,22.099000,-66.206000,-8.733000,29.090000
36.081,0.198000,-1.084000,0.002000,19.771000,-64.679000,-10.519000,29.140000
36.093,0.273000,-1.082000,-0.019000,22.275000,-56.458000,-7.870000,29.140000
36.100,0.284000,-1.037000,0.021000,18.458000,-49.053000,-3.924000,29.050000
36.112,0.246000,-1.083000,0.004000,14.321000,-47.634000,3.176000,29.190000
36.120,0.164000,-1.074000,0.051000,15.176000,-48.221000,4.893000,29.190000
36.132,0.141000,-1.035000,0.061000,9.473000,-55.252000,8.756000,29.140000
36.139,0.126000,-1.032000,0.096000,4.534000,-61.611000,12.779000,29.140000
36.151,0.161000,-1.030000,0.106000,-2.267000,-66.870000,17.794000,29.140000
36.158,0.207000,-1.034000,0.090000,-7.427000,-67.099000,19.397000,29.190000
36.172,0.274000,-1.062000,0.044000,-9.626000,-60.237000,22.458000,29.190000
36.183,0.310000,-1.079000,0.017000,-14.412000,-51.237000,23.397000,29.140000
36.190,0.321000,-1.090000,0.000000,-17.618000,-39.611000,25.511000,29.240000
36.202,0.291000,-1.125000,-0.030000,-17.611000,-28.160000,30.489000,29.090000
36.209,0.235000,-1.125000,-0.021000,-13.527000,-19.779000,34.893000,29.190000
36.221,0.151000,-1.107000,0.003000,-11.244000,-16.000000,34.260000,29.190000
36.233,0.100000,-1.078000,0.035000,-7.924000,-9.290000,31.748000,29.140000
36.240,0.041000,-1.086000,0.076000,-9.992000,-10.695000,25.374000,29.240000
36.253,0.011000,-1.090000,0.064000,-9.145000,-10.985000,16.779000,29.090000
36.260,0.024000,-1.086000,0.085000,-11.145000,-13.099000,9.435000,29.190000
36.272,0.085000,-1.087000,0.027000,-10.504000,-9.534000,4.740000,29.140000
36.280,0.143000,-1.064000,0.016000,-9.130000,-1.908000,4.092000,29.140000
36.292,0.157000,-1.044000,-0.023000,-10.748000,4.611000,4.473000,29.140000
36.299,0.077000,-1.019000,-0.012000,-9.565000,7.916000,6.870000,29.190000
36.311,0.026000,-1.020000,0.007000,-13.137000,0.718000,12.061000,29.190000
36.318,-0.048000,-1.023000,0.010000,-16.824000,-10.092000,16.168000,29.140000
36.331,-0.079000,-1.035000,0.005000,-20.168000,-25.374000,19.534000,29.140000
36.342,-0.078000,-1.070000,-0.050000,-20.595000,-36.183000,24.672000,29.190000
36.349,-0.078000,-1.083000,-0.086000,-17.748000,-44.656000,28.221000,29.190000
36.362,-0.068000,-1.097000,-0.112000,-14.023000,-49.863000,25.847000,29.140000
36.374,-0.003000,-1.115000,-0.142000,-6.595000,-48.206000,19.992000,29.140000
36.380,0.024000,-1.116000,-0.142000,-1.122000,-43.458000,14.527000,29.140000
36.393,0.024000,-1.106000,-0.114000,3.542000,-36.779000,8.405000,29.190000
36.400,0.019000,-1.084000,-0.088000,6.015000,-30.221000,4.634000,29.190000
36.413,-0.021000,-1.021000,-0.078000,6.824000,-25.435000,1.069000,29.090000
36.420,-0.054000,-1.017000,-0.083000,5.084000,-29.634000,1.580000,29.140000
36.432,-0.111000,-1.037000,-0.114000,5.817000,-38.550000,6.573000,29.140000
36.438,-0.147000,-1.067000,-0.083000,9.817000,-48.779000,9.344000,29.090000
36.451,-0.169000,-1.060000,-0.075000,8.466000,-63.405000,11.786000,29.190000
36.463,-0.152000,-1.062000,-0.075000,7.382000,-71.947000,10.878000,29.240000
36.471,-0.146000,-1.065000,-0.100000,8.137000,-75.763000,5.198000,29.140000
36.483,-0.108000,-1.071000,-0.160000,11.649000,-74.916000,-5.641000,29.190000
36.489,-0.104000,-1.074000,-0.176000,17.947000,-71.603000,-14.977000,29.090000
36.501,-0.068000,-1.079000,-0.194000,25.321000,-66.527000,-17.496000,29.190000
36.513,-0.055000,-1.087000,-0.161000,31.008000,-60.992000,-19.397000,29.140000
36.520,-0.053000,-1.061000,-0.125000,33.542000,-57.527000,-24.000000,29.140000
36.533,-0.063000,-1.029000,-0.089000,34.023000,-52.641000,-27.435000,29.190000
36.538,-0.057000,-0.988000,-0.087000,29.817000,-51.672000,-30.252000,29.190000
36.551,-0.049000,-0.989000,-0.126000,28.527000,-51.305000,-25.687000,29.140000
36.563,-0.040000,-1.048000,-0.124000,29.176000,-52.824000,-22.672000,29.140000
36.570,-0.074000,-1.079000,-0.136000,32.542000,-55.550000,-24.947000,29.050000
36.582,-0.075000,-1.105000,-0.138000,35.977000,-58.359000,-27.824000,29.280000
36.588,-0.078000,-1.110000,-0.101000,41.687000,-61.725000,-34.504000,29.090000
36.600,-0.056000,-1.111000,-0.090000,48.893000,-64.595000,-41.779000,29.190000
36.613,-0.014000,-1.065000,-0.078000,54.824000,-67.023000,-42.237000,29.140000
36.621,0.015000,-1.049000,-0.059000,57.290000,-70.954000,-43.427000,29.090000
36.633,0.066000,-1.006000,-0.043000,57.992000,-69.740000,-42.763000,29.090000
36.638,0.081000,-0.993000,-0.019000,55.214000,-68.206000,-41.840000,29.190000
36.650,0.084000,-0.983000,0.002000,52.168000,-66.748000,-42.580000,29.140000
36.663,0.083000,-0.967000,0.006000,49.031000,-66.115000,-45.687000,29.140000
36.671,0.073000,-0.975000,0.006000,47.542000,-69.595000,-45.847000,29.090000
36.682,0.089000,-0.986000,-0.016000,49.611000,-77.550000,-44.649000,29.280000
36.689,0.136000,-0.985000,-0.032000,53.458000,-81.695000,-42.015000,29.050000
36.701,0.185000,-0.996000,-0.026000,59.466000,-84.679000,-39.695000,29.240000
36.713,0.217000,-0.951000,0.034000,59.137000,-79.519000,-36.115000,29.140000
36.722,0.174000,-0.946000,0.053000,55.031000,-72.183000,-34.389000,29.280000
36.732,0.109000,-0.906000,0.043000,54.405000,-69.122000,-38.595000,29.090000
36.739,0.083000,-0.900000,0.043000,53.779000,-72.252000,-45.588000,29.240000
36.751,0.061000,-0.908000,0.013000,61.359000,-75.626000,-53.969000,29.050000
36.759,0.061000,-0.863000,0.009000,64.878000,-81.916000,-65.458000,29.090000
36.771,0.054000,-0.858000,-0.019000,68.947000,-88.954000,-72.305000,29.190000
36.783,0.051000,-0.891000,-0.007000,76.321000,-93.336000,-78.305000,29.190000
36.790,0.089000,-0.840000,0.009000,74.802000,-95.885000,-79.824000,29.140000
36.802,0.114000,-0.815000,0.011000,69.130000,-96.847000,-77.748000,29.140000
36.809,0.127000,-0.817000,-0.015000,66.992000,-97.870000,-82.992000,29.190000
36.821,0.222000,-0.811000,-0.073000,69.672000,-94.565000,-94.985000,29.190000
36.833,0.326000,-0.833000,-0.096000,75.695000,-94.107000,-99.634000,29.140000
36.840,0.396000,-0.814000,-0.056000,89.382000,-86.817000,-104.901000,29.240000
36.852,0.412000,-0.735000,-0.010000,96.847000,-79.985000,-106.092000,29.190000
36.859,0.396000,-0.654000,0.063000,96.939000,-80.412000,-102.160000,29.190000
36.871,0.393000,-0.597000,0.126000,94.656000,-80.687000,-98.061000,29.190000
36.883,0.410000,-0.554000,0.200000,95.382000,-76.802000,-90.962000,29.240000
36.890,0.387000,-0.512000,0.278000,83.817000,-82.168000,-89.473000,29.140000
36.902,0.435000,-0.534000,0.240000,65.176000,-87.092000,-83.954000,29.190000
36.913,0.506000,-0.637000,0.144000,55.618000,-87.878000,-80.855000,29.190000
36.922,0.583000,-0.695000,0.063000,61.023000,-84.466000,-74.947000,29.140000
36.929,0.618000,-0.667000,0.041000,65.763000,-79.267000,-68.542000,29.240000
36.941,0.617000,-0.628000,0.102000,72.252000,-75.511000,-59.412000,29.140000
36.953,0.572000,-0.490000,0.229000,70.725000,-79.183000,-46.275000,29.090000
36.961,0.565000,-0.452000,0.285000,60.374000,-87.641000,-29.786000,29.090000
36.973,0.537000,-0.433000,0.317000,47.672000,-95.374000,-18.298000,29.090000
36.980,0.546000,-0.418000,0.265000,32.145000,-102.817000,-14.771000,29.240000
36.991,0.542000,-0.450000,0.212000,24.344000,-107.603000,-14.496000,29.190000
37.004,0.580000,-0.408000,0.159000,16.603000,-110.771000,-21.786000,29.190000
37.010,0.747000,-0.466000,0.059000,10.763000,-105.611000,-35.206000,29.240000
37.023,0.866000,-0.592000,-0.019000,17.008000,-91.221000,-44.023000,29.240000
37.030,0.956000,-0.657000,-0.064000,32.275000,-70.519000,-53.954000,29.190000
37.041,0.955000,-0.687000,-0.077000,49.527000,-57.534000,-51.916000,29.190000
37.048,0.866000,-0.706000,-0.010000,63.832000,-52.160000,-40.656000,29.280000
37.062,0.788000,-0.591000,0.079000,68.473000,-50.260000,-22.168000,29.140000
37.074,0.680000,-0.465000,0.185000,61.473000,-59.947000,1.809000,29.140000
37.080,0.713000,-0.378000,0.254000,39.061000,-60.809000,2.908000,29.090000
37.092,0.878000,-0.405000,0.183000,20.435000,-52.489000,-11.740000,29.190000
37.099,1.087000,-0.514000,0.146000,17.282000,-23.206000,-21.534000,29.140000
37.112,1.089000,-0.553000,0.177000,19.901000,12.145000,-25.649000,29.140000
37.120,0.957000,-0.557000,0.223000,16.435000,32.939000,-20.740000,29.190000
37.131,0.810000,-0.573000,0.240000,13.511000,41.954000,-11.992000,29.190000
37.143,0.631000,-0.573000,0.269000,17.061000,34.191000,3.489000,29.190000
37.150,0.494000,-0.569000,0.336000,15.802000,17.366000,15.389000,29.240000
37.163,0.462000,-0.548000,0.395000,3.969000,-1.168000,21.252000,29.240000
37.170,0.550000,-0.566000,0.352000,-7.794000,-8.771000,20.634000,29.280000
37.183,0.632000,-0.580000,0.314000,-16.435000,-6.878000,15.420000,29.190000
37.190,0.686000,-0.601000,0.271000,-23.809000,3.305000,9.954000,29.240000
37.202,0.682000,-0.640000,0.229000,-26.954000,14.504000,5.817000,29.240000
37.210,0.632000,-0.667000,0.213000,-27.786000,18.458000,6.718000,29.190000
37.222,0.594000,-0.683000,0.197000,-29.130000,19.656000,6.160000,29.190000
37.230,0.611000,-0.691000,0.178000,-29.779000,19.527000,6.679000,29.190000
37.241,0.651000,-0.677000,0.147000,-27.855000,23.252000,5.756000,29.140000
37.254,0.695000,-0.667000,0.155000,-25.382000,32.137000,2.107000,29.240000
37.260,0.711000,-0.653000,0.174000,-24.420000,46.786000,-2.176000,29.280000
37.273,0.694000,-0.623000,0.193000,-26.779000,58.672000,-7.511000,29.280000
37.280,0.645000,-0.637000,0.219000,-30.832000,64.763000,-10.664000,29.140000
37.292,0.604000,-0.657000,0.203000,-34.885000,63.328000,-10.130000,29.240000
37.299,0.615000,-0.660000,0.199000,-38.351000,60.496000,-9.229000,29.280000
37.312,0.667000,-0.650000,0.184000,-41.481000,58.954000,-8.786000,29.090000
37.317,0.740000,-0.639000,0.172000,-42.771000,62.626000,-7.473000,29.190000
37.331,0.817000,-0.615000,0.151000,-42.008000,75.107000,-8.504000,29.240000
37.343,0.869000,-0.566000,0.205000,-43.267000,94.641000,-8.252000,29.240000
37.350,0.843000,-0.522000,0.222000,-49.794000,115.107000,-9.099000,29.280000
37.362,0.798000,-0.467000,0.235000,-55.191000,132.092000,-9.435000,29.190000
37.370,0.716000,-0.493000,0.253000,-59.672000,134.550000,-3.305000,29.240000
37.381,0.646000,-0.519000,0.278000,-67.389000,133.282000,3.977000,29.240000
37.387,0.590000,-0.493000,0.256000,-76.611000,125.130000,10.626000,29.190000
37.400,0.585000,-0.510000,0.222000,-79.924000,115.183000,14.603000,29.190000
37.412,0.604000,-0.542000,0.187000,-84.496000,107.855000,16.725000,29.190000
37.421,0.629000,-0.583000,0.156000,-85.863000,105.359000,17.389000,29.240000
37.432,0.631000,-0.621000,0.159000,-83.924000,103.053000,18.679000,29.240000
37.439,0.601000,-0.651000,0.148000,-82.061000,100.969000,21.336000,29.190000
37.451,0.582000,-0.662000,0.146000,-78.038000,98.588000,22.412000,29.190000
37.464,0.541000,-0.639000,0.167000,-74.756000,95.099000,24.275000,29.240000
37.471,0.509000,-0.613000,0.187000,-72.328000,86.985000,26.412000,29.140000
37.483,0.513000,-0.603000,0.208000,-69.847000,80.443000,24.046000,29.190000
37.490,0.540000,-0.607000,0.219000,-70.076000,74.382000,23.756000,29.280000
37.502,0.552000,-0.610000,0.218000,-72.908000,69.160000,23.878000,29.190000
37.509,0.553000,-0.630000,0.188000,-73.458000,65.977000,22.855000,29.090000
37.521,0.558000,-0.633000,0.161000,-72.450000,65.443000,23.038000,29.140000
37.530,0.552000,-0.627000,0.169000,-70.595000,64.359000,25.176000,29.190000
37.541,0.567000,-0.681000,0.203000,-70.626000,68.840000,22.885000,29.190000
37.554,0.561000,-0.707000,0.194000,-73.573000,72.260000,23.580000,29.140000
37.560,0.550000,-0.752000,0.189000,-73.176000,77.748000,20.351000,29.240000
37.573,0.542000,-0.743000,0.194000,-72.649000,82.214000,19.053000,29.240000
37.580,0.543000,-0.696000,0.190000,-75.336000,85.794000,18.565000,29.190000
37.592,0.522000,-0.617000,0.153000,-78.901000,87.374000,20.649000,29.190000
37.599,0.497000,-0.582000,0.139000,-78.351000,87.069000,25.221000,29.140000
37.612,0.471000,-0.633000,0.179000,-78.947000,83.000000,28.855000,29.240000
37.624,0.451000,-0.722000,0.199000,-84.496000,84.176000,30.702000,29.380000
37.630,0.416000,-0.764000,0.159000,-89.427000,85.672000,30.947000,29.280000
37.643,0.392000,-0.787000,0.121000,-92.389000,82.847000,31.427000,29.240000
37.650,0.335000,-0.795000,0.081000,-91.550000,76.832000,31.664000,29.140000
37.662,0.345000,-0.755000,0.006000,-85.573000,69.405000,31.947000,29.240000
37.670,0.360000,-0.787000,-0.006000,-75.443000,58.420000,33.832000,29.190000
37.681,0.383000,-0.828000,0.018000,-69.344000,57.221000,34.359000,29.280000
37.688,0.364000,-0.861000,0.048000,-64.809000,54.649000,37.595000,29.190000
37.700,0.320000,-0.896000,0.087000,-60.305000,56.832000,36.855000,29.240000
37.713,0.294000,-0.857000,0.151000,-60.076000,59.855000,34.458000,29.190000
37.722,0.214000,-0.783000,0.161000,-70.481000,56.137000,31.832000,29.280000
37.733,0.189000,-0.740000,0.107000,-73.588000,51.481000,27.580000,29.330000
37.739,0.195000,-0.740000,0.055000,-76.015000,43.595000,22.580000,29.330000
37.751,0.253000,-0.865000,0.018000,-73.550000,35.565000,16.282000,29.240000
37.759,0.335000,-0.980000,0.010000,-70.237000,35.794000,10.321000,29.190000
37.771,0.362000,-1.002000,-0.019000,-67.198000,37.427000,13.893000,29.190000
37.783,0.369000,-1.000000,-0.012000,-63.550000,42.473000,16.099000,29.240000
37.790,0.331000,-0.953000,-0.014000,-62.931000,49.427000,16.977000,29.240000
37.802,0.274000,-0.880000,-0.042000,-64.672000,55.565000,16.565000,29.280000
37.811,0.210000,-0.810000,-0.077000,-64.656000,57.473000,12.840000,29.280000
37.822,0.185000,-0.830000,-0.089000,-61.786000,53.939000,8.305000,29.140000
37.829,0.182000,-0.857000,-0.093000,-60.511000,49.458000,1.679000,29.330000
37.841,0.228000,-0.961000,-0.079000,-55.130000,39.634000,-4.313000,29.240000
37.853,0.299000,-1.024000,-0.073000,-49.863000,35.710000,-8.313000,29.190000
37.860,0.366000,-1.015000,-0.067000,-45.122000,31.832000,-1.763000,29.280000
37.872,0.396000,-0.993000,-0.050000,-39.817000,33.756000,6.130000,29.190000
37.880,0.381000,-0.906000,-0.036000,-39.046000,40.336000,15.855000,29.140000
37.892,0.342000,-0.801000,-0.039000,-43.084000,47.656000,25.954000,29.190000
37.898,0.290000,-0.814000,-0.054000,-46.382000,52.435000,26.855000,29.280000
37.912,0.280000,-0.831000,-0.058000,-51.191000,59.534000,24.000000,29.330000
37.924,0.243000,-0.915000,-0.057000,-54.756000,55.687000,23.031000,29.240000
37.930,0.223000,-1.042000,-0.024000,-54.229000,52.710000,15.817000,29.280000
37.942,0.199000,-1.068000,-0.017000,-57.069000,47.008000,13.511000,29.190000
37.949,0.193000,-1.048000,-0.019000,-58.282000,39.779000,13.947000,29.190000
37.962,0.207000,-0.995000,-0.050000,-57.985000,33.748000,13.603000,29.140000
37.968,0.213000,-0.946000,-0.089000,-60.634000,30.351000,12.908000,29.240000
37.980,0.235000,-0.916000,-0.129000,-60.191000,26.153000,12.893000,29.280000
37.993,0.298000,-0.957000,-0.140000,-57.214000,27.000000,12.931000,29.190000
37.999,0.394000,-1.110000,-0.169000,-53.496000,40.221000,7.427000,29.240000
38.012,0.531000,-1.182000,-0.195000,-35.191000,72.740000,-7.878000,29.240000
38.020,0.593000,-1.159000,-0.207000,-13.641000,105.527000,-23.122000,29.330000
38.031,0.573000,-1.122000,-0.172000,2.588000,132.504000,-27.855000,29.190000
38.043,0.445000,-1.131000,-0.155000,21.305000,141.832000,-25.389000,29.280000
38.050,0.299000,-1.115000,-0.104000,36.740000,133.977000,-18.046000,29.190000
38.062,0.260000,-1.086000,-0.035000,44.679000,125.031000,-19.115000,29.330000
38.070,0.299000,-1.104000,0.004000,48.031000,113.802000,-19.725000,29.280000
38.082,0.353000,-1.182000,0.012000,53.290000,114.794000,-30.863000,29.280000
38.087,0.390000,-1.199000,0.006000,59.504000,121.130000,-50.321000,29.280000
38.100,0.455000,-1.162000,0.008000,65.901000,127.908000,-68.603000,29.330000
38.113,0.469000,-1.100000,0.016000,73.244000,130.328000,-75.244000,29.140000
38.120,0.417000,-1.001000,0.035000,78.076000,119.260000,-67.908000,29.190000
38.132,0.374000,-0.937000,0.102000,75.290000,97.221000,-48.221000,29.280000
38.139,0.363000,-0.925000,0.181000,64.450000,67.031000,-19.931000,29.240000
38.151,0.349000,-0.955000,0.192000,51.450000,29.855000,15.595000,29.140000
38.158,0.368000,-1.036000,0.189000,37.160000,-3.519000,47.527000,29.280000
38.171,0.445000,-1.090000,0.150000,25.435000,-24.435000,66.550000,29.190000
38.183,0.548000,-1.179000,0.062000,19.664000,-29.473000,69.603000,29.280000
38.190,0.659000,-1.235000,-0.042000,21.626000,-13.321000,59.206000,29.240000
38.202,0.709000,-1.250000,-0.112000,24.153000,6.740000,47.206000,29.240000
38.211,0.706000,-1.292000,-0.181000,27.260000,27.802000,37.870000,29.190000
38.223,0.620000,-1.332000,-0.210000,34.191000,37.870000,34.489000,29.090000
38.230,0.507000,-1.352000,-0.215000,44.496000,38.183000,38.405000,29.190000
38.241,0.419000,-1.371000,-0.192000,57.695000,26.855000,47.076000,29.140000
38.253,0.332000,-1.358000,-0.116000,71.588000,15.786000,53.282000,29.240000
38.262,0.271000,-1.282000,-0.010000,84.015000,4.267000,52.893000,29.280000
38.274,0.240000,-1.220000,0.104000,93.382000,-3.137000,47.519000,29.190000
38.280,0.236000,-1.143000,0.227000,99.008000,-4.450000,40.878000,29.240000
38.292,0.193000,-1.016000,0.336000,97.611000,-3.641000,35.985000,29.140000
38.300,0.141000,-0.940000,0.425000,89.603000,-3.771000,32.832000,29.280000
38.312,0.087000,-0.896000,0.485000,79.656000,-3.947000,29.542000,29.280000
38.320,0.058000,-0.868000,0.527000,65.260000,-9.176000,25.496000,29.240000
38.331,0.040000,-0.877000,0.528000,53.824000,-15.214000,17.939000,29.240000
38.338,0.066000,-0.895000,0.512000,43.916000,-23.664000,10.885000,29.240000
38.351,0.118000,-0.922000,0.471000,37.977000,-30.053000,5.725000,29.190000
38.363,0.197000,-0.940000,0.441000,34.519000,-31.198000,1.160000,29.280000
38.370,0.267000,-0.945000,0.397000,32.847000,-28.275000,-2.924000,29.240000
38.383,0.313000,-0.953000,0.359000,30.687000,-19.565000,-7.588000,29.240000
38.389,0.335000,-0.956000,0.321000,28.618000,-10.954000,-9.565000,29.280000
38.402,0.319000,-0.953000,0.300000,27.069000,-5.557000,-10.443000,29.190000
38.409,0.279000,-0.966000,0.281000,25.282000,-6.450000,-8.046000,29.280000
38.421,0.251000,-1.017000,0.256000,31.641000,-12.641000,-5.863000,29.240000
38.429,0.244000,-0.996000,0.284000,38.969000,-19.779000,-6.176000,29.330000
38.440,0.273000,-0.966000,0.292000,41.015000,-26.328000,-5.412000,29.280000
38.453,0.333000,-0.953000,0.280000,41.962000,-25.985000,-7.061000,29.280000
38.460,0.379000,-0.949000,0.275000,44.763000,-18.473000,-9.939000,29.240000
38.472,0.408000,-0.934000,0.295000,45.641000,-7.344000,-13.382000,29.240000
38.480,0.404000,-0.928000,0.292000,49.420000,7.076000,-17.679000,29.240000
38.492,0.389000,-0.903000,0.316000,52.076000,19.504000,-23.336000,29.280000
38.498,0.356000,-0.896000,0.328000,54.237000,29.359000,-25.947000,29.280000
38.512,0.250000,-0.859000,0.370000,57.176000,19.550000,-16.046000,29.240000
38.517,0.136000,-0.862000,0.425000,59.237000,3.435000,-0.802000,29.330000
38.531,0.108000,-0.808000,0.464000,55.870000,-17.504000,11.023000,29.280000
38.543,0.156000,-0.805000,0.466000,51.237000,-34.611000,16.931000,29.280000
38.550,0.257000,-0.832000,0.444000,49.336000,-37.198000,18.443000,29.330000
38.562,0.319000,-0.845000,0.461000,53.206000,-30.122000,14.443000,29.240000
38.569,0.371000,-0.823000,0.444000,56.038000,-16.718000,6.817000,29.240000
38.582,0.393000,-0.800000,0.476000,56.275000,-0.366000,-2.519000,29.280000
38.588,0.414000,-0.761000,0.507000,50.855000,14.832000,-13.137000,29.190000
38.601,0.418000,-0.741000,0.468000,40.275000,26.267000,-23.450000,29.280000
38.614,0.370000,-0.743000,0.441000,38.519000,25.137000,-18.252000,29.330000
38.621,0.270000,-0.763000,0.483000,34.168000,9.977000,1.733000,29.380000
38.633,0.236000,-0.777000,0.488000,25.954000,-13.565000,26.580000,29.190000
38.640,0.255000,-0.842000,0.453000,18.916000,-34.962000,46.328000,29.280000
38.652,0.334000,-0.885000,0.396000,16.611000,-41.046000,55.458000,29.240000
38.660,0.400000,-0.903000,0.354000,18.008000,-35.412000,52.298000,29.240000
38.672,0.446000,-0.922000,0.318000,20.771000,-19.718000,40.130000,29.280000
38.679,0.443000,-0.930000,0.303000,25.176000,-2.466000,27.969000,29.190000
38.691,0.406000,-0.936000,0.299000,30.542000,9.794000,22.328000,29.240000
38.698,0.340000,-0.933000,0.313000,35.221000,13.397000,22.191000,29.240000
38.712,0.284000,-0.932000,0.323000,40.290000,10.191000,25.794000,29.240000
38.724,0.235000,-0.920000,0.350000,46.649000,1.748000,31.626000,29.190000
38.730,0.236000,-0.899000,0.371000,51.557000,-8.443000,37.817000,29.280000
38.742,0.253000,-0.896000,0.373000,54.634000,-17.015000,42.008000,29.240000
38.749,0.293000,-0.886000,0.364000,58.550000,-20.145000,44.061000,29.240000
38.762,0.351000,-0.876000,0.366000,63.496000,-17.275000,41.824000,29.280000
38.771,0.419000,-0.876000,0.379000,65.855000,-5.649000,35.565000,29.280000
38.782,0.448000,-0.898000,0.363000,69.214000,10.015000,26.145000,29.380000
38.788,0.457000,-0.911000,0.368000,74.519000,27.924000,12.198000,29.240000
38.801,0.410000,-0.903000,0.360000,81.802000,37.679000,7.298000,29.240000
38.813,0.366000,-0.990000,0.309000,94.977000,38.084000,10.374000,29.280000
38.820,0.340000,-1.030000,0.280000,114.695000,32.725000,24.153000,29.280000
38.833,0.273000,-0.961000,0.303000,128.939000,17.794000,43.015000,29.330000
38.840,0.229000,-0.898000,0.336000,137.092000,0.397000,55.366000,29.240000
38.852,0.236000,-0.833000,0.392000,141.542000,-4.458000,54.290000,29.280000
38.859,0.263000,-0.735000,0.457000,144.328000,-0.908000,43.374000,29.280000
38.872,0.290000,-0.668000,0.543000,144.267000,14.779000,24.351000,29.190000
38.879,0.293000,-0.598000,0.615000,141.802000,35.214000,-0.023000,29.240000
38.891,0.279000,-0.521000,0.676000,136.840000,56.656000,-20.237000,29.330000
38.904,0.326000,-0.559000,0.692000,129.328000,70.885000,-31.733000,29.280000
38.910,0.308000,-0.533000,0.709000,121.840000,74.870000,-27.679000,29.280000
38.923,0.274000,-0.542000,0.706000,111.779000,60.191000,-2.672000,29.330000
38.930,0.242000,-0.606000,0.701000,103.504000,33.931000,33.947000,29.240000
38.942,0.271000,-0.626000,0.663000,97.099000,16.244000,64.130000,29.330000
38.949,0.301000,-0.579000,0.662000,98.718000,8.282000,83.824000,29.280000
38.962,0.304000,-0.510000,0.716000,99.847000,16.947000,84.450000,29.280000
38.969,0.286000,-0.457000,0.754000,97.832000,34.260000,72.695000,29.190000
38.982,0.193000,-0.429000,0.824000,93.557000,57.031000,52.435000,29.330000
38.993,0.189000,-0.459000,0.812000,89.389000,67.634000,33.931000,29.280000
39.000,0.113000,-0.491000,0.778000,92.580000,63.374000,34.672000,29.280000
39.013,0.015000,-0.514000,0.769000,93.664000,27.504000,61.817000,29.240000
39.021,0.018000,-0.528000,0.750000,90.206000,-20.221000,102.504000,29.240000
39.032,-0.002000,-0.562000,0.702000,90.031000,-64.740000,143.885000,29.330000
39.039,0.081000,-0.514000,0.687000,95.771000,-80.733000,163.046000,29.280000
39.051,0.116000,-0.440000,0.711000,101.305000,-70.534000,153.397000,29.190000
39.063,0.054000,-0.381000,0.753000,106.214000,-43.893000,120.672000,29.240000
39.071,-0.025000,-0.389000,0.772000,113.084000,-19.626000,81.824000,29.330000
39.082,-0.117000,-0.411000,0.778000,122.748000,-6.405000,52.985000,29.280000
39.089,-0.159000,-0.382000,0.829000,124.191000,-18.702000,46.847000,29.190000
39.101,-0.125000,-0.381000,0.822000,123.855000,-44.053000,61.176000,29.330000
39.113,-0.040000,-0.367000,0.820000,123.710000,-69.221000,81.992000,29.240000
39.121,0.095000,-0.320000,0.814000,121.855000,-79.359000,96.313000,29.240000
39.133,0.166000,-0.267000,0.819000,121.435000,-74.863000,96.153000,29.280000
39.140,0.183000,-0.238000,0.823000,122.427000,-62.656000,87.504000,29.280000
39.152,0.169000,-0.214000,0.854000,119.733000,-49.611000,75.557000,29.280000
39.159,0.167000,-0.229000,0.818000,116.076000,-38.603000,63.634000,29.240000
39.172,0.183000,-0.230000,0.779000,118.710000,-23.542000,50.389000,29.280000
39.183,0.124000,-0.203000,0.778000,123.221000,-25.305000,52.771000,29.380000
39.190,0.060000,-0.140000,0.816000,127.244000,-41.786000,68.260000,29.280000
39.202,0.050000,-0.054000,0.870000,120.573000,-73.863000,95.634000,29.330000
39.209,0.116000,-0.033000,0.879000,111.565000,-101.031000,119.840000,29.330000
39.221,0.212000,-0.059000,0.848000,102.656000,-113.679000,136.962000,29.280000
39.233,0.328000,-0.100000,0.774000,98.733000,-89.893000,125.855000,29.280000
39.240,0.405000,-0.034000,0.763000,104.305000,-37.847000,79.786000,29.330000
39.252,0.330000,0.015000,0.788000,115.328000,18.519000,25.176000,29.240000
39.260,0.145000,0.160000,0.926000,125.191000,50.664000,-11.992000,29.330000
39.272,-0.102000,0.253000,0.999000,127.565000,41.527000,-20.092000,29.280000
39.279,-0.235000,0.289000,1.052000,121.832000,-2.328000,-4.687000,29.280000
39.291,-0.186000,0.262000,1.018000,110.023000,-61.290000,30.947000,29.240000
39.304,0.016000,0.215000,0.926000,100.748000,-101.328000,59.893000,29.330000
39.311,0.251000,0.237000,0.862000,97.779000,-103.618000,68.992000,29.280000
39.323,0.505000,0.342000,0.869000,98.366000,-61.916000,54.939000,29.280000
39.330,0.602000,0.397000,0.920000,97.000000,5.702000,3.275000,29.280000
39.342,0.582000,0.450000,0.918000,96.435000,71.260000,-47.382000,29.330000
39.349,0.216000,0.472000,1.032000,86.527000,78.725000,-45.618000,29.330000
39.362,0.014000,0.515000,1.076000,67.221000,42.389000,-4.626000,29.280000
39.370,-0.050000,0.458000,1.092000,37.763000,-14.305000,50.168000,29.380000
39.382,0.027000,0.344000,0.927000,12.115000,-54.863000,90.427000,29.330000
39.388,0.143000,0.185000,0.768000,15.359000,-57.824000,89.412000,29.330000
39.401,0.281000,0.147000,0.705000,39.237000,-31.824000,56.328000,29.280000
39.410,0.333000,0.130000,0.693000,65.183000,6.527000,13.176000,29.280000
39.421,0.329000,0.160000,0.738000,80.885000,45.405000,-21.672000,29.380000
39.433,0.242000,0.318000,0.758000,83.779000,59.878000,-33.802000,29.240000
39.440,0.062000,0.412000,0.836000,78.809000,28.214000,-0.977000,29.330000
39.453,-0.100000,0.481000,0.904000,63.244000,-12.954000,39.534000,29.280000
39.460,-0.162000,0.465000,0.878000,51.153000,-55.580000,63.382000,29.280000
39.472,-0.029000,0.413000,0.848000,49.191000,-76.634000,55.450000,29.240000
39.480,0.165000,0.418000,0.782000,45.969000,-68.206000,32.473000,29.330000
39.492,0.271000,0.269000,0.679000,44.473000,-42.420000,5.305000,29.330000
39.498,0.320000,0.215000,0.554000,37.206000,-4.489000,-23.244000,29.380000
39.513,0.258000,-0.022000,0.310000,40.626000,32.305000,-51.611000,29.380000
39.523,0.090000,-0.139000,0.185000,66.427000,59.008000,-86.931000,29.190000
39.531,-0.076000,-0.075000,0.208000,111.275000,58.427000,-106.198000,29.330000
39.542,-0.206000,0.179000,0.427000,155.221000,29.008000,-117.244000,29.280000
39.549,-0.200000,0.616000,0.721000,183.580000,-20.870000,-103.038000,29.380000
39.562,-0.017000,1.115000,1.045000,188.336000,-70.908000,-68.015000,29.330000
39.574,0.191000,1.293000,1.256000,159.557000,-108.427000,-25.656000,29.330000
39.581,0.387000,1.260000,1.217000,95.092000,-146.534000,13.023000,29.330000
39.593,0.687000,1.037000,1.120000,56.443000,-112.191000,18.221000,29.280000
39.600,0.748000,0.847000,0.984000,34.908000,-68.305000,9.855000,29.280000
39.612,0.814000,0.722000,0.899000,27.832000,-6.695000,-20.840000,29.330000
39.620,0.758000,0.672000,0.933000,32.366000,51.328000,-50.061000,29.330000
39.631,0.519000,0.659000,1.093000,46.534000,71.481000,-39.786000,29.280000
39.639,0.208000,0.745000,1.298000,45.351000,65.435000,-14.718000,29.380000
39.651,-0.052000,0.775000,1.343000,25.893000,31.710000,19.107000,29.280000
39.660,-0.187000,0.745000,1.321000,8.023000,-8.031000,34.992000,29.330000
39.671,-0.024000,0.817000,1.257000,-10.901000,-27.603000,36.244000,29.330000
39.683,0.129000,0.740000,1.142000,-29.595000,-23.107000,29.038000,29.280000
39.690,0.193000,0.599000,1.001000,-43.137000,-7.359000,15.893000,29.380000
39.703,0.186000,0.449000,0.875000,-43.046000,10.298000,0.015000,29.380000
39.711,0.146000,0.382000,0.808000,-31.466000,23.473000,-12.496000,29.240000
39.722,0.036000,0.349000,0.844000,-15.733000,18.855000,-13.985000,29.380000
39.730,-0.024000,0.370000,0.934000,-4.527000,3.076000,-7.321000,29.280000
39.741,-0.051000,0.518000,1.015000,-3.160000,-13.008000,-0.122000,29.280000
39.748,0.010000,0.572000,1.025000,-12.053000,-27.328000,4.031000,29.330000
39.762,0.066000,0.567000,1.018000,-19.053000,-30.275000,1.420000,29.240000
39.773,0.105000,0.574000,0.993000,-24.962000,-25.115000,-7.863000,29.280000
39.780,0.116000,0.537000,0.957000,-29.573000,-18.588000,-15.824000,29.380000
39.792,0.108000,0.486000,0.931000,-29.321000,-12.893000,-22.382000,29.330000
39.799,0.091000,0.479000,0.926000,-27.115000,-11.916000,-24.618000,29.330000
39.812,0.062000,0.458000,0.927000,-26.565000,-15.893000,-24.183000,29.240000
39.819,0.066000,0.443000,0.891000,-23.069000,-19.137000,-21.076000,29.380000
39.831,0.040000,0.407000,0.872000,-23.298000,-24.427000,-20.992000,29.380000
39.843,0.073000,0.427000,0.825000,-21.672000,-23.038000,-25.153000,29.330000
39.850,0.070000,0.412000,0.808000,-16.229000,-23.649000,-30.611000,29.330000
39.862,0.095000,0.427000,0.842000,-13.237000,-24.092000,-36.450000,29.380000
39.870,0.152000,0.443000,0.899000,-11.817000,-21.046000,-41.275000,29.280000
39.881,0.182000,0.466000,0.944000,-10.069000,-16.298000,-39.313000,29.380000
39.888,0.137000,0.462000,1.016000,-8.817000,-13.176000,-36.664000,29.330000
39.901,0.100000,0.549000,1.059000,-12.649000,-12.145000,-34.809000,29.240000
39.913,0.039000,0.584000,1.053000,-19.435000,-17.504000,-34.076000,29.280000
39.920,0.031000,0.561000,1.028000,-29.534000,-25.237000,-36.168000,29.380000
39.932,0.099000,0.570000,0.985000,-38.702000,-25.756000,-43.321000,29.330000
39.939,0.158000,0.557000,0.916000,-47.115000,-22.321000,-46.969000,29.330000
39.951,0.174000,0.451000,0.840000,-48.824000,-16.939000,-49.260000,29.280000
39.963,0.131000,0.406000,0.808000,-43.511000,-12.863000,-53.527000,29.280000
39.971,0.043000,0.392000,0.821000,-39.260000,-20.962000,-54.382000,29.380000
39.983,0.025000,0.361000,0.841000,-34.931000,-31.145000,-57.473000,29.420000
39.989,0.093000,0.375000,0.847000,-30.489000,-36.916000,-59.359000,29.240000
40.001,0.172000,0.447000,0.856000,-30.214000,-32.954000,-59.931000,29.280000
40.009,0.223000,0.469000,0.834000,-33.176000,-22.496000,-61.947000,29.380000
40.022,0.252000,0.463000,0.813000,-34.000000,-6.855000,-66.092000,29.330000
40.033,0.189000,0.439000,0.783000,-35.870000,1.427000,-67.038000,29.330000
40.040,0.068000,0.378000,0.751000,-31.878000,-1.023000,-69.542000,29.420000
40.053,0.003000,0.364000,0.776000,-26.214000,-16.634000,-70.099000,29.380000
40.060,-0.036000,0.284000,0.792000,-21.802000,-40.855000,-66.145000,29.380000
40.072,0.003000,0.278000,0.810000,-12.969000,-60.290000,-64.519000,29.380000
40.079,0.129000,0.340000,0.851000,-8.198000,-70.565000,-64.649000,29.330000
40.091,0.273000,0.420000,0.913000,-7.237000,-64.015000,-64.634000,29.280000
40.106,0.321000,0.493000,0.977000,-12.939000,-46.916000,-64.687000,29.380000
40.110,0.264000,0.529000,1.011000,-24.473000,-33.939000,-62.573000,29.280000
40.123,0.199000,0.528000,0.972000,-33.160000,-26.221000,-64.763000,29.330000
40.129,0.190000,0.532000,0.939000,-37.817000,-25.427000,-65.084000,29.330000
40.141,0.203000,0.518000,0.938000,-42.748000,-25.351000,-61.794000,29.280000
40.148,0.230000,0.487000,0.908000,-47.519000,-19.206000,-58.092000,29.280000
40.162,0.242000,0.457000,0.888000,-49.168000,-7.870000,-54.908000,29.330000
40.173,0.176000,0.441000,0.863000,-51.847000,1.977000,-54.863000,29.240000
40.180,0.105000,0.407000,0.815000,-51.908000,6.595000,-60.168000,29.420000
40.193,0.051000,0.377000,0.764000,-46.740000,6.023000,-70.733000,29.280000
40.200,0.022000,0.368000,0.743000,-39.420000,-4.649000,-75.160000,29.280000
40.213,0.029000,0.373000,0.745000,-30.649000,-16.527000,-72.855000,29.330000
40.220,0.112000,0.438000,0.800000,-26.626000,-24.275000,-64.809000,29.330000
40.232,0.102000,0.435000,0.840000,-29.214000,-29.351000,-56.275000,29.280000
40.243,0.132000,0.484000,0.881000,-35.611000,-23.420000,-60.985000,29.380000
40.250,0.177000,0.511000,0.881000,-41.573000,-15.031000,-70.412000,29.380000
40.263,0.180000,0.440000,0.833000,-42.863000,-6.153000,-78.084000,29.330000
40.270,0.202000,0.403000,0.805000,-36.702000,1.168000,-82.656000,29.330000
40.282,0.165000,0.393000,0.844000,-29.420000,-1.305000,-78.695000,29.380000
40.289,0.135000,0.414000,0.924000,-28.809000,-4.687000,-72.405000,29.380000
40.301,0.121000,0.452000,0.953000,-37.015000,-9.321000,-69.954000,29.420000
40.308,0.136000,0.414000,0.893000,-41.786000,-15.214000,-71.260000,29.420000
40.321,0.225000,0.442000,0.852000,-41.557000,-13.137000,-75.015000,29.240000
40.333,0.316000,0.496000,0.837000,-44.718000,-8.794000,-71.076000,29.280000
40.340,0.392000,0.524000,0.776000,-43.389000,8.511000,-63.534000,29.380000
40.352,0.300000,0.558000,0.778000,-36.802000,22.473000,-45.359000,29.330000
40.361,0.072000,0.549000,0.841000,-35.137000,26.710000,-26.168000,29.330000
40.371,-0.095000,0.534000,0.917000,-49.733000,28.718000,-23.023000,29.380000
40.379,-0.200000,0.380000,0.836000,-56.954000,20.031000,-35.794000,29.280000
40.391,-0.213000,0.266000,0.741000,-52.656000,8.389000,-63.511000,29.380000
40.403,-0.095000,0.239000,0.681000,-40.198000,-1.550000,-88.802000,29.330000
40.411,0.042000,0.247000,0.693000,-29.305000,-11.344000,-96.397000,29.330000
40.423,0.077000,0.278000,0.723000,-16.176000,-22.130000,-92.115000,29.280000
40.430,0.046000,0.306000,0.856000,-9.374000,-38.015000,-85.748000,29.380000
40.441,-0.058000,0.306000,0.944000,-12.374000,-62.725000,-81.359000,29.280000
40.448,0.024000,0.390000,0.998000,-20.710000,-78.641000,-87.954000,29.240000
40.462,0.189000,0.431000,0.965000,-32.511000,-92.840000,-88.580000,29.520000
40.474,0.343000,0.377000,0.849000,-36.000000,-94.366000,-87.252000,29.280000
40.480,0.502000,0.348000,0.757000,-31.588000,-82.954000,-87.794000,29.380000
40.492,0.632000,0.323000,0.711000,-24.618000,-62.855000,-83.756000,29.330000
40.499,0.628000,0.306000,0.773000,-17.145000,-38.321000,-77.626000,29.420000
40.513,0.477000,0.317000,0.832000,-18.130000,-28.298000,-71.015000,29.240000
40.523,0.394000,0.316000,0.887000,-17.031000,-22.458000,-74.374000,29.380000
40.531,0.365000,0.369000,0.866000,-20.824000,-31.237000,-73.351000,29.380000
40.542,0.392000,0.377000,0.821000,-20.305000,-33.580000,-70.977000,29.330000
40.549,0.410000,0.391000,0.809000,-16.321000,-30.725000,-65.916000,29.330000
40.562,0.436000,0.404000,0.841000,-10.267000,-26.786000,-61.870000,29.280000
40.569,0.390000,0.396000,0.927000,-17.450000,-25.740000,-56.290000,29.380000
40.581,0.242000,0.321000,0.901000,-22.183000,-33.458000,-52.924000,29.380000
40.593,0.243000,0.283000,0.869000,-19.015000,-40.015000,-62.863000,29.330000
40.600,0.336000,0.346000,0.878000,-17.229000,-50.122000,-62.969000,29.330000
40.612,0.429000,0.404000,0.896000,-17.412000,-58.580000,-53.504000,29.380000
40.620,0.500000,0.457000,0.913000,-20.038000,-60.267000,-40.229000,29.380000
40.631,0.563000,0.424000,0.877000,-20.924000,-58.282000,-25.832000,29.380000
40.638,0.486000,0.370000,0.871000,-18.382000,-56.511000,-7.382000,29.330000
40.651,0.401000,0.356000,0.892000,-19.878000,-48.641000,-2.229000,29.330000
40.664,0.308000,0.325000,0.920000,-31.878000,-49.740000,-0.550000,29.380000
40.670,0.284000,0.292000,0.904000,-37.939000,-42.527000,-17.603000,29.380000
40.683,0.296000,0.249000,0.805000,-40.130000,-47.779000,-32.863000,29.330000
40.689,0.375000,0.235000,0.738000,-38.748000,-46.053000,-46.389000,29.420000
40.701,0.472000,0.223000,0.667000,-28.183000,-43.511000,-48.733000,29.330000
40.708,0.503000,0.227000,0.702000,-19.168000,-41.458000,-41.634000,29.280000
40.722,0.472000,0.249000,0.783000,-13.542000,-41.550000,-28.458000,29.380000
40.733,0.522000,0.323000,0.914000,-21.397000,-29.389000,-24.473000,29.330000
40.740,0.503000,0.319000,0.879000,-32.130000,-19.282000,-22.015000,29.330000
40.752,0.584000,0.276000,0.826000,-35.443000,1.183000,-30.710000,29.280000
40.760,0.671000,0.240000,0.757000,-37.008000,21.786000,-34.641000,29.380000
40.772,0.666000,0.167000,0.684000,-29.832000,39.504000,-32.565000,29.380000
40.779,0.621000,0.135000,0.632000,-14.824000,52.595000,-25.893000,29.330000
40.791,0.471000,0.118000,0.693000,-0.954000,57.015000,-20.275000,29.330000
40.797,0.315000,0.163000,0.794000,5.977000,53.015000,-17.206000,29.380000
40.811,0.281000,0.273000,0.936000,2.420000,46.511000,-16.244000,29.280000
40.823,0.247000,0.379000,1.025000,-10.656000,32.122000,-12.473000,29.470000
40.830,0.268000,0.356000,1.010000,-24.305000,20.427000,-13.344000,29.380000
40.842,0.321000,0.260000,0.911000,-28.359000,10.702000,-12.412000,29.420000
40.849,0.361000,0.170000,0.818000,-25.397000,7.397000,-12.863000,29.380000
40.862,0.376000,0.119000,0.774000,-17.397000,8.458000,-15.427000,29.380000
40.870,0.325000,0.101000,0.826000,-9.702000,8.008000,-18.992000,29.280000
40.881,0.263000,0.152000,0.876000,-6.481000,3.397000,-25.672000,29.420000
40.888,0.298000,0.239000,0.921000,-4.466000,-0.733000,-34.160000,29.420000
40.901,0.285000,0.265000,0.934000,-10.107000,-9.901000,-34.412000,29.380000
40.913,0.339000,0.266000,0.908000,-14.168000,-15.534000,-36.382000,29.380000
40.921,0.419000,0.261000,0.887000,-17.702000,-16.824000,-37.366000,29.330000
40.932,0.435000,0.175000,0.839000,-18.183000,-16.458000,-37.466000,29.420000
40.939,0.425000,0.135000,0.777000,-14.924000,-16.611000,-36.748000,29.330000
40.951,0.434000,0.102000,0.776000,-9.969000,-17.885000,-40.122000,29.380000
40.960,0.425000,0.071000,0.767000,-5.656000,-22.595000,-39.901000,29.380000
40.971,0.482000,0.082000,0.763000,1.435000,-19.260000,-42.748000,29.420000
40.983,0.530000,0.110000,0.769000,5.336000,-14.550000,-44.779000,29.330000
40.990,0.594000,0.138000,0.783000,9.985000,-4.634000,-45.756000,29.470000
41.004,0.628000,0.192000,0.788000,14.863000,6.863000,-41.221000,29.470000
41.011,0.580000,0.225000,0.829000,16.420000,12.710000,-34.336000,29.380000
41.024,0.540000,0.248000,0.908000,15.679000,14.939000,-28.756000,29.380000
41.030,0.513000,0.247000,0.968000,13.382000,13.786000,-23.305000,29.420000
41.042,0.488000,0.223000,0.995000,11.580000,10.481000,-15.824000,29.380000
41.049,0.523000,0.264000,1.021000,7.168000,17.557000,-11.924000,29.380000
41.062,0.489000,0.259000,0.984000,1.916000,23.916000,-8.718000,29.380000
41.069,0.387000,0.187000,0.944000,0.916000,29.198000,-9.374000,29.330000
41.082,0.302000,0.185000,0.915000,1.053000,26.534000,-14.290000,29.330000
41.089,0.246000,0.185000,0.894000,3.366000,14.336000,-17.130000,29.380000
41.101,0.241000,0.179000,0.943000,6.809000,-0.328000,-19.321000,29.380000
41.109,0.298000,0.218000,1.000000,5.359000,-11.756000,-21.679000,29.420000
41.122,0.337000,0.211000,1.009000,1.504000,-18.618000,-24.107000,29.420000
41.133,0.443000,0.249000,0.983000,-2.069000,-16.557000,-26.053000,29.420000
41.140,0.516000,0.272000,0.946000,-6.977000,-11.748000,-25.137000,29.380000
41.153,0.576000,0.248000,0.862000,-9.344000,-4.244000,-22.504000,29.470000
41.160,0.640000,0.206000,0.803000,-6.443000,4.053000,-16.427000,29.330000
41.172,0.614000,0.183000,0.776000,-0.672000,7.939000,-5.038000,29.330000
41.180,0.538000,0.143000,0.801000,6.611000,10.466000,5.718000,29.280000
41.192,0.509000,0.208000,0.873000,9.588000,17.366000,10.763000,29.380000
41.199,0.456000,0.238000,0.928000,6.779000,25.031000,12.969000,29.380000
41.212,0.373000,0.229000,0.938000,3.748000,34.351000,8.260000,29.380000
41.219,0.300000,0.202000,0.913000,0.840000,36.634000,1.740000,29.420000
41.232,0.293000,0.194000,0.875000,0.847000,31.664000,-2.282000,29.380000
41.239,0.329000,0.195000,0.868000,3.481000,24.260000,-1.351000,29.380000
41.252,0.357000,0.233000,0.888000,4.863000,16.015000,4.015000,29.380000
41.261,0.345000,0.262000,0.910000,2.015000,9.420000,10.061000,29.420000
41.272,0.329000,0.262000,0.916000,-2.275000,5.603000,12.107000,29.330000
41.280,0.336000,0.231000,0.896000,-4.542000,3.641000,10.183000,29.380000
41.292,0.337000,0.201000,0.830000,-5.527000,1.924000,7.450000,29.380000
41.299,0.393000,0.177000,0.760000,-1.771000,-0.519000,6.901000,29.420000
41.312,0.455000,0.174000,0.741000,4.771000,-1.824000,12.084000,29.420000
41.320,0.485000,0.185000,0.761000,10.962000,-0.290000,17.702000,29.330000
41.332,0.490000,0.205000,0.815000,14.695000,4.565000,21.954000,29.470000
41.338,0.440000,0.239000,0.888000,14.366000,8.771000,25.115000,29.380000
41.351,0.390000,0.245000,0.919000,13.099000,11.870000,23.198000,29.330000
41.358,0.362000,0.243000,0.951000,9.176000,10.687000,20.458000,29.330000
41.372,0.380000,0.239000,0.922000,7.366000,7.427000,18.977000,29.380000
41.380,0.415000,0.231000,0.886000,9.435000,3.641000,22.328000,29.380000
41.391,0.446000,0.255000,0.877000,10.420000,2.382000,27.397000,29.470000
41.397,0.454000,0.253000,0.886000,11.611000,3.641000,33.740000,29.380000
41.412,0.387000,0.229000,0.887000,12.420000,5.015000,37.481000,29.420000
41.424,0.354000,0.200000,0.895000,13.504000,7.160000,36.511000,29.380000
41.431,0.330000,0.203000,0.941000,13.458000,8.519000,33.786000,29.380000
41.443,0.334000,0.178000,0.960000,11.427000,11.069000,26.137000,29.420000
41.450,0.439000,0.223000,0.909000,13.786000,18.328000,20.382000,29.330000
41.463,0.514000,0.306000,0.923000,14.473000,29.534000,24.191000,29.420000
41.470,0.489000,0.333000,0.920000,11.885000,40.275000,31.794000,29.470000
41.482,0.428000,0.342000,0.915000,7.779000,47.511000,38.008000,29.470000
41.490,0.321000,0.296000,0.902000,5.046000,46.099000,43.481000,29.420000
41.502,0.233000,0.257000,0.893000,4.763000,38.969000,42.130000,29.420000
41.511,0.208000,0.233000,0.893000,3.840000,27.626000,38.786000,29.520000
41.522,0.243000,0.229000,0.849000,4.947000,17.130000,37.992000,29.470000
41.530,0.322000,0.240000,0.810000,9.985000,10.878000,41.710000,29.380000
41.542,0.359000,0.274000,0.815000,12.756000,10.275000,48.450000,29.420000
41.549,0.349000,0.265000,0.825000,15.443000,14.519000,54.183000,29.420000
41.561,0.336000,0.275000,0.841000,18.191000,23.153000,54.099000,29.380000
41.570,0.319000,0.287000,0.881000,18.763000,30.603000,52.473000,29.470000
41.582,0.296000,0.307000,0.932000,17.779000,37.153000,50.382000,29.380000
41.588,0.241000,0.300000,0.994000,14.145000,37.000000,48.366000,29.380000
41.601,0.197000,0.281000,0.986000,11.443000,31.122000,46.252000,29.520000
41.613,0.204000,0.300000,0.970000,10.046000,20.802000,46.443000,29.380000
41.621,0.253000,0.319000,0.957000,9.740000,14.214000,50.443000,29.380000
41.633,0.304000,0.317000,0.927000,8.382000,15.366000,54.603000,29.420000
41.641,0.292000,0.282000,0.920000,8.336000,21.282000,56.847000,29.420000
41.653,0.191000,0.305000,0.938000,10.260000,24.634000,56.855000,29.330000
41.660,-0.065000,0.308000,1.013000,7.779000,4.145000,63.252000,29.470000
41.673,-0.203000,0.290000,1.048000,5.550000,-28.351000,62.573000,29.470000
41.680,-0.087000,0.256000,1.066000,2.641000,-55.863000,53.214000,29.420000
41.692,0.270000,0.267000,1.030000,-2.000000,-55.748000,39.397000,29.520000
41.699,0.570000,0.265000,0.982000,-3.481000,-35.588000,30.511000,29.380000
41.712,0.706000,0.285000,0.928000,-3.458000,-4.282000,28.206000,29.470000
41.720,0.688000,0.270000,0.875000,-4.076000,17.275000,34.382000,29.470000
41.732,0.605000,0.256000,0.834000,-2.954000,24.710000,47.191000,29.420000
41.738,0.520000,0.229000,0.793000,0.000000,24.237000,55.511000,29.420000
41.751,0.526000,0.229000,0.768000,6.519000,22.321000,63.786000,29.470000
41.758,0.519000,0.243000,0.793000,11.473000,23.817000,72.092000,29.470000
41.771,0.474000,0.230000,0.814000,16.756000,26.031000,77.641000,29.470000
41.783,0.422000,0.245000,0.862000,20.992000,32.336000,80.267000,29.420000
41.791,0.386000,0.309000,0.913000,20.069000,38.069000,80.916000,29.420000
41.803,0.422000,0.332000,0.955000,15.000000,48.000000,77.229000,29.470000
41.811,0.326000,0.312000,0.875000,12.489000,43.328000,76.763000,29.570000
41.824,0.249000,0.317000,0.870000,10.916000,41.481000,76.374000,29.520000
41.830,0.248000,0.309000,0.896000,13.160000,37.023000,78.420000,29.420000
41.842,0.245000,0.352000,0.922000,11.260000,33.672000,80.962000,29.470000
41.850,0.249000,0.333000,0.956000,9.947000,34.740000,82.962000,29.380000
41.862,0.253000,0.347000,0.980000,8.458000,40.969000,80.366000,29.470000
41.870,0.224000,0.385000,0.996000,3.130000,47.977000,78.191000,29.520000
41.882,0.209000,0.375000,1.000000,-0.580000,54.351000,74.160000,29.420000
41.889,0.177000,0.382000,0.997000,-7.313000,58.092000,68.786000,29.470000
41.901,0.136000,0.339000,0.938000,-13.382000,51.588000,67.137000,29.470000
41.909,0.103000,0.292000,0.881000,-15.947000,38.740000,67.748000,29.520000
41.922,0.100000,0.241000,0.815000,-13.092000,21.389000,69.855000,29.520000
41.930,0.159000,0.247000,0.811000,-9.153000,8.405000,70.275000,29.420000
41.941,0.235000,0.254000,0.835000,-7.290000,2.198000,71.809000,29.470000
41.946,0.308000,0.257000,0.767000,-5.725000,2.321000,70.901000,29.470000
41.961,0.386000,0.231000,0.734000,-0.275000,12.656000,70.534000,29.380000
41.974,0.381000,0.215000,0.714000,5.473000,25.397000,71.229000,29.420000
41.980,0.385000,0.223000,0.685000,13.473000,31.481000,73.443000,29.470000
41.993,0.367000,0.260000,0.751000,22.282000,36.725000,78.672000,29.380000
42.000,0.326000,0.305000,0.827000,25.992000,35.977000,88.069000,29.420000
42.013,0.292000,0.334000,0.860000,27.885000,32.099000,98.229000,29.420000
42.020,0.266000,0.371000,0.901000,28.389000,34.977000,105.008000,29.470000
42.033,0.249000,0.414000,0.858000,26.840000,43.962000,109.359000,29.470000
42.039,0.178000,0.425000,0.846000,29.458000,53.832000,108.794000,29.470000
42.052,0.025000,0.367000,0.854000,28.969000,58.359000,107.733000,29.420000
42.059,-0.117000,0.331000,0.867000,29.939000,51.718000,101.473000,29.520000
42.072,-0.180000,0.318000,0.910000,30.832000,37.290000,95.733000,29.470000
42.083,-0.167000,0.355000,0.963000,28.847000,19.099000,94.786000,29.470000
42.091,-0.111000,0.437000,1.002000,21.573000,2.481000,94.305000,29.420000
42.103,-0.014000,0.486000,0.970000,10.969000,-7.939000,94.496000,29.520000
42.112,0.117000,0.428000,0.892000,8.679000,-1.435000,93.076000,29.470000
42.124,0.221000,0.349000,0.830000,9.519000,15.206000,91.557000,29.470000
42.130,0.202000,0.273000,0.823000,12.000000,34.802000,86.611000,29.470000
42.142,0.157000,0.232000,0.854000,19.450000,53.443000,77.252000,29.330000
42.150,0.069000,0.268000,0.932000,18.908000,57.511000,71.298000,29.420000
42.162,0.007000,0.258000,1.006000,13.397000,49.557000,71.389000,29.470000
42.171,-0.020000,0.321000,1.008000,8.290000,37.550000,71.511000,29.470000
42.182,0.019000,0.407000,0.898000,4.328000,20.771000,71.504000,29.520000
42.189,0.159000,0.484000,0.824000,6.366000,13.817000,78.489000,29.420000
42.202,0.176000,0.431000,0.804000,3.328000,10.229000,93.687000,29.470000
42.211,0.135000,0.362000,0.751000,6.916000,11.359000,94.832000,29.380000
42.222,0.171000,0.316000,0.756000,13.076000,18.634000,88.908000,29.520000
42.229,0.186000,0.313000,0.765000,16.542000,25.756000,85.221000,29.520000
42.241,0.188000,0.303000,0.746000,20.863000,31.710000,83.985000,29.570000
42.248,0.188000,0.327000,0.741000,26.626000,34.557000,85.458000,29.380000
42.262,0.176000,0.374000,0.766000,29.405000,36.550000,91.099000,29.470000
42.274,0.131000,0.380000,0.779000,34.252000,35.076000,96.328000,29.330000
42.282,0.092000,0.438000,0.860000,35.382000,35.634000,96.458000,29.520000
42.293,0.054000,0.429000,0.899000,33.229000,37.336000,96.443000,29.570000
42.300,0.019000,0.398000,0.914000,33.496000,40.427000,93.237000,29.470000
42.313,0.005000,0.409000,0.922000,33.275000,45.229000,88.389000,29.470000
42.320,0.001000,0.418000,0.890000,33.641000,51.847000,83.916000,29.420000
42.333,0.027000,0.467000,0.888000,35.214000,63.107000,82.878000,29.380000
42.340,-0.034000,0.464000,0.895000,31.649000,71.229000,83.305000,29.470000
42.352,-0.143000,0.452000,0.888000,30.183000,73.053000,81.252000,29.420000
42.359,-0.195000,0.479000,0.899000,27.802000,69.046000,77.153000,29.520000
42.371,-0.205000,0.474000,0.920000,21.450000,59.267000,76.176000,29.470000
42.379,-0.208000,0.438000,0.901000,19.489000,49.214000,76.359000,29.470000
42.391,-0.143000,0.438000,0.874000,20.038000,46.275000,74.756000,29.470000
42.404,-0.091000,0.447000,0.850000,18.756000,47.412000,74.595000,29.520000
42.411,-0.111000,0.427000,0.833000,19.473000,50.718000,72.290000,29.520000
42.423,-0.151000,0.417000,0.820000,20.771000,53.664000,69.168000,29.470000
42.431,-0.167000,0.405000,0.818000,21.962000,53.366000,66.794000,29.470000
42.442,-0.198000,0.363000,0.825000,23.168000,49.519000,64.870000,29.420000
42.449,-0.156000,0.341000,0.812000,25.924000,51.435000,55.267000,29.420000
42.462,-0.067000,0.378000,0.803000,28.511000,56.466000,50.756000,29.470000
42.470,-0.056000,0.364000,0.819000,32.954000,64.794000,50.260000,29.470000
42.481,-0.007000,0.408000,0.823000,36.794000,85.656000,46.687000,29.470000
42.488,0.009000,0.448000,0.823000,37.466000,112.771000,44.725000,29.420000
42.500,-0.153000,0.420000,0.855000,36.344000,134.473000,39.374000,29.420000
42.513,-0.261000,0.408000,0.848000,35.145000,149.573000,30.260000,29.470000
42.520,-0.341000,0.403000,0.888000,34.496000,153.015000,29.298000,29.470000
42.533,-0.389000,0.378000,0.944000,34.137000,150.366000,25.374000,29.520000
42.539,-0.346000,0.438000,0.953000,30.802000,149.160000,17.840000,29.420000
42.551,-0.337000,0.490000,0.987000,24.962000,143.405000,18.023000,29.470000
42.559,-0.403000,0.564000,1.008000,16.832000,131.756000,22.015000,29.470000
42.571,-0.574000,0.570000,0.985000,4.702000,99.382000,33.496000,29.520000
42.579,-0.680000,0.483000,0.948000,-0.206000,61.496000,41.618000,29.420000
42.591,-0.663000,0.480000,0.942000,-2.809000,28.412000,43.458000,29.470000
42.603,-0.549000,0.450000,0.920000,-5.710000,9.626000,43.489000,29.470000
42.612,-0.457000,0.449000,0.882000,-9.107000,10.122000,38.351000,29.470000
42.624,-0.458000,0.434000,0.825000,-10.229000,14.198000,31.840000,29.520000
42.630,-0.505000,0.425000,0.787000,-9.183000,17.580000,26.168000,29.420000
42.642,-0.592000,0.404000,0.779000,-6.664000,8.756000,20.565000,29.470000
42.649,-0.620000,0.381000,0.806000,-3.298000,-5.656000,13.542000,29.470000
42.662,-0.545000,0.413000,0.854000,-1.237000,-19.435000,10.412000,29.470000
42.669,-0.392000,0.483000,0.859000,-5.870000,-23.954000,12.130000,29.520000
42.681,-0.336000,0.458000,0.852000,-9.084000,-22.321000,15.183000,29.380000
42.693,-0.356000,0.416000,0.850000,-8.855000,-16.962000,15.725000,29.570000
42.700,-0.396000,0.396000,0.844000,-6.824000,-12.542000,14.557000,29.420000
42.713,-0.446000,0.397000,0.878000,-6.397000,-10.809000,8.237000,29.520000
42.721,-0.444000,0.403000,0.858000,-7.198000,-10.634000,2.214000,29.520000
42.733,-0.389000,0.401000,0.845000,-8.206000,-9.015000,-4.008000,29.570000
42.740,-0.341000,0.397000,0.797000,-8.687000,-6.817000,-7.237000,29.470000
42.751,-0.313000,0.334000,0.777000,-4.099000,-3.924000,-10.053000,29.520000
42.759,-0.300000,0.349000,0.821000,1.924000,-2.244000,-9.115000,29.520000
42.772,-0.319000,0.384000,0.867000,3.527000,-3.504000,-5.122000,29.570000
42.781,-0.368000,0.392000,0.917000,4.084000,-6.740000,-4.939000,29.470000
42.791,-0.407000,0.419000,0.956000,1.924000,-11.687000,-9.496000,29.520000
42.804,-0.397000,0.426000,0.964000,-3.221000,-17.450000,-12.527000,29.520000
42.810,-0.368000,0.429000,0.937000,-7.817000,-22.328000,-15.359000,29.520000
42.822,-0.359000,0.364000,0.877000,-9.947000,-30.282000,-16.641000,29.470000
42.830,-0.291000,0.312000,0.852000,-5.542000,-32.702000,-18.588000,29.570000
42.841,-0.240000,0.345000,0.875000,-1.450000,-32.183000,-17.985000,29.570000
42.848,-0.206000,0.390000,0.917000,-0.420000,-28.924000,-16.084000,29.420000
42.862,-0.239000,0.455000,0.955000,-2.908000,-24.595000,-17.992000,29.570000
42.874,-0.274000,0.454000,0.961000,-8.069000,-25.924000,-16.977000,29.570000
42.880,-0.337000,0.398000,0.959000,-11.924000,-33.183000,-17.229000,29.520000
42.892,-0.302000,0.428000,0.922000,-14.718000,-39.786000,-18.092000,29.520000
42.898,-0.263000,0.416000,0.866000,-17.664000,-43.053000,-17.069000,29.420000
42.912,-0.253000,0.340000,0.799000,-16.321000,-42.336000,-18.229000,29.470000
42.924,-0.276000,0.302000,0.762000,-11.015000,-40.695000,-21.710000,29.570000
42.930,-0.307000,0.305000,0.786000,-4.198000,-43.405000,-26.176000,29.420000
42.942,-0.309000,0.360000,0.844000,-0.542000,-49.099000,-29.634000,29.520000
42.949,-0.259000,0.407000,0.903000,0.115000,-54.947000,-30.473000,29.570000
42.962,-0.160000,0.467000,0.938000,-4.145000,-52.519000,-30.084000,29.380000
42.968,-0.087000,0.443000,0.934000,-9.725000,-44.000000,-27.863000,29.570000
42.981,-0.079000,0.389000,0.920000,-11.282000,-32.298000,-26.969000,29.420000
42.993,-0.137000,0.367000,0.893000,-9.885000,-22.847000,-27.389000,29.420000
42.999,-0.217000,0.366000,0.925000,-8.870000,-19.519000,-29.504000,29.470000
43.013,-0.290000,0.384000,0.962000,-9.153000,-22.679000,-31.916000,29.380000
43.019,-0.333000,0.396000,0.997000,-11.618000,-31.344000,-33.962000,29.570000
43.031,-0.334000,0.423000,1.030000,-16.550000,-38.458000,-37.321000,29.520000
43.043,-0.303000,0.414000,1.002000,-21.000000,-44.588000,-40.855000,29.380000
43.050,-0.289000,0.396000,0.990000,-23.458000,-48.046000,-42.725000,29.470000
43.063,-0.277000,0.392000,0.994000,-25.855000,-46.756000,-48.985000,29.520000
43.069,-0.246000,0.400000,0.974000,-28.817000,-46.878000,-55.519000,29.420000
43.081,-0.248000,0.387000,0.959000,-31.763000,-48.924000,-60.489000,29.520000
43.093,-0.239000,0.364000,0.938000,-33.893000,-53.137000,-65.260000,29.470000
43.100,-0.217000,0.352000,0.906000,-34.244000,-61.221000,-68.977000,29.570000
43.113,-0.176000,0.337000,0.885000,-33.840000,-69.183000,-69.053000,29.420000
43.121,-0.103000,0.337000,0.863000,-33.450000,-73.687000,-68.786000,29.520000
43.132,-0.053000,0.342000,0.837000,-32.313000,-73.649000,-66.802000,29.570000
43.143,-0.015000,0.319000,0.807000,-29.779000,-70.397000,-66.420000,29.470000
43.150,-0.007000,0.295000,0.815000,-26.260000,-66.840000,-66.137000,29.520000
43.163,0.006000,0.299000,0.836000,-22.595000,-61.489000,-68.718000,29.420000
43.169,0.016000,0.295000,0.838000,-19.931000,-56.618000,-70.618000,29.420000
43.182,0.053000,0.303000,0.811000,-14.954000,-50.885000,-68.450000,29.470000
43.188,0.058000,0.340000,0.836000,-12.580000,-45.153000,-62.733000,29.470000
43.201,0.093000,0.347000,0.833000,-12.985000,-33.137000,-59.695000,29.570000
43.213,0.105000,0.308000,0.829000,-11.107000,-21.069000,-54.336000,29.520000
43.221,0.045000,0.268000,0.844000,-7.794000,-7.412000,-53.305000,29.470000
43.233,-0.024000,0.274000,0.883000,-5.237000,2.305000,-54.214000,29.470000
43.239,-0.167000,0.261000,0.937000,-4.412000,-1.198000,-53.023000,29.520000
43.252,-0.273000,0.273000,0.968000,-3.031000,-12.504000,-59.053000,29.520000
43.259,-0.283000,0.323000,0.986000,-1.580000,-27.664000,-63.740000,29.520000
43.271,-0.232000,0.358000,1.003000,-5.176000,-40.000000,-65.153000,29.470000
43.283,-0.177000,0.411000,0.977000,-10.489000,-46.351000,-65.656000,29.470000
43.290,-0.123000,0.404000,0.962000,-16.641000,-47.221000,-65.282000,29.610000
43.302,-0.146000,0.320000,0.926000,-20.557000,-48.206000,-68.198000,29.520000
43.310,-0.138000,0.265000,0.880000,-19.443000,-49.489000,-76.382000,29.470000
43.321,-0.099000,0.279000,0.866000,-15.130000,-52.779000,-81.885000,29.470000
43.333,-0.042000,0.312000,0.881000,-11.282000,-54.198000,-85.290000,29.420000
43.340,0.001000,0.350000,0.877000,-10.412000,-52.649000,-83.931000,29.520000
43.353,0.064000,0.369000,0.890000,-11.840000,-43.466000,-82.504000,29.420000
43.361,0.022000,0.323000,0.866000,-13.977000,-38.298000,-79.435000,29.570000
43.372,-0.054000,0.268000,0.847000,-12.649000,-35.244000,-83.702000,29.470000
43.379,-0.080000,0.286000,0.833000,-11.145000,-40.397000,-89.527000,29.470000
43.390,-0.067000,0.300000,0.846000,-10.588000,-48.557000,-93.069000,29.610000
43.403,-0.024000,0.299000,0.823000,-7.496000,-55.916000,-96.069000,29.470000
43.410,0.039000,0.315000,0.819000,-2.695000,-60.389000,-93.870000,29.470000
43.424,0.066000,0.326000,0.871000,-2.000000,-62.840000,-87.069000,29.420000
43.429,0.013000,0.342000,0.909000,-5.710000,-67.198000,-83.069000,29.520000
43.441,-0.043000,0.351000,0.924000,-8.947000,-76.687000,-83.565000,29.470000
43.448,-0.043000,0.347000,0.931000,-14.275000,-91.008000,-83.008000,29.570000
43.461,0.020000,0.345000,0.904000,-17.160000,-103.282000,-83.939000,29.470000
43.473,0.172000,0.346000,0.873000,-15.786000,-105.534000,-84.679000,29.520000
43.480,0.303000,0.328000,0.879000,-14.809000,-95.672000,-83.863000,29.520000
43.492,0.359000,0.336000,0.925000,-15.412000,-78.885000,-79.870000,29.470000
43.498,0.346000,0.352000,0.943000,-16.458000,-61.786000,-81.137000,29.570000
43.511,0.294000,0.342000,0.968000,-17.565000,-51.420000,-81.061000,29.520000
43.523,0.209000,0.331000,0.961000,-19.420000,-49.924000,-78.985000,29.520000
43.531,0.224000,0.376000,0.958000,-22.252000,-46.573000,-81.260000,29.570000
43.542,0.268000,0.404000,0.935000,-26.359000,-41.779000,-78.405000,29.570000
43.549,0.295000,0.403000,0.904000,-29.214000,-29.977000,-76.374000,29.470000
43.562,0.293000,0.375000,0.905000,-32.985000,-15.382000,-79.214000,29.610000
43.570,0.198000,0.293000,0.907000,-33.481000,-7.969000,-83.046000,29.610000
43.582,0.126000,0.271000,0.906000,-28.534000,-10.092000,-88.405000,29.470000
43.593,0.058000,0.273000,0.937000,-26.374000,-28.137000,-88.412000,29.570000
43.600,0.021000,0.285000,0.952000,-24.756000,-52.794000,-85.122000,29.520000
43.612,0.076000,0.373000,0.945000,-23.756000,-73.756000,-83.244000,29.520000
43.619,0.172000,0.398000,0.963000,-29.733000,-87.305000,-78.649000,29.570000
43.632,0.287000,0.402000,0.901000,-37.939000,-86.214000,-78.275000,29.470000
43.638,0.379000,0.378000,0.869000,-43.977000,-77.817000,-86.176000,29.520000
43.650,0.398000,0.302000,0.817000,-42.618000,-62.908000,-96.519000,29.520000
43.663,0.414000,0.265000,0.773000,-36.977000,-56.641000,-100.038000,29.520000
43.670,0.396000,0.308000,0.749000,-31.382000,-50.695000,-96.458000,29.570000
43.682,0.374000,0.308000,0.785000,-24.420000,-47.092000,-85.496000,29.470000
43.689,0.406000,0.359000,0.854000,-27.130000,-42.053000,-77.191000,29.610000
43.701,0.341000,0.380000,0.871000,-38.046000,-43.359000,-68.366000,29.610000
43.713,0.362000,0.337000,0.819000,-36.542000,-32.145000,-73.412000,29.470000
43.721,0.393000,0.320000,0.771000,-39.649000,-25.916000,-71.374000,29.470000
43.733,0.380000,0.257000,0.748000,-41.420000,-17.397000,-71.221000,29.570000
43.739,0.409000,0.234000,0.663000,-29.389000,-4.534000,-73.458000,29.520000
43.752,0.362000,0.249000,0.716000,-21.450000,2.290000,-70.550000,29.470000
43.759,0.239000,0.222000,0.773000,-20.267000,-0.817000,-64.244000,29.570000
43.772,0.168000,0.242000,0.826000,-19.855000,-7.160000,-65.656000,29.520000
43.783,0.147000,0.239000,0.841000,-21.756000,-21.229000,-69.504000,29.610000
43.790,0.188000,0.221000,0.802000,-20.382000,-37.618000,-72.916000,29.570000
43.802,0.291000,0.241000,0.785000,-15.321000,-48.672000,-75.359000,29.570000
43.811,0.399000,0.288000,0.794000,-12.229000,-50.802000,-74.336000,29.470000
43.822,0.480000,0.332000,0.805000,-11.435000,-43.458000,-69.595000,29.520000
43.830,0.492000,0.350000,0.845000,-14.893000,-31.351000,-62.275000,29.520000
43.841,0.424000,0.299000,0.880000,-23.137000,-20.366000,-60.519000,29.570000
43.853,0.393000,0.266000,0.848000,-29.282000,-11.214000,-66.046000,29.570000
43.861,0.411000,0.238000,0.794000,-27.504000,-5.000000,-74.885000,29.520000
43.873,0.478000,0.238000,0.738000,-23.473000,-0.237000,-81.305000,29.520000
43.880,0.541000,0.301000,0.718000,-17.786000,8.061000,-82.145000,29.570000
43.892,0.551000,0.324000,0.766000,-13.893000,18.672000,-73.115000,29.470000
43.899,0.405000,0.322000,0.811000,-13.115000,22.947000,-62.069000,29.470000
43.913,0.255000,0.263000,0.855000,-14.466000,21.084000,-56.321000,29.520000
43.918,0.076000,0.207000,0.850000,-16.947000,4.168000,-52.740000,29.570000
43.931,-0.011000,0.199000,0.846000,-13.924000,-14.855000,-62.427000,29.570000
43.943,0.046000,0.236000,0.808000,-10.901000,-37.198000,-70.969000,29.610000
43.950,0.145000,0.261000,0.767000,-6.435000,-53.282000,-74.107000,29.520000
43.962,0.241000,0.277000,0.690000,0.321000,-58.725000,-73.817000,29.520000
43.970,0.286000,0.269000,0.625000,12.878000,-58.656000,-68.366000,29.470000
43.982,0.272000,0.250000,0.680000,23.458000,-53.275000,-55.305000,29.570000
43.989,0.198000,0.299000,0.765000,21.321000,-43.695000,-45.221000,29.520000
44.001,0.112000,0.290000,0.810000,21.786000,-36.000000,-43.145000,29.420000
44.014,0.076000,0.305000,0.875000,21.885000,-24.565000,-49.863000,29.570000
44.021,0.032000,0.257000,0.915000,21.145000,-17.008000,-59.542000,29.570000
44.032,0.010000,0.250000,0.948000,22.542000,-8.908000,-73.557000,29.610000
44.039,0.046000,0.309000,1.012000,22.382000,-2.015000,-86.618000,29.420000
44.052,0.032000,0.374000,1.022000,16.595000,-3.626000,-93.924000,29.470000
44.060,-0.023000,0.391000,1.001000,13.832000,-18.084000,-97.435000,29.470000
44.072,0.010000,0.387000,0.987000,18.168000,-32.969000,-102.420000,29.570000
44.078,0.033000,0.436000,0.983000,10.649000,-56.977000,-100.511000,29.570000
44.090,0.167000,0.481000,0.868000,3.679000,-77.504000,-101.763000,29.520000
44.103,0.273000,0.597000,0.817000,-2.763000,-93.366000,-97.466000,29.570000
44.112,0.512000,0.650000,0.779000,-10.618000,-94.878000,-94.534000,29.660000
44.124,0.660000,0.610000,0.802000,-20.244000,-90.267000,-92.038000,29.420000
44.129,0.669000,0.532000,0.834000,-32.847000,-86.924000,-90.802000,29.520000
44.141,0.630000,0.500000,0.856000,-37.916000,-91.794000,-87.832000,29.570000
44.154,0.644000,0.499000,0.826000,-34.702000,-112.550000,-89.817000,29.570000
44.163,0.778000,0.554000,0.794000,-30.305000,-130.718000,-92.481000,29.470000
44.172,0.979000,0.645000,0.775000,-32.664000,-143.802000,-88.656000,29.520000
44.179,1.168000,0.705000,0.708000,-39.672000,-148.130000,-78.313000,29.610000
44.191,1.273000,0.820000,0.638000,-47.679000,-152.145000,-62.756000,29.570000
44.197,1.430000,0.794000,0.657000,-57.038000,-152.779000,-39.863000,29.570000
44.211,1.566000,0.703000,0.527000,-66.038000,-152.893000,-13.672000,29.520000
44.224,1.687000,0.639000,0.498000,-64.260000,-145.748000,8.427000,29.520000
44.229,1.817000,0.627000,0.415000,-57.557000,-131.053000,35.885000,29.570000
44.242,1.833000,0.679000,0.435000,-56.031000,-105.794000,55.542000,29.470000
44.249,1.813000,0.771000,0.491000,-60.901000,-67.863000,63.870000,29.660000
44.262,1.767000,0.802000,0.564000,-68.664000,-27.382000,68.573000,29.610000
44.269,1.682000,0.699000,0.557000,-76.328000,16.710000,61.962000,29.610000
44.281,1.525000,0.570000,0.546000,-78.527000,55.435000,53.893000,29.470000
44.293,1.371000,0.495000,0.536000,-75.603000,81.748000,45.282000,29.570000
44.300,1.205000,0.430000,0.535000,-70.771000,96.481000,34.855000,29.610000
44.313,1.059000,0.464000,0.599000,-62.099000,95.550000,33.153000,29.520000
44.320,0.962000,0.542000,0.729000,-56.779000,80.115000,37.351000,29.570000
44.332,0.949000,0.573000,0.807000,-54.237000,56.931000,50.412000,29.570000
44.339,0.942000,0.604000,0.870000,-57.374000,37.450000,66.649000,29.610000
44.351,0.913000,0.579000,0.909000,-58.664000,26.275000,79.931000,29.520000
44.359,0.880000,0.515000,0.948000,-65.603000,11.595000,92.931000,29.570000
44.371,0.793000,0.438000,0.922000,-71.977000,2.359000,99.427000,29.570000
44.377,0.767000,0.346000,0.884000,-77.817000,-7.008000,105.679000,29.520000
44.390,0.703000,0.292000,0.817000,-81.763000,-18.244000,110.160000,29.610000
44.402,0.692000,0.212000,0.771000,-73.977000,-28.481000,113.565000,29.470000
44.411,0.646000,0.103000,0.832000,-68.122000,-36.435000,111.321000,29.570000
44.422,0.660000,-0.002000,0.826000,-64.267000,-38.565000,110.679000,29.660000
44.429,0.598000,-0.038000,0.846000,-60.191000,-43.153000,115.740000,29.610000
44.441,0.583000,-0.116000,0.846000,-54.374000,-41.023000,115.802000,29.610000
44.453,0.598000,-0.133000,0.885000,-51.351000,-33.008000,112.313000,29.570000
44.461,0.561000,-0.154000,0.899000,-57.595000,-29.252000,112.359000,29.470000
44.472,0.538000,-0.286000,0.856000,-61.313000,-26.008000,110.053000,29.520000
44.480,0.533000,-0.440000,0.810000,-53.160000,-18.107000,103.725000,29.610000
44.491,0.515000,-0.544000,0.796000,-44.985000,-4.206000,90.015000,29.570000
44.504,0.512000,-0.578000,0.766000,-31.038000,14.710000,74.168000,29.570000
44.512,0.460000,-0.557000,0.794000,-17.725000,30.435000,56.870000,29.520000
44.523,0.419000,-0.567000,0.851000,-3.794000,43.229000,39.496000,29.520000
44.530,0.404000,-0.481000,0.903000,3.641000,58.061000,25.183000,29.570000
44.542,0.358000,-0.409000,0.937000,5.641000,63.840000,14.664000,29.470000
44.550,0.326000,-0.363000,0.954000,3.695000,65.008000,9.527000,29.570000
44.562,0.338000,-0.354000,0.942000,-2.321000,64.511000,11.550000,29.520000
44.570,0.286000,-0.416000,0.890000,-4.786000,55.229000,19.084000,29.520000
44.582,0.260000,-0.482000,0.864000,-4.015000,46.313000,27.336000,29.470000
44.589,0.241000,-0.531000,0.820000,-0.466000,34.374000,35.427000,29.570000
44.601,0.236000,-0.556000,0.815000,7.244000,30.427000,34.534000,29.570000
44.609,0.273000,-0.579000,0.804000,13.176000,37.221000,21.237000,29.520000
44.621,0.274000,-0.527000,0.780000,23.420000,54.603000,-6.908000,29.570000
44.633,0.243000,-0.475000,0.804000,37.443000,66.565000,-34.008000,29.570000
44.640,0.151000,-0.412000,0.820000,48.344000,60.908000,-48.756000,29.520000
44.652,0.066000,-0.384000,0.819000,55.618000,39.206000,-52.550000,29.520000
44.660,0.047000,-0.349000,0.780000,65.534000,4.771000,-49.687000,29.660000
44.672,0.069000,-0.359000,0.755000,76.382000,-39.221000,-37.481000,29.660000
44.680,0.126000,-0.376000,0.724000,88.183000,-84.740000,-20.435000,29.520000
44.691,0.283000,-0.377000,0.655000,95.611000,-120.939000,-2.031000,29.610000
44.704,0.478000,-0.374000,0.578000,99.130000,-135.305000,8.809000,29.520000
44.710,0.754000,-0.302000,0.529000,105.977000,-110.313000,3.542000,29.570000
44.723,0.894000,-0.218000,0.542000,108.794000,-65.863000,-16.427000,29.660000
44.729,0.862000,-0.129000,0.589000,113.618000,-16.267000,-36.863000,29.520000
44.741,0.709000,-0.033000,0.656000,106.954000,12.366000,-46.855000,29.610000
44.748,0.576000,-0.022000,0.711000,96.122000,17.511000,-42.206000,29.570000
44.762,0.488000,-0.027000,0.710000,83.000000,7.634000,-22.504000,29.470000
44.775,0.506000,0.024000,0.718000,72.519000,-7.023000,5.977000,29.570000
44.781,0.634000,0.063000,0.742000,57.687000,-11.160000,37.863000,29.520000
44.793,0.716000,0.123000,0.772000,43.389000,9.855000,60.076000,29.570000
44.800,0.641000,0.149000,0.758000,29.191000,36.840000,72.664000,29.570000
44.813,0.373000,0.129000,0.741000,17.550000,59.519000,76.038000,29.610000
44.820,0.069000,0.048000,0.723000,12.115000,59.191000,72.107000,29.520000
44.833,-0.135000,-0.038000,0.676000,12.031000,38.290000,66.718000,29.570000
44.839,-0.151000,-0.101000,0.648000,19.176000,13.947000,61.916000,29.570000
44.851,-0.081000,-0.122000,0.632000,30.550000,-8.878000,53.061000,29.660000
44.859,0.042000,-0.092000,0.659000,37.977000,-21.168000,40.634000,29.610000
44.871,0.182000,-0.030000,0.691000,41.985000,-25.672000,33.511000,29.520000
44.883,0.287000,0.042000,0.749000,42.794000,-20.534000,22.183000,29.660000
44.890,0.417000,0.071000,0.781000,34.031000,-12.924000,13.969000,29.570000
44.904,0.524000,0.076000,0.791000,20.198000,-0.275000,9.305000,29.520000
44.911,0.587000,0.019000,0.756000,7.702000,14.115000,12.053000,29.610000
44.923,0.567000,-0.030000,0.737000,4.115000,30.870000,19.237000,29.570000
44.930,0.495000,-0.089000,0.730000,-3.206000,42.870000,28.840000,29.570000
44.942,0.371000,-0.128000,0.702000,-8.092000,53.420000,31.618000,29.570000
44.949,0.258000,-0.147000,0.673000,-10.695000,58.099000,31.679000,29.610000
44.962,0.202000,-0.139000,0.688000,-12.611000,58.198000,30.916000,29.570000
44.970,0.149000,-0.110000,0.703000,-14.687000,55.824000,26.519000,29.570000
44.981,0.130000,-0.123000,0.717000,-16.084000,48.916000,18.878000,29.610000
44.993,0.136000,-0.130000,0.731000,-16.412000,42.542000,8.626000,29.610000
45.000,0.192000,-0.134000,0.755000,-16.504000,39.634000,0.405000,29.570000
45.013,0.245000,-0.131000,0.760000,-17.359000,38.069000,-7.557000,29.660000
45.020,0.291000,-0.121000,0.742000,-18.534000,39.618000,-13.824000,29.610000
45.032,0.293000,-0.119000,0.725000,-18.229000,37.710000,-17.878000,29.710000
45.039,0.309000,-0.138000,0.724000,-19.458000,32.863000,-18.550000,29.710000
45.051,0.350000,-0.127000,0.741000,-20.931000,29.466000,-15.519000,29.570000
45.063,0.380000,-0.114000,0.775000,-25.855000,28.145000,-10.664000,29.570000
45.071,0.396000,-0.106000,0.795000,-30.634000,29.321000,-7.389000,29.520000
45.083,0.465000,-0.034000,0.874000,-39.290000,30.779000,3.588000,29.610000
45.090,0.504000,-0.007000,0.889000,-54.847000,32.046000,16.870000,29.660000
45.102,0.482000,-0.039000,0.846000,-67.916000,30.786000,24.687000,29.570000
45.111,0.461000,-0.115000,0.739000,-67.168000,30.359000,30.053000,29.470000
45.122,0.382000,-0.181000,0.687000,-59.641000,26.824000,31.534000,29.610000
45.130,0.320000,-0.185000,0.654000,-50.374000,18.221000,32.809000,29.570000
45.141,0.272000,-0.201000,0.655000,-41.504000,3.588000,32.580000,29.660000
45.154,0.247000,-0.176000,0.692000,-29.160000,-10.580000,30.229000,29.610000
45.160,0.291000,-0.154000,0.746000,-26.115000,-22.221000,28.130000,29.610000
45.173,0.370000,-0.109000,0.792000,-28.992000,-24.672000,27.046000,29.660000
45.180,0.430000,-0.076000,0.782000,-34.626000,-21.916000,26.053000,29.570000
45.191,0.419000,-0.075000,0.749000,-37.504000,-17.053000,26.145000,29.660000
45.198,0.366000,-0.092000,0.725000,-36.779000,-16.443000,26.947000,29.520000
45.211,0.322000,-0.106000,0.706000,-33.198000,-15.534000,22.855000,29.520000
45.224,0.296000,-0.125000,0.709000,-30.420000,-18.779000,19.023000,29.660000
45.230,0.329000,-0.166000,0.710000,-29.206000,-11.008000,6.282000,29.570000
45.242,0.369000,-0.177000,0.713000,-28.931000,-0.481000,-9.382000,29.610000
45.249,0.378000,-0.188000,0.707000,-28.397000,9.595000,-20.779000,29.610000
45.262,0.354000,-0.191000,0.693000,-27.893000,14.847000,-28.435000,29.660000
45.269,0.340000,-0.158000,0.689000,-27.969000,15.588000,-30.962000,29.660000
45.281,0.326000,-0.131000,0.685000,-28.061000,11.847000,-28.740000,29.660000
45.293,0.307000,-0.122000,0.678000,-25.809000,5.939000,-23.649000,29.610000
45.300,0.297000,-0.156000,0.680000,-25.893000,-3.466000,-14.565000,29.570000
45.312,0.328000,-0.144000,0.705000,-27.885000,-6.031000,-5.214000,29.570000
45.321,0.357000,-0.125000,0.691000,-34.237000,-0.595000,0.977000,29.610000
45.332,0.365000,-0.133000,0.636000,-37.443000,12.397000,-1.191000,29.610000
45.338,0.352000,-0.116000,0.609000,-36.565000,31.275000,-12.649000,29.570000
45.351,0.324000,-0.111000,0.579000,-35.282000,49.435000,-26.458000,29.570000
45.363,0.249000,-0.099000,0.567000,-30.931000,62.847000,-36.969000,29.610000
45.370,0.174000,-0.092000,0.569000,-25.405000,69.695000,-44.756000,29.610000
45.383,0.114000,-0.108000,0.572000,-19.992000,66.489000,-47.992000,29.610000
45.389,0.099000,-0.083000,0.621000,-17.290000,64.580000,-48.260000,29.570000
45.401,0.078000,-0.071000,0.644000,-20.489000,60.015000,-44.672000,29.660000
45.408,0.020000,-0.071000,0.645000,-22.061000,53.985000,-42.542000,29.610000
45.421,-0.033000,-0.067000,0.627000,-17.176000,49.321000,-44.305000,29.710000
45.434,-0.100000,-0.032000,0.628000,-10.695000,33.840000,-43.076000,29.660000
45.439,-0.190000,-0.084000,0.671000,-1.305000,9.939000,-41.763000,29.570000
45.452,-0.257000,-0.111000,0.704000,6.672000,-20.206000,-37.435000,29.660000
45.459,-0.221000,-0.143000,0.730000,11.924000,-48.481000,-35.824000,29.710000
45.471,-0.151000,-0.105000,0.739000,14.489000,-71.870000,-39.061000,29.570000
45.483,-0.085000,-0.062000,0.732000,13.878000,-85.359000,-43.809000,29.570000
45.490,-0.010000,-0.013000,0.706000,14.542000,-90.618000,-54.099000,29.610000
45.502,0.066000,0.042000,0.750000,19.389000,-90.374000,-66.443000,29.520000
45.510,0.220000,0.103000,0.779000,19.191000,-87.634000,-77.977000,29.660000
45.521,0.318000,0.125000,0.812000,12.710000,-81.985000,-82.427000,29.570000
45.530,0.336000,0.164000,0.772000,1.565000,-82.573000,-77.099000,29.570000
45.541,0.389000,0.157000,0.733000,-5.130000,-80.069000,-74.710000,29.610000
45.554,0.332000,-0.007000,0.657000,0.130000,-73.282000,-70.786000,29.610000
45.562,0.431000,0.106000,0.663000,-6.695000,-68.511000,-62.962000,29.660000
45.573,0.450000,-0.023000,0.645000,3.832000,-71.664000,-48.779000,29.570000
45.580,0.476000,-0.041000,0.662000,9.855000,-68.000000,-43.748000,29.610000
45.592,0.499000,-0.011000,0.684000,9.374000,-67.504000,-38.626000,29.610000
45.599,0.489000,0.014000,0.677000,5.542000,-67.550000,-34.427000,29.660000
45.612,0.532000,0.055000,0.661000,-3.023000,-63.763000,-34.069000,29.660000
45.619,0.586000,0.090000,0.633000,-9.855000,-43.313000,-30.977000,29.660000
45.631,0.595000,0.062000,0.595000,-9.473000,-31.504000,-18.130000,29.710000
45.643,0.520000,0.052000,0.568000,-5.137000,-26.137000,2.855000,29.570000
45.650,0.507000,-0.080000,0.652000,9.359000,-21.458000,25.336000,29.750000
45.663,0.433000,0.247000,0.749000,14.840000,-13.206000,35.794000,29.610000
45.670,0.439000,0.046000,0.664000,10.641000,-9.473000,27.397000,29.610000
45.682,0.649000,-0.178000,0.607000,19.847000,-3.443000,13.809000,29.570000
45.689,0.713000,0.029000,0.629000,19.160000,27.893000,-3.046000,29.570000
45.702,0.655000,0.031000,0.625000,20.626000,38.817000,-4.985000,29.520000
45.710,0.579000,0.001000,0.725000,36.397000,37.901000,4.435000,29.610000
45.722,0.480000,-0.031000,0.688000,41.229000,34.626000,3.824000,29.660000
45.729,0.440000,-0.014000,0.669000,45.565000,28.061000,-3.481000,29.570000
45.741,0.492000,-0.048000,0.652000,56.023000,22.115000,-6.053000,29.660000
45.747,0.537000,-0.002000,0.635000,58.962000,36.229000,-10.802000,29.710000
45.762,0.609000,0.014000,0.601000,58.611000,53.687000,-15.931000,29.610000
45.773,0.604000,0.041000,0.567000,70.214000,71.771000,-12.618000,29.660000
45.781,0.417000,0.012000,0.574000,87.985000,53.443000,0.824000,29.570000
45.793,0.285000,0.018000,0.643000,92.733000,18.771000,-8.969000,29.570000
45.800,0.303000,0.115000,0.658000,90.046000,-12.618000,-13.107000,29.610000
45.812,0.467000,0.126000,0.617000,78.687000,-32.489000,-20.366000,29.660000
45.820,0.675000,0.227000,0.667000,77.267000,-24.832000,-21.542000,29.570000
45.831,0.800000,0.290000,0.656000,83.221000,-4.328000,-13.153000,29.610000
45.838,0.806000,0.362000,0.733000,111.626000,25.496000,0.840000,29.610000
45.851,0.669000,0.348000,0.767000,144.237000,50.489000,16.130000,29.660000
45.857,0.490000,0.371000,0.799000,140.198000,53.931000,24.466000,29.570000
45.871,0.326000,0.331000,0.760000,125.168000,37.679000,19.870000,29.610000
45.883,0.175000,0.319000,0.771000,134.115000,39.267000,-3.504000,29.610000
45.890,0.162000,0.385000,0.900000,107.969000,22.244000,-34.328000,29.570000
45.902,0.182000,0.394000,0.964000,69.435000,-12.580000,-54.061000,29.570000
45.910,0.240000,0.433000,0.952000,38.496000,-47.962000,-70.756000,29.610000
45.922,0.479000,0.454000,1.070000,29.321000,-41.122000,-74.687000,29.610000
45.930,0.436000,0.643000,0.997000,54.053000,-12.794000,-72.076000,29.660000
45.941,0.635000,0.402000,1.099000,105.557000,20.351000,-38.763000,29.660000
45.946,0.431000,0.541000,1.131000,112.229000,-5.412000,6.191000,29.660000
45.961,0.401000,0.606000,1.063000,138.206000,6.046000,2.023000,29.610000
45.975,0.197000,0.499000,0.851000,97.595000,-90.023000,1.359000,29.610000
45.980,0.243000,0.466000,0.918000,46.809000,-193.588000,-7.435000,29.660000
45.992,0.546000,0.508000,1.287000,121.313000,-109.832000,-17.969000,29.570000
45.999,0.343000,0.564000,1.117000,135.229000,-113.458000,-11.756000,29.610000
46.012,0.247000,0.647000,1.052000,113.221000,-148.412000,-65.832000,29.710000
46.020,0.655000,0.529000,1.152000,119.565000,-109.702000,-18.206000,29.750000
46.031,0.799000,0.638000,1.034000,90.275000,-86.374000,-33.206000,29.660000
46.043,0.756000,0.566000,1.180000,-10.450000,-79.763000,-138.664000,29.610000
46.049,0.698000,0.468000,0.646000,47.160000,-151.878000,-148.802000,29.610000
46.062,0.858000,0.695000,1.273000,9.733000,-148.053000,-132.779000,29.570000
46.069,0.896000,0.792000,1.266000,-98.130000,-98.313000,-40.366000,29.660000
46.082,0.722000,0.679000,1.178000,-139.664000,-101.237000,-23.450000,29.710000
46.093,0.709000,0.667000,1.105000,-178.397000,-96.985000,-50.534000,29.710000
46.100,0.754000,0.717000,0.810000,-205.985000,-106.977000,-79.015000,29.710000
46.112,0.840000,0.519000,0.823000,-214.427000,-126.870000,-102.427000,29.660000
46.120,0.835000,0.580000,0.449000,-53.863000,-146.740000,-151.885000,29.660000
46.131,0.978000,0.440000,0.816000,-14.260000,-119.885000,-112.084000,29.610000
46.142,0.882000,0.512000,0.670000,-17.008000,-126.595000,-112.473000,29.610000
46.149,0.965000,0.385000,0.763000,-54.313000,-138.145000,-141.061000,29.660000
46.162,0.774000,0.398000,0.641000,-14.649000,-146.878000,-77.519000,29.570000
46.168,1.026000,0.548000,0.678000,-26.389000,-129.382000,-122.206000,29.610000
46.180,1.066000,0.519000,0.623000,-18.885000,-136.183000,-165.947000,29.610000
46.192,1.306000,0.471000,0.661000,-43.550000,-124.802000,-174.908000,29.570000
46.199,1.000000,0.657000,0.674000,-41.122000,-112.756000,-185.511000,29.660000
46.212,1.085000,0.552000,0.700000,-70.092000,-113.985000,-182.809000,29.610000
46.224,0.732000,0.856000,0.817000,-105.351000,-111.008000,-250.137000,29.610000
46.230,1.138000,0.386000,0.597000,-72.542000,-98.656000,-229.382000,29.750000
46.242,0.605000,0.845000,0.813000,-10.710000,-182.450000,-12.481000,29.570000
46.249,1.383000,0.191000,0.292000,-26.443000,-149.534000,1.458000,29.610000
46.262,1.271000,0.382000,0.429000,-18.420000,-50.244000,-117.336000,29.610000
46.269,0.774000,0.609000,0.756000,34.130000,-67.992000,-35.084000,29.570000
46.281,0.680000,0.750000,0.704000,-0.282000,-169.191000,154.779000,29.660000
46.293,1.514000,0.487000,0.217000,-9.534000,-59.733000,178.450000,29.570000
46.300,0.740000,1.030000,0.932000,-59.496000,-51.298000,-85.779000,29.520000
46.312,1.609000,-0.174000,0.456000,-83.542000,-44.305000,-47.672000,29.610000
46.320,1.033000,0.860000,1.091000,-32.344000,-27.588000,163.893000,29.660000
46.331,0.655000,0.688000,0.819000,-120.305000,-1.420000,229.557000,29.660000
46.338,0.798000,0.334000,0.640000,-79.626000,-91.725000,104.137000,29.610000
46.350,0.638000,0.427000,0.745000,-180.053000,-127.672000,-242.985000,29.610000
46.362,1.710000,0.496000,-0.420000,-250.137000,8.779000,-218.954000,29.660000
46.371,1.450000,0.485000,-0.278000,-86.618000,197.229000,216.145000,29.570000
46.382,-0.188000,0.002000,0.960000,-87.519000,58.771000,209.565000,29.710000
46.388,0.775000,0.150000,0.834000,-120.427000,-7.397000,-20.588000,29.520000
46.401,0.912000,0.135000,0.597000,-63.137000,-19.802000,28.656000,29.570000
46.413,0.885000,0.115000,0.602000,-14.710000,-31.679000,-3.305000,29.570000
46.421,0.909000,0.051000,1.002000,-2.580000,-71.244000,-39.443000,29.610000
46.433,0.873000,0.479000,0.683000,-42.489000,-68.740000,-10.305000,29.610000
46.439,0.750000,0.252000,0.585000,-44.153000,-43.947000,-6.649000,29.660000
46.451,0.607000,0.337000,0.567000,-44.328000,-29.893000,38.947000,29.570000
46.459,0.472000,0.098000,0.432000,-30.939000,-20.863000,-5.351000,29.660000
46.472,0.468000,0.089000,0.435000,-20.908000,-48.183000,-42.588000,29.610000
46.483,0.578000,0.042000,0.528000,-18.229000,-44.237000,-79.008000,29.610000
46.490,0.707000,0.079000,0.417000,-21.863000,-25.916000,-136.763000,29.570000
46.502,0.709000,0.112000,0.636000,-77.771000,-84.359000,-86.221000,29.660000
46.510,0.913000,0.107000,0.260000,12.038000,-45.290000,-95.412000,29.610000
46.522,1.066000,0.170000,0.323000,33.176000,-38.527000,-49.802000,29.520000
46.530,0.775000,0.294000,0.375000,72.840000,-38.321000,18.290000,29.570000
46.541,0.814000,0.268000,0.047000,113.962000,-0.427000,3.824000,29.570000
46.548,0.642000,0.322000,0.449000,134.206000,2.901000,112.168000,29.610000
46.562,0.639000,0.423000,0.551000,182.962000,-21.107000,55.733000,29.610000
46.573,0.647000,1.046000,0.736000,158.649000,-31.168000,60.481000,29.570000
46.580,0.555000,1.271000,0.733000,99.031000,-117.779000,182.534000,29.660000
46.592,0.631000,1.009000,0.380000,-23.733000,-109.733000,62.779000,29.710000
46.599,0.669000,0.733000,0.329000,-87.847000,-115.710000,-1.878000,29.610000
46.612,0.948000,0.448000,0.091000,-129.221000,-68.931000,-112.931000,29.570000
46.623,0.916000,0.312000,0.223000,-123.977000,-91.328000,-113.328000,29.660000
46.630,1.105000,0.153000,0.123000,-77.687000,-78.779000,-65.046000,29.570000
46.642,1.054000,0.082000,0.022000,-22.649000,-50.321000,42.061000,29.610000
46.649,0.878000,0.152000,0.175000,21.115000,-17.733000,114.069000,29.610000
46.662,0.692000,0.240000,0.452000,53.191000,-19.649000,233.496000,29.660000
46.670,0.418000,0.174000,0.108000,70.626000,-56.870000,239.443000,29.660000
46.681,0.522000,0.176000,-0.006000,89.634000,-11.046000,115.664000,29.520000
46.693,0.716000,0.860000,0.483000,172.901000,-182.221000,168.366000,29.610000
46.700,1.646000,1.058000,0.514000,12.756000,-137.931000,-16.969000,29.660000
46.713,1.640000,0.976000,0.237000,-96.519000,-116.366000,-34.015000,29.660000
46.719,1.280000,0.450000,0.005000,-97.511000,-54.489000,69.916000,29.610000
46.732,1.009000,0.266000,0.056000,-79.771000,-7.344000,117.626000,29.610000
46.738,0.728000,0.112000,0.095000,-68.000000,-21.832000,138.710000,29.660000
46.751,0.717000,-0.055000,0.026000,-35.282000,-40.824000,152.573000,29.570000
46.763,0.433000,0.044000,0.121000,-15.756000,-60.466000,238.458000,29.610000
46.771,0.402000,-0.053000,0.150000,-1.427000,-78.336000,140.855000,29.610000
46.782,0.508000,-0.043000,0.056000,-3.908000,-73.130000,11.084000,29.570000
46.789,0.390000,0.012000,0.082000,-12.107000,-96.832000,-57.046000,29.570000
46.801,0.396000,0.069000,0.015000,-3.061000,-146.107000,-10.015000,29.660000
46.814,0.497000,-0.100000,0.177000,-19.672000,-227.397000,-70.794000,29.610000
46.821,0.518000,-0.016000,0.078000,5.305000,-250.137000,-82.962000,29.710000
46.833,0.404000,-0.304000,-0.208000,26.206000,-227.504000,-95.649000,29.660000
46.839,0.334000,-0.165000,-0.346000,171.885000,-210.626000,39.374000,29.660000
46.851,0.085000,0.241000,-0.385000,180.252000,-244.931000,181.351000,29.610000
46.863,0.250000,0.029000,-0.360000,155.786000,-250.137000,106.359000,29.610000
46.872,0.454000,0.216000,-1.293000,172.893000,-238.198000,28.137000,29.660000
46.882,2.000000,0.660000,-0.982000,-94.397000,-250.137000,-250.137000,29.660000
46.889,2.000000,0.723000,-0.987000,-64.481000,-105.916000,-250.137000,29.610000
