time_sec,ax,ay,az,gx,gy,gz,temp_c
0.020,0.511000,0.505000,0.499000,34.763000,22.824000,-6.542000,29.000000
0.027,0.505000,0.556000,0.556000,34.069000,28.443000,-6.901000,29.090000
0.039,0.474000,0.584000,0.510000,38.962000,21.031000,-8.939000,28.910000
0.046,0.506000,0.512000,0.516000,40.924000,14.542000,-18.870000,29.050000
0.058,0.484000,0.579000,0.603000,42.389000,-5.076000,-19.504000,29.050000
0.065,0.526000,0.635000,0.583000,34.450000,-7.359000,-19.916000,28.910000
0.078,0.565000,0.577000,0.538000,26.237000,-8.206000,-20.328000,28.910000
0.087,0.595000,0.599000,0.573000,23.183000,-8.740000,-20.603000,28.950000
0.097,0.626000,0.641000,0.609000,14.542000,-4.412000,-17.603000,29.050000
0.109,0.664000,0.614000,0.628000,10.870000,-4.382000,-15.626000,29.090000
0.117,0.702000,0.637000,0.562000,2.099000,3.893000,-12.985000,29.000000
0.129,0.673000,0.617000,0.602000,12.237000,1.855000,-16.206000,29.000000
0.136,0.647000,0.571000,0.552000,10.779000,0.824000,-12.863000,29.050000
0.149,0.677000,0.530000,0.565000,14.076000,5.473000,-13.031000,28.950000
0.156,0.596000,0.585000,0.562000,17.840000,6.351000,-11.031000,29.090000
0.168,0.618000,0.615000,0.562000,14.214000,17.122000,-8.817000,28.910000
0.175,0.596000,0.616000,0.588000,10.908000,18.053000,-10.557000,28.860000
0.188,0.559000,0.646000,0.560000,3.237000,18.351000,-13.053000,28.950000
0.196,0.603000,0.599000,0.558000,7.466000,15.962000,-18.176000,28.910000
0.207,0.611000,0.590000,0.562000,5.863000,12.832000,-20.603000,29.090000
0.219,0.667000,0.557000,0.601000,8.137000,15.649000,-22.977000,29.050000
0.226,0.635000,0.590000,0.549000,3.863000,14.038000,-20.374000,28.950000
0.239,0.627000,0.593000,0.558000,4.176000,11.679000,-18.466000,28.910000
0.247,0.591000,0.639000,0.519000,0.702000,11.000000,-16.855000,29.000000
0.258,0.609000,0.635000,0.547000,-0.481000,10.626000,-15.656000,29.000000
0.266,0.612000,0.689000,0.542000,-5.573000,12.550000,-13.519000,28.950000
0.278,0.633000,0.657000,0.512000,-8.374000,15.130000,-10.336000,29.050000
0.285,0.648000,0.635000,0.476000,-8.244000,21.115000,-2.267000,29.000000
0.298,0.616000,0.612000,0.438000,-5.076000,27.496000,6.053000,29.000000
0.310,0.609000,0.598000,0.387000,0.725000,33.282000,11.206000,29.090000
0.317,0.479000,0.604000,0.428000,7.183000,32.206000,8.641000,28.950000
0.331,0.407000,0.635000,0.471000,20.321000,21.733000,0.046000,29.090000
0.337,0.410000,0.670000,0.503000,19.382000,16.511000,-8.244000,29.000000
0.349,0.447000,0.694000,0.565000,18.939000,9.626000,-14.916000,28.950000
0.356,0.498000,0.675000,0.552000,11.832000,9.695000,-18.595000,29.050000
0.368,0.557000,0.630000,0.566000,10.061000,10.481000,-19.420000,28.910000
0.375,0.563000,0.630000,0.531000,3.191000,13.069000,-14.908000,29.000000
0.389,0.585000,0.607000,0.522000,1.832000,13.779000,-10.214000,28.950000
0.395,0.604000,0.603000,0.500000,1.267000,11.924000,-6.397000,29.050000
0.408,0.619000,0.589000,0.507000,2.145000,7.786000,-3.763000,28.950000
0.415,0.631000,0.604000,0.505000,3.939000,7.779000,0.397000,29.090000
0.428,0.601000,0.574000,0.508000,9.351000,5.496000,0.695000,28.910000
0.436,0.590000,0.618000,0.527000,8.802000,4.336000,1.916000,29.050000
0.448,0.592000,0.632000,0.546000,11.160000,6.145000,0.504000,29.050000
0.455,0.561000,0.632000,0.540000,9.626000,7.092000,-2.504000,28.910000
0.467,0.558000,0.648000,0.515000,6.260000,3.824000,-4.344000,28.910000
0.475,0.570000,0.627000,0.508000,4.229000,-1.473000,-3.916000,29.000000
0.487,0.622000,0.620000,0.494000,2.267000,-1.168000,-1.359000,28.950000
0.500,0.654000,0.621000,0.503000,1.672000,4.435000,4.229000,29.000000
0.507,0.625000,0.623000,0.483000,4.595000,5.962000,10.374000,29.000000
0.520,0.577000,0.617000,0.506000,11.710000,7.366000,11.176000,28.950000
0.527,0.499000,0.630000,0.474000,14.458000,10.229000,11.611000,29.050000
0.539,0.530000,0.619000,0.545000,17.855000,10.443000,8.237000,29.050000
0.548,0.522000,0.669000,0.552000,16.931000,10.718000,6.870000,29.090000
0.559,0.549000,0.659000,0.564000,13.198000,11.481000,3.344000,29.000000
0.566,0.585000,0.665000,0.601000,8.145000,20.176000,5.763000,28.950000
0.579,0.569000,0.622000,0.572000,5.397000,20.153000,9.954000,28.950000
0.586,0.556000,0.624000,0.527000,2.763000,18.298000,13.786000,29.000000
0.599,0.535000,0.630000,0.537000,5.641000,15.855000,15.786000,29.090000
0.605,0.541000,0.641000,0.509000,7.336000,17.122000,17.053000,29.140000
0.618,0.535000,0.622000,0.513000,10.580000,20.382000,19.679000,29.050000
0.625,0.543000,0.652000,0.503000,14.084000,26.771000,21.931000,29.000000
0.638,0.518000,0.668000,0.535000,14.992000,33.969000,27.122000,29.090000
0.650,0.499000,0.621000,0.531000,22.183000,43.061000,34.519000,29.090000
0.657,0.444000,0.614000,0.497000,33.687000,50.824000,40.771000,28.950000
0.669,0.294000,0.704000,0.609000,27.962000,46.374000,40.450000,28.950000
0.676,0.276000,0.719000,0.602000,18.718000,48.603000,29.053000,29.000000
0.690,0.191000,0.711000,0.635000,6.031000,36.641000,19.908000,29.000000
0.697,0.179000,0.667000,0.600000,-0.962000,14.031000,6.618000,29.050000
0.708,0.210000,0.638000,0.551000,-10.061000,-14.389000,-6.855000,29.050000
0.715,0.368000,0.623000,0.552000,-15.206000,-36.305000,-17.992000,28.910000
0.727,0.524000,0.616000,0.542000,-22.237000,-47.473000,-24.427000,29.000000
0.744,0.659000,0.586000,0.520000,-21.214000,-47.008000,-26.504000,29.050000
0.747,0.766000,0.533000,0.500000,-16.191000,-37.137000,-22.252000,28.950000
0.758,0.815000,0.521000,0.490000,-6.191000,-23.275000,-13.557000,29.000000
0.766,0.813000,0.512000,0.490000,4.542000,-6.214000,-3.634000,29.090000
0.778,0.774000,0.601000,0.534000,9.115000,13.992000,8.389000,29.000000
0.786,0.597000,0.658000,0.481000,10.282000,20.496000,15.229000,28.950000
0.798,0.615000,0.679000,0.563000,3.237000,32.061000,17.496000,29.050000
0.805,0.555000,0.641000,0.530000,1.191000,33.420000,14.214000,29.000000
0.817,0.525000,0.656000,0.496000,-1.053000,31.756000,10.794000,29.090000
0.825,0.539000,0.623000,0.454000,3.611000,22.489000,9.840000,29.090000
0.837,0.521000,0.654000,0.447000,3.573000,17.672000,12.908000,29.050000
0.850,0.501000,0.696000,0.453000,2.756000,9.710000,13.344000,29.000000
0.857,0.472000,0.691000,0.479000,4.916000,-2.565000,7.298000,28.910000
0.869,0.485000,0.694000,0.489000,5.389000,-10.901000,-1.267000,29.050000
0.876,0.520000,0.674000,0.518000,5.260000,-18.038000,-8.305000,29.050000
0.890,0.591000,0.666000,0.522000,3.206000,-22.557000,-12.901000,29.000000
0.896,0.678000,0.636000,0.532000,1.931000,-21.802000,-13.649000,29.000000
0.908,0.755000,0.604000,0.511000,-0.107000,-16.466000,-10.878000,29.090000
0.915,0.772000,0.571000,0.490000,0.931000,-13.962000,-6.198000,29.050000
0.928,0.793000,0.547000,0.523000,10.542000,-13.542000,-3.473000,28.950000
0.936,0.825000,0.557000,0.565000,17.504000,-15.008000,1.672000,28.910000
0.948,0.796000,0.581000,0.646000,19.412000,-16.763000,6.053000,29.000000
0.959,0.822000,0.609000,0.679000,18.275000,-14.153000,9.191000,28.950000
0.966,0.842000,0.612000,0.719000,12.122000,-8.221000,17.687000,28.950000
0.979,0.831000,0.585000,0.719000,5.466000,-2.924000,26.351000,29.090000
0.986,0.840000,0.554000,0.711000,2.275000,2.252000,32.359000,29.000000
0.999,0.749000,0.570000,0.754000,2.534000,5.290000,38.687000,29.000000
1.006,0.791000,0.576000,0.709000,3.076000,12.313000,44.137000,28.950000
1.019,0.751000,0.587000,0.717000,4.336000,9.374000,44.321000,29.000000
1.026,0.736000,0.611000,0.726000,4.351000,7.985000,44.427000,29.000000
1.038,0.704000,0.618000,0.724000,0.122000,7.748000,43.458000,29.050000
1.047,0.774000,0.621000,0.691000,-3.000000,9.672000,42.939000,29.050000
1.058,0.778000,0.611000,0.717000,-10.496000,11.282000,43.374000,29.000000
1.065,0.814000,0.572000,0.683000,-6.275000,11.786000,40.427000,29.000000
1.077,0.833000,0.585000,0.664000,-5.504000,14.252000,44.130000,28.910000
1.084,0.809000,0.578000,0.659000,-3.511000,13.275000,53.802000,29.050000
1.098,0.834000,0.595000,0.644000,-7.229000,20.115000,60.557000,28.950000
1.110,0.796000,0.641000,0.697000,-4.702000,21.695000,65.435000,28.910000
1.116,0.708000,0.644000,0.714000,-8.153000,17.221000,66.427000,29.000000
1.131,0.674000,0.605000,0.698000,-9.863000,6.634000,62.870000,28.950000
1.136,0.737000,0.655000,0.696000,-12.069000,10.092000,62.305000,29.050000
1.149,0.744000,0.642000,0.653000,-20.427000,12.824000,67.832000,29.000000
1.155,0.743000,0.585000,0.614000,-18.916000,12.885000,72.015000,29.000000
1.168,0.717000,0.595000,0.577000,-16.229000,15.855000,75.366000,28.910000
1.175,0.681000,0.559000,0.575000,-10.550000,11.519000,74.420000,28.950000
1.188,0.678000,0.595000,0.615000,-7.878000,12.962000,73.878000,29.000000
1.200,0.643000,0.620000,0.630000,-11.252000,16.443000,74.962000,29.000000
1.206,0.643000,0.573000,0.690000,-10.664000,15.786000,73.557000,29.000000
1.219,0.675000,0.595000,0.699000,-11.664000,23.710000,75.206000,28.950000
1.226,0.641000,0.554000,0.722000,-10.840000,28.840000,76.870000,28.950000
1.238,0.608000,0.542000,0.685000,-14.481000,31.038000,77.504000,29.000000
1.245,0.560000,0.632000,0.684000,-21.718000,34.855000,79.191000,28.910000
1.257,0.444000,0.599000,0.663000,-29.267000,20.992000,75.908000,28.860000
1.270,0.393000,0.555000,0.609000,-25.328000,-2.634000,65.908000,29.050000
1.277,0.428000,0.546000,0.632000,-25.458000,-18.313000,54.611000,29.000000
1.289,0.479000,0.457000,0.671000,-31.198000,-27.298000,44.061000,29.000000
1.297,0.660000,0.457000,0.681000,-32.565000,-20.206000,40.626000,29.050000
1.308,0.761000,0.463000,0.740000,-33.870000,-7.679000,46.466000,29.050000
1.315,0.803000,0.431000,0.750000,-29.840000,3.985000,53.565000,29.000000
1.328,0.811000,0.458000,0.733000,-31.603000,17.977000,63.336000,29.000000
1.336,0.562000,0.465000,0.678000,-38.321000,6.527000,67.115000,29.000000
1.348,0.475000,0.427000,0.630000,-40.229000,-12.305000,58.534000,29.050000
1.359,0.484000,0.485000,0.608000,-45.366000,-20.458000,50.420000,28.950000
1.366,0.596000,0.442000,0.648000,-46.985000,-29.718000,41.405000,28.910000
1.378,0.747000,0.344000,0.683000,-42.481000,-27.473000,34.588000,29.090000
1.386,0.859000,0.358000,0.724000,-38.779000,-14.542000,35.046000,29.050000
1.398,0.918000,0.336000,0.703000,-34.679000,-2.176000,41.229000,28.950000
1.404,0.881000,0.387000,0.676000,-34.603000,9.290000,51.679000,29.000000
1.417,0.711000,0.491000,0.699000,-43.336000,3.603000,59.191000,29.000000
1.431,0.604000,0.446000,0.677000,-51.908000,-16.969000,54.588000,28.950000
1.436,0.625000,0.460000,0.664000,-56.092000,-29.534000,49.718000,28.950000
1.449,0.633000,0.430000,0.613000,-63.901000,-42.221000,45.511000,28.950000
1.455,0.799000,0.324000,0.611000,-61.947000,-43.344000,42.000000,29.000000
1.468,0.925000,0.320000,0.602000,-55.237000,-28.473000,44.511000,29.000000
1.473,0.969000,0.268000,0.613000,-59.053000,-12.107000,50.893000,28.950000
1.487,0.960000,0.187000,0.520000,-47.885000,-1.214000,54.000000,28.950000
1.500,0.866000,0.238000,0.525000,-41.641000,2.260000,54.542000,29.000000
1.506,0.776000,0.239000,0.532000,-39.962000,-8.557000,50.435000,29.090000
1.519,0.698000,0.322000,0.535000,-38.198000,-23.038000,46.733000,29.000000
1.525,0.722000,0.395000,0.614000,-48.916000,-36.366000,48.282000,28.950000
1.538,0.768000,0.317000,0.596000,-58.595000,-46.557000,46.817000,28.950000
1.545,0.898000,0.247000,0.581000,-54.427000,-49.160000,47.107000,28.910000
1.557,0.948000,0.246000,0.595000,-49.160000,-38.252000,54.687000,29.000000
1.569,0.969000,0.219000,0.544000,-49.855000,-21.214000,63.351000,29.050000
1.576,0.946000,0.188000,0.570000,-41.412000,-1.687000,68.313000,28.950000
1.588,0.776000,0.179000,0.543000,-35.084000,0.672000,68.489000,29.000000
1.596,0.662000,0.183000,0.546000,-35.611000,-6.359000,61.748000,28.910000
1.608,0.547000,0.251000,0.593000,-41.237000,-26.763000,54.435000,28.950000
1.614,0.584000,0.249000,0.582000,-46.023000,-44.122000,46.069000,28.950000
1.627,0.738000,0.187000,0.640000,-46.908000,-45.267000,38.641000,29.050000
1.640,0.918000,0.169000,0.684000,-44.893000,-31.679000,39.023000,29.090000
1.646,0.961000,0.119000,0.716000,-42.351000,-19.443000,43.656000,29.000000
1.659,0.962000,0.089000,0.608000,-45.527000,-4.511000,49.634000,29.050000
1.665,0.926000,0.110000,0.655000,-43.603000,0.473000,60.595000,28.950000
1.678,0.833000,0.073000,0.619000,-36.847000,-8.733000,66.580000,28.910000
1.685,0.724000,0.171000,0.605000,-40.290000,-14.466000,67.947000,29.000000
1.698,0.619000,0.124000,0.559000,-41.802000,-31.076000,60.290000,29.000000
1.709,0.659000,0.111000,0.571000,-42.435000,-41.611000,50.031000,28.950000
1.716,0.801000,0.075000,0.595000,-40.290000,-37.153000,44.366000,28.910000
1.728,0.919000,0.120000,0.613000,-47.168000,-18.321000,51.160000,28.910000
1.737,0.918000,0.071000,0.592000,-54.420000,-2.130000,59.313000,29.000000
1.748,0.829000,0.021000,0.543000,-56.214000,2.527000,65.275000,29.050000
1.755,0.666000,-0.053000,0.480000,-47.061000,-15.351000,63.267000,29.050000
1.767,0.621000,-0.037000,0.497000,-36.382000,-33.947000,50.603000,29.000000
1.779,0.704000,-0.016000,0.553000,-29.366000,-45.473000,37.969000,29.000000
1.787,0.816000,0.004000,0.617000,-34.611000,-45.756000,31.466000,29.050000
1.799,0.991000,-0.025000,0.620000,-35.740000,-37.504000,32.672000,28.950000
1.805,1.029000,0.046000,0.631000,-44.092000,-28.183000,47.931000,29.000000
1.817,0.989000,0.037000,0.555000,-47.710000,-25.046000,63.756000,28.910000
1.831,0.954000,-0.014000,0.501000,-48.771000,-14.443000,71.947000,28.910000
1.837,0.820000,-0.041000,0.423000,-48.870000,-7.992000,75.763000,28.950000
1.849,0.700000,-0.168000,0.386000,-39.771000,-13.344000,63.718000,28.950000
1.855,0.698000,-0.080000,0.490000,-31.115000,-20.580000,50.076000,28.910000
1.867,0.734000,-0.010000,0.487000,-27.321000,-34.687000,41.122000,28.910000
1.881,0.839000,-0.070000,0.473000,-35.099000,-33.405000,37.908000,29.000000
1.887,0.948000,-0.126000,0.457000,-31.550000,-28.496000,39.947000,29.050000
1.899,0.953000,-0.103000,0.461000,-30.817000,-20.489000,47.000000,29.000000
1.905,0.943000,-0.106000,0.448000,-27.168000,-24.267000,57.382000,29.000000
1.918,0.771000,-0.049000,0.447000,-30.000000,-34.603000,67.427000,28.950000
1.923,0.645000,-0.096000,0.363000,-38.779000,-47.992000,59.702000,28.950000
1.937,0.648000,-0.141000,0.420000,-35.603000,-65.725000,44.840000,28.860000
1.949,0.836000,-0.184000,0.396000,-34.046000,-62.275000,33.076000,29.000000
1.956,1.011000,-0.184000,0.426000,-35.481000,-40.672000,29.855000,29.000000
1.968,1.112000,-0.193000,0.426000,-34.130000,-9.405000,35.397000,28.950000
1.975,1.030000,-0.128000,0.438000,-36.634000,7.908000,53.458000,28.950000
1.988,0.908000,-0.160000,0.385000,-37.924000,12.061000,69.336000,28.910000
2.000,0.733000,-0.169000,0.344000,-38.550000,7.573000,81.366000,29.000000
2.006,0.515000,-0.240000,0.247000,-37.061000,-3.595000,77.870000,28.950000
2.019,0.468000,-0.270000,0.251000,-26.450000,-15.557000,55.397000,29.050000
2.025,0.512000,-0.209000,0.305000,-20.489000,-24.863000,37.679000,28.950000
2.038,0.600000,-0.210000,0.352000,-20.489000,-27.489000,21.214000,29.000000
2.050,0.811000,-0.222000,0.450000,-22.412000,-15.580000,13.496000,28.910000
2.057,0.868000,-0.190000,0.450000,-34.450000,3.046000,21.336000,29.000000
2.069,0.843000,-0.196000,0.351000,-46.824000,15.672000,33.733000,28.860000
2.076,0.783000,-0.270000,0.231000,-46.511000,19.198000,42.969000,29.000000
2.088,0.633000,-0.396000,0.097000,-37.573000,5.405000,48.214000,29.000000
2.096,0.494000,-0.429000,0.048000,-28.847000,-13.130000,44.389000,28.910000
2.107,0.448000,-0.497000,0.090000,-15.336000,-38.916000,28.588000,29.050000
2.119,0.595000,-0.356000,0.250000,-0.382000,-59.137000,14.176000,28.950000
2.126,0.786000,-0.281000,0.405000,-3.412000,-50.954000,5.534000,28.910000
2.139,0.888000,-0.286000,0.484000,-16.145000,-32.481000,10.473000,28.910000
2.146,0.921000,-0.272000,0.479000,-33.893000,-8.107000,25.656000,29.050000
2.158,0.775000,-0.243000,0.355000,-51.466000,5.176000,49.832000,28.950000
2.165,0.615000,-0.343000,0.195000,-61.786000,3.931000,65.305000,29.000000
2.177,0.456000,-0.384000,0.078000,-56.405000,-0.519000,64.908000,29.000000
2.190,0.346000,-0.442000,-0.004000,-42.496000,-12.771000,46.511000,29.000000
2.198,0.392000,-0.419000,0.036000,-16.244000,-18.336000,15.992000,29.050000
2.208,0.480000,-0.391000,0.129000,-11.099000,-16.649000,-1.534000,28.950000
2.215,0.603000,-0.385000,0.122000,-7.198000,-5.618000,-5.168000,29.000000
2.228,0.655000,-0.415000,0.129000,-10.374000,2.290000,-1.641000,29.000000
2.235,0.600000,-0.495000,0.065000,-7.855000,2.672000,4.023000,28.910000
2.248,0.569000,-0.544000,0.068000,3.069000,-8.832000,9.992000,28.950000
2.260,0.573000,-0.440000,0.151000,9.351000,-13.664000,17.527000,28.910000
2.267,0.573000,-0.442000,0.224000,9.336000,-6.557000,15.137000,29.000000
2.281,0.541000,-0.438000,0.265000,10.244000,-3.191000,16.519000,29.000000
2.286,0.486000,-0.349000,0.277000,2.573000,5.794000,17.939000,28.950000
2.299,0.456000,-0.412000,0.284000,-2.855000,11.626000,14.496000,29.050000
2.305,0.392000,-0.397000,0.253000,-4.176000,16.718000,12.267000,29.090000
2.318,0.380000,-0.407000,0.229000,-8.901000,23.015000,3.435000,29.090000
2.325,0.376000,-0.461000,0.186000,-6.267000,24.656000,-5.130000,28.860000
2.338,0.346000,-0.407000,0.134000,-6.534000,24.168000,-10.191000,28.950000
2.349,0.385000,-0.469000,0.089000,-3.374000,13.710000,-16.069000,29.000000
2.356,0.459000,-0.464000,0.110000,3.969000,4.344000,-15.588000,29.000000
2.369,0.491000,-0.328000,0.135000,3.473000,7.328000,-11.275000,29.000000
2.376,0.501000,-0.355000,0.137000,0.260000,12.382000,-12.550000,29.050000
2.389,0.464000,-0.380000,0.123000,0.130000,19.344000,-17.061000,29.050000
2.396,0.412000,-0.473000,0.095000,5.794000,13.878000,-29.863000,29.000000
2.408,0.506000,-0.525000,0.142000,20.015000,6.031000,-45.649000,29.000000
2.415,0.648000,-0.485000,0.253000,32.496000,3.427000,-52.962000,29.000000
2.427,0.768000,-0.412000,0.374000,30.328000,7.947000,-46.664000,29.050000
2.439,0.886000,-0.358000,0.490000,23.885000,20.664000,-30.809000,29.050000
2.446,0.672000,-0.243000,0.398000,9.382000,34.611000,-13.519000,29.000000
2.458,0.555000,-0.293000,0.289000,-6.405000,34.450000,-8.038000,29.000000
2.465,0.529000,-0.390000,0.209000,-4.511000,38.786000,-16.000000,29.050000
2.478,0.434000,-0.397000,0.124000,9.260000,33.351000,-28.779000,29.050000
2.485,0.469000,-0.376000,0.148000,20.282000,35.863000,-42.611000,29.000000
2.498,0.534000,-0.389000,0.232000,30.840000,36.458000,-52.008000,29.000000
2.509,0.590000,-0.226000,0.321000,29.427000,47.466000,-53.473000,28.950000
2.516,0.661000,-0.230000,0.338000,18.542000,58.122000,-51.649000,28.950000
2.528,0.689000,-0.263000,0.292000,12.779000,73.656000,-48.931000,28.950000
2.536,0.541000,-0.334000,0.163000,12.527000,67.229000,-49.328000,29.000000
2.548,0.522000,-0.370000,0.147000,28.611000,45.641000,-58.626000,28.910000
2.560,0.591000,-0.340000,0.248000,46.420000,34.893000,-65.702000,28.950000
2.567,0.688000,-0.288000,0.419000,56.191000,30.176000,-69.939000,29.050000
2.579,0.718000,-0.201000,0.525000,54.046000,28.351000,-67.687000,28.910000
2.586,0.773000,-0.156000,0.637000,41.855000,38.183000,-57.901000,29.000000
2.598,0.749000,-0.046000,0.643000,16.947000,37.626000,-41.695000,29.000000
2.605,0.664000,-0.118000,0.515000,-5.466000,37.221000,-28.878000,28.950000
2.617,0.595000,-0.220000,0.305000,-16.687000,41.313000,-26.214000,28.950000
2.631,0.520000,-0.322000,0.103000,-3.267000,29.817000,-44.015000,29.000000
2.637,0.591000,-0.344000,0.091000,21.725000,27.290000,-71.252000,29.000000
2.649,0.769000,-0.243000,0.196000,48.771000,29.290000,-89.519000,29.050000
2.655,0.963000,-0.206000,0.366000,63.466000,38.176000,-93.863000,29.050000
2.668,1.013000,-0.187000,0.560000,67.802000,47.519000,-79.962000,29.000000
2.675,0.966000,0.016000,0.755000,62.817000,47.557000,-54.076000,28.910000
2.688,0.819000,0.202000,0.793000,33.985000,44.962000,-36.664000,28.910000
2.700,0.718000,0.028000,0.625000,6.832000,31.756000,-30.137000,28.950000
2.706,0.699000,-0.146000,0.449000,5.191000,28.229000,-41.603000,28.950000
2.719,0.728000,-0.206000,0.318000,17.802000,31.198000,-60.939000,28.910000
2.726,0.832000,-0.197000,0.338000,37.542000,31.366000,-74.198000,29.000000
2.738,0.917000,-0.130000,0.458000,49.832000,28.573000,-74.687000,28.950000
2.745,0.945000,-0.069000,0.599000,55.824000,30.977000,-58.695000,28.950000
2.757,0.931000,0.148000,0.775000,44.137000,40.763000,-38.466000,28.910000
2.770,0.905000,0.161000,0.757000,18.023000,53.176000,-29.840000,29.000000
2.777,0.838000,0.001000,0.618000,8.198000,61.282000,-25.282000,28.810000
2.790,0.654000,-0.112000,0.428000,15.954000,45.824000,-27.718000,28.910000
2.797,0.587000,-0.156000,0.339000,34.695000,20.565000,-44.198000,28.950000
2.808,0.668000,-0.133000,0.407000,54.977000,3.771000,-61.832000,28.910000
2.815,0.756000,-0.068000,0.551000,70.656000,-7.733000,-70.374000,29.000000
2.827,0.834000,0.151000,0.756000,68.763000,-2.748000,-65.763000,28.950000
2.840,0.886000,0.316000,0.883000,42.489000,9.397000,-56.985000,29.050000
2.847,0.951000,0.179000,0.857000,21.573000,22.809000,-50.809000,29.000000
2.859,0.920000,0.077000,0.656000,17.962000,34.099000,-44.275000,28.910000
2.866,0.888000,0.010000,0.520000,22.099000,37.954000,-37.397000,28.910000
2.880,0.847000,-0.011000,0.468000,35.542000,33.573000,-37.672000,28.950000
2.885,0.824000,-0.034000,0.505000,46.916000,27.344000,-39.298000,29.050000
2.898,0.749000,-0.029000,0.576000,62.000000,15.916000,-33.992000,29.000000
2.904,0.623000,0.247000,0.756000,60.000000,7.588000,-26.695000,28.910000
2.917,0.616000,0.309000,0.867000,46.534000,6.092000,-35.450000,28.950000
2.930,0.670000,0.271000,0.834000,32.015000,16.336000,-45.206000,28.950000
2.937,0.678000,0.204000,0.729000,24.168000,21.412000,-51.756000,28.910000
2.949,0.771000,0.186000,0.659000,18.130000,25.191000,-54.939000,28.910000
2.956,0.815000,0.151000,0.602000,20.580000,25.008000,-50.779000,28.910000
2.968,0.787000,0.102000,0.534000,27.244000,17.641000,-43.756000,29.050000
2.975,0.716000,0.168000,0.573000,34.534000,13.298000,-34.634000,28.950000
2.988,0.646000,0.310000,0.727000,27.489000,3.519000,-30.427000,28.910000
2.993,0.707000,0.212000,0.710000,21.443000,1.542000,-37.664000,28.910000
3.008,0.721000,0.309000,0.750000,12.237000,12.924000,-40.412000,28.950000
3.019,0.777000,0.233000,0.660000,9.427000,15.718000,-45.473000,28.950000
3.026,0.807000,0.132000,0.635000,10.947000,17.115000,-48.977000,29.090000
3.039,0.897000,0.150000,0.606000,17.038000,14.489000,-44.672000,28.910000
3.046,0.909000,0.143000,0.576000,25.130000,9.672000,-33.901000,29.090000
3.058,0.827000,0.145000,0.592000,36.046000,3.794000,-20.458000,28.950000
3.065,0.723000,0.256000,0.633000,39.244000,1.031000,-17.718000,28.950000
3.078,0.657000,0.294000,0.662000,40.656000,-0.847000,-28.641000,29.000000
3.086,0.623000,0.299000,0.681000,39.588000,3.267000,-40.939000,28.910000
3.098,0.709000,0.339000,0.703000,36.053000,6.756000,-53.916000,28.950000
3.109,0.801000,0.255000,0.730000,29.687000,12.710000,-62.183000,28.950000
3.116,0.936000,0.185000,0.690000,33.420000,15.679000,-62.107000,29.000000
3.130,0.941000,0.195000,0.687000,39.282000,8.595000,-53.603000,29.000000
3.137,0.948000,0.186000,0.673000,44.954000,5.000000,-43.679000,28.910000
3.148,0.905000,0.230000,0.708000,49.153000,0.397000,-33.939000,28.950000
3.155,0.826000,0.272000,0.745000,48.122000,-0.802000,-28.252000,29.050000
3.168,0.731000,0.382000,0.832000,45.031000,-1.137000,-27.878000,28.910000
3.175,0.687000,0.427000,0.864000,31.359000,-2.672000,-37.641000,28.910000
3.188,0.687000,0.379000,0.852000,24.557000,-6.916000,-51.260000,28.950000
3.199,0.757000,0.292000,0.791000,22.420000,-10.908000,-62.519000,28.950000
3.206,0.857000,0.264000,0.750000,19.863000,-10.748000,-64.214000,28.910000
3.218,0.912000,0.232000,0.691000,21.618000,-11.618000,-57.817000,29.090000
3.225,0.923000,0.227000,0.717000,24.641000,-8.061000,-44.687000,29.000000
3.239,0.882000,0.276000,0.706000,27.786000,-5.237000,-28.573000,28.950000
3.245,0.886000,0.254000,0.759000,22.649000,1.511000,-28.565000,28.950000
3.257,0.774000,0.313000,0.779000,20.985000,1.084000,-26.206000,29.090000
3.270,0.648000,0.386000,0.732000,19.618000,-10.626000,-27.840000,29.000000
3.276,0.637000,0.388000,0.711000,15.763000,-20.214000,-35.031000,29.050000
3.289,0.703000,0.407000,0.716000,13.573000,-17.122000,-39.321000,29.050000
3.296,0.738000,0.405000,0.708000,9.496000,-9.718000,-39.244000,29.000000
3.308,0.735000,0.350000,0.687000,16.130000,-4.718000,-36.366000,28.910000
3.315,0.705000,0.411000,0.730000,15.740000,-4.870000,-32.687000,29.000000
3.327,0.675000,0.387000,0.742000,15.969000,-4.626000,-36.412000,29.000000
3.341,0.672000,0.370000,0.729000,13.084000,1.076000,-39.397000,28.950000
3.349,0.638000,0.437000,0.739000,11.420000,3.130000,-41.038000,29.090000
3.359,0.626000,0.454000,0.739000,6.435000,2.748000,-45.733000,29.000000
3.366,0.705000,0.448000,0.760000,0.855000,4.435000,-49.985000,29.050000
3.380,0.739000,0.466000,0.779000,-1.748000,-1.519000,-47.084000,29.050000
3.386,0.763000,0.423000,0.729000,-8.076000,-4.092000,-38.626000,29.050000
3.398,0.777000,0.336000,0.657000,-6.160000,-3.977000,-27.282000,29.090000
3.405,0.770000,0.332000,0.607000,5.183000,-0.076000,-18.885000,29.000000
3.418,0.747000,0.342000,0.580000,13.298000,11.237000,-17.527000,28.950000
3.425,0.634000,0.393000,0.587000,15.595000,18.840000,-19.023000,28.950000
3.438,0.564000,0.474000,0.605000,15.992000,18.969000,-27.504000,29.000000
3.450,0.522000,0.476000,0.644000,11.542000,12.130000,-37.931000,29.000000
3.456,0.512000,0.467000,0.632000,6.366000,2.885000,-47.015000,29.000000
3.469,0.564000,0.488000,0.633000,1.137000,-2.359000,-53.573000,29.050000
3.476,0.606000,0.440000,0.635000,0.153000,-8.809000,-56.130000,29.050000
3.489,0.655000,0.434000,0.621000,2.008000,-13.962000,-55.885000,29.000000
3.495,0.688000,0.539000,0.687000,-4.069000,-14.733000,-56.389000,29.000000
3.507,0.749000,0.507000,0.684000,-8.489000,-19.954000,-56.702000,29.000000
3.520,0.760000,0.441000,0.643000,-9.641000,-21.206000,-52.382000,28.950000
3.527,0.784000,0.387000,0.563000,-4.504000,-22.740000,-47.519000,28.910000
3.539,0.801000,0.389000,0.512000,-0.183000,-20.336000,-43.779000,29.090000
3.546,0.778000,0.397000,0.505000,3.443000,-13.672000,-41.229000,29.000000
3.558,0.728000,0.403000,0.493000,4.992000,-9.321000,-39.832000,29.050000
3.566,0.667000,0.425000,0.503000,9.519000,-8.496000,-39.267000,28.950000
3.578,0.661000,0.457000,0.524000,18.855000,-9.878000,-43.336000,28.910000
3.585,0.643000,0.504000,0.595000,24.099000,-17.969000,-41.908000,29.000000
3.598,0.566000,0.567000,0.575000,23.458000,-22.817000,-45.046000,28.950000
3.609,0.539000,0.574000,0.615000,20.115000,-26.893000,-47.672000,29.050000
3.616,0.547000,0.614000,0.644000,16.588000,-31.603000,-52.802000,28.950000
3.628,0.576000,0.592000,0.666000,11.733000,-33.145000,-54.832000,29.000000
3.636,0.607000,0.563000,0.635000,5.985000,-30.183000,-55.427000,29.000000
3.648,0.647000,0.534000,0.590000,3.542000,-26.504000,-53.763000,28.950000
3.655,0.659000,0.558000,0.620000,1.359000,-22.695000,-45.725000,29.050000
3.667,0.628000,0.552000,0.541000,-3.977000,-14.038000,-38.366000,29.000000
3.680,0.585000,0.569000,0.523000,-2.611000,-13.168000,-34.672000,29.000000
3.686,0.548000,0.649000,0.542000,0.229000,-10.855000,-35.351000,29.000000
3.699,0.528000,0.684000,0.538000,0.160000,-10.603000,-40.962000,28.860000
3.705,0.557000,0.650000,0.572000,9.374000,-7.939000,-51.420000,28.950000
3.718,0.566000,0.654000,0.545000,4.000000,-8.382000,-59.221000,29.000000
3.725,0.575000,0.615000,0.543000,9.794000,-16.847000,-64.206000,29.000000
3.738,0.597000,0.567000,0.518000,7.893000,-24.916000,-67.809000,29.050000
3.750,0.621000,0.593000,0.512000,12.763000,-37.786000,-67.313000,29.050000
3.756,0.650000,0.619000,0.503000,8.160000,-42.962000,-63.542000,29.000000
3.769,0.732000,0.567000,0.509000,10.282000,-43.740000,-57.603000,29.090000
3.776,0.758000,0.603000,0.537000,11.985000,-38.237000,-53.618000,29.050000
3.788,0.768000,0.641000,0.567000,5.267000,-22.565000,-47.053000,29.050000
3.795,0.739000,0.589000,0.547000,6.275000,-15.840000,-44.023000,28.950000
3.807,0.686000,0.594000,0.523000,13.107000,-21.069000,-43.817000,28.910000
3.820,0.638000,0.571000,0.545000,21.130000,-23.168000,-43.947000,29.000000
3.826,0.627000,0.621000,0.553000,15.870000,-20.947000,-42.496000,28.950000
3.839,0.625000,0.672000,0.597000,11.931000,-21.695000,-39.687000,28.950000
3.846,0.706000,0.638000,0.598000,4.763000,-11.901000,-38.420000,29.000000
3.858,0.684000,0.624000,0.575000,-2.542000,-11.176000,-34.092000,29.090000
3.865,0.709000,0.622000,0.540000,-2.260000,-9.786000,-27.153000,29.000000
3.877,0.664000,0.585000,0.480000,-3.580000,-12.718000,-20.351000,28.950000
3.890,0.648000,0.592000,0.463000,0.267000,-9.931000,-15.267000,28.950000
3.897,0.584000,0.603000,0.477000,8.252000,-9.962000,-11.870000,29.000000
3.909,0.624000,0.640000,0.535000,13.084000,3.641000,-12.534000,29.000000
3.916,0.644000,0.683000,0.624000,11.786000,19.931000,-14.763000,28.950000
3.929,0.588000,0.690000,0.606000,5.061000,25.794000,-14.962000,28.950000
3.936,0.529000,0.675000,0.559000,-0.580000,23.221000,-17.450000,29.000000
3.948,0.530000,0.688000,0.538000,-8.435000,14.603000,-21.321000,29.000000
3.955,0.531000,0.662000,0.499000,-11.748000,2.985000,-24.099000,29.140000
3.966,0.541000,0.578000,0.476000,3.466000,-11.038000,-23.191000,29.050000
3.988,0.541000,0.578000,0.476000,3.466000,-11.038000,-23.191000,112.080000
4.016,0.541000,0.578000,0.476000,3.466000,-11.038000,-23.191000,112.080000
4.038,0.541000,0.578000,0.476000,3.466000,-11.038000,-23.191000,112.080000
4.060,0.541000,0.578000,0.476000,3.466000,-11.038000,-23.191000,112.080000
4.088,0.541000,0.578000,0.476000,3.466000,-11.038000,-23.191000,112.080000
4.110,0.541000,0.578000,0.476000,3.466000,-11.038000,-23.191000,112.080000
4.133,0.541000,0.578000,0.476000,3.466000,-11.038000,-23.191000,112.080000
4.160,0.541000,0.578000,0.476000,3.466000,-11.038000,-23.191000,112.080000
4.183,0.541000,0.578000,0.476000,3.466000,-11.038000,-23.191000,112.080000
4.205,0.541000,0.578000,0.476000,3.466000,-11.038000,-23.191000,112.080000
4.233,0.541000,0.578000,0.476000,3.466000,-11.038000,-23.191000,112.080000
4.255,0.541000,0.578000,0.476000,3.466000,-11.038000,-23.191000,112.080000
4.277,0.541000,0.578000,0.476000,3.466000,-11.038000,-23.191000,112.080000
4.305,0.541000,0.578000,0.476000,3.466000,-11.038000,-23.191000,112.080000
4.327,0.541000,0.578000,0.476000,3.466000,-11.038000,-23.191000,112.080000
4.350,0.541000,0.578000,0.476000,3.466000,-11.038000,-23.191000,112.080000
4.377,0.541000,0.578000,0.476000,3.466000,-11.038000,-23.191000,112.080000
4.401,0.541000,0.578000,0.476000,3.466000,-11.038000,-23.191000,112.080000
4.434,0.541000,0.578000,0.476000,3.466000,-11.038000,-23.191000,112.080000
time_sec,ax,ay,az,gx,gy,gz,temp_c
0.014,0.000000,0.000000,0.000000,0.000000,0.000000,0.000000,36.530000
0.015,0.000000,0.000000,0.000000,0.000000,0.000000,0.000000,36.530000
0.021,0.000000,0.000000,0.000000,0.000000,0.000000,0.000000,36.530000
0.032,0.000000,0.000000,0.000000,0.000000,0.000000,0.000000,36.530000
0.037,0.000000,0.000000,0.000000,0.000000,0.000000,0.000000,36.530000
0.048,0.000000,0.000000,0.000000,0.000000,0.000000,0.000000,36.530000
0.054,0.000000,0.000000,0.000000,0.000000,0.000000,0.000000,36.530000
0.065,0.000000,0.000000,0.000000,0.000000,0.000000,0.000000,36.530000
0.070,0.000000,0.000000,0.000000,0.000000,0.000000,0.000000,36.530000
0.084,0.000000,0.000000,0.000000,0.000000,0.000000,0.000000,36.530000
0.088,0.000000,0.000000,0.000000,0.000000,0.000000,0.000000,36.530000
0.099,0.000000,0.000000,0.000000,0.000000,0.000000,0.000000,36.530000
0.105,0.000000,0.000000,0.000000,0.000000,0.000000,0.000000,36.530000
0.115,0.000000,0.000000,0.000000,0.000000,0.000000,0.000000,36.530000
0.120,0.000000,0.000000,0.000000,0.000000,0.000000,0.000000,36.530000
0.132,0.000000,0.000000,0.000000,0.000000,0.000000,0.000000,36.530000
0.137,0.000000,0.000000,0.000000,0.000000,0.000000,0.000000,36.530000
0.148,0.000000,0.000000,0.000000,0.000000,0.000000,0.000000,36.530000
0.154,0.000000,0.000000,0.000000,0.000000,0.000000,0.000000,36.530000
0.165,0.000000,0.000000,0.000000,0.000000,0.000000,0.000000,36.530000
0.171,0.000000,0.000000,0.000000,0.000000,0.000000,0.000000,36.530000
0.182,0.000000,0.000000,0.000000,0.000000,0.000000,0.000000,36.530000
0.187,0.000000,0.000000,0.000000,0.000000,0.000000,0.000000,36.530000
0.198,0.000000,0.000000,0.000000,0.000000,0.000000,0.000000,36.530000
0.204,0.000000,0.000000,0.000000,0.000000,0.000000,0.000000,36.530000
0.215,0.000000,0.000000,0.000000,0.000000,0.000000,0.000000,36.530000
0.221,0.000000,0.000000,0.000000,0.000000,0.000000,0.000000,36.530000
0.232,0.000000,0.000000,0.000000,0.000000,0.000000,0.000000,36.530000
0.239,0.000000,0.000000,0.000000,0.000000,0.000000,0.000000,36.530000
0.248,0.000000,0.000000,0.000000,0.000000,0.000000,0.000000,36.530000
0.254,0.000000,0.000000,0.000000,0.000000,0.000000,0.000000,36.530000
0.265,0.000000,0.000000,0.000000,0.000000,0.000000,0.000000,36.530000
0.272,0.000000,0.000000,0.000000,0.000000,0.000000,0.000000,36.530000
0.282,0.000000,0.000000,0.000000,0.000000,0.000000,0.000000,36.530000
0.288,0.000000,0.000000,0.000000,0.000000,0.000000,0.000000,36.530000
0.298,0.000000,0.000000,0.000000,0.000000,0.000000,0.000000,36.530000
0.304,0.000000,0.000000,0.000000,0.000000,0.000000,0.000000,36.530000
0.315,0.000000,0.000000,0.000000,0.000000,0.000000,0.000000,36.530000
0.322,0.000000,0.000000,0.000000,0.000000,0.000000,0.000000,36.530000
0.332,0.000000,0.000000,0.000000,0.000000,0.000000,0.000000,36.530000
0.338,0.000000,0.000000,0.000000,0.000000,0.000000,0.000000,36.530000
0.349,0.000000,0.000000,0.000000,0.000000,0.000000,0.000000,36.530000
0.354,0.000000,0.000000,0.000000,0.000000,0.000000,0.000000,36.530000
0.365,0.000000,0.000000,0.000000,0.000000,0.000000,0.000000,36.530000
0.372,0.000000,0.000000,0.000000,0.000000,0.000000,0.000000,36.530000
0.382,0.000000,0.000000,0.000000,0.000000,0.000000,0.000000,36.530000
0.388,0.000000,0.000000,0.000000,0.000000,0.000000,0.000000,36.530000
0.398,0.000000,0.000000,0.000000,0.000000,0.000000,0.000000,36.530000
0.404,0.000000,0.000000,0.000000,0.000000,0.000000,0.000000,36.530000
0.415,0.000000,0.000000,0.000000,0.000000,0.000000,0.000000,36.530000
0.422,0.000000,0.000000,0.000000,0.000000,0.000000,0.000000,36.530000
0.432,0.000000,0.000000,0.000000,0.000000,0.000000,0.000000,36.530000
0.439,0.000000,0.000000,0.000000,0.000000,0.000000,0.000000,36.530000
0.449,0.000000,0.000000,0.000000,0.000000,0.000000,0.000000,36.530000
0.454,0.000000,0.000000,0.000000,0.000000,0.000000,0.000000,36.530000
0.465,0.000000,0.000000,0.000000,0.000000,0.000000,0.000000,36.530000
0.472,0.000000,0.000000,0.000000,0.000000,0.000000,0.000000,36.530000
0.482,0.000000,0.000000,0.000000,0.000000,0.000000,0.000000,36.530000
0.488,0.000000,0.000000,0.000000,0.000000,0.000000,0.000000,36.530000
0.498,0.000000,0.000000,0.000000,0.000000,0.000000,0.000000,36.530000
0.504,0.000000,0.000000,0.000000,0.000000,0.000000,0.000000,36.530000
0.515,0.000000,0.000000,0.000000,0.000000,0.000000,0.000000,36.530000
0.522,0.000000,0.000000,0.000000,0.000000,0.000000,0.000000,36.530000
0.532,0.000000,0.000000,0.000000,0.000000,0.000000,0.000000,36.530000
0.538,0.000000,0.000000,0.000000,0.000000,0.000000,0.000000,36.530000
0.548,0.000000,0.000000,0.000000,0.000000,0.000000,0.000000,36.530000
0.554,0.000000,0.000000,0.000000,0.000000,0.000000,0.000000,36.530000
0.565,0.000000,0.000000,0.000000,0.000000,0.000000,0.000000,36.530000
0.572,0.000000,0.000000,0.000000,0.000000,0.000000,0.000000,36.530000
0.582,0.000000,0.000000,0.000000,0.000000,0.000000,0.000000,36.530000
0.589,0.000000,0.000000,0.000000,0.000000,0.000000,0.000000,36.530000
0.598,0.000000,0.000000,0.000000,0.000000,0.000000,0.000000,36.530000
0.604,0.000000,0.000000,0.000000,0.000000,0.000000,0.000000,36.530000
0.615,0.000000,0.000000,0.000000,0.000000,0.000000,0.000000,36.530000
0.622,0.000000,0.000000,0.000000,0.000000,0.000000,0.000000,36.530000
0.632,0.000000,0.000000,0.000000,0.000000,0.000000,0.000000,36.530000
0.639,0.000000,0.000000,0.000000,0.000000,0.000000,0.000000,36.530000
0.648,0.000000,0.000000,0.000000,0.000000,0.000000,0.000000,36.530000
0.654,0.000000,0.000000,0.000000,0.000000,0.000000,0.000000,36.530000
0.665,0.000000,0.000000,0.000000,0.000000,0.000000,0.000000,36.530000
0.672,0.000000,0.000000,0.000000,0.000000,0.000000,0.000000,36.530000
0.682,0.000000,0.000000,0.000000,0.000000,0.000000,0.000000,36.530000
0.688,0.000000,0.000000,0.000000,0.000000,0.000000,0.000000,36.530000
0.698,0.000000,0.000000,0.000000,0.000000,0.000000,0.000000,36.530000
0.704,0.000000,0.000000,0.000000,0.000000,0.000000,0.000000,36.530000
0.715,0.000000,0.000000,0.000000,0.000000,0.000000,0.000000,36.530000
0.723,0.000000,0.000000,0.000000,0.000000,0.000000,0.000000,36.530000
0.732,0.000000,0.000000,0.000000,0.000000,0.000000,0.000000,36.530000
0.738,0.000000,0.000000,0.000000,0.000000,0.000000,0.000000,36.530000
0.748,0.000000,0.000000,0.000000,0.000000,0.000000,0.000000,36.530000
0.754,0.000000,0.000000,0.000000,0.000000,0.000000,0.000000,36.530000
0.765,0.000000,0.000000,0.000000,0.000000,0.000000,0.000000,36.530000
0.772,0.000000,0.000000,0.000000,0.000000,0.000000,0.000000,36.530000
0.782,0.000000,0.000000,0.000000,0.000000,0.000000,0.000000,36.530000
0.788,0.000000,0.000000,0.000000,0.000000,0.000000,0.000000,36.530000
0.798,0.000000,0.000000,0.000000,0.000000,0.000000,0.000000,36.530000
0.804,0.000000,0.000000,0.000000,0.000000,0.000000,0.000000,36.530000
0.815,0.000000,0.000000,0.000000,0.000000,0.000000,0.000000,36.530000
0.822,0.000000,0.000000,0.000000,0.000000,0.000000,0.000000,36.530000
0.832,0.000000,0.000000,0.000000,0.000000,0.000000,0.000000,36.530000
0.838,0.000000,0.000000,0.000000,0.000000,0.000000,0.000000,36.530000
0.848,0.000000,0.000000,0.000000,0.000000,0.000000,0.000000,36.530000
0.854,0.000000,0.000000,0.000000,0.000000,0.000000,0.000000,36.530000
0.865,0.000000,0.000000,0.000000,0.000000,0.000000,0.000000,36.530000
0.872,0.000000,0.000000,0.000000,0.000000,0.000000,0.000000,36.530000
0.882,0.000000,0.000000,0.000000,0.000000,0.000000,0.000000,36.530000
0.888,0.000000,0.000000,0.000000,0.000000,0.000000,0.000000,36.530000
0.899,0.000000,0.000000,0.000000,0.000000,0.000000,0.000000,36.530000
0.904,0.000000,0.000000,0.000000,0.000000,0.000000,0.000000,36.530000
0.915,0.000000,0.000000,0.000000,0.000000,0.000000,0.000000,36.530000
0.922,0.000000,0.000000,0.000000,0.000000,0.000000,0.000000,36.530000
0.932,0.000000,0.000000,0.000000,0.000000,0.000000,0.000000,36.530000
0.939,0.000000,0.000000,0.000000,0.000000,0.000000,0.000000,36.530000
0.948,0.000000,0.000000,0.000000,0.000000,0.000000,0.000000,36.530000
0.954,0.000000,0.000000,0.000000,0.000000,0.000000,0.000000,36.530000
0.965,0.000000,0.000000,0.000000,0.000000,0.000000,0.000000,36.530000
0.972,0.000000,0.000000,0.000000,0.000000,0.000000,0.000000,36.530000
0.982,0.000000,0.000000,0.000000,0.000000,0.000000,0.000000,36.530000
0.988,0.000000,0.000000,0.000000,0.000000,0.000000,0.000000,36.530000
0.998,0.000000,0.000000,0.000000,0.000000,0.000000,0.000000,36.530000
1.004,0.000000,0.000000,0.000000,0.000000,0.000000,0.000000,36.530000
1.015,0.000000,0.000000,0.000000,0.000000,0.000000,0.000000,36.530000
1.022,0.000000,0.000000,0.000000,0.000000,0.000000,0.000000,36.530000
1.032,0.000000,0.000000,0.000000,0.000000,0.000000,0.000000,36.530000
1.038,0.000000,0.000000,0.000000,0.000000,0.000000,0.000000,36.530000
1.048,0.000000,0.000000,0.000000,0.000000,0.000000,0.000000,36.530000
1.054,0.000000,0.000000,0.000000,0.000000,0.000000,0.000000,36.530000
1.065,0.000000,0.000000,0.000000,0.000000,0.000000,0.000000,36.530000
1.071,0.000000,0.000000,0.000000,0.000000,0.000000,0.000000,36.530000
1.082,0.000000,0.000000,0.000000,0.000000,0.000000,0.000000,36.530000
1.088,0.000000,0.000000,0.000000,0.000000,0.000000,0.000000,36.530000
1.098,0.000000,0.000000,0.000000,0.000000,0.000000,0.000000,36.530000
1.104,0.000000,0.000000,0.000000,0.000000,0.000000,0.000000,36.530000
1.115,0.000000,0.000000,0.000000,0.000000,0.000000,0.000000,36.530000
1.122,0.000000,0.000000,0.000000,0.000000,0.000000,0.000000,36.530000
1.132,0.000000,0.000000,0.000000,0.000000,0.000000,0.000000,36.530000
1.139,0.000000,0.000000,0.000000,0.000000,0.000000,0.000000,36.530000
1.148,0.000000,0.000000,0.000000,0.000000,0.000000,0.000000,36.530000
1.154,0.000000,0.000000,0.000000,0.000000,0.000000,0.000000,36.530000
1.165,0.000000,0.000000,0.000000,0.000000,0.000000,0.000000,36.530000
1.171,0.000000,0.000000,0.000000,0.000000,0.000000,0.000000,36.530000
1.182,0.000000,0.000000,0.000000,0.000000,0.000000,0.000000,36.530000
1.189,0.000000,0.000000,0.000000,0.000000,0.000000,0.000000,36.530000
1.199,0.000000,0.000000,0.000000,0.000000,0.000000,0.000000,36.530000
1.204,0.000000,0.000000,0.000000,0.000000,0.000000,0.000000,36.530000
1.215,0.000000,0.000000,0.000000,0.000000,0.000000,0.000000,36.530000
1.222,0.000000,0.000000,0.000000,0.000000,0.000000,0.000000,36.530000
1.232,0.000000,0.000000,0.000000,0.000000,0.000000,0.000000,36.530000
1.237,0.000000,0.000000,0.000000,0.000000,0.000000,0.000000,36.530000
1.248,0.000000,0.000000,0.000000,0.000000,0.000000,0.000000,36.530000
1.254,0.000000,0.000000,0.000000,0.000000,0.000000,0.000000,36.530000
1.265,0.000000,0.000000,0.000000,0.000000,0.000000,0.000000,36.530000
1.271,0.000000,0.000000,0.000000,0.000000,0.000000,0.000000,36.530000
1.282,0.000000,0.000000,0.000000,0.000000,0.000000,0.000000,36.530000
1.288,0.000000,0.000000,0.000000,0.000000,0.000000,0.000000,36.530000
1.298,0.000000,0.000000,0.000000,0.000000,0.000000,0.000000,36.530000
1.304,0.000000,0.000000,0.000000,0.000000,0.000000,0.000000,36.530000
1.315,0.000000,0.000000,0.000000,0.000000,0.000000,0.000000,36.530000
1.321,0.000000,0.000000,0.000000,0.000000,0.000000,0.000000,36.530000
1.332,0.000000,0.000000,0.000000,0.000000,0.000000,0.000000,36.530000
1.338,0.000000,0.000000,0.000000,0.000000,0.000000,0.000000,36.530000
1.348,0.000000,0.000000,0.000000,0.000000,0.000000,0.000000,36.530000
1.354,0.000000,0.000000,0.000000,0.000000,0.000000,0.000000,36.530000
1.365,0.000000,0.000000,0.000000,0.000000,0.000000,0.000000,36.530000
1.372,0.000000,0.000000,0.000000,0.000000,0.000000,0.000000,36.530000
1.382,0.000000,0.000000,0.000000,0.000000,0.000000,0.000000,36.530000
1.389,0.000000,0.000000,0.000000,0.000000,0.000000,0.000000,36.530000
1.398,0.000000,0.000000,0.000000,0.000000,0.000000,0.000000,36.530000
1.404,0.000000,0.000000,0.000000,0.000000,0.000000,0.000000,36.530000
1.415,0.000000,0.000000,0.000000,0.000000,0.000000,0.000000,36.530000
1.427,0.000000,0.000000,0.000000,0.000000,0.000000,0.000000,36.530000
1.434,0.000000,0.000000,0.000000,0.000000,0.000000,0.000000,36.530000
1.438,0.000000,0.000000,0.000000,0.000000,0.000000,0.000000,36.530000
1.448,0.000000,0.000000,0.000000,0.000000,0.000000,0.000000,36.530000
1.454,0.000000,0.000000,0.000000,0.000000,0.000000,0.000000,36.530000
1.465,0.000000,0.000000,0.000000,0.000000,0.000000,0.000000,36.530000
1.471,0.000000,0.000000,0.000000,0.000000,0.000000,0.000000,36.530000
1.482,0.000000,0.000000,0.000000,0.000000,0.000000,0.000000,36.530000
1.488,0.000000,0.000000,0.000000,0.000000,0.000000,0.000000,36.530000
1.498,0.000000,0.000000,0.000000,0.000000,0.000000,0.000000,36.530000
1.504,0.000000,0.000000,0.000000,0.000000,0.000000,0.000000,36.530000
1.515,0.000000,0.000000,0.000000,0.000000,0.000000,0.000000,36.530000
1.522,0.000000,0.000000,0.000000,0.000000,0.000000,0.000000,36.530000
1.532,0.000000,0.000000,0.000000,0.000000,0.000000,0.000000,36.530000
1.538,0.000000,0.000000,0.000000,0.000000,0.000000,0.000000,36.530000
1.548,0.000000,0.000000,0.000000,0.000000,0.000000,0.000000,36.530000
1.554,0.000000,0.000000,0.000000,0.000000,0.000000,0.000000,36.530000
1.565,0.000000,0.000000,0.000000,0.000000,0.000000,0.000000,36.530000
1.572,0.000000,0.000000,0.000000,0.000000,0.000000,0.000000,36.530000
1.582,0.000000,0.000000,0.000000,0.000000,0.000000,0.000000,36.530000
1.588,0.000000,0.000000,0.000000,0.000000,0.000000,0.000000,36.530000
1.598,0.000000,0.000000,0.000000,0.000000,0.000000,0.000000,36.530000
1.604,0.000000,0.000000,0.000000,0.000000,0.000000,0.000000,36.530000
1.615,0.000000,0.000000,0.000000,0.000000,0.000000,0.000000,36.530000
1.622,0.000000,0.000000,0.000000,0.000000,0.000000,0.000000,36.530000
1.632,0.000000,0.000000,0.000000,0.000000,0.000000,0.000000,36.530000
1.639,0.000000,0.000000,0.000000,0.000000,0.000000,0.000000,36.530000
1.648,0.000000,0.000000,0.000000,0.000000,0.000000,0.000000,36.530000
1.654,0.000000,0.000000,0.000000,0.000000,0.000000,0.000000,36.530000
1.665,0.000000,0.000000,0.000000,0.000000,0.000000,0.000000,36.530000
1.671,0.000000,0.000000,0.000000,0.000000,0.000000,0.000000,36.530000
1.682,0.000000,0.000000,0.000000,0.000000,0.000000,0.000000,36.530000
1.688,0.000000,0.000000,0.000000,0.000000,0.000000,0.000000,36.530000
1.698,0.000000,0.000000,0.000000,0.000000,0.000000,0.000000,36.530000
1.704,0.000000,0.000000,0.000000,0.000000,0.000000,0.000000,36.530000
1.715,0.000000,0.000000,0.000000,0.000000,0.000000,0.000000,36.530000
1.722,0.000000,0.000000,0.000000,0.000000,0.000000,0.000000,36.530000
1.732,0.000000,0.000000,0.000000,0.000000,0.000000,0.000000,36.530000
1.738,0.000000,0.000000,0.000000,0.000000,0.000000,0.000000,36.530000
1.748,0.000000,0.000000,0.000000,0.000000,0.000000,0.000000,36.530000
1.754,0.000000,0.000000,0.000000,0.000000,0.000000,0.000000,36.530000
1.765,0.000000,0.000000,0.000000,0.000000,0.000000,0.000000,36.530000
1.772,0.000000,0.000000,0.000000,0.000000,0.000000,0.000000,36.530000
1.782,0.000000,0.000000,0.000000,0.000000,0.000000,0.000000,36.530000
1.789,0.000000,0.000000,0.000000,0.000000,0.000000,0.000000,36.530000
1.798,0.000000,0.000000,0.000000,0.000000,0.000000,0.000000,36.530000
1.804,0.000000,0.000000,0.000000,0.000000,0.000000,0.000000,36.530000
1.815,0.000000,0.000000,0.000000,0.000000,0.000000,0.000000,36.530000
1.822,0.000000,0.000000,0.000000,0.000000,0.000000,0.000000,36.530000
1.832,0.000000,0.000000,0.000000,0.000000,0.000000,0.000000,36.530000
1.839,0.000000,0.000000,0.000000,0.000000,0.000000,0.000000,36.530000
1.848,0.000000,0.000000,0.000000,0.000000,0.000000,0.000000,36.530000
1.854,0.000000,0.000000,0.000000,0.000000,0.000000,0.000000,36.530000
1.865,0.000000,0.000000,0.000000,0.000000,0.000000,0.000000,36.530000
1.871,0.000000,0.000000,0.000000,0.000000,0.000000,0.000000,36.530000
1.882,0.000000,0.000000,0.000000,0.000000,0.000000,0.000000,36.530000
1.888,0.000000,0.000000,0.000000,0.000000,0.000000,0.000000,36.530000
1.898,0.000000,0.000000,0.000000,0.000000,0.000000,0.000000,36.530000
1.904,0.000000,0.000000,0.000000,0.000000,0.000000,0.000000,36.530000
1.915,0.000000,0.000000,0.000000,0.000000,0.000000,0.000000,36.530000
1.922,0.000000,0.000000,0.000000,0.000000,0.000000,0.000000,36.530000
1.932,0.000000,0.000000,0.000000,0.000000,0.000000,0.000000,36.530000
1.938,0.000000,0.000000,0.000000,0.000000,0.000000,0.000000,36.530000
1.948,0.000000,0.000000,0.000000,0.000000,0.000000,0.000000,36.530000
1.954,0.000000,0.000000,0.000000,0.000000,0.000000,0.000000,36.530000
1.965,0.000000,0.000000,0.000000,0.000000,0.000000,0.000000,36.530000
1.972,0.000000,0.000000,0.000000,0.000000,0.000000,0.000000,36.530000
1.982,0.000000,0.000000,0.000000,0.000000,0.000000,0.000000,36.530000
1.989,0.000000,0.000000,0.000000,0.000000,0.000000,0.000000,36.530000
1.998,0.000000,0.000000,0.000000,0.000000,0.000000,0.000000,36.530000
2.004,0.000000,0.000000,0.000000,0.000000,0.000000,0.000000,36.530000
2.015,0.000000,0.000000,0.000000,0.000000,0.000000,0.000000,36.530000
2.021,0.000000,0.000000,0.000000,0.000000,0.000000,0.000000,36.530000
2.032,0.000000,0.000000,0.000000,0.000000,0.000000,0.000000,36.530000
2.038,0.000000,0.000000,0.000000,0.000000,0.000000,0.000000,36.530000
2.048,0.000000,0.000000,0.000000,0.000000,0.000000,0.000000,36.530000
2.054,0.000000,0.000000,0.000000,0.000000,0.000000,0.000000,36.530000
2.065,0.000000,0.000000,0.000000,0.000000,0.000000,0.000000,36.530000
2.071,0.000000,0.000000,0.000000,0.000000,0.000000,0.000000,36.530000
2.082,0.000000,0.000000,0.000000,0.000000,0.000000,0.000000,36.530000
2.088,0.000000,0.000000,0.000000,0.000000,0.000000,0.000000,36.530000
2.098,0.000000,0.000000,0.000000,0.000000,0.000000,0.000000,36.530000
2.104,0.000000,0.000000,0.000000,0.000000,0.000000,0.000000,36.530000
2.115,0.000000,0.000000,0.000000,0.000000,0.000000,0.000000,36.530000
2.124,0.000000,0.000000,0.000000,0.000000,0.000000,0.000000,36.530000
2.132,0.000000,0.000000,0.000000,0.000000,0.000000,0.000000,36.530000
2.138,0.000000,0.000000,0.000000,0.000000,0.000000,0.000000,36.530000
2.148,0.000000,0.000000,0.000000,0.000000,0.000000,0.000000,36.530000
2.154,0.000000,0.000000,0.000000,0.000000,0.000000,0.000000,36.530000
2.165,0.000000,0.000000,0.000000,0.000000,0.000000,0.000000,36.530000
2.172,0.000000,0.000000,0.000000,0.000000,0.000000,0.000000,36.530000
2.182,0.000000,0.000000,0.000000,0.000000,0.000000,0.000000,36.530000
2.188,0.000000,0.000000,0.000000,0.000000,0.000000,0.000000,36.530000
2.198,0.000000,0.000000,0.000000,0.000000,0.000000,0.000000,36.530000
2.204,0.000000,0.000000,0.000000,0.000000,0.000000,0.000000,36.530000
2.215,0.000000,0.000000,0.000000,0.000000,0.000000,0.000000,36.530000
2.222,0.000000,0.000000,0.000000,0.000000,0.000000,0.000000,36.530000
2.232,0.000000,0.000000,0.000000,0.000000,0.000000,0.000000,36.530000
2.238,0.000000,0.000000,0.000000,0.000000,0.000000,0.000000,36.530000
2.248,0.000000,0.000000,0.000000,0.000000,0.000000,0.000000,36.530000
2.254,0.000000,0.000000,0.000000,0.000000,0.000000,0.000000,36.530000
2.265,0.000000,0.000000,0.000000,0.000000,0.000000,0.000000,36.530000
2.271,0.000000,0.000000,0.000000,0.000000,0.000000,0.000000,36.530000
2.283,0.000000,0.000000,0.000000,0.000000,0.000000,0.000000,36.530000
2.288,0.000000,0.000000,0.000000,0.000000,0.000000,0.000000,36.530000
2.298,0.000000,0.000000,0.000000,0.000000,0.000000,0.000000,36.530000
2.304,0.000000,0.000000,0.000000,0.000000,0.000000,0.000000,36.530000
2.315,0.000000,0.000000,0.000000,0.000000,0.000000,0.000000,36.530000
2.322,0.000000,0.000000,0.000000,0.000000,0.000000,0.000000,36.530000
2.331,0.000000,0.000000,0.000000,0.000000,0.000000,0.000000,36.530000
2.339,0.000000,0.000000,0.000000,0.000000,0.000000,0.000000,36.530000
2.348,0.000000,0.000000,0.000000,0.000000,0.000000,0.000000,36.530000
2.354,0.000000,0.000000,0.000000,0.000000,0.000000,0.000000,36.530000
2.365,0.000000,0.000000,0.000000,0.000000,0.000000,0.000000,36.530000
2.371,0.000000,0.000000,0.000000,0.000000,0.000000,0.000000,36.530000
2.382,0.000000,0.000000,0.000000,0.000000,0.000000,0.000000,36.530000
2.388,0.000000,0.000000,0.000000,0.000000,0.000000,0.000000,36.530000
2.398,0.000000,0.000000,0.000000,0.000000,0.000000,0.000000,36.530000
2.404,0.000000,0.000000,0.000000,0.000000,0.000000,0.000000,36.530000
2.415,0.000000,0.000000,0.000000,0.000000,0.000000,0.000000,36.530000
2.422,0.000000,0.000000,0.000000,0.000000,0.000000,0.000000,36.530000
2.432,0.000000,0.000000,0.000000,0.000000,0.000000,0.000000,36.530000
2.437,0.000000,0.000000,0.000000,0.000000,0.000000,0.000000,36.530000
2.448,0.000000,0.000000,0.000000,0.000000,0.000000,0.000000,36.530000
2.454,0.000000,0.000000,0.000000,0.000000,0.000000,0.000000,36.530000
2.465,0.000000,0.000000,0.000000,0.000000,0.000000,0.000000,36.530000
2.471,0.000000,0.000000,0.000000,0.000000,0.000000,0.000000,36.530000
2.482,0.000000,0.000000,0.000000,0.000000,0.000000,0.000000,36.530000
2.489,0.000000,0.000000,0.000000,0.000000,0.000000,0.000000,36.530000
2.498,0.000000,0.000000,0.000000,0.000000,0.000000,0.000000,36.530000
2.504,0.000000,0.000000,0.000000,0.000000,0.000000,0.000000,36.530000
2.515,0.000000,0.000000,0.000000,0.000000,0.000000,0.000000,36.530000
2.522,0.000000,0.000000,0.000000,0.000000,0.000000,0.000000,36.530000
2.532,0.000000,0.000000,0.000000,0.000000,0.000000,0.000000,36.530000
2.538,0.000000,0.000000,0.000000,0.000000,0.000000,0.000000,36.530000
2.548,0.000000,0.000000,0.000000,0.000000,0.000000,0.000000,36.530000
2.554,0.000000,0.000000,0.000000,0.000000,0.000000,0.000000,36.530000
2.565,0.000000,0.000000,0.000000,0.000000,0.000000,0.000000,36.530000
2.572,0.000000,0.000000,0.000000,0.000000,0.000000,0.000000,36.530000
2.582,0.000000,0.000000,0.000000,0.000000,0.000000,0.000000,36.530000
2.588,0.000000,0.000000,0.000000,0.000000,0.000000,0.000000,36.530000
2.598,0.000000,0.000000,0.000000,0.000000,0.000000,0.000000,36.530000
2.604,0.000000,0.000000,0.000000,0.000000,0.000000,0.000000,36.530000
2.615,0.000000,0.000000,0.000000,0.000000,0.000000,0.000000,36.530000
2.622,0.000000,0.000000,0.000000,0.000000,0.000000,0.000000,36.530000
2.632,0.000000,0.000000,0.000000,0.000000,0.000000,0.000000,36.530000
2.638,0.000000,0.000000,0.000000,0.000000,0.000000,0.000000,36.530000
2.648,0.000000,0.000000,0.000000,0.000000,0.000000,0.000000,36.530000
2.654,0.000000,0.000000,0.000000,0.000000,0.000000,0.000000,36.530000
2.665,0.000000,0.000000,0.000000,0.000000,0.000000,0.000000,36.530000
2.672,0.000000,0.000000,0.000000,0.000000,0.000000,0.000000,36.530000
2.682,0.000000,0.000000,0.000000,0.000000,0.000000,0.000000,36.530000
2.688,0.000000,0.000000,0.000000,0.000000,0.000000,0.000000,36.530000
2.698,0.000000,0.000000,0.000000,0.000000,0.000000,0.000000,36.530000
2.704,0.000000,0.000000,0.000000,0.000000,0.000000,0.000000,36.530000
2.715,0.000000,0.000000,0.000000,0.000000,0.000000,0.000000,36.530000
2.722,0.000000,0.000000,0.000000,0.000000,0.000000,0.000000,36.530000
2.731,0.000000,0.000000,0.000000,0.000000,0.000000,0.000000,36.530000
2.739,0.000000,0.000000,0.000000,0.000000,0.000000,0.000000,36.530000
2.748,0.000000,0.000000,0.000000,0.000000,0.000000,0.000000,36.530000
2.754,0.000000,0.000000,0.000000,0.000000,0.000000,0.000000,36.530000
2.765,0.000000,0.000000,0.000000,0.000000,0.000000,0.000000,36.530000
2.772,0.000000,0.000000,0.000000,0.000000,0.000000,0.000000,36.530000
2.782,0.000000,0.000000,0.000000,0.000000,0.000000,0.000000,36.530000
2.788,0.000000,0.000000,0.000000,0.000000,0.000000,0.000000,36.530000
2.798,0.000000,0.000000,0.000000,0.000000,0.000000,0.000000,36.530000
2.804,0.000000,0.000000,0.000000,0.000000,0.000000,0.000000,36.530000
2.815,0.000000,0.000000,0.000000,0.000000,0.000000,0.000000,36.530000
2.822,0.000000,0.000000,0.000000,0.000000,0.000000,0.000000,36.530000
2.831,0.000000,0.000000,0.000000,0.000000,0.000000,0.000000,36.530000
2.838,0.000000,0.000000,0.000000,0.000000,0.000000,0.000000,36.530000
2.848,0.000000,0.000000,0.000000,0.000000,0.000000,0.000000,36.530000
2.854,0.000000,0.000000,0.000000,0.000000,0.000000,0.000000,36.530000
2.865,0.000000,0.000000,0.000000,0.000000,0.000000,0.000000,36.530000
2.871,0.000000,0.000000,0.000000,0.000000,0.000000,0.000000,36.530000
2.882,0.000000,0.000000,0.000000,0.000000,0.000000,0.000000,36.530000
2.888,0.000000,0.000000,0.000000,0.000000,0.000000,0.000000,36.530000
2.898,0.000000,0.000000,0.000000,0.000000,0.000000,0.000000,36.530000
2.904,0.000000,0.000000,0.000000,0.000000,0.000000,0.000000,36.530000
2.915,0.000000,0.000000,0.000000,0.000000,0.000000,0.000000,36.530000
2.924,0.000000,0.000000,0.000000,0.000000,0.000000,0.000000,36.530000
2.932,0.000000,0.000000,0.000000,0.000000,0.000000,0.000000,36.530000
2.939,0.000000,0.000000,0.000000,0.000000,0.000000,0.000000,36.530000
2.948,0.000000,0.000000,0.000000,0.000000,0.000000,0.000000,36.530000
2.954,0.000000,0.000000,0.000000,0.000000,0.000000,0.000000,36.530000
2.965,0.000000,0.000000,0.000000,0.000000,0.000000,0.000000,36.530000
2.972,0.000000,0.000000,0.000000,0.000000,0.000000,0.000000,36.530000
2.982,0.000000,0.000000,0.000000,0.000000,0.000000,0.000000,36.530000
2.988,0.000000,0.000000,0.000000,0.000000,0.000000,0.000000,36.530000
2.998,0.000000,0.000000,0.000000,0.000000,0.000000,0.000000,36.530000
3.004,0.000000,0.000000,0.000000,0.000000,0.000000,0.000000,36.530000
3.015,0.000000,0.000000,0.000000,0.000000,0.000000,0.000000,36.530000
3.022,0.000000,0.000000,0.000000,0.000000,0.000000,0.000000,36.530000
3.032,0.000000,0.000000,0.000000,0.000000,0.000000,0.000000,36.530000
3.038,0.000000,0.000000,0.000000,0.000000,0.000000,0.000000,36.530000
3.048,0.000000,0.000000,0.000000,0.000000,0.000000,0.000000,36.530000
3.054,0.000000,0.000000,0.000000,0.000000,0.000000,0.000000,36.530000
3.065,0.000000,0.000000,0.000000,0.000000,0.000000,0.000000,36.530000
3.072,0.000000,0.000000,0.000000,0.000000,0.000000,0.000000,36.530000
3.082,0.000000,0.000000,0.000000,0.000000,0.000000,0.000000,36.530000
3.088,0.000000,0.000000,0.000000,0.000000,0.000000,0.000000,36.530000
3.098,0.000000,0.000000,0.000000,0.000000,0.000000,0.000000,36.530000
3.104,0.000000,0.000000,0.000000,0.000000,0.000000,0.000000,36.530000
3.115,0.000000,0.000000,0.000000,0.000000,0.000000,0.000000,36.530000
3.124,0.000000,0.000000,0.000000,0.000000,0.000000,0.000000,36.530000
3.131,0.000000,0.000000,0.000000,0.000000,0.000000,0.000000,36.530000
3.138,0.000000,0.000000,0.000000,0.000000,0.000000,0.000000,36.530000
3.148,0.000000,0.000000,0.000000,0.000000,0.000000,0.000000,36.530000
3.154,0.000000,0.000000,0.000000,0.000000,0.000000,0.000000,36.530000
3.165,0.000000,0.000000,0.000000,0.000000,0.000000,0.000000,36.530000
3.172,0.000000,0.000000,0.000000,0.000000,0.000000,0.000000,36.530000
3.182,0.000000,0.000000,0.000000,0.000000,0.000000,0.000000,36.530000
3.188,0.000000,0.000000,0.000000,0.000000,0.000000,0.000000,36.530000
3.198,0.000000,0.000000,0.000000,0.000000,0.000000,0.000000,36.530000
3.204,0.000000,0.000000,0.000000,0.000000,0.000000,0.000000,36.530000
3.215,0.000000,0.000000,0.000000,0.000000,0.000000,0.000000,36.530000
3.221,0.000000,0.000000,0.000000,0.000000,0.000000,0.000000,36.530000
3.231,0.000000,0.000000,0.000000,0.000000,0.000000,0.000000,36.530000
3.237,0.000000,0.000000,0.000000,0.000000,0.000000,0.000000,36.530000
3.248,0.000000,0.000000,0.000000,0.000000,0.000000,0.000000,36.530000
3.254,0.000000,0.000000,0.000000,0.000000,0.000000,0.000000,36.530000
3.265,0.000000,0.000000,0.000000,0.000000,0.000000,0.000000,36.530000
3.272,0.000000,0.000000,0.000000,0.000000,0.000000,0.000000,36.530000
3.281,0.000000,0.000000,0.000000,0.000000,0.000000,0.000000,36.530000
3.288,0.000000,0.000000,0.000000,0.000000,0.000000,0.000000,36.530000
3.298,0.000000,0.000000,0.000000,0.000000,0.000000,0.000000,36.530000
3.304,0.000000,0.000000,0.000000,0.000000,0.000000,0.000000,36.530000
3.315,0.000000,0.000000,0.000000,0.000000,0.000000,0.000000,36.530000
3.322,0.000000,0.000000,0.000000,0.000000,0.000000,0.000000,36.530000
3.332,0.000000,0.000000,0.000000,0.000000,0.000000,0.000000,36.530000
3.339,0.000000,0.000000,0.000000,0.000000,0.000000,0.000000,36.530000
3.348,0.000000,0.000000,0.000000,0.000000,0.000000,0.000000,36.530000
3.354,0.000000,0.000000,0.000000,0.000000,0.000000,0.000000,36.530000
3.365,0.000000,0.000000,0.000000,0.000000,0.000000,0.000000,36.530000
3.372,0.000000,0.000000,0.000000,0.000000,0.000000,0.000000,36.530000
3.382,0.000000,0.000000,0.000000,0.000000,0.000000,0.000000,36.530000
3.388,0.000000,0.000000,0.000000,0.000000,0.000000,0.000000,36.530000
3.398,0.000000,0.000000,0.000000,0.000000,0.000000,0.000000,36.530000
3.404,0.000000,0.000000,0.000000,0.000000,0.000000,0.000000,36.530000
3.415,0.000000,0.000000,0.000000,0.000000,0.000000,0.000000,36.530000
3.424,0.000000,0.000000,0.000000,0.000000,0.000000,0.000000,36.530000
3.431,0.000000,0.000000,0.000000,0.000000,0.000000,0.000000,36.530000
3.438,0.000000,0.000000,0.000000,0.000000,0.000000,0.000000,36.530000
3.448,0.000000,0.000000,0.000000,0.000000,0.000000,0.000000,36.530000
3.454,0.000000,0.000000,0.000000,0.000000,0.000000,0.000000,36.530000
3.465,0.000000,0.000000,0.000000,0.000000,0.000000,0.000000,36.530000
3.472,0.000000,0.000000,0.000000,0.000000,0.000000,0.000000,36.530000
3.482,0.000000,0.000000,0.000000,0.000000,0.000000,0.000000,36.530000
3.488,0.000000,0.000000,0.000000,0.000000,0.000000,0.000000,36.530000
3.498,0.000000,0.000000,0.000000,0.000000,0.000000,0.000000,36.530000
3.504,0.000000,0.000000,0.000000,0.000000,0.000000,0.000000,36.530000
3.515,0.000000,0.000000,0.000000,0.000000,0.000000,0.000000,36.530000
3.522,0.000000,0.000000,0.000000,0.000000,0.000000,0.000000,36.530000
3.532,0.000000,0.000000,0.000000,0.000000,0.000000,0.000000,36.530000
3.539,0.000000,0.000000,0.000000,0.000000,0.000000,0.000000,36.530000
3.548,0.000000,0.000000,0.000000,0.000000,0.000000,0.000000,36.530000
3.554,0.000000,0.000000,0.000000,0.000000,0.000000,0.000000,36.530000
3.565,0.000000,0.000000,0.000000,0.000000,0.000000,0.000000,36.530000
3.572,0.000000,0.000000,0.000000,0.000000,0.000000,0.000000,36.530000
3.581,0.000000,0.000000,0.000000,0.000000,0.000000,0.000000,36.530000
3.588,0.000000,0.000000,0.000000,0.000000,0.000000,0.000000,36.530000
3.598,0.000000,0.000000,0.000000,0.000000,0.000000,0.000000,36.530000
3.604,0.000000,0.000000,0.000000,0.000000,0.000000,0.000000,36.530000
3.615,0.000000,0.000000,0.000000,0.000000,0.000000,0.000000,36.530000
3.621,0.000000,0.000000,0.000000,0.000000,0.000000,0.000000,36.530000
3.632,0.000000,0.000000,0.000000,0.000000,0.000000,0.000000,36.530000
3.639,0.000000,0.000000,0.000000,0.000000,0.000000,0.000000,36.530000
3.648,0.000000,0.000000,0.000000,0.000000,0.000000,0.000000,36.530000
3.654,0.000000,0.000000,0.000000,0.000000,0.000000,0.000000,36.530000
3.665,0.000000,0.000000,0.000000,0.000000,0.000000,0.000000,36.530000
3.672,0.000000,0.000000,0.000000,0.000000,0.000000,0.000000,36.530000
3.682,0.000000,0.000000,0.000000,0.000000,0.000000,0.000000,36.530000
3.689,0.000000,0.000000,0.000000,0.000000,0.000000,0.000000,36.530000
3.698,0.000000,0.000000,0.000000,0.000000,0.000000,0.000000,36.530000
3.704,0.000000,0.000000,0.000000,0.000000,0.000000,0.000000,36.530000
3.715,0.000000,0.000000,0.000000,0.000000,0.000000,0.000000,36.530000
3.724,0.000000,0.000000,0.000000,0.000000,0.000000,0.000000,36.530000
3.732,0.000000,0.000000,0.000000,0.000000,0.000000,0.000000,36.530000
3.739,0.000000,0.000000,0.000000,0.000000,0.000000,0.000000,36.530000
3.748,0.000000,0.000000,0.000000,0.000000,0.000000,0.000000,36.530000
3.754,0.000000,0.000000,0.000000,0.000000,0.000000,0.000000,36.530000
3.765,0.000000,0.000000,0.000000,0.000000,0.000000,0.000000,36.530000
3.772,0.000000,0.000000,0.000000,0.000000,0.000000,0.000000,36.530000
3.782,0.000000,0.000000,0.000000,0.000000,0.000000,0.000000,36.530000
3.789,0.000000,0.000000,0.000000,0.000000,0.000000,0.000000,36.530000
3.798,0.000000,0.000000,0.000000,0.000000,0.000000,0.000000,36.530000
3.804,0.000000,0.000000,0.000000,0.000000,0.000000,0.000000,36.530000
3.816,0.000000,0.000000,0.000000,0.000000,0.000000,0.000000,36.530000
3.820,0.000000,0.000000,0.000000,0.000000,0.000000,0.000000,36.530000
3.831,0.000000,0.000000,0.000000,0.000000,0.000000,0.000000,36.530000
3.837,0.000000,0.000000,0.000000,0.000000,0.000000,0.000000,36.530000
3.848,0.000000,0.000000,0.000000,0.000000,0.000000,0.000000,36.530000
3.854,0.000000,0.000000,0.000000,0.000000,0.000000,0.000000,36.530000
3.865,0.000000,0.000000,0.000000,0.000000,0.000000,0.000000,36.530000
3.874,0.000000,0.000000,0.000000,0.000000,0.000000,0.000000,36.530000
3.881,0.000000,0.000000,0.000000,0.000000,0.000000,0.000000,36.530000
3.888,0.000000,0.000000,0.000000,0.000000,0.000000,0.000000,36.530000
3.898,0.000000,0.000000,0.000000,0.000000,0.000000,0.000000,36.530000
3.904,0.000000,0.000000,0.000000,0.000000,0.000000,0.000000,36.530000
3.915,0.000000,0.000000,0.000000,0.000000,0.000000,0.000000,36.530000
3.923,0.000000,0.000000,0.000000,0.000000,0.000000,0.000000,36.530000
3.932,0.000000,0.000000,0.000000,0.000000,0.000000,0.000000,36.530000
3.938,0.000000,0.000000,0.000000,0.000000,0.000000,0.000000,36.530000
3.948,0.000000,0.000000,0.000000,0.000000,0.000000,0.000000,36.530000
3.954,0.000000,0.000000,0.000000,0.000000,0.000000,0.000000,36.530000
3.965,0.000000,0.000000,0.000000,0.000000,0.000000,0.000000,36.530000
3.972,0.000000,0.000000,0.000000,0.000000,0.000000,0.000000,36.530000
3.981,0.000000,0.000000,0.000000,0.000000,0.000000,0.000000,36.530000
3.989,0.000000,0.000000,0.000000,0.000000,0.000000,0.000000,36.530000
3.998,0.000000,0.000000,0.000000,0.000000,0.000000,0.000000,36.530000
4.004,0.000000,0.000000,0.000000,0.000000,0.000000,0.000000,36.530000
4.015,0.000000,0.000000,0.000000,0.000000,0.000000,0.000000,36.530000
4.022,0.000000,0.000000,0.000000,0.000000,0.000000,0.000000,36.530000
4.032,0.000000,0.000000,0.000000,0.000000,0.000000,0.000000,36.530000
4.038,0.000000,0.000000,0.000000,0.000000,0.000000,0.000000,36.530000
4.048,0.000000,0.000000,0.000000,0.000000,0.000000,0.000000,36.530000
4.054,0.000000,0.000000,0.000000,0.000000,0.000000,0.000000,36.530000
4.065,0.000000,0.000000,0.000000,0.000000,0.000000,0.000000,36.530000
4.070,0.000000,0.000000,0.000000,0.000000,0.000000,0.000000,36.530000
4.082,0.000000,0.000000,0.000000,0.000000,0.000000,0.000000,36.530000
4.088,0.000000,0.000000,0.000000,0.000000,0.000000,0.000000,36.530000
4.098,0.000000,0.000000,0.000000,0.000000,0.000000,0.000000,36.530000
4.104,0.000000,0.000000,0.000000,0.000000,0.000000,0.000000,36.530000
4.115,0.000000,0.000000,0.000000,0.000000,0.000000,0.000000,36.530000
4.123,0.000000,0.000000,0.000000,0.000000,0.000000,0.000000,36.530000
4.131,0.000000,0.000000,0.000000,0.000000,0.000000,0.000000,36.530000
4.138,0.000000,0.000000,0.000000,0.000000,0.000000,0.000000,36.530000
4.148,0.000000,0.000000,0.000000,0.000000,0.000000,0.000000,36.530000
4.154,0.000000,0.000000,0.000000,0.000000,0.000000,0.000000,36.530000
4.165,0.000000,0.000000,0.000000,0.000000,0.000000,0.000000,36.530000
4.172,0.000000,0.000000,0.000000,0.000000,0.000000,0.000000,36.530000
4.182,0.000000,0.000000,0.000000,0.000000,0.000000,0.000000,36.530000
4.189,0.000000,0.000000,0.000000,0.000000,0.000000,0.000000,36.530000
4.198,0.000000,0.000000,0.000000,0.000000,0.000000,0.000000,36.530000
4.204,0.000000,0.000000,0.000000,0.000000,0.000000,0.000000,36.530000
4.215,0.000000,0.000000,0.000000,0.000000,0.000000,0.000000,36.530000
4.224,0.000000,0.000000,0.000000,0.000000,0.000000,0.000000,36.530000
4.231,0.000000,0.000000,0.000000,0.000000,0.000000,0.000000,36.530000
4.237,0.000000,0.000000,0.000000,0.000000,0.000000,0.000000,36.530000
4.248,0.000000,0.000000,0.000000,0.000000,0.000000,0.000000,36.530000
4.254,0.000000,0.000000,0.000000,0.000000,0.000000,0.000000,36.530000
4.265,0.000000,0.000000,0.000000,0.000000,0.000000,0.000000,36.530000
4.272,0.000000,0.000000,0.000000,0.000000,0.000000,0.000000,36.530000
4.282,0.000000,0.000000,0.000000,0.000000,0.000000,0.000000,36.530000
4.288,0.000000,0.000000,0.000000,0.000000,0.000000,0.000000,36.530000
4.298,0.000000,0.000000,0.000000,0.000000,0.000000,0.000000,36.530000
4.304,0.000000,0.000000,0.000000,0.000000,0.000000,0.000000,36.530000
4.315,0.000000,0.000000,0.000000,0.000000,0.000000,0.000000,36.530000
4.323,0.000000,0.000000,0.000000,0.000000,0.000000,0.000000,36.530000
4.331,0.000000,0.000000,0.000000,0.000000,0.000000,0.000000,36.530000
4.339,0.000000,0.000000,0.000000,0.000000,0.000000,0.000000,36.530000
4.348,0.000000,0.000000,0.000000,0.000000,0.000000,0.000000,36.530000
4.354,0.000000,0.000000,0.000000,0.000000,0.000000,0.000000,36.530000
4.365,0.000000,0.000000,0.000000,0.000000,0.000000,0.000000,36.530000
4.372,0.000000,0.000000,0.000000,0.000000,0.000000,0.000000,36.530000
4.381,0.000000,0.000000,0.000000,0.000000,0.000000,0.000000,36.530000
4.389,0.000000,0.000000,0.000000,0.000000,0.000000,0.000000,36.530000
4.398,0.000000,0.000000,0.000000,0.000000,0.000000,0.000000,36.530000
4.404,0.000000,0.000000,0.000000,0.000000,0.000000,0.000000,36.530000
4.415,0.000000,0.000000,0.000000,0.000000,0.000000,0.000000,36.530000
4.424,0.000000,0.000000,0.000000,0.000000,0.000000,0.000000,36.530000
4.432,0.000000,0.000000,0.000000,0.000000,0.000000,0.000000,36.530000
4.438,0.000000,0.000000,0.000000,0.000000,0.000000,0.000000,36.530000
4.448,0.000000,0.000000,0.000000,0.000000,0.000000,0.000000,36.530000
4.454,0.000000,0.000000,0.000000,0.000000,0.000000,0.000000,36.530000
4.465,0.000000,0.000000,0.000000,0.000000,0.000000,0.000000,36.530000
4.472,0.000000,0.000000,0.000000,0.000000,0.000000,0.000000,36.530000
4.481,0.000000,0.000000,0.000000,0.000000,0.000000,0.000000,36.530000
4.488,0.000000,0.000000,0.000000,0.000000,0.000000,0.000000,36.530000
4.498,0.000000,0.000000,0.000000,0.000000,0.000000,0.000000,36.530000
4.504,0.000000,0.000000,0.000000,0.000000,0.000000,0.000000,36.530000
4.515,0.000000,0.000000,0.000000,0.000000,0.000000,0.000000,36.530000
4.522,0.000000,0.000000,0.000000,0.000000,0.000000,0.000000,36.530000
4.532,0.000000,0.000000,0.000000,0.000000,0.000000,0.000000,36.530000
4.539,0.000000,0.000000,0.000000,0.000000,0.000000,0.000000,36.530000
4.548,0.000000,0.000000,0.000000,0.000000,0.000000,0.000000,36.530000
4.554,0.000000,0.000000,0.000000,0.000000,0.000000,0.000000,36.530000
4.565,0.000000,0.000000,0.000000,0.000000,0.000000,0.000000,36.530000
4.574,0.000000,0.000000,0.000000,0.000000,0.000000,0.000000,36.530000
4.582,0.000000,0.000000,0.000000,0.000000,0.000000,0.000000,36.530000
4.589,0.000000,0.000000,0.000000,0.000000,0.000000,0.000000,36.530000
4.598,0.000000,0.000000,0.000000,0.000000,0.000000,0.000000,36.530000
4.604,0.000000,0.000000,0.000000,0.000000,0.000000,0.000000,36.530000
4.615,0.000000,0.000000,0.000000,0.000000,0.000000,0.000000,36.530000
4.623,0.000000,0.000000,0.000000,0.000000,0.000000,0.000000,36.530000
4.631,0.000000,0.000000,0.000000,0.000000,0.000000,0.000000,36.530000
4.637,0.000000,0.000000,0.000000,0.000000,0.000000,0.000000,36.530000
4.648,0.000000,0.000000,0.000000,0.000000,0.000000,0.000000,36.530000
4.654,0.000000,0.000000,0.000000,0.000000,0.000000,0.000000,36.530000
4.664,0.000000,0.000000,0.000000,0.000000,0.000000,0.000000,36.530000
4.672,0.000000,0.000000,0.000000,0.000000,0.000000,0.000000,36.530000
4.681,0.000000,0.000000,0.000000,0.000000,0.000000,0.000000,36.530000
4.689,0.000000,0.000000,0.000000,0.000000,0.000000,0.000000,36.530000
4.699,0.000000,0.000000,0.000000,0.000000,0.000000,0.000000,36.530000
4.703,0.000000,0.000000,0.000000,0.000000,0.000000,0.000000,36.530000
4.715,0.000000,0.000000,0.000000,0.000000,0.000000,0.000000,36.530000
4.724,0.000000,0.000000,0.000000,0.000000,0.000000,0.000000,36.530000
4.732,0.000000,0.000000,0.000000,0.000000,0.000000,0.000000,36.530000
4.738,0.000000,0.000000,0.000000,0.000000,0.000000,0.000000,36.530000
4.748,0.000000,0.000000,0.000000,0.000000,0.000000,0.000000,36.530000
4.754,0.000000,0.000000,0.000000,0.000000,0.000000,0.000000,36.530000
4.764,0.000000,0.000000,0.000000,0.000000,0.000000,0.000000,36.530000
4.772,0.000000,0.000000,0.000000,0.000000,0.000000,0.000000,36.530000
4.782,0.000000,0.000000,0.000000,0.000000,0.000000,0.000000,36.530000
4.788,0.000000,0.000000,0.000000,0.000000,0.000000,0.000000,36.530000
4.798,0.000000,0.000000,0.000000,0.000000,0.000000,0.000000,36.530000
4.803,0.000000,0.000000,0.000000,0.000000,0.000000,0.000000,36.530000
4.815,0.000000,0.000000,0.000000,0.000000,0.000000,0.000000,36.530000
4.822,0.000000,0.000000,0.000000,0.000000,0.000000,0.000000,36.530000
4.832,0.000000,0.000000,0.000000,0.000000,0.000000,0.000000,36.530000
4.838,0.000000,0.000000,0.000000,0.000000,0.000000,0.000000,36.530000
4.848,0.000000,0.000000,0.000000,0.000000,0.000000,0.000000,36.530000
4.854,0.000000,0.000000,0.000000,0.000000,0.000000,0.000000,36.530000
4.864,0.000000,0.000000,0.000000,0.000000,0.000000,0.000000,36.530000
4.872,0.000000,0.000000,0.000000,0.000000,0.000000,0.000000,36.530000
4.881,0.000000,0.000000,0.000000,0.000000,0.000000,0.000000,36.530000
4.889,0.000000,0.000000,0.000000,0.000000,0.000000,0.000000,36.530000
4.898,0.000000,0.000000,0.000000,0.000000,0.000000,0.000000,36.530000
4.903,0.000000,0.000000,0.000000,0.000000,0.000000,0.000000,36.530000
4.914,0.000000,0.000000,0.000000,0.000000,0.000000,0.000000,36.530000
4.924,0.000000,0.000000,0.000000,0.000000,0.000000,0.000000,36.530000
4.932,0.000000,0.000000,0.000000,0.000000,0.000000,0.000000,36.530000
4.939,0.000000,0.000000,0.000000,0.000000,0.000000,0.000000,36.530000
4.948,0.000000,0.000000,0.000000,0.000000,0.000000,0.000000,36.530000
4.953,0.000000,0.000000,0.000000,0.000000,0.000000,0.000000,36.530000
4.964,0.000000,0.000000,0.000000,0.000000,0.000000,0.000000,36.530000
4.974,0.000000,0.000000,0.000000,0.000000,0.000000,0.000000,36.530000
4.983,0.000000,0.000000,0.000000,0.000000,0.000000,0.000000,36.530000
4.988,0.000000,0.000000,0.000000,0.000000,0.000000,0.000000,36.530000
4.998,0.000000,0.000000,0.000000,0.000000,0.000000,0.000000,36.530000
5.004,0.000000,0.000000,0.000000,0.000000,0.000000,0.000000,36.530000
5.014,0.000000,0.000000,0.000000,0.000000,0.000000,0.000000,36.530000
5.022,0.000000,0.000000,0.000000,0.000000,0.000000,0.000000,36.530000
5.032,0.000000,0.000000,0.000000,0.000000,0.000000,0.000000,36.530000
5.037,0.000000,0.000000,0.000000,0.000000,0.000000,0.000000,36.530000
5.048,0.000000,0.000000,0.000000,0.000000,0.000000,0.000000,36.530000
5.054,0.000000,0.000000,0.000000,0.000000,0.000000,0.000000,36.530000
5.064,0.000000,0.000000,0.000000,0.000000,0.000000,0.000000,36.530000
5.074,0.000000,0.000000,0.000000,0.000000,0.000000,0.000000,36.530000
5.082,0.000000,0.000000,0.000000,0.000000,0.000000,0.000000,36.530000
5.088,0.000000,0.000000,0.000000,0.000000,0.000000,0.000000,36.530000
5.098,0.000000,0.000000,0.000000,0.000000,0.000000,0.000000,36.530000
5.103,0.000000,0.000000,0.000000,0.000000,0.000000,0.000000,36.530000
5.114,0.000000,0.000000,0.000000,0.000000,0.000000,0.000000,36.530000
5.122,0.000000,0.000000,0.000000,0.000000,0.000000,0.000000,36.530000
5.132,0.000000,0.000000,0.000000,0.000000,0.000000,0.000000,36.530000
5.138,0.000000,0.000000,0.000000,0.000000,0.000000,0.000000,36.530000
5.148,0.000000,0.000000,0.000000,0.000000,0.000000,0.000000,36.530000
5.154,0.000000,0.000000,0.000000,0.000000,0.000000,0.000000,36.530000
5.164,0.000000,0.000000,0.000000,0.000000,0.000000,0.000000,36.530000
5.174,0.000000,0.000000,0.000000,0.000000,0.000000,0.000000,36.530000
5.182,0.000000,0.000000,0.000000,0.000000,0.000000,0.000000,36.530000
5.189,0.000000,0.000000,0.000000,0.000000,0.000000,0.000000,36.530000
5.198,0.000000,0.000000,0.000000,0.000000,0.000000,0.000000,36.530000
5.203,0.000000,0.000000,0.000000,0.000000,0.000000,0.000000,36.530000
5.214,0.000000,0.000000,0.000000,0.000000,0.000000,0.000000,36.530000
5.224,0.000000,0.000000,0.000000,0.000000,0.000000,0.000000,36.530000
5.232,0.000000,0.000000,0.000000,0.000000,0.000000,0.000000,36.530000
5.238,0.000000,0.000000,0.000000,0.000000,0.000000,0.000000,36.530000
5.248,0.000000,0.000000,0.000000,0.000000,0.000000,0.000000,36.530000
5.253,0.000000,0.000000,0.000000,0.000000,0.000000,0.000000,36.530000
5.264,0.000000,0.000000,0.000000,0.000000,0.000000,0.000000,36.530000
5.272,0.000000,0.000000,0.000000,0.000000,0.000000,0.000000,36.530000
5.282,0.000000,0.000000,0.000000,0.000000,0.000000,0.000000,36.530000
5.290,0.000000,0.000000,0.000000,0.000000,0.000000,0.000000,36.530000
5.298,0.000000,0.000000,0.000000,0.000000,0.000000,0.000000,36.530000
5.303,0.000000,0.000000,0.000000,0.000000,0.000000,0.000000,36.530000
5.314,0.000000,0.000000,0.000000,0.000000,0.000000,0.000000,36.530000
5.324,0.000000,0.000000,0.000000,0.000000,0.000000,0.000000,36.530000
5.332,0.000000,0.000000,0.000000,0.000000,0.000000,0.000000,36.530000
5.337,0.000000,0.000000,0.000000,0.000000,0.000000,0.000000,36.530000
5.348,0.000000,0.000000,0.000000,0.000000,0.000000,0.000000,36.530000
5.353,0.000000,0.000000,0.000000,0.000000,0.000000,0.000000,36.530000
5.365,0.000000,0.000000,0.000000,0.000000,0.000000,0.000000,36.530000
5.372,0.000000,0.000000,0.000000,0.000000,0.000000,0.000000,36.530000
5.382,0.000000,0.000000,0.000000,0.000000,0.000000,0.000000,36.530000
5.387,0.000000,0.000000,0.000000,0.000000,0.000000,0.000000,36.530000
5.398,0.000000,0.000000,0.000000,0.000000,0.000000,0.000000,36.530000
5.404,0.000000,0.000000,0.000000,0.000000,0.000000,0.000000,36.530000
5.414,0.000000,0.000000,0.000000,0.000000,0.000000,0.000000,36.530000
5.422,0.000000,0.000000,0.000000,0.000000,0.000000,0.000000,36.530000
5.432,0.000000,0.000000,0.000000,0.000000,0.000000,0.000000,36.530000
5.438,0.000000,0.000000,0.000000,0.000000,0.000000,0.000000,36.530000
5.448,0.000000,0.000000,0.000000,0.000000,0.000000,0.000000,36.530000
5.453,0.000000,0.000000,0.000000,0.000000,0.000000,0.000000,36.530000
5.464,0.000000,0.000000,0.000000,0.000000,0.000000,0.000000,36.530000
5.472,0.000000,0.000000,0.000000,0.000000,0.000000,0.000000,36.530000
5.482,0.000000,0.000000,0.000000,0.000000,0.000000,0.000000,36.530000
5.489,0.000000,0.000000,0.000000,0.000000,0.000000,0.000000,36.530000
5.498,0.000000,0.000000,0.000000,0.000000,0.000000,0.000000,36.530000
5.503,0.000000,0.000000,0.000000,0.000000,0.000000,0.000000,36.530000
5.514,0.000000,0.000000,0.000000,0.000000,0.000000,0.000000,36.530000
5.524,0.000000,0.000000,0.000000,0.000000,0.000000,0.000000,36.530000
5.532,0.000000,0.000000,0.000000,0.000000,0.000000,0.000000,36.530000
5.539,0.000000,0.000000,0.000000,0.000000,0.000000,0.000000,36.530000
5.548,0.000000,0.000000,0.000000,0.000000,0.000000,0.000000,36.530000
5.553,0.000000,0.000000,0.000000,0.000000,0.000000,0.000000,36.530000
5.564,0.000000,0.000000,0.000000,0.000000,0.000000,0.000000,36.530000
5.574,0.000000,0.000000,0.000000,0.000000,0.000000,0.000000,36.530000
5.582,0.000000,0.000000,0.000000,0.000000,0.000000,0.000000,36.530000
5.589,0.000000,0.000000,0.000000,0.000000,0.000000,0.000000,36.530000
5.598,0.000000,0.000000,0.000000,0.000000,0.000000,0.000000,36.530000
5.603,0.000000,0.000000,0.000000,0.000000,0.000000,0.000000,36.530000
5.615,0.000000,0.000000,0.000000,0.000000,0.000000,0.000000,36.530000
5.622,0.000000,0.000000,0.000000,0.000000,0.000000,0.000000,36.530000
5.632,0.000000,0.000000,0.000000,0.000000,0.000000,0.000000,36.530000
5.639,0.000000,0.000000,0.000000,0.000000,0.000000,0.000000,36.530000
5.648,0.000000,0.000000,0.000000,0.000000,0.000000,0.000000,36.530000
5.653,0.000000,0.000000,0.000000,0.000000,0.000000,0.000000,36.530000
5.664,0.000000,0.000000,0.000000,0.000000,0.000000,0.000000,36.530000
5.672,0.000000,0.000000,0.000000,0.000000,0.000000,0.000000,36.530000
5.682,0.000000,0.000000,0.000000,0.000000,0.000000,0.000000,36.530000
5.689,0.000000,0.000000,0.000000,0.000000,0.000000,0.000000,36.530000
5.698,0.000000,0.000000,0.000000,0.000000,0.000000,0.000000,36.530000
5.703,0.000000,0.000000,0.000000,0.000000,0.000000,0.000000,36.530000
5.714,0.000000,0.000000,0.000000,0.000000,0.000000,0.000000,36.530000
5.724,0.000000,0.000000,0.000000,0.000000,0.000000,0.000000,36.530000
5.732,0.000000,0.000000,0.000000,0.000000,0.000000,0.000000,36.530000
5.739,0.000000,0.000000,0.000000,0.000000,0.000000,0.000000,36.530000
5.748,0.000000,0.000000,0.000000,0.000000,0.000000,0.000000,36.530000
5.753,0.000000,0.000000,0.000000,0.000000,0.000000,0.000000,36.530000
5.764,0.000000,0.000000,0.000000,0.000000,0.000000,0.000000,36.530000
5.774,0.000000,0.000000,0.000000,0.000000,0.000000,0.000000,36.530000
5.782,0.000000,0.000000,0.000000,0.000000,0.000000,0.000000,36.530000
5.789,0.000000,0.000000,0.000000,0.000000,0.000000,0.000000,36.530000
5.798,0.000000,0.000000,0.000000,0.000000,0.000000,0.000000,36.530000
5.803,0.000000,0.000000,0.000000,0.000000,0.000000,0.000000,36.530000
5.814,0.000000,0.000000,0.000000,0.000000,0.000000,0.000000,36.530000
5.824,0.000000,0.000000,0.000000,0.000000,0.000000,0.000000,36.530000
5.832,0.000000,0.000000,0.000000,0.000000,0.000000,0.000000,36.530000
5.840,0.000000,0.000000,0.000000,0.000000,0.000000,0.000000,36.530000
5.848,0.000000,0.000000,0.000000,0.000000,0.000000,0.000000,36.530000
5.853,0.000000,0.000000,0.000000,0.000000,0.000000,0.000000,36.530000
5.864,0.000000,0.000000,0.000000,0.000000,0.000000,0.000000,36.530000
5.872,0.000000,0.000000,0.000000,0.000000,0.000000,0.000000,36.530000
5.882,0.000000,0.000000,0.000000,0.000000,0.000000,0.000000,36.530000
5.889,0.000000,0.000000,0.000000,0.000000,0.000000,0.000000,36.530000
5.898,0.000000,0.000000,0.000000,0.000000,0.000000,0.000000,36.530000
5.903,0.000000,0.000000,0.000000,0.000000,0.000000,0.000000,36.530000
5.914,0.000000,0.000000,0.000000,0.000000,0.000000,0.000000,36.530000
5.924,0.000000,0.000000,0.000000,0.000000,0.000000,0.000000,36.530000
5.932,0.000000,0.000000,0.000000,0.000000,0.000000,0.000000,36.530000
5.939,0.000000,0.000000,0.000000,0.000000,0.000000,0.000000,36.530000
5.948,0.000000,0.000000,0.000000,0.000000,0.000000,0.000000,36.530000
5.953,0.000000,0.000000,0.000000,0.000000,0.000000,0.000000,36.530000
5.964,0.000000,0.000000,0.000000,0.000000,0.000000,0.000000,36.530000
5.974,0.000000,0.000000,0.000000,0.000000,0.000000,0.000000,36.530000
5.982,0.000000,0.000000,0.000000,0.000000,0.000000,0.000000,36.530000
5.988,0.000000,0.000000,0.000000,0.000000,0.000000,0.000000,36.530000
5.998,0.000000,0.000000,0.000000,0.000000,0.000000,0.000000,36.530000
6.004,0.000000,0.000000,0.000000,0.000000,0.000000,0.000000,36.530000
6.014,0.000000,0.000000,0.000000,0.000000,0.000000,0.000000,36.530000
6.024,0.000000,0.000000,0.000000,0.000000,0.000000,0.000000,36.530000
6.032,0.000000,0.000000,0.000000,0.000000,0.000000,0.000000,36.530000
6.039,0.000000,0.000000,0.000000,0.000000,0.000000,0.000000,36.530000
6.048,0.000000,0.000000,0.000000,0.000000,0.000000,0.000000,36.530000
6.053,0.000000,0.000000,0.000000,0.000000,0.000000,0.000000,36.530000
6.064,0.000000,0.000000,0.000000,0.000000,0.000000,0.000000,36.530000
6.074,0.000000,0.000000,0.000000,0.000000,0.000000,0.000000,36.530000
6.082,0.000000,0.000000,0.000000,0.000000,0.000000,0.000000,36.530000
6.087,0.000000,0.000000,0.000000,0.000000,0.000000,0.000000,36.530000
6.098,0.000000,0.000000,0.000000,0.000000,0.000000,0.000000,36.530000
6.104,0.000000,0.000000,0.000000,0.000000,0.000000,0.000000,36.530000
6.114,0.000000,0.000000,0.000000,0.000000,0.000000,0.000000,36.530000
6.124,0.000000,0.000000,0.000000,0.000000,0.000000,0.000000,36.530000
6.132,0.000000,0.000000,0.000000,0.000000,0.000000,0.000000,36.530000
6.137,0.000000,0.000000,0.000000,0.000000,0.000000,0.000000,36.530000
6.148,0.000000,0.000000,0.000000,0.000000,0.000000,0.000000,36.530000
6.154,0.000000,0.000000,0.000000,0.000000,0.000000,0.000000,36.530000
6.164,0.000000,0.000000,0.000000,0.000000,0.000000,0.000000,36.530000
6.172,0.000000,0.000000,0.000000,0.000000,0.000000,0.000000,36.530000
6.182,0.000000,0.000000,0.000000,0.000000,0.000000,0.000000,36.530000
6.187,0.000000,0.000000,0.000000,0.000000,0.000000,0.000000,36.530000
6.198,0.000000,0.000000,0.000000,0.000000,0.000000,0.000000,36.530000
6.204,0.000000,0.000000,0.000000,0.000000,0.000000,0.000000,36.530000
6.214,0.000000,0.000000,0.000000,0.000000,0.000000,0.000000,36.530000
6.224,0.000000,0.000000,0.000000,0.000000,0.000000,0.000000,36.530000
6.232,0.000000,0.000000,0.000000,0.000000,0.000000,0.000000,36.530000
6.237,0.000000,0.000000,0.000000,0.000000,0.000000,0.000000,36.530000
6.248,0.000000,0.000000,0.000000,0.000000,0.000000,0.000000,36.530000
6.253,0.000000,0.000000,0.000000,0.000000,0.000000,0.000000,36.530000
6.264,0.000000,0.000000,0.000000,0.000000,0.000000,0.000000,36.530000
6.274,0.000000,0.000000,0.000000,0.000000,0.000000,0.000000,36.530000
6.282,0.000000,0.000000,0.000000,0.000000,0.000000,0.000000,36.530000
6.288,0.000000,0.000000,0.000000,0.000000,0.000000,0.000000,36.530000
6.298,0.000000,0.000000,0.000000,0.000000,0.000000,0.000000,36.530000
6.303,0.000000,0.000000,0.000000,0.000000,0.000000,0.000000,36.530000
6.314,0.000000,0.000000,0.000000,0.000000,0.000000,0.000000,36.530000
6.324,0.000000,0.000000,0.000000,0.000000,0.000000,0.000000,36.530000
6.332,0.000000,0.000000,0.000000,0.000000,0.000000,0.000000,36.530000
6.339,0.000000,0.000000,0.000000,0.000000,0.000000,0.000000,36.530000
6.348,0.000000,0.000000,0.000000,0.000000,0.000000,0.000000,36.530000
6.353,0.000000,0.000000,0.000000,0.000000,0.000000,0.000000,36.530000
6.364,0.000000,0.000000,0.000000,0.000000,0.000000,0.000000,36.530000
6.374,0.000000,0.000000,0.000000,0.000000,0.000000,0.000000,36.530000
6.382,0.000000,0.000000,0.000000,0.000000,0.000000,0.000000,36.530000
6.388,0.000000,0.000000,0.000000,0.000000,0.000000,0.000000,36.530000
6.398,0.000000,0.000000,0.000000,0.000000,0.000000,0.000000,36.530000
6.404,0.000000,0.000000,0.000000,0.000000,0.000000,0.000000,36.530000
time_sec,ax,ay,az,gx,gy,gz,temp_c
0.001,0.700000,0.587000,0.417000,46.901000,46.183000,5.336000,28.340000
0.015,0.705000,0.614000,0.431000,47.840000,56.733000,12.267000,28.480000
0.027,0.649000,0.658000,0.438000,47.000000,61.771000,18.290000,28.480000
0.034,0.517000,0.686000,0.457000,43.252000,50.130000,20.656000,28.390000
0.047,0.483000,0.651000,0.440000,38.649000,31.229000,15.290000,28.440000
0.054,0.450000,0.623000,0.424000,37.435000,15.237000,7.550000,28.440000
0.068,0.481000,0.629000,0.440000,34.374000,4.695000,0.618000,28.440000
0.075,0.554000,0.598000,0.476000,31.710000,0.611000,-2.489000,28.390000
0.090,0.643000,0.573000,0.484000,34.191000,9.794000,-1.412000,28.390000
0.095,0.703000,0.607000,0.480000,39.580000,29.000000,0.481000,28.340000
0.107,0.693000,0.621000,0.464000,38.924000,50.374000,3.901000,28.440000
0.114,0.730000,0.641000,0.476000,37.511000,65.847000,8.992000,28.440000
0.127,0.770000,0.652000,0.476000,40.626000,81.733000,19.863000,28.480000
0.134,0.589000,0.667000,0.464000,36.015000,77.924000,25.924000,28.390000
0.147,0.477000,0.637000,0.448000,31.817000,57.939000,23.366000,28.480000
0.154,0.456000,0.640000,0.441000,36.366000,44.443000,18.344000,28.480000
0.167,0.471000,0.667000,0.437000,37.939000,38.550000,11.366000,28.340000
0.175,0.488000,0.662000,0.436000,31.198000,40.359000,2.382000,28.390000
0.187,0.521000,0.690000,0.484000,25.603000,40.206000,-7.481000,28.580000
0.194,0.562000,0.677000,0.474000,24.916000,50.573000,-19.855000,28.390000
0.206,0.579000,0.632000,0.463000,23.672000,57.939000,-26.252000,28.440000
0.214,0.590000,0.583000,0.482000,23.565000,59.878000,-33.573000,28.620000
0.226,0.600000,0.543000,0.481000,21.908000,59.023000,-37.664000,28.480000
0.233,0.602000,0.539000,0.486000,24.137000,58.954000,-41.809000,28.390000
0.246,0.631000,0.562000,0.501000,20.244000,55.412000,-44.008000,28.390000
0.253,0.635000,0.580000,0.522000,15.588000,46.718000,-46.550000,28.440000
0.266,0.710000,0.626000,0.513000,-1.076000,46.748000,-39.496000,28.340000
0.274,0.667000,0.618000,0.401000,-9.962000,44.687000,-33.420000,28.390000
0.285,0.580000,0.597000,0.405000,-14.061000,29.092000,-33.008000,28.480000
0.290,0.590000,0.560000,0.355000,-5.450000,18.504000,-33.473000,28.390000
0.307,0.627000,0.578000,0.372000,8.885000,16.458000,-29.985000,28.440000
0.317,0.686000,0.582000,0.386000,25.847000,28.550000,-27.565000,28.440000
0.325,0.668000,0.571000,0.387000,40.847000,43.450000,-23.389000,28.440000
0.337,0.603000,0.527000,0.495000,47.817000,38.412000,-23.214000,28.480000
0.344,0.478000,0.669000,0.416000,39.031000,43.756000,-18.756000,28.390000
0.357,0.487000,0.726000,0.456000,35.221000,40.878000,-19.565000,28.390000
0.367,0.476000,0.718000,0.458000,27.076000,39.565000,-17.542000,28.530000
0.376,0.473000,0.732000,0.489000,18.679000,35.153000,-14.214000,28.440000
0.383,0.461000,0.743000,0.512000,1.634000,24.443000,-10.588000,28.390000
0.396,0.499000,0.732000,0.498000,-15.985000,16.786000,2.885000,28.480000
0.403,0.522000,0.757000,0.476000,-33.031000,12.229000,11.198000,28.440000
0.416,0.585000,0.819000,0.428000,-42.763000,15.496000,18.160000,28.440000
0.423,0.558000,0.828000,0.389000,-48.344000,17.092000,20.832000,28.440000
0.435,0.526000,0.774000,0.325000,-38.046000,17.473000,12.382000,28.390000
0.442,0.491000,0.771000,0.305000,-30.573000,12.824000,3.107000,28.390000
0.456,0.393000,0.768000,0.302000,-26.214000,-9.336000,-2.084000,28.440000
0.462,0.360000,0.706000,0.268000,-19.725000,-33.740000,-7.504000,28.440000
0.475,0.410000,0.660000,0.298000,-14.992000,-56.672000,-8.939000,28.340000
0.487,0.533000,0.634000,0.377000,-2.557000,-63.924000,-11.214000,28.390000
0.494,0.632000,0.623000,0.422000,8.061000,-56.046000,-7.351000,28.480000
0.508,0.706000,0.648000,0.489000,20.000000,-37.107000,-4.092000,28.340000
0.516,0.734000,0.672000,0.532000,27.496000,-12.298000,-0.481000,28.440000
0.527,0.708000,0.666000,0.546000,32.290000,10.664000,2.115000,28.440000
0.534,0.628000,0.702000,0.578000,34.687000,24.290000,5.511000,28.390000
0.546,0.472000,0.790000,0.590000,26.527000,20.863000,9.954000,28.390000
0.554,0.332000,0.776000,0.572000,20.366000,3.282000,8.336000,28.480000
0.567,0.312000,0.702000,0.549000,15.145000,-14.130000,4.458000,28.440000
0.574,0.384000,0.694000,0.582000,16.634000,-26.786000,0.305000,28.440000
0.586,0.505000,0.689000,0.618000,14.504000,-25.221000,-3.580000,28.480000
0.593,0.605000,0.639000,0.606000,7.779000,-12.527000,-2.947000,28.390000
0.607,0.646000,0.562000,0.568000,5.183000,1.176000,2.061000,28.340000
0.616,0.652000,0.529000,0.536000,11.046000,14.855000,6.855000,28.340000
0.627,0.569000,0.588000,0.567000,12.679000,17.145000,12.710000,28.440000
0.634,0.496000,0.638000,0.592000,9.374000,11.901000,15.214000,28.390000
0.646,0.512000,0.666000,0.584000,13.092000,7.573000,15.817000,28.390000
0.654,0.530000,0.739000,0.579000,9.649000,6.336000,17.458000,28.440000
0.667,0.568000,0.763000,0.591000,11.221000,11.824000,14.092000,28.440000
0.674,0.589000,0.746000,0.609000,7.580000,21.069000,11.008000,28.440000
0.687,0.621000,0.742000,0.573000,7.298000,25.031000,8.466000,28.480000
0.694,0.614000,0.724000,0.537000,5.672000,26.565000,12.160000,28.390000
0.707,0.596000,0.732000,0.529000,6.702000,25.176000,13.443000,28.440000
0.714,0.603000,0.772000,0.567000,1.954000,18.550000,16.771000,28.440000
0.726,0.645000,0.804000,0.588000,-2.260000,15.275000,19.626000,28.440000
0.733,0.745000,0.789000,0.553000,-8.725000,22.695000,23.443000,28.390000
0.746,0.801000,0.722000,0.501000,-8.542000,32.405000,28.389000,28.480000
0.753,0.867000,0.663000,0.455000,-0.802000,46.237000,35.885000,28.480000
0.766,0.778000,0.702000,0.448000,5.084000,51.893000,44.305000,28.440000
0.774,0.635000,0.720000,0.447000,13.099000,46.237000,47.969000,28.440000
0.786,0.537000,0.737000,0.455000,17.420000,37.992000,41.855000,28.480000
0.793,0.529000,0.740000,0.510000,20.466000,24.695000,33.855000,28.390000
0.806,0.555000,0.729000,0.568000,15.626000,13.748000,27.649000,28.440000
0.813,0.593000,0.684000,0.594000,3.405000,4.252000,17.802000,28.440000
0.826,0.697000,0.657000,0.625000,-3.229000,-1.885000,10.183000,28.440000
0.833,0.792000,0.627000,0.654000,-5.550000,-0.412000,7.382000,28.480000
0.846,0.872000,0.643000,0.652000,-7.183000,2.458000,9.924000,28.390000
0.853,0.928000,0.663000,0.669000,-10.824000,7.679000,16.992000,28.440000
0.866,0.939000,0.658000,0.604000,-12.053000,15.122000,26.847000,28.440000
0.873,0.905000,0.648000,0.562000,-9.809000,15.321000,38.099000,28.440000
0.885,0.877000,0.641000,0.548000,-7.519000,15.443000,47.382000,28.480000
0.893,0.854000,0.604000,0.545000,-0.748000,16.092000,51.687000,28.480000
0.905,0.840000,0.654000,0.627000,4.412000,18.443000,57.221000,28.530000
0.914,0.777000,0.675000,0.648000,1.282000,19.672000,62.206000,28.440000
0.926,0.756000,0.637000,0.667000,-2.969000,20.321000,66.305000,28.440000
0.932,0.717000,0.698000,0.729000,-8.679000,19.954000,71.870000,28.390000
0.945,0.709000,0.705000,0.763000,-18.115000,23.000000,70.832000,28.390000
0.952,0.693000,0.644000,0.735000,-21.412000,23.206000,64.756000,28.390000
0.966,0.700000,0.626000,0.740000,-22.466000,23.771000,58.328000,28.440000
0.977,0.668000,0.626000,0.727000,-22.626000,21.489000,53.542000,28.440000
0.984,0.660000,0.626000,0.724000,-18.878000,14.794000,50.954000,28.480000
0.997,0.658000,0.701000,0.784000,-22.840000,8.771000,50.008000,28.390000
1.004,0.706000,0.714000,0.812000,-27.855000,9.809000,44.237000,28.440000
1.017,0.758000,0.708000,0.793000,-35.061000,14.176000,42.832000,28.440000
1.024,0.771000,0.692000,0.747000,-41.542000,18.496000,43.740000,28.480000
1.036,0.744000,0.631000,0.708000,-42.153000,17.275000,43.924000,28.480000
1.043,0.731000,0.604000,0.663000,-40.740000,16.718000,45.756000,28.480000
1.056,0.719000,0.595000,0.642000,-36.878000,13.664000,49.328000,28.440000
1.063,0.683000,0.589000,0.647000,-33.435000,11.580000,51.099000,28.440000
1.076,0.645000,0.613000,0.675000,-34.153000,9.397000,49.427000,28.480000
1.083,0.636000,0.608000,0.676000,-32.504000,9.000000,42.458000,28.390000
1.096,0.609000,0.588000,0.702000,-32.405000,8.618000,34.008000,28.390000
1.103,0.589000,0.609000,0.724000,-32.359000,7.244000,24.511000,28.440000
1.118,0.592000,0.650000,0.768000,-37.679000,8.344000,15.519000,28.440000
1.123,0.657000,0.640000,0.769000,-45.389000,11.626000,10.718000,28.390000
1.135,0.711000,0.650000,0.754000,-49.939000,18.359000,9.237000,28.480000
1.142,0.722000,0.625000,0.745000,-56.038000,20.740000,13.527000,28.480000
1.156,0.732000,0.595000,0.716000,-60.603000,19.191000,17.641000,28.530000
1.167,0.713000,0.587000,0.666000,-64.183000,14.053000,21.962000,28.440000
1.175,0.701000,0.564000,0.645000,-63.557000,4.809000,23.595000,28.480000
1.187,0.703000,0.546000,0.635000,-59.489000,-3.718000,26.397000,28.390000
1.194,0.727000,0.567000,0.666000,-56.382000,-12.153000,32.115000,28.440000
1.208,0.726000,0.563000,0.680000,-52.802000,-16.313000,39.626000,28.440000
1.215,0.736000,0.581000,0.680000,-47.954000,-13.321000,45.954000,28.440000
1.227,0.731000,0.571000,0.671000,-42.824000,-6.252000,50.069000,28.480000
1.233,0.699000,0.578000,0.704000,-46.954000,3.565000,51.702000,28.480000
1.246,0.676000,0.576000,0.729000,-50.214000,11.733000,51.550000,28.530000
1.253,0.647000,0.564000,0.711000,-53.733000,18.756000,49.076000,28.440000
1.267,0.605000,0.576000,0.709000,-57.740000,22.580000,46.290000,28.440000
1.274,0.609000,0.584000,0.707000,-64.160000,23.740000,45.267000,28.480000
1.285,0.625000,0.564000,0.702000,-65.817000,24.779000,43.885000,28.390000
1.292,0.646000,0.502000,0.688000,-63.565000,29.321000,45.031000,28.440000
1.307,0.639000,0.488000,0.705000,-62.397000,30.947000,50.595000,28.440000
1.311,0.598000,0.493000,0.695000,-66.015000,32.427000,55.847000,28.440000
1.325,0.583000,0.484000,0.700000,-69.969000,30.580000,59.145000,28.390000
1.337,0.580000,0.467000,0.682000,-71.176000,30.282000,63.092000,28.480000
1.344,0.557000,0.462000,0.677000,-67.733000,31.595000,64.489000,28.480000
1.357,0.572000,0.442000,0.682000,-65.947000,37.145000,60.710000,28.440000
1.364,0.570000,0.364000,0.656000,-65.771000,39.908000,61.382000,28.530000
1.377,0.528000,0.313000,0.627000,-66.573000,39.076000,60.901000,28.480000
1.383,0.490000,0.317000,0.610000,-65.618000,33.855000,56.824000,28.480000
1.396,0.461000,0.300000,0.605000,-60.580000,23.420000,50.351000,28.530000
1.403,0.453000,0.302000,0.641000,-57.481000,10.443000,44.893000,28.440000
1.416,0.480000,0.295000,0.664000,-56.649000,-0.908000,38.679000,28.390000
1.424,0.546000,0.228000,0.657000,-53.176000,-6.290000,37.634000,28.390000
1.435,0.566000,0.215000,0.679000,-50.626000,-6.687000,40.786000,28.390000
1.442,0.560000,0.203000,0.681000,-51.115000,-9.290000,42.351000,28.440000
1.456,0.554000,0.243000,0.703000,-48.084000,-10.275000,42.534000,28.440000
1.462,0.580000,0.283000,0.740000,-47.008000,-8.504000,41.397000,28.390000
1.475,0.617000,0.285000,0.753000,-43.809000,-4.115000,43.649000,28.390000
1.487,0.627000,0.285000,0.772000,-47.008000,3.550000,48.130000,28.480000
1.494,0.622000,0.257000,0.756000,-51.916000,11.779000,51.122000,28.440000
1.508,0.597000,0.202000,0.728000,-54.565000,18.061000,55.397000,28.440000
1.515,0.545000,0.153000,0.699000,-54.649000,22.176000,59.229000,28.480000
1.527,0.483000,0.158000,0.662000,-56.298000,19.962000,59.466000,28.480000
1.534,0.417000,0.178000,0.650000,-55.992000,10.435000,54.412000,28.480000
1.546,0.448000,0.158000,0.651000,-53.023000,2.374000,46.573000,28.440000
1.553,0.510000,0.154000,0.670000,-44.641000,10.420000,42.336000,28.440000
1.566,0.512000,0.145000,0.689000,-45.115000,17.985000,43.519000,28.390000
1.574,0.511000,0.087000,0.673000,-45.786000,23.588000,40.954000,28.390000
1.586,0.490000,0.043000,0.635000,-42.901000,29.595000,36.794000,28.340000
1.593,0.507000,0.020000,0.594000,-39.763000,30.992000,30.237000,28.440000
1.606,0.534000,0.033000,0.596000,-37.473000,35.679000,25.115000,28.440000
1.613,0.519000,0.046000,0.601000,-33.916000,37.397000,22.015000,28.390000
1.625,0.514000,0.033000,0.612000,-30.527000,34.153000,17.397000,28.390000
1.630,0.543000,-0.015000,0.615000,-25.282000,34.214000,15.916000,28.340000
1.644,0.531000,-0.027000,0.611000,-24.015000,31.496000,17.267000,28.340000
1.658,0.487000,-0.038000,0.608000,-21.718000,21.656000,19.160000,28.440000
1.665,0.469000,-0.065000,0.618000,-15.183000,7.832000,22.069000,28.390000
1.676,0.462000,-0.083000,0.630000,-8.634000,-4.053000,19.176000,28.480000
1.684,0.473000,-0.034000,0.656000,-5.137000,-13.534000,14.153000,28.340000
1.696,0.517000,-0.015000,0.673000,-2.855000,-16.473000,10.542000,28.440000
1.703,0.574000,-0.021000,0.675000,2.084000,-13.046000,9.634000,28.340000
1.717,0.600000,-0.015000,0.695000,5.931000,-5.611000,15.466000,28.480000
1.724,0.586000,-0.038000,0.710000,5.321000,1.786000,24.901000,28.480000
1.736,0.518000,-0.034000,0.724000,1.641000,8.374000,31.031000,28.390000
1.743,0.439000,0.021000,0.744000,-6.809000,10.977000,32.450000,28.440000
1.756,0.466000,-0.037000,0.723000,-14.153000,21.840000,28.015000,28.440000
1.763,0.444000,-0.067000,0.709000,-12.672000,30.145000,26.359000,28.480000
1.775,0.351000,-0.055000,0.685000,-14.565000,31.382000,21.374000,28.480000
1.782,0.285000,-0.045000,0.658000,-12.740000,21.550000,15.649000,28.440000
1.795,0.264000,-0.043000,0.651000,-7.405000,9.496000,8.405000,28.440000
1.800,0.281000,-0.071000,0.675000,-0.931000,-1.527000,1.702000,28.440000
1.815,0.334000,-0.098000,0.681000,5.481000,-8.595000,-2.130000,28.390000
1.828,0.417000,-0.118000,0.681000,4.145000,-12.405000,-6.725000,28.390000
1.834,0.510000,-0.109000,0.657000,-0.435000,-12.267000,-6.565000,28.340000
1.847,0.566000,-0.109000,0.633000,-3.435000,-11.672000,-3.763000,28.340000
1.854,0.577000,-0.078000,0.632000,-5.626000,-13.221000,2.359000,28.340000
1.867,0.592000,-0.080000,0.656000,-4.389000,-11.145000,6.305000,28.480000
1.874,0.599000,-0.078000,0.700000,-3.023000,-3.351000,11.435000,28.390000
1.886,0.572000,-0.080000,0.698000,-6.908000,8.626000,12.786000,28.440000
1.893,0.525000,-0.084000,0.691000,-11.977000,17.137000,9.221000,28.440000
1.906,0.541000,-0.098000,0.647000,-17.618000,28.137000,3.351000,28.390000
1.913,0.527000,-0.121000,0.615000,-18.649000,34.420000,-1.168000,28.390000
1.925,0.477000,-0.113000,0.587000,-13.702000,30.618000,-2.198000,28.480000
1.932,0.406000,-0.086000,0.637000,-8.565000,17.244000,2.565000,28.390000
1.945,0.366000,-0.114000,0.692000,-5.122000,3.771000,9.099000,28.340000
1.952,0.386000,-0.146000,0.722000,-12.084000,-0.076000,11.649000,28.480000
1.965,0.440000,-0.200000,0.725000,-19.145000,3.374000,11.351000,28.390000
1.977,0.493000,-0.176000,0.670000,-31.008000,16.076000,10.359000,28.390000
1.984,0.432000,-0.212000,0.595000,-34.611000,17.450000,13.626000,28.440000
1.997,0.379000,-0.255000,0.537000,-32.374000,10.847000,17.038000,28.440000
2.004,0.335000,-0.256000,0.508000,-30.305000,1.214000,17.053000,28.390000
2.017,0.302000,-0.313000,0.523000,-18.351000,-8.000000,17.107000,28.480000
2.025,0.239000,-0.330000,0.574000,-5.901000,-16.351000,16.145000,28.340000
2.036,0.208000,-0.319000,0.615000,-4.588000,-20.046000,14.588000,28.440000
2.043,0.238000,-0.307000,0.631000,-13.565000,-11.046000,13.069000,28.440000
2.057,0.255000,-0.277000,0.595000,-29.313000,0.069000,8.344000,28.480000
2.063,0.272000,-0.257000,0.546000,-35.870000,7.313000,1.748000,28.390000
2.075,0.298000,-0.235000,0.545000,-35.924000,11.878000,-6.702000,28.440000
2.087,0.319000,-0.244000,0.549000,-27.565000,13.405000,-15.656000,28.440000
2.094,0.329000,-0.262000,0.579000,-18.008000,13.115000,-22.198000,28.440000
2.107,0.311000,-0.296000,0.585000,-12.160000,10.725000,-23.427000,28.480000
2.114,0.268000,-0.327000,0.557000,-14.359000,-1.855000,-19.282000,28.390000
2.126,0.284000,-0.333000,0.511000,-14.947000,-18.916000,-15.084000,28.390000
2.133,0.352000,-0.323000,0.526000,-9.992000,-28.947000,-13.763000,28.440000
2.145,0.408000,-0.286000,0.544000,-4.473000,-35.634000,-14.763000,28.340000
2.152,0.446000,-0.273000,0.537000,1.038000,-39.008000,-16.947000,28.480000
2.165,0.459000,-0.273000,0.556000,8.046000,-43.267000,-16.824000,28.390000
2.177,0.481000,-0.257000,0.599000,9.733000,-43.603000,-17.015000,28.440000
2.184,0.546000,-0.233000,0.609000,2.511000,-32.275000,-17.046000,28.440000
2.196,0.574000,-0.237000,0.593000,-6.718000,-14.580000,-17.046000,28.340000
2.204,0.587000,-0.248000,0.522000,-12.931000,3.122000,-20.916000,28.480000
2.217,0.598000,-0.232000,0.465000,-13.389000,14.504000,-23.771000,28.480000
2.224,0.551000,-0.240000,0.456000,-6.405000,14.496000,-22.939000,28.440000
2.235,0.518000,-0.239000,0.456000,1.718000,13.458000,-25.008000,28.340000
2.243,0.468000,-0.251000,0.495000,11.962000,8.290000,-26.695000,28.340000
2.256,0.414000,-0.231000,0.543000,19.756000,-1.229000,-26.015000,28.390000
2.263,0.405000,-0.188000,0.585000,16.817000,-11.023000,-22.847000,28.390000
2.275,0.427000,-0.176000,0.603000,14.710000,-18.458000,-22.603000,28.440000
2.287,0.464000,-0.189000,0.590000,14.397000,-23.893000,-20.550000,28.440000
2.294,0.485000,-0.156000,0.575000,10.901000,-29.359000,-20.573000,28.530000
2.306,0.503000,-0.141000,0.576000,11.092000,-37.290000,-21.603000,28.390000
2.313,0.549000,-0.135000,0.599000,17.450000,-41.382000,-22.809000,28.480000
2.325,0.560000,-0.104000,0.639000,21.779000,-40.412000,-23.046000,28.390000
2.332,0.570000,-0.094000,0.675000,19.061000,-37.107000,-25.260000,28.440000
2.345,0.583000,-0.106000,0.680000,17.130000,-34.053000,-26.740000,28.480000
2.359,0.607000,-0.093000,0.680000,8.618000,-24.771000,-28.443000,28.480000
2.365,0.619000,-0.092000,0.649000,1.214000,-14.069000,-29.618000,28.480000
2.377,0.630000,-0.096000,0.639000,-4.916000,-3.634000,-30.817000,28.440000
2.384,0.625000,-0.088000,0.619000,-8.359000,6.687000,-30.626000,28.440000
2.396,0.581000,-0.078000,0.594000,-9.573000,8.061000,-30.313000,28.480000
2.403,0.555000,-0.089000,0.561000,-5.641000,5.237000,-31.779000,28.480000
2.417,0.572000,-0.099000,0.590000,-0.855000,1.160000,-30.084000,28.390000
2.424,0.566000,-0.099000,0.583000,0.527000,2.450000,-34.649000,28.440000
2.436,0.571000,-0.086000,0.579000,5.756000,-0.443000,-36.443000,28.440000
2.443,0.571000,-0.080000,0.575000,12.458000,-5.916000,-33.496000,28.480000
2.455,0.582000,-0.069000,0.582000,12.992000,-8.542000,-34.076000,28.390000
2.463,0.604000,-0.081000,0.590000,14.786000,-8.107000,-34.397000,28.480000
2.475,0.618000,-0.077000,0.604000,15.878000,-2.840000,-33.595000,28.440000
2.487,0.611000,-0.049000,0.600000,14.374000,-2.504000,-34.237000,28.440000
2.494,0.617000,-0.032000,0.619000,17.885000,-5.908000,-34.359000,28.480000
2.507,0.634000,-0.042000,0.618000,25.527000,-10.664000,-29.641000,28.480000
2.515,0.606000,-0.043000,0.643000,25.595000,-12.641000,-28.427000,28.390000
2.526,0.585000,-0.017000,0.692000,17.214000,-7.603000,-26.023000,28.480000
2.533,0.533000,0.017000,0.704000,12.099000,-0.252000,-22.847000,28.340000
2.546,0.511000,0.037000,0.661000,5.450000,1.481000,-25.962000,28.480000
2.553,0.573000,0.030000,0.647000,4.534000,-0.603000,-31.702000,28.480000
2.566,0.648000,-0.007000,0.617000,9.267000,4.870000,-37.458000,28.390000
2.573,0.694000,-0.024000,0.609000,15.481000,12.710000,-38.366000,28.530000
2.585,0.700000,-0.031000,0.608000,21.168000,18.221000,-36.450000,28.440000
2.592,0.626000,0.007000,0.633000,24.679000,18.908000,-30.038000,28.480000
2.607,0.539000,0.096000,0.631000,20.084000,11.145000,-24.511000,28.480000
2.611,0.530000,0.099000,0.602000,16.038000,-2.511000,-27.023000,28.390000
2.625,0.619000,0.082000,0.636000,23.489000,-10.191000,-27.550000,28.440000
2.637,0.648000,0.047000,0.698000,31.122000,-6.634000,-26.832000,28.440000
2.644,0.638000,0.037000,0.723000,34.901000,-1.198000,-27.122000,28.390000
2.658,0.614000,0.057000,0.738000,31.389000,0.351000,-25.420000,28.390000
2.665,0.573000,0.079000,0.693000,28.870000,-2.969000,-26.397000,28.480000
2.677,0.581000,0.083000,0.671000,29.092000,-7.046000,-31.618000,28.440000
2.683,0.616000,0.110000,0.706000,31.595000,-4.840000,-30.611000,28.440000
2.696,0.560000,0.172000,0.720000,31.748000,-5.137000,-24.481000,28.390000
2.703,0.456000,0.213000,0.719000,28.748000,-16.656000,-19.847000,28.390000
2.715,0.429000,0.247000,0.710000,24.626000,-31.000000,-20.351000,28.580000
2.724,0.463000,0.198000,0.679000,25.893000,-41.443000,-27.687000,28.390000
2.735,0.571000,0.166000,0.669000,27.221000,-40.733000,-37.595000,28.530000
2.742,0.644000,0.156000,0.707000,31.000000,-39.229000,-38.229000,28.390000
2.757,0.669000,0.132000,0.746000,30.237000,-30.595000,-38.969000,28.480000
2.768,0.644000,0.202000,0.772000,19.008000,-17.443000,-36.229000,28.480000
2.775,0.599000,0.289000,0.711000,7.641000,-14.649000,-37.290000,28.440000
2.787,0.648000,0.198000,0.636000,5.542000,-21.466000,-43.656000,28.340000
2.794,0.781000,0.154000,0.670000,11.267000,-17.763000,-45.519000,28.390000
2.806,0.794000,0.131000,0.680000,18.710000,-4.534000,-44.588000,28.480000
2.814,0.752000,0.149000,0.681000,23.420000,1.366000,-40.496000,28.390000
2.826,0.677000,0.155000,0.694000,28.229000,-6.992000,-31.328000,28.440000
2.833,0.581000,0.257000,0.701000,27.313000,-21.802000,-21.550000,28.440000
2.846,0.506000,0.366000,0.683000,18.870000,-42.252000,-19.771000,28.580000
2.852,0.542000,0.366000,0.651000,10.168000,-58.435000,-26.405000,28.480000
2.866,0.649000,0.321000,0.650000,10.443000,-65.649000,-31.008000,28.390000
2.871,0.736000,0.273000,0.644000,13.237000,-59.351000,-33.786000,28.440000
2.884,0.789000,0.258000,0.613000,15.878000,-52.397000,-35.924000,28.440000
2.897,0.838000,0.210000,0.594000,21.008000,-41.878000,-34.458000,28.480000
2.904,0.838000,0.207000,0.597000,24.336000,-25.802000,-25.618000,28.480000
2.918,0.757000,0.330000,0.629000,17.092000,-15.313000,-14.664000,28.480000
2.924,0.670000,0.406000,0.583000,3.672000,-12.282000,-19.145000,28.440000
2.936,0.726000,0.327000,0.545000,1.344000,-13.878000,-29.802000,28.440000
2.943,0.780000,0.290000,0.554000,9.435000,-8.313000,-37.160000,28.480000
2.957,0.774000,0.305000,0.574000,19.374000,-7.076000,-39.740000,28.480000
2.963,0.777000,0.271000,0.591000,26.527000,-5.053000,-38.252000,28.480000
2.976,0.774000,0.301000,0.605000,31.122000,-3.389000,-31.260000,28.440000
2.983,0.740000,0.376000,0.626000,28.756000,-5.695000,-21.214000,28.440000
2.995,0.689000,0.388000,0.628000,21.847000,-6.870000,-17.328000,28.480000
3.002,0.687000,0.393000,0.630000,20.427000,-13.565000,-19.023000,28.390000
3.015,0.710000,0.368000,0.628000,20.771000,-20.527000,-26.267000,28.480000
3.027,0.740000,0.318000,0.625000,24.595000,-22.664000,-33.427000,28.440000
3.034,0.755000,0.325000,0.634000,31.916000,-22.954000,-37.046000,28.440000
3.047,0.761000,0.318000,0.647000,36.427000,-17.328000,-38.573000,28.480000
3.054,0.774000,0.316000,0.651000,38.664000,-7.214000,-39.084000,28.480000
3.067,0.763000,0.409000,0.693000,35.183000,0.809000,-33.939000,28.480000
3.075,0.723000,0.464000,0.670000,23.695000,3.748000,-34.809000,28.340000
3.086,0.779000,0.391000,0.651000,23.511000,-0.756000,-40.710000,28.530000
3.093,0.847000,0.362000,0.656000,27.748000,-3.656000,-42.382000,28.480000
3.106,0.856000,0.356000,0.670000,36.069000,-0.290000,-40.389000,28.480000
3.113,0.787000,0.354000,0.675000,43.802000,-2.405000,-35.412000,28.480000
3.126,0.696000,0.401000,0.702000,47.176000,-11.389000,-28.137000,28.440000
3.132,0.606000,0.483000,0.740000,43.275000,-22.153000,-23.244000,28.530000
3.145,0.597000,0.536000,0.750000,33.412000,-30.298000,-22.359000,28.480000
3.157,0.639000,0.535000,0.725000,22.840000,-32.939000,-27.160000,28.580000
3.166,0.721000,0.489000,0.691000,18.519000,-33.061000,-33.985000,28.530000
3.177,0.795000,0.438000,0.689000,18.053000,-24.069000,-37.664000,28.440000
3.184,0.808000,0.401000,0.677000,22.450000,-9.847000,-35.397000,28.530000
3.197,0.760000,0.412000,0.667000,24.557000,2.305000,-29.893000,28.480000
3.204,0.682000,0.443000,0.662000,21.931000,6.542000,-23.206000,28.390000
3.218,0.627000,0.514000,0.640000,13.435000,7.122000,-23.214000,28.440000
3.224,0.650000,0.462000,0.605000,9.863000,5.420000,-29.863000,28.440000
3.236,0.692000,0.433000,0.611000,12.107000,-0.496000,-34.534000,28.530000
3.243,0.672000,0.426000,0.630000,18.053000,0.611000,-40.160000,28.480000
3.257,0.657000,0.417000,0.625000,21.672000,-6.809000,-43.168000,28.480000
3.264,0.661000,0.422000,0.642000,23.824000,-18.267000,-43.160000,28.440000
3.276,0.635000,0.437000,0.662000,23.695000,-27.069000,-40.779000,28.440000
3.283,0.624000,0.510000,0.694000,18.634000,-35.473000,-35.634000,28.530000
3.295,0.561000,0.527000,0.712000,9.748000,-40.321000,-32.809000,28.480000
3.302,0.552000,0.539000,0.720000,5.641000,-47.504000,-35.328000,28.480000
3.315,0.577000,0.565000,0.714000,0.176000,-50.740000,-42.939000,28.480000
3.327,0.652000,0.539000,0.697000,-4.176000,-49.038000,-53.679000,28.340000
3.335,0.716000,0.510000,0.666000,-5.443000,-43.267000,-63.015000,28.530000
3.346,0.768000,0.500000,0.647000,-5.397000,-31.733000,-66.443000,28.390000
3.354,0.772000,0.514000,0.660000,-4.634000,-23.626000,-65.153000,28.390000
3.367,0.769000,0.501000,0.695000,-6.977000,-17.313000,-57.420000,28.530000
3.374,0.726000,0.525000,0.725000,-10.695000,-11.466000,-47.565000,28.530000
3.385,0.674000,0.549000,0.712000,-21.962000,-11.992000,-44.031000,28.480000
3.392,0.714000,0.550000,0.711000,-28.130000,-21.458000,-42.878000,28.480000
3.406,0.747000,0.509000,0.704000,-28.847000,-16.702000,-45.496000,28.440000
3.417,0.740000,0.501000,0.692000,-23.115000,-12.679000,-48.511000,28.440000
3.425,0.679000,0.514000,0.718000,-17.847000,-12.626000,-50.344000,28.530000
3.437,0.622000,0.555000,0.777000,-15.405000,-17.221000,-52.168000,28.390000
3.443,0.571000,0.637000,0.769000,-26.725000,-29.908000,-60.809000,28.390000
3.457,0.638000,0.637000,0.781000,-42.687000,-46.382000,-74.092000,28.440000
3.463,0.832000,0.581000,0.744000,-51.901000,-53.763000,-71.313000,28.440000
3.476,0.961000,0.529000,0.723000,-55.855000,-53.374000,-57.267000,28.530000
3.481,0.995000,0.489000,0.738000,-51.183000,-44.756000,-41.977000,28.480000
3.494,0.993000,0.486000,0.775000,-42.099000,-38.244000,-22.145000,28.480000
3.508,0.955000,0.580000,0.918000,-42.679000,-39.076000,1.954000,28.580000
3.514,0.934000,0.649000,0.932000,-53.824000,-35.969000,18.618000,28.530000
3.527,0.979000,0.652000,0.920000,-69.534000,-22.786000,19.069000,28.480000
3.534,1.072000,0.588000,0.862000,-75.756000,6.267000,11.664000,28.480000
3.546,1.134000,0.530000,0.856000,-73.588000,40.267000,8.076000,28.480000
3.553,1.129000,0.473000,0.881000,-63.550000,58.809000,15.198000,28.440000
3.567,1.092000,0.547000,0.935000,-62.863000,71.519000,21.618000,28.530000
3.574,1.004000,0.555000,0.923000,-61.618000,76.061000,26.504000,28.580000
3.585,0.934000,0.573000,0.924000,-68.122000,81.733000,31.038000,28.580000
3.592,0.853000,0.622000,0.946000,-76.870000,81.863000,32.046000,28.480000
3.606,0.744000,0.611000,0.938000,-88.420000,77.366000,26.634000,28.530000
3.613,0.700000,0.602000,0.928000,-89.359000,73.061000,13.061000,28.530000
3.625,0.713000,0.612000,0.983000,-98.351000,64.359000,2.687000,28.390000
3.630,0.806000,0.578000,0.985000,-105.916000,56.450000,-0.496000,28.480000
3.644,0.879000,0.604000,0.983000,-124.855000,51.794000,7.565000,28.480000
3.657,0.780000,0.559000,0.936000,-137.031000,50.809000,14.611000,28.440000
3.665,0.677000,0.536000,0.900000,-143.305000,50.435000,12.153000,28.530000
3.677,0.601000,0.504000,0.841000,-145.046000,38.023000,5.840000,28.390000
3.684,0.574000,0.552000,0.865000,-148.405000,19.931000,4.145000,28.480000
3.696,0.576000,0.549000,0.906000,-155.221000,11.557000,-3.710000,28.480000
3.703,0.671000,0.597000,0.931000,-170.336000,13.519000,-4.992000,28.440000
3.717,0.725000,0.544000,0.898000,-182.313000,21.779000,-13.252000,28.530000
3.723,0.743000,0.427000,0.784000,-185.198000,23.832000,-15.969000,28.390000
3.735,0.697000,0.312000,0.689000,-158.672000,11.458000,-5.733000,28.390000
3.747,0.699000,0.301000,0.612000,-142.374000,9.389000,-0.168000,28.440000
3.754,0.597000,0.351000,0.654000,-138.824000,13.061000,-3.466000,28.440000
3.766,0.535000,0.342000,0.643000,-142.725000,9.824000,-2.328000,28.530000
3.775,0.559000,0.300000,0.630000,-141.710000,3.695000,0.840000,28.480000
3.786,0.625000,0.199000,0.566000,-132.427000,8.473000,-2.557000,28.390000
3.793,0.678000,0.176000,0.568000,-121.947000,21.695000,-2.916000,28.440000
3.806,0.697000,0.158000,0.569000,-107.427000,37.252000,-2.847000,28.530000
3.813,0.600000,0.193000,0.596000,-104.031000,44.076000,-6.214000,28.530000
3.825,0.566000,0.183000,0.583000,-103.992000,45.580000,-14.588000,28.480000
3.837,0.529000,0.186000,0.554000,-105.534000,37.260000,-15.679000,28.480000
3.844,0.604000,0.079000,0.522000,-102.618000,39.191000,-19.496000,28.440000
3.856,0.714000,0.036000,0.538000,-93.634000,51.015000,-13.649000,28.440000
3.864,0.633000,0.113000,0.637000,-93.496000,56.649000,-4.740000,28.440000
3.876,0.559000,0.076000,0.682000,-97.908000,54.649000,-4.290000,28.480000
3.883,0.506000,0.064000,0.656000,-92.290000,53.366000,-9.290000,28.390000
3.895,0.467000,0.034000,0.575000,-83.878000,52.099000,-18.328000,28.390000
3.908,0.504000,-0.068000,0.492000,-73.840000,45.817000,-24.977000,28.440000
3.914,0.497000,-0.071000,0.481000,-65.458000,46.664000,-37.351000,28.530000
3.927,0.453000,-0.072000,0.526000,-55.817000,35.298000,-35.511000,28.480000
3.933,0.563000,-0.112000,0.558000,-52.878000,40.450000,-38.046000,28.480000
3.946,0.725000,-0.137000,0.570000,-40.870000,67.183000,-34.443000,28.530000
3.952,0.671000,-0.085000,0.706000,-33.809000,86.160000,-30.786000,28.440000
3.966,0.561000,-0.033000,0.779000,-33.496000,88.313000,-25.702000,28.480000
3.977,0.510000,-0.037000,0.781000,-35.580000,84.901000,-20.687000,28.390000
3.984,0.436000,-0.047000,0.763000,-43.450000,76.710000,-15.779000,28.290000
3.996,0.386000,-0.099000,0.711000,-32.603000,58.931000,-17.412000,28.440000
4.003,0.329000,-0.132000,0.706000,-31.405000,35.076000,-14.313000,28.440000
4.017,0.455000,-0.179000,0.673000,-24.954000,34.939000,-17.656000,28.390000
4.024,0.555000,-0.170000,0.733000,-9.473000,43.565000,-14.771000,28.390000
4.035,0.640000,-0.242000,0.756000,7.779000,66.855000,-19.099000,28.480000
4.047,0.736000,-0.167000,0.885000,20.908000,101.267000,-23.305000,28.440000
4.054,0.618000,-0.040000,1.010000,27.504000,124.443000,-25.374000,28.440000
4.067,0.422000,0.054000,1.103000,18.809000,128.008000,-29.496000,28.390000
4.075,0.225000,0.128000,1.139000,-9.351000,127.817000,-37.160000,28.480000
4.086,0.089000,0.066000,1.093000,-36.511000,104.214000,-43.901000,28.390000
4.092,0.244000,-0.092000,0.975000,-41.702000,89.008000,-47.573000,28.390000
4.106,0.313000,-0.140000,0.911000,-29.557000,76.664000,-41.580000,28.530000
4.117,0.320000,-0.165000,0.906000,-16.137000,71.244000,-34.809000,28.390000
4.125,0.269000,-0.124000,0.909000,-7.511000,67.351000,-25.275000,28.390000
4.136,0.172000,-0.086000,0.954000,-6.015000,60.031000,-19.076000,28.480000
4.143,0.094000,-0.042000,0.948000,-15.107000,45.321000,-17.290000,28.340000
4.156,0.125000,-0.055000,0.922000,-22.939000,37.374000,-20.221000,28.440000
4.163,0.162000,-0.087000,0.898000,-26.931000,36.725000,-25.183000,28.480000
4.175,0.165000,-0.112000,0.888000,-22.527000,36.031000,-27.183000,28.390000
4.187,0.223000,-0.096000,0.875000,-21.252000,42.420000,-30.679000,28.390000
4.194,0.249000,-0.102000,0.903000,-17.992000,54.168000,-36.313000,28.340000
4.206,0.277000,-0.129000,0.899000,-13.603000,72.015000,-39.954000,28.440000
4.213,0.246000,-0.140000,0.892000,-8.954000,86.878000,-39.840000,28.290000
4.226,0.163000,-0.172000,0.912000,0.069000,93.229000,-36.901000,28.390000
4.232,0.064000,-0.118000,0.931000,-0.939000,86.809000,-28.656000,28.390000
4.245,0.004000,-0.070000,0.948000,-5.847000,79.000000,-27.282000,28.530000
4.258,-0.042000,-0.051000,0.933000,-17.534000,67.466000,-31.672000,28.530000
4.267,-0.048000,-0.086000,0.902000,-27.099000,54.908000,-39.267000,28.480000
4.276,-0.021000,-0.129000,0.885000,-30.260000,44.840000,-44.237000,28.390000
4.283,0.045000,-0.170000,0.854000,-22.282000,44.611000,-53.496000,28.390000
4.295,0.090000,-0.145000,0.889000,-13.504000,48.473000,-59.893000,28.390000
4.302,0.091000,-0.139000,0.909000,-7.328000,53.832000,-64.771000,28.440000
4.316,0.122000,-0.095000,0.917000,-10.557000,61.336000,-64.298000,28.480000
4.327,0.076000,-0.070000,0.940000,-22.420000,62.466000,-62.962000,28.390000
4.333,-0.002000,-0.068000,0.946000,-32.557000,53.420000,-58.588000,28.480000
4.346,-0.055000,-0.092000,0.906000,-42.313000,39.191000,-52.924000,28.530000
4.352,-0.039000,-0.151000,0.852000,-45.718000,24.863000,-52.740000,28.530000
4.365,0.035000,-0.191000,0.807000,-41.366000,16.359000,-51.611000,28.480000
4.378,0.098000,-0.229000,0.795000,-32.450000,17.359000,-52.626000,28.480000
4.384,0.140000,-0.228000,0.791000,-24.939000,25.443000,-54.443000,28.390000
4.396,0.143000,-0.229000,0.801000,-19.580000,36.015000,-51.267000,28.440000
4.403,0.081000,-0.193000,0.853000,-15.809000,41.221000,-47.656000,28.440000
4.417,0.005000,-0.154000,0.871000,-17.275000,36.931000,-42.046000,28.480000
4.422,-0.060000,-0.138000,0.884000,-23.870000,25.672000,-34.412000,28.390000
4.434,-0.080000,-0.157000,0.871000,-31.573000,11.962000,-32.733000,28.390000
4.447,-0.040000,-0.195000,0.843000,-31.672000,1.954000,-32.176000,28.440000
4.453,0.005000,-0.210000,0.825000,-27.122000,-3.046000,-30.977000,28.530000
4.467,0.021000,-0.225000,0.812000,-23.382000,-1.099000,-33.893000,28.390000
4.475,0.110000,-0.260000,0.804000,-16.168000,12.634000,-44.191000,28.390000
4.485,0.271000,-0.222000,0.825000,-7.397000,46.191000,-52.351000,28.390000
4.497,0.259000,-0.198000,0.855000,-2.061000,78.389000,-56.924000,28.340000
4.506,0.151000,-0.177000,0.887000,-4.809000,97.763000,-54.099000,28.440000
4.517,-0.013000,-0.162000,0.886000,-12.405000,101.565000,-50.023000,28.390000
4.524,-0.130000,-0.167000,0.861000,-18.191000,82.901000,-43.359000,28.480000
4.535,-0.176000,-0.199000,0.810000,-23.214000,52.099000,-32.763000,28.480000
4.542,-0.112000,-0.248000,0.805000,-23.198000,29.824000,-26.588000,28.440000
4.556,-0.034000,-0.250000,0.797000,-18.099000,19.298000,-24.977000,28.530000
4.567,0.005000,-0.275000,0.798000,-11.069000,16.840000,-22.260000,28.390000
4.575,0.032000,-0.237000,0.825000,-6.290000,22.847000,-19.649000,28.390000
4.586,0.078000,-0.218000,0.866000,-3.389000,40.000000,-23.008000,28.440000
4.593,0.081000,-0.195000,0.906000,-2.496000,60.267000,-23.718000,28.440000
4.606,-0.002000,-0.189000,0.920000,-7.412000,71.443000,-23.023000,28.440000
4.611,-0.094000,-0.183000,0.888000,-11.748000,70.718000,-17.588000,28.480000
4.625,-0.147000,-0.210000,0.863000,-15.145000,64.038000,-17.450000,28.480000
4.637,-0.173000,-0.224000,0.859000,-17.641000,49.557000,-14.534000,28.440000
4.643,-0.143000,-0.245000,0.838000,-17.221000,38.542000,-12.458000,28.440000
4.657,-0.078000,-0.269000,0.843000,-13.000000,37.527000,-12.244000,28.530000
4.663,-0.016000,-0.233000,0.872000,-13.031000,45.840000,-8.466000,28.480000
4.675,-0.043000,-0.251000,0.869000,-7.748000,57.748000,-8.756000,28.390000
4.687,-0.048000,-0.229000,0.887000,-7.412000,73.527000,-12.107000,28.290000
4.694,-0.101000,-0.244000,0.880000,-5.832000,83.229000,-14.374000,28.440000
4.706,-0.208000,-0.219000,0.834000,-6.832000,81.000000,-15.260000,28.440000
4.713,-0.248000,-0.245000,0.839000,-5.321000,71.748000,-11.847000,28.480000
4.725,-0.287000,-0.238000,0.828000,-5.893000,55.939000,-6.443000,28.480000
4.732,-0.312000,-0.265000,0.814000,-8.824000,35.550000,-0.855000,28.340000
4.745,-0.263000,-0.269000,0.817000,-9.557000,21.893000,4.107000,28.440000
4.758,-0.233000,-0.292000,0.802000,-8.534000,14.282000,8.443000,28.530000
4.764,-0.177000,-0.273000,0.828000,-6.885000,18.252000,7.855000,28.480000
4.777,-0.144000,-0.289000,0.808000,-4.153000,27.374000,4.832000,28.480000
4.784,-0.163000,-0.272000,0.852000,-3.817000,39.695000,2.229000,28.340000
4.796,-0.202000,-0.264000,0.833000,-2.344000,43.840000,1.450000,28.440000
4.803,-0.267000,-0.279000,0.839000,-1.595000,40.160000,2.824000,28.440000
4.816,-0.344000,-0.255000,0.821000,-1.763000,22.962000,7.985000,28.480000
4.823,-0.397000,-0.271000,0.782000,-2.168000,2.450000,12.847000,28.480000
4.835,-0.307000,-0.294000,0.807000,-0.962000,-5.702000,14.618000,28.440000
4.842,-0.228000,-0.286000,0.849000,1.298000,-2.351000,14.863000,28.440000
4.857,-0.214000,-0.288000,0.846000,5.122000,7.534000,13.015000,28.440000
4.868,-0.233000,-0.269000,0.868000,7.298000,18.656000,8.794000,28.390000
4.876,-0.255000,-0.258000,0.882000,4.771000,25.832000,3.351000,28.480000
4.887,-0.290000,-0.271000,0.896000,4.183000,25.557000,3.305000,28.480000
4.894,-0.343000,-0.273000,0.863000,1.595000,20.092000,1.603000,28.440000
4.908,-0.375000,-0.291000,0.857000,2.695000,9.359000,6.313000,28.390000
4.915,-0.388000,-0.285000,0.852000,-0.023000,-7.069000,9.977000,28.480000
4.927,-0.339000,-0.278000,0.859000,0.710000,-15.962000,9.565000,28.390000
4.933,-0.255000,-0.266000,0.876000,2.076000,-13.855000,7.031000,28.440000
4.946,-0.197000,-0.280000,0.877000,4.611000,-2.718000,3.580000,28.440000
4.953,-0.187000,-0.283000,0.888000,5.031000,12.908000,-0.641000,28.390000
4.966,-0.198000,-0.304000,0.884000,6.656000,25.206000,-5.298000,28.390000
4.973,-0.258000,-0.279000,0.884000,6.015000,32.939000,-5.435000,28.390000
4.985,-0.301000,-0.266000,0.892000,3.924000,31.947000,-0.481000,28.440000
4.997,-0.319000,-0.249000,0.912000,-0.679000,26.115000,4.618000,28.440000
5.004,-0.362000,-0.259000,0.899000,-3.023000,19.221000,8.779000,28.480000
5.017,-0.302000,-0.277000,0.878000,-3.702000,20.298000,7.023000,28.390000
5.024,-0.258000,-0.267000,0.885000,-5.557000,26.611000,5.618000,28.580000
5.036,-0.260000,-0.296000,0.880000,-2.840000,35.809000,3.427000,28.530000
5.043,-0.300000,-0.292000,0.864000,-0.550000,41.832000,-0.267000,28.440000
5.057,-0.341000,-0.295000,0.847000,-0.916000,42.076000,-0.023000,28.390000
5.063,-0.367000,-0.288000,0.855000,-0.863000,37.069000,1.641000,28.390000
5.075,-0.350000,-0.292000,0.846000,-0.305000,34.412000,2.229000,28.480000
5.087,-0.299000,-0.291000,0.844000,-0.313000,38.229000,3.550000,28.440000
5.094,-0.300000,-0.311000,0.850000,0.290000,43.160000,6.580000,28.440000
5.108,-0.320000,-0.310000,0.820000,0.084000,50.344000,7.153000,28.480000
5.115,-0.312000,-0.307000,0.814000,-0.038000,58.153000,7.397000,28.480000
5.127,-0.344000,-0.312000,0.817000,1.763000,62.595000,10.015000,28.530000
5.133,-0.420000,-0.310000,0.769000,-1.626000,56.885000,10.786000,28.440000
5.146,-0.452000,-0.281000,0.803000,3.046000,53.840000,9.405000,28.530000
5.153,-0.475000,-0.282000,0.812000,3.115000,43.954000,10.939000,28.480000
5.167,-0.471000,-0.271000,0.817000,2.573000,34.519000,13.473000,28.390000
5.173,-0.438000,-0.257000,0.813000,1.382000,29.962000,18.137000,28.530000
5.185,-0.436000,-0.280000,0.787000,-0.855000,29.809000,25.237000,28.440000
5.197,-0.402000,-0.311000,0.786000,-0.863000,34.664000,27.748000,28.440000
5.204,-0.359000,-0.299000,0.784000,-0.313000,46.595000,28.786000,28.480000
5.217,-0.367000,-0.309000,0.767000,1.031000,61.191000,26.962000,28.480000
5.225,-0.420000,-0.306000,0.741000,2.702000,70.718000,24.664000,28.530000
5.236,-0.466000,-0.300000,0.743000,3.656000,73.344000,20.916000,28.440000
5.243,-0.511000,-0.282000,0.731000,4.748000,69.527000,19.740000,28.440000
5.257,-0.538000,-0.273000,0.722000,4.427000,62.397000,20.618000,28.480000
5.263,-0.526000,-0.271000,0.708000,3.656000,59.321000,23.328000,28.480000
5.276,-0.502000,-0.275000,0.698000,-0.992000,58.718000,26.076000,28.480000
5.282,-0.482000,-0.290000,0.682000,1.611000,63.786000,29.321000,28.440000
5.295,-0.488000,-0.286000,0.663000,0.206000,70.847000,31.603000,28.480000
5.308,-0.490000,-0.299000,0.628000,3.084000,79.977000,33.260000,28.480000
5.316,-0.520000,-0.283000,0.615000,2.763000,86.206000,34.137000,28.480000
5.326,-0.525000,-0.278000,0.606000,4.672000,90.847000,34.344000,28.440000
5.333,-0.538000,-0.260000,0.601000,5.168000,94.550000,36.656000,28.440000
5.346,-0.576000,-0.254000,0.608000,7.145000,96.656000,41.229000,28.480000
5.353,-0.592000,-0.250000,0.584000,11.481000,97.985000,45.229000,28.480000
5.367,-0.596000,-0.210000,0.590000,13.405000,99.221000,51.389000,28.440000
5.373,-0.657000,-0.218000,0.582000,15.420000,96.374000,57.748000,28.440000
5.385,-0.670000,-0.222000,0.570000,16.901000,93.702000,63.092000,28.440000
5.397,-0.699000,-0.185000,0.611000,13.763000,91.779000,66.840000,28.480000
5.404,-0.745000,-0.191000,0.620000,14.878000,90.748000,65.740000,28.390000
5.417,-0.734000,-0.144000,0.624000,17.168000,89.405000,62.824000,28.440000
5.425,-0.743000,-0.111000,0.660000,18.931000,92.122000,61.786000,28.530000
5.436,-0.780000,-0.079000,0.659000,22.351000,93.122000,59.244000,28.580000
5.443,-0.809000,-0.057000,0.695000,18.244000,92.656000,58.221000,28.480000
5.457,-0.858000,-0.027000,0.714000,14.206000,88.344000,55.824000,28.390000
5.463,-0.877000,0.002000,0.706000,2.595000,83.763000,51.527000,28.580000
5.475,-0.841000,0.022000,0.678000,-2.481000,84.786000,47.015000,28.530000
5.487,-0.824000,0.011000,0.705000,-7.427000,88.069000,40.603000,28.580000
5.494,-0.856000,0.001000,0.682000,-11.466000,89.496000,30.832000,28.480000
5.507,-0.883000,0.014000,0.660000,-13.939000,90.756000,21.771000,28.620000
5.514,-0.901000,0.022000,0.655000,-18.427000,86.427000,14.359000,28.440000
5.526,-0.896000,0.069000,0.678000,-27.450000,78.023000,10.336000,28.530000
5.533,-0.878000,0.089000,0.674000,-40.710000,71.412000,10.908000,28.580000
5.545,-0.834000,0.090000,0.648000,-51.237000,65.489000,14.015000,28.580000
5.558,-0.766000,-0.011000,0.607000,-56.359000,68.901000,15.191000,28.530000
5.566,-0.837000,0.034000,0.581000,-56.870000,73.275000,12.771000,28.530000
5.577,-0.856000,-0.025000,0.551000,-53.000000,78.084000,8.267000,28.620000
5.583,-0.906000,-0.066000,0.494000,-52.046000,82.122000,-0.748000,28.480000
5.596,-0.870000,-0.035000,0.516000,-54.679000,82.840000,-10.229000,28.580000
5.602,-0.883000,0.025000,0.524000,-61.733000,87.122000,-18.076000,28.530000
5.616,-0.940000,0.012000,0.485000,-66.924000,85.115000,-27.718000,28.530000
5.627,-0.897000,-0.062000,0.470000,-71.992000,83.931000,-34.000000,28.440000
5.634,-0.922000,-0.088000,0.323000,-68.176000,77.985000,-41.725000,28.480000
5.646,-0.894000,-0.147000,0.304000,-61.931000,70.107000,-48.336000,28.480000
5.653,-0.833000,-0.178000,0.303000,-56.099000,66.939000,-43.916000,28.480000
5.667,-0.797000,-0.181000,0.302000,-51.267000,69.863000,-35.389000,28.440000
5.677,-0.795000,-0.196000,0.290000,-48.328000,72.687000,-28.748000,28.530000
5.684,-0.792000,-0.200000,0.299000,-49.183000,77.817000,-23.107000,28.480000
5.696,-0.785000,-0.127000,0.324000,-53.588000,75.359000,-15.366000,28.480000
5.703,-0.828000,-0.156000,0.301000,-63.191000,69.924000,-6.664000,28.530000
5.717,-0.817000,-0.179000,0.280000,-75.275000,69.740000,5.489000,28.440000
5.722,-0.864000,-0.231000,0.263000,-80.702000,68.069000,11.863000,28.530000
5.734,-0.915000,-0.261000,0.217000,-78.031000,65.053000,13.985000,28.390000
5.747,-0.955000,-0.301000,0.190000,-70.954000,57.023000,11.809000,28.480000
5.754,-0.803000,-0.194000,0.225000,-59.573000,65.260000,11.527000,28.530000
5.767,-0.807000,-0.205000,0.248000,-60.756000,78.916000,12.183000,28.530000
5.774,-0.871000,-0.221000,0.240000,-67.092000,81.183000,12.214000,28.530000
5.785,-0.982000,-0.159000,0.171000,-72.122000,77.733000,19.656000,28.480000
5.791,-1.092000,-0.283000,0.175000,-65.634000,75.336000,15.160000,28.480000
5.807,-1.095000,-0.285000,0.105000,-59.672000,61.466000,6.412000,28.530000
5.818,-1.074000,-0.261000,0.069000,-51.099000,47.977000,-2.137000,28.440000
5.826,-1.045000,-0.239000,0.098000,-45.466000,33.817000,-6.458000,28.530000
5.836,-0.993000,-0.183000,0.095000,-46.809000,22.718000,-9.023000,28.580000
5.843,-0.923000,-0.182000,0.096000,-49.634000,19.290000,-8.260000,28.480000
5.857,-0.877000,-0.240000,0.039000,-42.221000,22.176000,-7.496000,28.480000
5.867,-0.907000,-0.307000,0.019000,-34.931000,27.817000,-10.076000,28.440000
5.875,-0.965000,-0.351000,0.004000,-21.962000,29.954000,-14.344000,28.580000
5.886,-0.992000,-0.306000,0.040000,-10.061000,27.176000,-21.611000,28.390000
5.893,-1.067000,-0.258000,0.072000,-11.603000,21.916000,-22.695000,28.480000
5.907,-1.150000,-0.245000,0.126000,-0.573000,1.023000,-29.076000,28.440000
5.912,-1.173000,-0.209000,0.172000,-0.580000,-22.618000,-31.992000,28.530000
5.925,-1.118000,-0.200000,0.113000,-0.687000,-34.847000,-20.809000,28.580000
5.936,-1.075000,-0.176000,0.185000,-2.221000,-58.328000,-16.053000,28.480000
5.943,-1.047000,-0.271000,0.102000,-9.321000,-54.298000,-29.450000,28.480000
5.957,-1.052000,-0.295000,0.087000,-15.458000,-54.687000,-47.405000,28.530000
5.963,-1.029000,-0.337000,0.089000,-15.344000,-75.053000,-58.779000,28.530000
5.976,-0.961000,-0.409000,0.022000,4.908000,-70.542000,-55.061000,28.480000
5.986,-0.953000,-0.392000,0.022000,13.908000,-71.115000,-68.427000,28.480000
5.993,-0.906000,-0.363000,0.073000,18.008000,-71.099000,-83.992000,28.480000
6.006,-0.916000,-0.380000,0.087000,35.145000,-92.252000,-81.435000,28.440000
6.013,-0.958000,-0.333000,0.094000,34.374000,-106.160000,-78.344000,28.530000
6.026,-0.949000,-0.336000,0.125000,39.855000,-116.069000,-70.969000,28.580000
6.037,-0.919000,-0.328000,0.132000,57.969000,-120.115000,-55.939000,28.480000
6.043,-0.783000,-0.416000,0.069000,100.603000,-139.649000,-9.015000,28.390000
6.057,-0.476000,-0.060000,0.338000,185.664000,-134.046000,164.840000,28.480000
6.068,-1.011000,-0.180000,0.089000,100.427000,-121.504000,-4.053000,28.530000
6.074,-0.941000,-0.325000,0.227000,126.031000,-156.321000,18.588000,28.440000
6.086,-0.816000,-0.173000,0.241000,110.542000,-187.412000,-21.038000,28.580000
6.093,-0.828000,-0.332000,0.368000,112.183000,-205.809000,-4.420000,28.390000
6.107,-0.928000,-0.137000,0.049000,207.198000,-176.176000,103.527000,28.530000
6.118,-0.843000,-0.425000,0.478000,134.130000,-199.221000,63.931000,28.530000
6.124,-2.000000,0.349000,1.087000,119.626000,-250.137000,224.092000,28.530000
6.136,-0.553000,-0.473000,0.377000,160.603000,-250.137000,250.130000,28.480000
6.142,-0.169000,-0.179000,0.345000,100.130000,-250.137000,230.481000,28.580000
6.154,-0.301000,-0.068000,0.169000,1.366000,-172.573000,15.382000,28.440000
6.167,-0.690000,-0.067000,0.505000,-52.771000,-160.626000,-86.916000,28.440000
6.175,-0.778000,-0.204000,0.705000,-48.618000,-192.122000,-80.969000,28.530000
6.185,-0.828000,-0.134000,0.570000,-19.939000,-214.840000,-7.000000,28.480000
6.191,-0.609000,-0.230000,0.594000,-17.282000,-231.550000,51.214000,28.580000
6.207,-0.338000,-0.278000,0.565000,-17.168000,-204.847000,43.038000,28.530000
6.217,-0.385000,-0.210000,0.602000,-36.038000,-156.992000,2.405000,28.530000
6.224,-0.580000,-0.225000,0.711000,-57.031000,-154.496000,-8.214000,28.440000
6.235,-0.639000,-0.301000,0.845000,-53.771000,-191.206000,3.649000,28.480000
6.241,-0.618000,-0.550000,1.087000,74.053000,-250.137000,55.008000,28.390000
6.254,0.081000,-0.235000,0.503000,12.145000,-140.824000,-23.412000,28.580000
6.267,-0.192000,-0.126000,0.551000,3.527000,-22.893000,-99.382000,28.530000
6.275,-0.878000,-0.030000,1.098000,-55.588000,-130.740000,-41.053000,28.530000
6.285,-0.620000,-0.263000,0.862000,-31.702000,-250.137000,47.756000,28.480000
6.297,-0.167000,-0.562000,0.572000,-18.969000,-207.267000,-10.771000,28.480000
6.304,-0.121000,-0.484000,0.568000,-13.450000,-140.870000,-65.924000,28.530000
6.317,-0.401000,-0.361000,0.996000,27.756000,-162.344000,-15.802000,28.440000
6.325,-0.126000,-0.377000,0.844000,26.718000,-185.595000,6.191000,28.530000
6.335,0.012000,-0.271000,0.855000,29.198000,-151.679000,-38.412000,28.480000
6.347,-0.052000,-0.168000,0.853000,4.069000,-84.015000,-81.947000,28.390000
6.354,-0.297000,-0.087000,1.029000,-13.931000,-143.481000,-43.176000,28.440000
6.367,-0.028000,-0.129000,0.877000,-33.084000,-128.718000,-48.534000,28.440000
6.373,-0.033000,-0.093000,0.908000,-55.198000,-103.672000,-60.389000,28.530000
6.385,-0.046000,-0.248000,0.986000,-46.901000,-94.053000,-71.473000,28.580000
6.397,-0.049000,-0.260000,0.912000,-8.985000,-71.053000,-75.031000,28.480000
6.404,-0.088000,-0.174000,1.052000,-13.985000,-80.008000,-91.153000,28.440000
6.417,-0.063000,-0.140000,1.086000,-24.740000,-102.305000,-91.313000,28.530000
6.423,0.013000,-0.186000,0.996000,-23.840000,-110.313000,-82.366000,28.530000
6.435,0.113000,-0.381000,0.904000,-7.603000,-98.641000,-68.695000,28.390000
6.447,0.070000,-0.508000,0.838000,25.382000,-90.893000,-66.710000,28.480000
6.454,0.074000,-0.379000,0.748000,33.916000,-80.084000,-69.656000,28.480000
6.467,-0.170000,-0.153000,0.960000,16.947000,-108.389000,-33.786000,28.580000
6.473,-0.029000,-0.160000,0.869000,10.183000,-131.267000,-10.947000,28.530000
6.485,0.060000,-0.127000,0.925000,-9.267000,-135.954000,-26.000000,28.480000
6.497,0.144000,-0.198000,0.890000,-20.802000,-126.832000,-41.275000,28.390000
6.504,0.217000,-0.301000,0.834000,-12.992000,-121.954000,-32.756000,28.580000
6.516,0.241000,-0.310000,0.831000,-0.824000,-115.687000,-38.550000,28.440000
6.525,0.235000,-0.281000,0.872000,16.023000,-107.229000,-48.206000,28.440000
6.535,0.232000,-0.157000,0.945000,19.115000,-102.466000,-53.366000,28.480000
6.547,0.262000,-0.191000,0.927000,19.473000,-95.244000,-57.603000,28.390000
6.554,0.285000,-0.217000,0.885000,20.985000,-90.664000,-37.504000,28.580000
6.567,0.350000,-0.260000,0.855000,29.962000,-92.916000,-14.305000,28.530000
6.574,0.340000,-0.283000,0.926000,36.084000,-92.412000,-8.954000,28.530000
6.585,0.408000,-0.139000,0.969000,26.435000,-85.168000,-2.336000,28.480000
6.593,0.416000,-0.152000,0.978000,24.015000,-77.878000,3.969000,28.480000
6.606,0.430000,-0.144000,0.924000,21.115000,-72.351000,8.214000,28.480000
6.611,0.520000,-0.096000,0.937000,13.840000,-67.366000,10.511000,28.530000
6.625,0.433000,-0.061000,1.005000,-7.069000,-61.107000,-14.916000,28.530000
6.637,0.497000,-0.043000,0.963000,-18.053000,-51.809000,-14.687000,28.440000
6.643,0.484000,-0.140000,0.964000,-24.840000,-34.985000,-13.252000,28.480000
6.656,0.512000,-0.180000,0.968000,-16.137000,-21.412000,-9.092000,28.580000
6.662,0.517000,-0.189000,0.946000,-12.985000,-5.649000,-7.061000,28.480000
6.676,0.461000,-0.197000,0.924000,-10.008000,1.382000,-0.313000,28.530000
6.682,0.390000,-0.183000,0.910000,-9.519000,1.840000,6.153000,28.580000
6.694,0.385000,-0.174000,0.886000,-11.481000,-3.954000,14.046000,28.480000
6.707,0.367000,-0.245000,0.805000,-20.687000,-18.679000,21.053000,28.480000
6.714,0.400000,-0.242000,0.897000,-12.611000,-22.107000,23.534000,28.440000
6.727,0.388000,-0.219000,0.845000,-5.534000,-24.031000,24.969000,28.530000
6.733,0.556000,-0.304000,0.854000,-10.679000,-20.954000,11.748000,28.530000
6.745,0.415000,-0.191000,0.884000,-14.450000,-13.130000,-2.038000,28.480000
6.752,0.312000,-0.098000,0.921000,-18.115000,-19.450000,5.198000,28.580000
6.766,0.443000,-0.204000,0.882000,-32.031000,-12.992000,-16.756000,28.530000
6.777,0.284000,0.031000,0.999000,-36.130000,-25.893000,18.466000,28.530000
6.784,0.415000,-0.340000,0.863000,-24.053000,-11.748000,1.244000,28.480000
6.796,0.483000,-0.270000,0.825000,-14.908000,-2.183000,10.198000,28.480000
6.803,0.436000,-0.331000,0.813000,-3.046000,3.542000,4.893000,28.480000
6.817,0.320000,-0.244000,0.798000,-4.885000,4.160000,9.634000,28.530000
6.823,0.342000,-0.240000,0.828000,-0.527000,2.344000,12.977000,28.530000
6.836,0.377000,-0.346000,0.813000,7.931000,7.733000,17.298000,28.530000
6.843,0.279000,-0.294000,0.782000,30.420000,-8.359000,22.099000,28.580000
6.857,0.305000,-0.288000,0.803000,42.252000,-10.954000,20.855000,28.480000
6.862,0.326000,-0.168000,0.822000,43.817000,-17.229000,19.145000,28.580000
6.876,0.367000,-0.100000,0.834000,21.947000,-20.962000,10.794000,28.530000
6.887,0.350000,-0.228000,0.838000,22.130000,-17.000000,5.733000,28.480000
6.894,0.445000,-0.271000,0.826000,20.550000,-4.374000,-8.382000,28.480000
6.907,0.407000,-0.303000,0.797000,32.618000,0.947000,-5.275000,28.580000
6.916,0.440000,-0.251000,0.740000,54.038000,4.855000,-3.847000,28.530000
6.926,0.386000,-0.199000,0.844000,45.107000,0.275000,-16.008000,28.530000
6.933,0.440000,-0.178000,0.842000,44.756000,0.756000,-6.214000,28.480000
6.946,0.431000,-0.185000,0.863000,42.489000,4.779000,3.786000,28.390000
6.953,0.434000,-0.239000,0.847000,45.015000,4.962000,11.443000,28.580000
6.967,0.395000,-0.219000,0.854000,49.107000,5.122000,16.405000,28.530000
6.973,0.397000,-0.164000,0.859000,46.458000,0.847000,15.794000,28.440000
6.985,0.337000,-0.119000,0.894000,46.840000,-15.344000,21.626000,28.480000
6.997,0.337000,-0.130000,0.884000,47.832000,-22.397000,16.649000,28.480000
7.004,0.327000,0.025000,0.962000,29.656000,-40.626000,-0.588000,28.480000
7.017,0.307000,0.104000,0.990000,-13.267000,-72.053000,0.008000,28.440000
7.025,0.430000,0.064000,0.873000,-43.489000,-70.809000,-6.489000,28.530000
7.036,0.372000,-0.190000,0.833000,-24.336000,-50.924000,-11.878000,28.440000
7.043,0.432000,-0.089000,0.861000,-22.122000,-54.435000,-10.366000,28.480000
7.057,0.516000,-0.139000,0.837000,-25.191000,-49.947000,-4.542000,28.480000
7.067,0.434000,-0.215000,0.819000,-24.802000,-48.092000,-7.626000,28.580000
7.076,0.435000,-0.263000,0.837000,-5.802000,-65.824000,11.977000,28.340000
7.087,0.531000,-0.206000,0.810000,0.611000,-59.725000,15.252000,28.440000
7.094,0.522000,-0.200000,0.815000,-4.634000,-43.382000,-5.122000,28.480000
7.107,0.634000,-0.229000,0.760000,-11.763000,-23.763000,-19.664000,28.580000
7.114,0.487000,-0.222000,0.829000,-4.611000,-30.878000,-16.008000,28.530000
7.126,0.498000,-0.230000,0.789000,5.893000,-34.634000,-9.168000,28.530000
7.131,0.414000,0.015000,0.876000,-12.176000,-34.824000,-34.282000,28.530000
7.144,0.357000,-0.157000,0.885000,-4.305000,-52.969000,-25.863000,28.480000
7.157,0.580000,-0.165000,0.836000,4.084000,-61.542000,-16.229000,28.390000
7.164,0.552000,-0.119000,0.876000,-3.107000,-54.313000,-27.489000,28.440000
7.176,0.594000,-0.092000,0.823000,-10.290000,-60.221000,-14.672000,28.530000
7.183,0.542000,-0.164000,0.833000,-7.466000,-50.046000,-25.565000,28.530000
7.195,0.484000,-0.124000,0.785000,-22.115000,-56.489000,-23.374000,28.480000
7.207,0.528000,-0.104000,0.779000,-21.275000,-49.618000,-33.069000,28.390000
7.214,0.301000,0.010000,0.913000,-41.649000,-72.046000,-42.977000,28.530000
7.227,0.684000,-0.136000,0.771000,-37.450000,-55.275000,-56.573000,28.440000
7.233,0.452000,-0.122000,0.914000,-40.977000,-65.863000,-48.023000,28.530000
7.245,0.744000,-0.221000,0.715000,-31.328000,-64.947000,-27.290000,28.580000
7.258,0.666000,-0.300000,0.735000,-10.443000,-39.504000,-32.550000,28.580000
7.264,0.498000,-0.108000,0.799000,-8.733000,-60.916000,-8.099000,28.480000
7.277,0.631000,-0.077000,0.680000,-33.282000,-42.832000,-18.771000,28.580000
7.283,0.524000,-0.175000,0.763000,-46.137000,-40.260000,-35.344000,28.530000
7.295,0.685000,-0.265000,0.651000,-25.786000,-40.565000,-32.176000,28.480000
7.302,0.634000,-0.218000,0.710000,-20.069000,-26.344000,-39.733000,28.480000
7.317,0.715000,-0.194000,0.647000,-14.817000,-22.359000,-29.153000,28.580000
7.327,0.663000,-0.141000,0.694000,-19.504000,-12.969000,-33.695000,28.530000
7.333,0.522000,-0.061000,0.728000,-24.794000,-24.053000,-29.504000,28.440000
7.346,0.604000,-0.107000,0.673000,-46.374000,-42.145000,-29.389000,28.480000
7.352,0.897000,-0.142000,0.588000,-48.840000,-24.084000,-41.725000,28.480000
7.367,0.688000,0.015000,0.782000,-61.313000,-27.366000,-38.450000,28.580000
7.377,0.792000,-0.164000,0.713000,-73.748000,-23.504000,-29.878000,28.530000
7.384,0.787000,-0.174000,0.688000,-68.733000,-16.382000,-25.565000,28.440000
7.396,0.719000,-0.250000,0.719000,-53.832000,-13.397000,-18.351000,28.390000
7.403,0.685000,-0.240000,0.621000,-32.000000,3.214000,-15.519000,28.580000
7.415,0.556000,-0.151000,0.683000,-14.397000,2.824000,-9.336000,28.390000
7.422,0.642000,-0.139000,0.616000,-16.443000,3.931000,-9.618000,28.530000
7.435,0.596000,-0.103000,0.670000,-23.534000,2.977000,-5.641000,28.620000
7.447,0.533000,-0.181000,0.670000,-31.855000,-9.710000,-0.053000,28.480000
7.456,0.652000,-0.212000,0.637000,-22.664000,-14.664000,6.710000,28.480000
7.467,0.589000,-0.198000,0.656000,-16.176000,-18.176000,15.481000,28.580000
7.473,0.684000,-0.216000,0.609000,-11.863000,-17.267000,18.947000,28.480000
7.485,0.668000,-0.216000,0.601000,-18.878000,-17.275000,16.298000,28.530000
7.492,0.733000,-0.196000,0.646000,-19.771000,-15.511000,16.878000,28.480000
7.507,0.760000,-0.250000,0.645000,-26.053000,-9.092000,16.435000,28.480000
7.518,0.854000,-0.313000,0.542000,-18.908000,1.595000,23.580000,28.580000
7.526,0.646000,-0.264000,0.597000,-4.351000,6.901000,29.611000,28.440000
7.537,0.651000,-0.237000,0.598000,5.023000,2.634000,32.939000,28.530000
7.544,0.669000,-0.163000,0.582000,-0.908000,4.664000,29.450000,28.390000
7.557,0.530000,-0.184000,0.619000,-3.878000,-2.237000,35.344000,28.480000
7.564,0.608000,-0.164000,0.641000,-11.221000,-9.504000,28.763000,28.480000
7.576,0.577000,-0.246000,0.644000,-9.893000,-15.389000,29.893000,28.530000
7.583,0.642000,-0.274000,0.611000,1.763000,-10.649000,27.198000,28.440000
7.596,0.677000,-0.264000,0.672000,3.038000,-1.382000,15.641000,28.530000
7.602,0.659000,-0.242000,0.709000,8.290000,-17.832000,23.710000,28.480000
7.616,0.700000,-0.156000,0.729000,3.504000,-17.786000,26.130000,28.580000
7.627,0.675000,-0.113000,0.746000,-7.115000,-7.649000,28.580000,28.530000
7.634,0.692000,-0.206000,0.638000,-3.504000,-16.634000,33.015000,28.440000
7.647,0.711000,-0.327000,0.616000,4.092000,-10.084000,24.397000,28.440000
7.654,0.761000,-0.251000,0.610000,3.901000,-2.878000,13.496000,28.480000
7.667,0.815000,-0.302000,0.590000,3.901000,0.099000,14.664000,28.480000
7.674,0.663000,-0.243000,0.688000,-10.481000,10.466000,2.473000,28.580000
7.686,0.769000,-0.322000,0.566000,2.137000,15.298000,13.855000,28.530000
7.693,0.570000,-0.200000,0.715000,-7.786000,14.656000,10.328000,28.530000
7.707,0.613000,-0.228000,0.655000,-6.573000,3.977000,10.847000,28.480000
7.714,0.703000,-0.308000,0.629000,-8.282000,8.885000,4.374000,28.580000
7.726,0.658000,-0.192000,0.704000,-14.847000,10.008000,-11.481000,28.530000
7.731,0.831000,-0.296000,0.627000,-16.794000,-3.397000,-12.534000,28.530000
7.744,0.732000,-0.252000,0.735000,-15.130000,-3.710000,-12.809000,28.530000
7.758,0.719000,-0.304000,0.687000,-7.702000,3.664000,-21.878000,28.480000
7.764,0.626000,-0.174000,0.726000,-9.618000,-8.649000,-17.435000,28.480000
7.777,0.651000,-0.314000,0.636000,-12.893000,-9.855000,-21.641000,28.530000
7.783,0.707000,-0.261000,0.586000,-15.824000,1.885000,-27.641000,28.530000
7.795,0.609000,-0.314000,0.671000,-20.069000,-3.809000,-29.588000,28.620000
7.802,0.855000,-0.326000,0.622000,-16.137000,20.573000,-33.252000,28.580000
7.817,0.646000,-0.235000,0.728000,-19.122000,11.321000,-18.412000,28.580000
7.827,0.645000,-0.318000,0.687000,-7.260000,1.130000,-7.817000,28.440000
7.834,0.724000,-0.319000,0.672000,-3.229000,7.634000,-3.809000,28.530000
7.846,0.540000,-0.277000,0.716000,11.176000,2.992000,-0.527000,28.530000
7.854,0.562000,-0.257000,0.675000,14.420000,-11.893000,-1.214000,28.580000
7.867,0.623000,-0.268000,0.637000,8.313000,-18.031000,-13.809000,28.480000
7.874,0.758000,-0.187000,0.633000,9.924000,-36.885000,-4.687000,28.480000
7.885,0.744000,-0.258000,0.668000,11.832000,-22.313000,-1.954000,28.530000
7.892,0.800000,-0.259000,0.612000,5.588000,-20.382000,-4.153000,28.440000
7.907,0.698000,-0.287000,0.640000,2.786000,-7.489000,-9.137000,28.580000
7.918,0.510000,-0.426000,0.596000,-1.557000,-6.634000,-66.366000,28.580000
7.924,-0.968000,-2.000000,0.400000,68.290000,-51.244000,-250.137000,28.440000
7.936,-0.782000,-1.457000,0.188000,250.130000,-106.267000,-250.137000,28.530000
7.942,0.220000,-0.377000,0.167000,250.130000,-250.137000,-250.137000,28.620000
7.957,2.000000,2.000000,-0.292000,70.817000,-194.977000,-250.137000,28.480000
7.967,1.265000,0.214000,-0.041000,-113.824000,244.916000,-250.137000,28.480000
7.974,0.249000,-0.378000,0.641000,60.473000,83.366000,-161.992000,28.620000
7.986,0.347000,0.767000,0.894000,-5.939000,-19.740000,-20.718000,28.530000
7.993,0.872000,-0.030000,0.555000,11.000000,-36.229000,17.412000,28.530000
8.007,0.806000,0.261000,0.581000,2.832000,8.015000,-28.802000,28.480000
8.013,0.636000,0.212000,0.637000,5.466000,-27.985000,-13.214000,28.580000
8.026,0.933000,0.209000,0.482000,1.771000,-22.473000,-33.214000,28.480000
8.031,0.868000,0.291000,0.535000,-2.756000,-2.313000,-52.237000,28.440000
8.044,0.671000,-0.133000,0.496000,-6.710000,-4.794000,-110.634000,28.440000
8.057,0.978000,0.360000,0.571000,11.481000,7.359000,-89.031000,28.480000
8.065,0.790000,0.296000,0.544000,4.924000,20.115000,-67.740000,28.390000
8.077,0.668000,0.286000,0.651000,11.756000,7.824000,-56.519000,28.480000
8.083,0.717000,0.385000,0.558000,-6.924000,-0.382000,-43.046000,28.530000
8.096,0.716000,0.252000,0.482000,-7.397000,1.756000,-34.931000,28.530000
8.103,0.565000,0.325000,0.564000,-3.427000,-8.878000,-51.618000,28.480000
8.116,0.708000,0.300000,0.486000,0.634000,-37.527000,-37.733000,28.480000
8.123,0.864000,0.328000,0.564000,2.130000,-28.847000,-34.718000,28.580000
8.135,0.840000,0.302000,0.562000,-0.473000,-20.687000,-21.527000,28.530000
8.142,0.835000,0.214000,0.531000,3.954000,-6.015000,-16.695000,28.530000
8.159,0.667000,0.218000,0.576000,1.916000,3.550000,-28.718000,28.580000
8.168,0.705000,0.227000,0.568000,2.160000,-11.672000,-17.473000,28.580000
8.174,0.751000,0.254000,0.549000,5.328000,-9.779000,-21.336000,28.580000
8.187,0.747000,0.305000,0.580000,5.748000,-12.405000,-20.176000,28.530000
8.194,0.754000,0.298000,0.522000,-0.511000,-14.107000,-32.122000,28.440000
8.207,0.882000,0.319000,0.525000,0.718000,-15.031000,-23.206000,28.580000
8.214,0.875000,0.327000,0.521000,0.168000,9.046000,-35.198000,28.580000
8.226,0.756000,0.323000,0.588000,7.557000,1.466000,-25.893000,28.580000
8.233,0.836000,0.347000,0.539000,10.824000,2.656000,-4.710000,28.530000
8.246,0.738000,0.247000,0.540000,4.542000,19.473000,-13.908000,28.620000
8.253,0.633000,0.283000,0.569000,12.427000,-1.221000,-3.969000,28.580000
8.266,0.727000,0.293000,0.530000,16.740000,-15.641000,3.763000,28.480000
8.273,0.760000,0.299000,0.538000,17.282000,-17.412000,-0.954000,28.580000
8.285,0.774000,0.300000,0.567000,21.000000,-18.389000,0.519000,28.580000
8.292,0.831000,0.335000,0.510000,25.252000,-22.168000,2.710000,28.530000
8.307,0.933000,0.397000,0.493000,16.137000,-7.061000,-3.191000,28.580000
8.318,0.917000,0.330000,0.498000,9.214000,8.511000,-12.313000,28.480000
8.327,0.906000,0.349000,0.520000,5.084000,26.756000,-20.214000,28.480000
8.337,0.933000,0.385000,0.489000,-3.450000,37.359000,-26.847000,28.530000
8.344,0.813000,0.463000,0.761000,-62.504000,17.160000,-22.740000,28.530000
8.357,0.837000,0.130000,0.331000,-16.374000,24.779000,47.214000,28.480000
8.364,0.786000,0.202000,0.546000,-8.313000,48.618000,43.695000,28.480000
8.376,0.853000,0.208000,0.367000,-3.328000,62.893000,-68.061000,28.580000
8.383,0.744000,0.314000,0.518000,9.153000,92.679000,-63.634000,28.530000
8.396,0.630000,0.447000,0.699000,40.145000,77.336000,-47.221000,28.530000
8.403,0.580000,0.487000,0.755000,43.962000,47.137000,0.496000,28.580000
8.415,0.326000,0.282000,0.620000,57.794000,21.336000,-31.977000,28.580000
8.422,0.645000,0.386000,0.680000,55.534000,-3.885000,21.374000,28.480000
8.435,0.598000,0.302000,0.503000,74.328000,2.336000,-4.641000,28.620000
8.447,0.393000,0.284000,0.552000,65.382000,9.763000,-49.443000,28.530000
8.456,0.493000,0.361000,0.599000,49.618000,-15.534000,0.336000,28.580000
8.467,0.618000,0.259000,0.300000,68.695000,-15.458000,-5.931000,28.580000
8.476,0.632000,0.433000,0.497000,67.023000,-24.359000,-20.183000,28.480000
8.486,0.718000,0.473000,0.428000,50.588000,-21.321000,-9.618000,28.440000
8.493,0.727000,0.350000,0.502000,53.519000,-12.489000,-10.771000,28.620000
8.507,0.482000,0.521000,0.560000,31.000000,-26.504000,-21.939000,28.580000
8.513,0.699000,0.192000,0.387000,74.443000,-51.916000,37.656000,28.580000
8.526,0.652000,0.336000,0.492000,65.328000,-38.275000,-20.420000,28.530000
8.532,0.718000,0.729000,0.604000,40.878000,-43.977000,10.611000,28.530000
8.545,0.850000,0.470000,0.503000,12.977000,-16.168000,10.870000,28.530000
8.558,0.726000,0.367000,0.507000,22.198000,17.802000,-10.168000,28.480000
8.564,0.650000,0.449000,0.581000,19.489000,10.977000,-29.351000,28.480000
8.577,0.738000,0.462000,0.544000,22.527000,1.534000,-12.527000,28.530000
8.583,0.733000,0.446000,0.525000,39.420000,-12.840000,-24.542000,28.620000
8.596,0.832000,0.373000,0.543000,50.382000,-22.580000,-42.397000,28.530000
8.603,0.995000,0.672000,0.434000,52.710000,-15.252000,-4.908000,28.580000
8.616,0.902000,0.810000,0.259000,42.748000,25.137000,-23.977000,28.580000
8.623,0.578000,0.632000,0.593000,6.038000,-19.420000,25.611000,28.440000
8.635,0.653000,0.302000,0.445000,2.214000,-36.115000,15.718000,28.440000
8.641,0.848000,0.458000,0.444000,12.580000,-10.519000,-10.840000,28.530000
8.657,0.771000,0.582000,0.551000,3.366000,3.992000,-16.542000,28.580000
8.668,0.704000,0.597000,0.524000,3.389000,-1.794000,-10.267000,28.580000
8.675,0.671000,0.660000,0.606000,-11.969000,-20.817000,3.939000,28.580000
8.687,0.541000,0.460000,0.556000,-9.450000,-45.305000,21.443000,28.530000
8.694,0.639000,0.330000,0.416000,6.824000,-60.916000,28.725000,28.440000
8.706,0.701000,0.324000,0.338000,14.855000,-35.328000,15.389000,28.580000
8.714,0.548000,0.373000,0.453000,25.641000,-29.649000,2.405000,28.480000
8.726,0.636000,0.370000,0.441000,27.611000,-42.267000,-13.679000,28.440000
8.733,0.779000,0.365000,0.457000,34.214000,-38.183000,-28.000000,28.620000
8.745,0.871000,0.590000,0.434000,32.275000,-28.137000,-27.099000,28.480000
8.752,0.890000,0.582000,0.391000,27.168000,-27.183000,-5.397000,28.480000
8.766,0.848000,0.649000,0.422000,8.847000,-16.176000,6.679000,28.580000
8.777,0.702000,0.572000,0.423000,0.366000,-17.824000,21.847000,28.530000
8.784,0.657000,0.424000,0.376000,6.244000,-36.992000,10.183000,28.530000
8.797,0.766000,0.457000,0.331000,14.565000,-27.725000,-4.809000,28.480000
8.804,0.656000,0.386000,0.371000,33.374000,-29.198000,-10.809000,28.580000
8.817,0.638000,0.397000,0.332000,51.962000,-37.832000,-16.817000,28.480000
8.823,0.763000,0.558000,0.438000,53.908000,-49.099000,-36.611000,28.530000
8.835,0.962000,0.598000,0.344000,48.901000,-19.145000,-23.221000,28.530000
8.842,0.830000,0.751000,0.419000,15.489000,12.527000,-42.084000,28.480000
8.857,0.714000,0.633000,0.481000,1.916000,-18.939000,-9.718000,28.480000
8.862,0.854000,0.482000,0.305000,6.870000,-16.008000,5.580000,28.580000
8.875,0.678000,0.480000,0.302000,13.870000,-12.031000,-0.962000,28.580000
8.887,0.710000,0.438000,0.260000,16.466000,-22.313000,-7.565000,28.530000
8.894,0.850000,0.400000,0.147000,42.031000,-9.611000,-17.786000,28.580000
8.907,0.859000,0.633000,0.323000,34.466000,1.038000,-28.870000,28.480000
8.914,0.767000,0.533000,0.321000,40.534000,0.130000,-22.336000,28.580000
8.927,0.739000,0.533000,0.300000,29.504000,-0.870000,-19.725000,28.530000
8.933,0.667000,0.610000,0.414000,22.794000,-23.076000,-21.840000,28.620000
8.946,0.816000,0.688000,0.340000,5.481000,-38.298000,-24.359000,28.480000
8.953,0.954000,0.612000,0.260000,-1.031000,-16.351000,-26.420000,28.480000
8.967,0.842000,0.673000,0.249000,-2.603000,12.939000,-21.992000,28.480000
8.972,0.701000,0.651000,0.271000,-17.221000,27.015000,-20.664000,28.620000
8.984,0.564000,0.530000,0.313000,-2.618000,20.374000,-22.565000,28.530000
8.997,0.541000,0.526000,0.404000,2.931000,-2.580000,-12.305000,28.580000
9.004,0.668000,0.500000,0.336000,4.870000,-14.748000,-1.435000,28.580000
9.017,0.687000,0.526000,0.303000,3.496000,-9.939000,4.153000,28.580000
9.026,0.672000,0.554000,0.333000,2.435000,-8.954000,9.076000,28.530000
9.037,0.644000,0.531000,0.241000,10.344000,-8.046000,-7.954000,28.620000
9.044,0.701000,0.529000,0.277000,12.504000,-22.977000,-11.084000,28.580000
9.056,0.783000,0.542000,0.272000,11.855000,-15.473000,-24.153000,28.480000
9.065,0.756000,0.564000,0.302000,6.962000,-16.534000,-28.359000,28.390000
9.076,0.830000,0.525000,0.263000,2.985000,-9.389000,-28.939000,28.530000
9.083,0.792000,0.529000,0.274000,-0.191000,2.008000,-30.687000,28.530000
9.095,0.733000,0.511000,0.265000,-0.977000,4.427000,-17.450000,28.480000
9.102,0.677000,0.510000,0.256000,4.603000,6.901000,-14.847000,28.580000
9.116,0.720000,0.605000,0.254000,9.267000,-2.336000,-17.069000,28.530000
9.122,0.767000,0.627000,0.231000,14.656000,0.160000,-18.191000,28.530000
9.135,0.718000,0.679000,0.269000,15.389000,1.733000,-15.244000,28.530000
9.147,0.743000,0.696000,0.323000,9.992000,-8.954000,-18.489000,28.480000
9.157,0.881000,0.667000,0.268000,4.038000,9.824000,-17.023000,28.580000
9.168,0.806000,0.598000,0.204000,1.053000,30.725000,-11.855000,28.530000
9.176,0.655000,0.546000,0.314000,6.191000,28.588000,-23.115000,28.620000
9.186,0.731000,0.616000,0.295000,18.389000,13.206000,-31.107000,28.440000
9.194,0.883000,0.813000,0.390000,8.748000,21.359000,-39.626000,28.480000
9.207,0.943000,0.850000,0.322000,-30.824000,31.916000,-29.672000,28.580000
9.213,0.918000,0.850000,0.339000,-51.099000,49.718000,-39.763000,28.440000
9.226,0.812000,0.760000,0.364000,-72.260000,74.198000,-54.374000,28.530000
9.232,0.440000,0.605000,0.420000,-64.481000,64.176000,-47.344000,28.580000
9.245,0.597000,0.505000,0.315000,-53.053000,48.427000,-25.908000,28.480000
9.257,0.574000,0.569000,0.376000,-58.565000,39.656000,-15.710000,28.480000
9.264,0.423000,0.604000,0.451000,-46.710000,24.519000,-18.015000,28.580000
9.278,0.570000,0.563000,0.363000,-27.084000,25.450000,-24.466000,28.620000
9.283,0.697000,0.572000,0.283000,-17.771000,24.076000,-16.420000,28.480000
9.296,0.686000,0.594000,0.346000,-21.809000,37.313000,-29.260000,28.580000
9.303,0.653000,0.655000,0.358000,-15.305000,28.176000,-7.000000,28.480000
9.316,0.684000,0.694000,0.451000,-18.710000,31.397000,-20.099000,28.440000
9.323,0.734000,0.734000,0.351000,-18.656000,55.305000,-26.985000,28.530000
9.334,0.721000,0.726000,0.426000,-21.481000,51.809000,-24.397000,28.580000
9.347,0.596000,0.676000,0.490000,-25.053000,67.618000,-31.382000,28.580000
9.354,0.476000,0.698000,0.491000,-23.847000,51.573000,-28.534000,28.480000
9.367,0.532000,0.642000,0.511000,-21.748000,45.137000,-27.924000,28.530000
9.374,0.509000,0.648000,0.512000,-23.092000,39.947000,-29.038000,28.530000
9.385,0.591000,0.661000,0.493000,-21.855000,39.046000,-28.809000,28.480000
9.392,0.499000,0.651000,0.541000,-16.779000,31.786000,-21.435000,28.670000
9.407,0.555000,0.650000,0.515000,-13.740000,26.710000,-12.328000,28.530000
9.418,0.478000,0.656000,0.514000,-13.076000,21.573000,-10.954000,28.620000
9.424,0.509000,0.631000,0.503000,-13.687000,19.374000,-13.405000,28.620000
9.436,0.500000,0.644000,0.499000,-14.099000,10.977000,-3.710000,28.580000
9.444,0.540000,0.621000,0.472000,-17.450000,11.794000,-2.435000,28.580000
9.456,0.566000,0.614000,0.443000,-22.725000,10.954000,-2.779000,28.480000
9.463,0.474000,0.574000,0.479000,-12.511000,6.534000,-0.641000,28.620000
9.476,0.521000,0.607000,0.449000,-4.000000,2.519000,1.840000,28.530000
9.483,0.548000,0.637000,0.445000,-0.824000,6.718000,1.824000,28.580000
9.496,0.527000,0.661000,0.467000,-0.336000,5.282000,0.511000,28.480000
9.504,0.519000,0.667000,0.478000,-0.038000,5.588000,0.855000,28.530000
9.517,0.516000,0.672000,0.498000,-3.588000,4.229000,-1.924000,28.440000
9.524,0.503000,0.628000,0.477000,-2.832000,0.290000,-2.473000,28.530000
9.536,0.620000,0.686000,0.519000,-3.000000,-1.885000,1.328000,28.580000
9.543,0.519000,0.613000,0.492000,-5.733000,11.023000,-10.534000,28.480000
9.557,0.563000,0.669000,0.496000,-6.435000,8.214000,-6.389000,28.620000
9.563,0.534000,0.667000,0.531000,-12.305000,3.939000,-8.000000,28.530000
9.575,0.519000,0.638000,0.510000,-10.794000,0.916000,-5.168000,28.530000
9.583,0.581000,0.653000,0.453000,-9.656000,1.420000,-1.840000,28.480000
9.595,0.501000,0.631000,0.554000,-4.107000,-1.305000,5.137000,28.480000
9.602,0.530000,0.619000,0.506000,-1.122000,1.153000,4.260000,28.530000
9.615,0.572000,0.637000,0.497000,1.305000,2.481000,5.603000,28.530000
9.622,0.518000,0.608000,0.596000,0.511000,0.641000,4.290000,28.530000
9.635,0.500000,0.648000,0.529000,-3.450000,0.977000,0.786000,28.580000
9.642,0.541000,0.612000,0.486000,-6.176000,5.489000,-3.504000,28.580000
9.657,0.509000,0.571000,0.494000,-0.015000,-1.557000,3.015000,28.480000
9.663,0.563000,0.620000,0.495000,0.038000,0.588000,3.534000,28.530000
9.676,0.555000,0.649000,0.530000,-1.695000,-0.427000,6.779000,28.480000
9.681,0.531000,0.698000,0.546000,-5.244000,-1.847000,5.710000,28.580000
9.695,0.540000,0.696000,0.543000,-14.397000,-3.748000,4.176000,28.580000
9.707,0.502000,0.627000,0.546000,-21.779000,-1.870000,0.588000,28.530000
9.715,0.464000,0.592000,0.512000,-15.939000,-6.298000,-3.985000,28.530000
9.727,0.484000,0.572000,0.496000,-10.962000,-9.794000,-6.664000,28.480000
9.734,0.553000,0.537000,0.478000,2.374000,-9.824000,-2.321000,28.580000
9.747,0.534000,0.631000,0.501000,3.947000,-9.489000,-5.443000,28.480000
9.754,0.560000,0.616000,0.505000,5.344000,-11.496000,-0.573000,28.440000
9.767,0.509000,0.648000,0.522000,2.947000,-11.221000,-2.527000,28.620000
9.773,0.541000,0.636000,0.507000,5.328000,-15.916000,1.496000,28.480000
9.786,0.545000,0.653000,0.516000,6.786000,-14.198000,2.344000,28.580000
9.793,0.575000,0.643000,0.491000,3.198000,-17.221000,4.595000,28.580000
9.807,0.577000,0.625000,0.492000,0.664000,-10.107000,-2.786000,28.530000
9.813,0.589000,0.626000,0.481000,2.183000,-0.847000,-8.626000,28.530000
9.827,0.542000,0.569000,0.485000,6.183000,-2.282000,-6.351000,28.580000
9.833,0.576000,0.577000,0.461000,17.832000,2.542000,-2.595000,28.480000
9.845,0.552000,0.618000,0.516000,25.756000,5.580000,-2.794000,28.480000
9.853,0.558000,0.636000,0.522000,29.435000,3.519000,5.206000,28.480000
9.866,0.482000,0.601000,0.510000,35.153000,-0.664000,12.626000,28.530000
9.872,0.392000,0.650000,0.515000,34.550000,-6.305000,13.405000,28.580000
9.885,0.468000,0.646000,0.518000,34.374000,-27.802000,16.145000,28.480000
9.897,0.473000,0.659000,0.517000,30.840000,-24.206000,14.023000,28.580000
9.904,0.590000,0.640000,0.458000,36.260000,-27.840000,23.885000,28.530000
9.917,0.600000,0.609000,0.420000,29.137000,-11.450000,16.534000,28.530000
9.925,0.526000,0.594000,0.495000,19.710000,-15.969000,19.870000,28.580000
9.936,0.565000,0.626000,0.451000,19.458000,-18.084000,24.122000,28.580000
9.943,0.613000,0.664000,0.416000,19.603000,-11.389000,15.282000,28.480000
9.956,0.617000,0.657000,0.412000,23.290000,-5.397000,9.679000,28.440000
9.964,0.499000,0.730000,0.490000,24.450000,-14.786000,11.282000,28.530000
9.975,0.587000,0.677000,0.441000,25.756000,-16.176000,16.634000,28.480000
9.982,0.593000,0.693000,0.436000,14.870000,-18.206000,13.359000,28.480000
9.995,0.564000,0.676000,0.464000,11.885000,-17.496000,11.962000,28.480000
10.009,0.628000,0.765000,0.443000,9.672000,-22.969000,16.153000,28.530000
10.015,0.738000,0.711000,0.421000,5.893000,-3.351000,4.489000,28.530000
10.027,0.770000,0.718000,0.406000,6.863000,14.206000,0.206000,28.580000
10.034,0.741000,0.704000,0.413000,9.221000,36.198000,-9.947000,28.480000
10.047,0.525000,0.632000,0.436000,3.847000,40.489000,-11.565000,28.580000
10.054,0.462000,0.551000,0.362000,8.137000,21.710000,-8.305000,28.620000
10.067,0.513000,0.582000,0.409000,24.679000,-1.160000,4.710000,28.530000
10.075,0.592000,0.672000,0.497000,30.176000,-4.481000,6.985000,28.580000
10.087,0.568000,0.725000,0.493000,28.595000,-0.473000,12.115000,28.580000
10.094,0.619000,0.660000,0.443000,26.809000,-4.595000,23.588000,28.530000
10.106,0.665000,0.743000,0.413000,23.679000,14.626000,18.466000,28.530000
10.115,0.604000,0.709000,0.459000,18.344000,15.725000,13.328000,28.530000
10.127,0.481000,0.708000,0.475000,15.214000,8.191000,20.244000,28.670000
10.133,0.536000,0.706000,0.472000,20.450000,2.924000,22.008000,28.580000
10.146,0.572000,0.760000,0.493000,15.847000,-4.969000,18.511000,28.530000
10.154,0.402000,0.439000,0.462000,10.962000,-4.031000,-51.924000,28.620000
10.166,0.576000,0.693000,0.339000,20.321000,-30.176000,9.542000,28.530000
10.173,0.644000,0.567000,0.278000,26.420000,-19.992000,13.069000,28.670000
10.185,0.656000,0.640000,0.396000,21.008000,-1.947000,15.618000,28.580000
10.191,0.545000,0.544000,0.262000,26.366000,-15.733000,19.824000,28.530000
10.206,0.702000,0.698000,0.426000,21.420000,-3.664000,10.931000,28.530000
10.217,0.636000,0.659000,0.405000,14.679000,3.656000,-7.115000,28.620000
10.225,0.601000,0.661000,0.367000,23.115000,-3.916000,3.840000,28.580000
10.237,0.484000,0.740000,0.385000,15.038000,-21.893000,19.267000,28.480000
10.244,0.399000,0.481000,0.449000,56.885000,-52.198000,30.397000,28.580000
10.257,0.575000,0.924000,0.405000,19.473000,-32.779000,-16.893000,28.530000
10.265,0.716000,0.728000,0.362000,9.641000,-28.267000,14.664000,28.440000
10.277,0.668000,0.672000,0.397000,23.000000,-10.611000,29.885000,28.580000
10.283,0.595000,0.784000,0.424000,13.145000,-8.809000,20.053000,28.580000
10.296,0.609000,0.628000,0.361000,-4.420000,-17.382000,-6.588000,28.530000
10.302,0.654000,0.610000,0.315000,1.336000,-12.618000,-7.351000,28.530000
10.316,0.646000,0.643000,0.271000,7.206000,-2.756000,19.290000,28.530000
10.322,0.536000,0.634000,0.326000,14.542000,-3.153000,29.969000,28.580000
10.335,0.452000,0.686000,0.387000,19.305000,-20.870000,26.870000,28.670000
10.347,0.505000,0.711000,0.356000,14.985000,-38.557000,10.168000,28.620000
10.354,0.687000,0.663000,0.285000,20.145000,-34.427000,-13.214000,28.530000
10.367,0.737000,0.778000,0.320000,17.588000,-31.015000,1.137000,28.580000
10.375,0.775000,0.704000,0.257000,19.427000,-22.168000,6.977000,28.480000
10.386,0.747000,0.748000,0.271000,14.855000,-13.115000,-10.397000,28.480000
10.393,0.756000,0.793000,0.244000,1.122000,-5.855000,5.191000,28.620000
10.406,0.685000,0.693000,0.246000,-4.931000,3.855000,3.183000,28.620000
10.413,0.645000,0.666000,0.287000,-1.542000,-0.718000,-9.435000,28.580000
10.427,0.659000,0.672000,0.291000,-6.084000,-4.901000,-4.405000,28.480000
10.433,0.644000,0.594000,0.245000,3.450000,0.008000,17.618000,28.580000
10.446,0.574000,0.577000,0.274000,7.122000,-4.534000,13.031000,28.530000
10.453,0.630000,0.604000,0.302000,7.863000,1.733000,-20.756000,28.530000
10.467,0.673000,0.513000,0.212000,13.786000,-12.977000,-17.038000,28.580000
10.473,0.723000,0.721000,0.243000,19.122000,-1.336000,-21.137000,28.580000
10.485,0.743000,0.747000,0.262000,7.053000,10.771000,-9.534000,28.530000
10.492,0.671000,0.692000,0.291000,5.214000,15.740000,-5.359000,28.620000
10.507,0.655000,0.714000,0.262000,1.756000,24.076000,-21.061000,28.530000
10.517,0.630000,0.771000,0.345000,-6.992000,19.160000,-28.427000,28.480000
10.525,0.652000,0.735000,0.354000,-7.260000,25.092000,-27.198000,28.580000
10.537,0.602000,0.611000,0.471000,7.969000,15.076000,2.137000,28.530000
10.544,0.533000,0.704000,0.350000,15.305000,30.962000,-12.870000,28.530000
10.557,0.481000,0.754000,0.443000,5.634000,14.802000,-4.824000,28.530000
10.565,0.589000,0.703000,0.412000,13.466000,-10.214000,12.649000,28.580000
10.577,0.727000,0.694000,0.359000,2.038000,4.557000,-2.076000,28.580000
10.584,0.520000,0.554000,0.372000,6.977000,-0.061000,3.305000,28.620000
10.596,0.581000,0.586000,0.351000,12.038000,-14.504000,11.000000,28.440000
10.603,0.638000,0.628000,0.341000,14.878000,-14.863000,4.679000,28.620000
10.616,0.715000,0.650000,0.164000,15.649000,-2.153000,-4.641000,28.580000
10.623,0.720000,0.658000,0.266000,15.176000,4.198000,-17.206000,28.480000
10.635,0.692000,0.688000,0.286000,13.519000,5.359000,-20.252000,28.580000
10.642,0.762000,0.833000,0.357000,0.649000,11.168000,-24.160000,28.620000
10.656,0.795000,0.879000,0.347000,-12.374000,19.542000,-16.176000,28.530000
10.667,0.745000,0.935000,0.402000,-32.679000,37.191000,-23.473000,28.580000
10.676,0.744000,0.945000,0.418000,-55.565000,44.969000,-15.786000,28.580000
10.687,0.601000,0.744000,0.370000,-75.206000,56.496000,-22.282000,28.530000
10.694,0.423000,0.798000,0.430000,-74.267000,32.084000,0.748000,28.620000
10.706,0.411000,0.800000,0.411000,-71.626000,14.260000,12.237000,28.580000
10.714,0.530000,0.657000,0.321000,-58.504000,0.893000,22.588000,28.580000
10.726,0.603000,0.578000,0.389000,-46.863000,6.725000,22.282000,28.480000
10.733,0.400000,0.601000,0.320000,-34.855000,12.137000,-1.718000,28.530000
10.746,0.463000,0.580000,0.338000,-7.786000,-8.481000,1.412000,28.530000
10.752,0.540000,0.681000,0.340000,-14.756000,-1.252000,-23.908000,28.580000
10.766,0.583000,0.729000,0.384000,-12.496000,-7.695000,-14.687000,28.580000
10.777,0.707000,0.779000,0.362000,-21.977000,-1.374000,-18.267000,28.480000
10.784,0.697000,0.767000,0.350000,-31.282000,7.824000,-15.580000,28.440000
10.797,0.700000,0.707000,0.358000,-25.366000,14.847000,1.443000,28.530000
10.804,0.354000,0.576000,0.281000,-7.542000,-9.267000,-3.275000,28.480000
10.817,0.985000,0.793000,0.313000,2.305000,11.275000,40.794000,28.480000
10.825,0.683000,0.898000,0.413000,-33.832000,59.420000,4.992000,28.480000
10.836,0.586000,0.809000,0.493000,-36.000000,32.656000,16.779000,28.580000
10.843,0.725000,0.809000,0.487000,-36.061000,33.992000,34.649000,28.530000
10.857,0.760000,0.819000,0.467000,-17.565000,54.931000,46.771000,28.580000
10.863,0.691000,0.856000,0.354000,-48.511000,63.183000,26.473000,28.480000
10.875,0.692000,0.796000,0.482000,-57.969000,78.809000,11.664000,28.480000
10.882,0.625000,0.742000,0.381000,-66.519000,97.511000,-1.687000,28.530000
10.895,0.642000,0.720000,0.436000,-69.267000,95.038000,0.534000,28.620000
10.907,0.598000,0.671000,0.486000,-74.023000,102.084000,-5.580000,28.580000
10.914,0.480000,0.628000,0.512000,-56.008000,90.878000,20.061000,28.580000
10.927,0.588000,0.644000,0.549000,-44.450000,99.916000,29.611000,28.580000
10.933,0.592000,0.601000,0.536000,-25.725000,120.916000,23.229000,28.530000
10.946,0.468000,0.660000,0.492000,-40.878000,137.527000,2.893000,28.620000
10.953,0.395000,0.739000,0.614000,-46.382000,134.847000,-0.969000,28.580000
10.966,0.466000,0.718000,0.635000,-35.565000,137.718000,-1.794000,28.580000
10.973,0.418000,0.652000,0.540000,-19.023000,147.382000,-0.176000,28.580000
10.985,0.511000,0.553000,0.583000,8.374000,200.366000,-0.809000,28.530000
10.997,0.717000,0.454000,0.391000,-20.298000,250.130000,55.489000,28.530000
11.004,0.389000,0.558000,0.267000,-91.137000,250.130000,-70.366000,28.580000
11.016,0.031000,0.680000,0.783000,-83.763000,250.130000,-49.992000,28.480000
11.025,-0.020000,0.547000,0.758000,-35.672000,229.748000,59.664000,28.480000
11.035,0.094000,0.642000,0.656000,-74.626000,185.435000,24.664000,28.480000
11.042,0.476000,0.514000,0.781000,-31.153000,217.939000,104.412000,28.530000
11.057,0.167000,0.449000,0.653000,-9.931000,235.053000,93.855000,28.580000
11.068,0.106000,0.401000,0.683000,17.947000,248.817000,142.313000,28.580000
11.075,0.019000,0.544000,0.741000,68.069000,191.092000,181.809000,28.580000
11.086,0.074000,0.551000,0.795000,108.267000,183.794000,227.076000,28.530000
11.093,0.434000,0.610000,0.652000,80.374000,200.427000,232.435000,28.530000
11.107,0.291000,0.613000,0.769000,79.985000,228.099000,206.351000,28.580000
11.113,-0.067000,0.628000,0.843000,124.809000,250.130000,250.130000,28.580000
11.125,-0.365000,0.792000,1.179000,222.198000,198.603000,250.130000,28.580000
11.137,1.869000,0.488000,0.162000,-72.305000,214.573000,-162.153000,28.530000
11.144,0.125000,1.156000,0.748000,-242.649000,250.130000,-124.603000,28.530000
11.157,-0.191000,0.568000,0.798000,-222.649000,173.038000,-133.122000,28.480000
11.163,-0.107000,0.307000,0.754000,-182.557000,66.656000,-41.214000,28.480000
11.176,0.012000,0.382000,0.561000,-178.092000,63.237000,-0.641000,28.580000
11.187,-0.078000,0.336000,0.609000,-207.366000,68.702000,18.565000,28.530000
11.194,-0.092000,0.234000,0.675000,-205.649000,87.931000,-11.786000,28.620000
11.207,-0.186000,0.222000,0.741000,-171.481000,88.679000,-48.260000,28.580000
11.213,-0.433000,0.357000,0.721000,-148.130000,43.298000,3.519000,28.480000
11.225,-0.358000,0.369000,0.810000,-122.519000,-14.122000,80.733000,28.580000
11.233,0.066000,0.184000,0.901000,-105.084000,-22.901000,23.710000,28.580000
11.244,0.355000,0.053000,0.928000,-126.947000,24.870000,-132.924000,28.440000
11.257,-0.163000,0.208000,0.919000,-78.008000,9.710000,-160.374000,28.580000
11.265,-0.128000,0.266000,0.833000,-58.969000,-17.870000,-85.481000,28.580000
11.277,-0.076000,0.180000,0.717000,-60.237000,-22.115000,0.840000,28.580000
11.283,-0.164000,0.031000,0.479000,-83.198000,-32.901000,112.115000,28.620000
11.295,0.154000,0.312000,0.947000,-18.229000,-2.092000,43.252000,28.530000
11.309,0.038000,0.378000,1.027000,-37.573000,-17.397000,33.092000,28.580000
11.315,0.272000,0.167000,0.957000,-73.198000,-4.061000,-3.985000,28.480000
11.327,0.060000,0.205000,1.052000,-69.435000,-19.550000,-30.908000,28.580000
11.334,0.013000,0.229000,0.927000,-78.603000,-30.313000,-9.504000,28.530000
11.346,-0.058000,0.168000,0.857000,-68.824000,-29.458000,36.267000,28.620000
11.353,-0.014000,0.149000,0.895000,-66.863000,-22.504000,64.336000,28.670000
11.365,0.039000,0.087000,0.893000,-67.489000,-24.527000,63.702000,28.580000
11.372,0.027000,0.101000,0.886000,-92.435000,-32.779000,59.336000,28.670000
11.384,-0.006000,0.222000,0.828000,-119.389000,-45.908000,35.824000,28.440000
11.397,0.030000,0.242000,0.954000,-148.053000,-47.450000,8.290000,28.530000
11.404,0.008000,0.165000,0.710000,-194.504000,-63.847000,-12.931000,28.580000
11.416,0.189000,-0.109000,0.865000,-167.122000,-44.725000,-50.931000,28.480000
11.423,0.045000,-0.029000,0.894000,-164.985000,-53.588000,-76.046000,28.480000
11.434,0.060000,-0.096000,0.855000,-143.611000,-54.840000,-84.344000,28.530000
11.447,0.178000,-0.313000,0.830000,-84.374000,-15.771000,-80.969000,28.530000
11.454,0.049000,-0.087000,0.732000,-14.603000,35.504000,-72.237000,28.580000
11.466,-0.015000,-0.117000,0.856000,9.496000,43.481000,-66.740000,28.580000
11.474,-0.064000,-0.177000,0.812000,8.366000,60.046000,-62.252000,28.620000
11.485,-0.144000,0.031000,0.934000,9.954000,53.634000,-127.168000,28.530000
11.491,-0.153000,-0.037000,0.816000,7.870000,31.137000,-132.916000,28.530000
11.504,-0.089000,-0.031000,0.861000,15.511000,34.954000,-110.069000,28.480000
11.517,-0.165000,-0.035000,0.920000,25.710000,6.130000,-76.924000,28.580000
11.524,-0.029000,-0.027000,0.867000,28.687000,2.397000,-58.557000,28.530000
11.536,0.006000,-0.002000,0.891000,26.870000,19.878000,-48.901000,28.530000
11.543,0.054000,0.049000,0.786000,17.176000,35.763000,-49.145000,28.530000
11.557,-0.012000,-0.015000,0.854000,23.321000,56.076000,-43.634000,28.580000
11.563,-0.072000,0.018000,0.947000,19.405000,42.573000,-45.855000,28.670000
11.575,-0.109000,0.031000,0.958000,12.382000,43.656000,-59.481000,28.480000
11.587,-0.069000,0.030000,0.938000,4.313000,46.366000,-55.779000,28.530000
11.594,-0.130000,0.041000,0.938000,1.374000,41.794000,-28.053000,28.530000
11.607,-0.135000,0.017000,0.945000,4.382000,22.756000,-7.344000,28.580000
11.614,-0.174000,0.092000,0.981000,-5.359000,3.366000,9.748000,28.670000
11.627,-0.038000,-0.061000,0.868000,17.000000,14.458000,6.023000,28.480000
11.633,-0.029000,-0.065000,1.072000,31.450000,-11.061000,-18.626000,28.530000
11.646,0.208000,0.018000,0.911000,32.046000,32.366000,-86.237000,28.620000
11.652,0.093000,0.074000,0.958000,21.084000,80.687000,-97.565000,28.580000
11.666,-0.040000,0.114000,0.995000,24.992000,71.969000,-65.046000,28.580000
11.677,-0.148000,0.120000,1.009000,20.244000,53.420000,-24.122000,28.580000
11.684,-0.218000,0.025000,1.004000,22.229000,28.298000,-2.031000,28.620000
11.697,-0.140000,0.031000,0.957000,19.908000,16.511000,2.458000,28.530000
11.704,-0.149000,0.008000,0.944000,24.000000,4.649000,0.298000,28.480000
11.718,-0.111000,0.017000,0.939000,31.893000,-5.924000,16.137000,28.580000
11.724,-0.106000,0.054000,0.981000,33.878000,-7.992000,18.542000,28.530000
11.736,-0.016000,0.064000,0.920000,36.718000,6.237000,9.221000,28.530000
11.743,-0.035000,0.105000,0.938000,31.649000,17.916000,-3.267000,28.620000
11.756,-0.030000,0.064000,0.904000,32.084000,24.168000,-21.237000,28.480000
11.763,-0.065000,0.082000,0.970000,27.160000,26.603000,-24.511000,28.480000
11.775,-0.081000,0.120000,0.963000,25.206000,20.122000,-10.198000,28.530000
11.787,-0.099000,0.097000,0.972000,20.939000,15.389000,-7.863000,28.530000
11.794,-0.103000,0.086000,0.964000,18.183000,8.031000,-6.405000,28.530000
11.807,-0.125000,0.085000,0.931000,18.237000,1.099000,-1.489000,28.580000
11.814,-0.160000,0.089000,0.966000,20.427000,-14.687000,13.092000,28.580000
11.827,-0.089000,0.065000,0.927000,23.649000,-20.214000,15.397000,28.580000
11.833,-0.020000,0.058000,0.886000,26.214000,-5.435000,0.252000,28.620000
11.846,-0.065000,0.159000,0.948000,28.611000,6.122000,-7.168000,28.530000
11.853,-0.082000,0.138000,0.944000,26.382000,11.252000,-9.214000,28.480000
11.866,-0.095000,0.153000,0.952000,29.924000,11.649000,-9.534000,28.580000
11.873,-0.107000,0.162000,0.975000,27.122000,9.718000,-11.176000,28.620000
11.885,-0.083000,0.164000,0.962000,24.260000,8.489000,-17.023000,28.530000
11.891,-0.092000,0.154000,0.948000,19.206000,9.221000,-15.679000,28.620000
11.904,-0.103000,0.143000,0.924000,14.504000,8.695000,-7.473000,28.580000
11.917,-0.139000,0.138000,0.920000,15.244000,7.061000,4.450000,28.670000
11.925,-0.158000,0.104000,0.900000,16.817000,3.878000,10.718000,28.620000
11.937,-0.173000,0.097000,0.869000,21.061000,4.443000,1.924000,28.530000
11.944,-0.128000,0.114000,0.903000,19.802000,12.901000,-24.443000,28.620000
11.958,-0.147000,0.160000,0.931000,17.924000,15.038000,-34.053000,28.670000
11.964,-0.174000,0.199000,0.977000,16.084000,5.061000,-23.763000,28.480000
11.976,-0.141000,0.210000,0.968000,17.916000,-6.389000,-5.573000,28.530000
11.983,-0.049000,0.215000,0.945000,11.534000,-1.634000,-7.321000,28.530000
11.995,-0.060000,0.208000,0.941000,7.489000,10.206000,-8.496000,28.530000
12.002,-0.105000,0.185000,0.946000,5.855000,11.519000,2.328000,28.480000
12.016,-0.159000,0.168000,0.947000,9.763000,-9.870000,19.832000,28.580000
12.022,-0.109000,0.154000,0.926000,12.214000,-17.427000,22.969000,28.580000
12.034,-0.020000,0.137000,0.878000,9.328000,-0.244000,-0.176000,28.620000
12.047,-0.065000,0.169000,0.913000,10.924000,8.076000,-10.542000,28.620000
12.054,-0.114000,0.182000,0.928000,10.244000,12.618000,-11.756000,28.580000
12.067,-0.107000,0.167000,0.904000,9.550000,17.939000,-21.000000,28.480000
12.074,-0.136000,0.168000,0.912000,9.244000,17.641000,-29.313000,28.620000
12.086,-0.153000,0.171000,0.908000,11.168000,12.450000,-22.481000,28.530000
12.093,-0.152000,0.179000,0.931000,12.802000,4.168000,-9.977000,28.620000
12.107,-0.106000,0.197000,0.909000,13.702000,0.527000,1.168000,28.670000
12.113,-0.109000,0.187000,0.903000,14.489000,1.763000,6.672000,28.580000
12.126,-0.122000,0.172000,0.869000,15.885000,6.687000,5.779000,28.620000
12.133,-0.160000,0.157000,0.886000,16.603000,9.427000,2.649000,28.620000
12.145,-0.164000,0.148000,0.896000,21.290000,9.267000,2.626000,28.620000
12.152,-0.141000,0.149000,0.874000,20.351000,17.031000,-12.183000,28.580000
12.165,-0.194000,0.169000,0.895000,22.847000,15.237000,-15.870000,28.480000
12.177,-0.236000,0.275000,0.918000,23.420000,15.534000,-15.489000,28.670000
12.184,-0.210000,0.210000,0.889000,18.924000,11.115000,-14.031000,28.620000
12.196,-0.204000,0.225000,0.916000,17.992000,6.290000,-17.725000,28.620000
12.203,-0.188000,0.248000,0.943000,15.031000,2.107000,-12.130000,28.670000
12.217,-0.163000,0.258000,0.922000,14.992000,-8.229000,4.969000,28.580000
12.223,-0.146000,0.245000,0.937000,13.779000,-8.603000,13.290000,28.580000
12.235,-0.098000,0.231000,0.916000,12.664000,-1.786000,9.160000,28.530000
12.243,-0.117000,0.194000,0.895000,12.748000,0.939000,-1.519000,28.530000
12.257,-0.157000,0.215000,0.891000,12.191000,11.664000,-12.008000,28.670000
12.263,-0.218000,0.224000,0.918000,14.214000,9.779000,-8.733000,28.480000
12.275,-0.217000,0.227000,0.918000,15.817000,3.374000,-0.611000,28.530000
12.287,-0.191000,0.220000,0.903000,16.580000,-1.618000,1.603000,28.530000
12.294,-0.142000,0.240000,0.890000,14.893000,0.580000,1.053000,28.530000
12.307,-0.120000,0.257000,0.905000,11.985000,4.191000,2.145000,28.580000
12.314,-0.114000,0.248000,0.909000,8.885000,6.580000,0.931000,28.580000
12.327,-0.132000,0.228000,0.898000,7.298000,9.443000,-3.679000,28.530000
12.334,-0.167000,0.226000,0.886000,8.344000,6.916000,0.275000,28.530000
12.347,-0.209000,0.226000,0.891000,11.038000,0.191000,9.389000,28.530000
12.354,-0.188000,0.237000,0.884000,13.939000,-5.015000,17.145000,28.580000
12.367,-0.166000,0.247000,0.877000,17.527000,-8.359000,22.527000,28.580000
12.374,-0.095000,0.250000,0.885000,15.840000,-0.458000,17.046000,28.620000
12.386,-0.068000,0.243000,0.918000,13.046000,12.542000,-8.511000,28.620000
12.393,-0.104000,0.319000,0.936000,11.351000,22.595000,-23.588000,28.530000
12.407,-0.132000,0.286000,0.927000,11.298000,20.069000,-16.557000,28.480000
12.413,-0.152000,0.291000,0.927000,11.947000,12.870000,1.321000,28.580000
12.425,-0.161000,0.289000,0.923000,12.985000,7.313000,18.038000,28.480000
12.437,-0.145000,0.273000,0.892000,12.328000,5.267000,25.267000,28.620000
12.445,-0.155000,0.262000,0.911000,13.626000,0.802000,29.069000,28.530000
12.457,-0.135000,0.254000,0.886000,13.992000,0.794000,25.794000,28.580000
12.465,-0.127000,0.256000,0.887000,10.145000,2.809000,8.275000,28.580000
12.477,-0.167000,0.265000,0.893000,12.031000,8.878000,2.947000,28.620000
12.484,-0.155000,0.293000,0.918000,14.573000,3.305000,9.550000,28.620000
12.497,-0.127000,0.282000,0.909000,16.130000,-0.282000,17.908000,28.620000
12.504,-0.092000,0.297000,0.895000,17.183000,6.145000,21.519000,28.580000
12.517,-0.061000,0.287000,0.901000,9.008000,11.183000,12.954000,28.480000
12.523,-0.094000,0.282000,0.897000,6.282000,18.115000,-1.397000,28.620000
12.536,-0.160000,0.291000,0.923000,5.527000,15.740000,2.664000,28.530000
12.543,-0.159000,0.322000,0.929000,6.794000,11.809000,16.214000,28.530000
12.557,-0.173000,0.342000,0.926000,11.382000,7.198000,21.344000,28.580000
12.563,-0.174000,0.297000,0.917000,6.046000,3.351000,22.359000,28.670000
12.576,-0.136000,0.288000,0.880000,5.916000,8.519000,15.580000,28.620000
12.582,-0.138000,0.237000,0.856000,15.046000,12.344000,10.969000,28.530000
12.595,-0.130000,0.273000,0.869000,8.427000,16.863000,-2.740000,28.620000
12.601,-0.148000,0.278000,0.865000,5.855000,28.000000,-19.046000,28.670000
12.616,-0.209000,0.305000,0.909000,7.183000,26.931000,-16.504000,28.480000
12.627,-0.228000,0.286000,0.905000,7.824000,23.191000,-9.992000,28.670000
12.634,-0.239000,0.276000,0.899000,9.107000,19.565000,-2.053000,28.530000
12.647,-0.242000,0.268000,0.886000,11.397000,11.802000,5.611000,28.620000
12.654,-0.202000,0.281000,0.882000,11.771000,12.969000,1.435000,28.480000
12.667,-0.204000,0.278000,0.873000,8.985000,13.351000,1.015000,28.580000
12.674,-0.245000,0.276000,0.883000,7.076000,11.863000,1.603000,28.620000
12.686,-0.248000,0.275000,0.885000,8.206000,9.183000,4.641000,28.620000
12.694,-0.251000,0.273000,0.886000,8.031000,7.809000,3.137000,28.530000
12.706,-0.218000,0.257000,0.872000,7.962000,10.466000,-6.374000,28.480000
12.714,-0.257000,0.288000,0.893000,9.870000,9.344000,-7.305000,28.580000
12.726,-0.272000,0.287000,0.891000,10.565000,8.008000,1.130000,28.530000
12.733,-0.281000,0.313000,0.911000,12.511000,1.328000,8.893000,28.530000
12.746,-0.240000,0.319000,0.901000,10.237000,2.115000,9.198000,28.530000
12.753,-0.240000,0.318000,0.910000,10.473000,0.023000,10.466000,28.580000
12.767,-0.260000,0.336000,0.906000,10.290000,-5.115000,17.534000,28.580000
12.773,-0.257000,0.352000,0.924000,9.656000,-10.840000,23.634000,28.620000
12.785,-0.221000,0.348000,0.914000,8.733000,-13.733000,22.702000,28.620000
12.797,-0.190000,0.344000,0.914000,7.244000,-12.267000,11.863000,28.620000
12.806,-0.179000,0.333000,0.896000,7.466000,-9.817000,2.267000,28.580000
12.819,-0.203000,0.372000,0.922000,2.763000,-12.740000,-1.214000,28.580000
12.824,-0.151000,0.321000,0.874000,7.870000,-9.756000,3.916000,28.580000
12.837,-0.167000,0.333000,0.895000,6.534000,-9.901000,6.351000,28.530000
12.844,-0.157000,0.336000,0.890000,8.107000,-7.656000,5.870000,28.480000
12.858,-0.154000,0.337000,0.884000,5.153000,-7.344000,-1.443000,28.670000
12.865,-0.175000,0.354000,0.895000,3.053000,-6.038000,-4.924000,28.580000
12.876,-0.181000,0.348000,0.903000,2.603000,-8.542000,0.359000,28.620000
12.883,-0.174000,0.335000,0.888000,1.992000,-10.466000,2.031000,28.620000
12.896,-0.146000,0.337000,0.878000,0.023000,-7.672000,-5.794000,28.580000
12.903,-0.145000,0.348000,0.887000,-1.855000,-3.947000,-11.855000,28.580000
12.916,-0.178000,0.359000,0.885000,-1.855000,-6.710000,-5.427000,28.580000
12.923,-0.177000,0.359000,0.891000,-1.435000,-9.733000,3.420000,28.620000
12.935,-0.166000,0.352000,0.879000,-1.137000,-10.763000,8.893000,28.620000
12.941,-0.155000,0.339000,0.862000,-1.382000,-9.840000,11.145000,28.580000
12.956,-0.130000,0.322000,0.858000,-0.076000,-4.122000,7.832000,28.480000
12.968,-0.125000,0.323000,0.850000,0.214000,2.962000,0.580000,28.480000
12.976,-0.152000,0.336000,0.861000,-0.359000,7.954000,-4.771000,28.530000
12.987,-0.175000,0.355000,0.871000,-1.115000,7.466000,-1.076000,28.720000
12.994,-0.185000,0.347000,0.882000,-1.168000,3.260000,2.641000,28.480000
13.008,-0.182000,0.340000,0.873000,-1.885000,3.221000,2.618000,28.580000
13.014,-0.182000,0.329000,0.867000,-3.557000,3.221000,-2.916000,28.580000
13.026,-0.191000,0.329000,0.862000,-3.756000,-0.916000,-2.840000,28.580000
13.033,-0.166000,0.318000,0.835000,-3.641000,-1.282000,-0.756000,28.530000
13.046,-0.199000,0.318000,0.864000,-1.962000,-1.733000,-0.015000,28.580000
13.054,-0.167000,0.325000,0.866000,-0.908000,-1.763000,2.542000,28.580000
13.066,-0.151000,0.339000,0.855000,-1.260000,2.313000,3.130000,28.670000
13.073,-0.162000,0.344000,0.889000,-0.924000,4.916000,1.779000,28.530000
13.085,-0.157000,0.347000,0.883000,-2.901000,3.069000,5.145000,28.530000
13.093,-0.183000,0.325000,0.866000,-1.840000,2.046000,8.885000,28.580000
13.107,-0.158000,0.305000,0.864000,-1.153000,4.725000,6.977000,28.580000
13.113,-0.162000,0.305000,0.879000,-1.191000,6.718000,-1.099000,28.620000
13.126,-0.182000,0.315000,0.876000,-2.099000,8.359000,-6.595000,28.620000
13.137,-0.182000,0.331000,0.893000,-5.008000,10.969000,-14.855000,28.620000
13.144,-0.196000,0.338000,0.896000,-5.656000,9.985000,-15.046000,28.580000
13.157,-0.222000,0.335000,0.897000,-4.443000,4.740000,-4.626000,28.580000
13.165,-0.218000,0.328000,0.880000,-2.977000,0.168000,6.740000,28.620000
13.177,-0.211000,0.305000,0.877000,-1.672000,-3.908000,12.168000,28.530000
13.184,-0.188000,0.287000,0.862000,-2.069000,-1.099000,3.229000,28.620000
13.196,-0.178000,0.281000,0.869000,-2.008000,4.809000,-12.588000,28.580000
13.204,-0.182000,0.314000,0.878000,-1.649000,8.969000,-19.130000,28.580000
13.216,-0.203000,0.338000,0.897000,-1.809000,9.168000,-13.534000,28.580000
13.223,-0.199000,0.337000,0.901000,-2.298000,7.206000,-3.779000,28.620000
13.235,-0.207000,0.342000,0.906000,-3.771000,4.122000,2.160000,28.530000
13.242,-0.217000,0.335000,0.895000,-4.313000,0.466000,5.466000,28.480000
13.256,-0.210000,0.311000,0.888000,-5.458000,-1.267000,-1.214000,28.670000
13.267,-0.215000,0.308000,0.875000,-6.947000,-2.008000,-10.466000,28.620000
13.275,-0.214000,0.305000,0.871000,-8.092000,-1.031000,-15.656000,28.530000
13.287,-0.189000,0.306000,0.871000,-8.565000,0.115000,-16.931000,28.620000
13.294,-0.194000,0.303000,0.872000,-8.008000,3.023000,-15.672000,28.480000
13.306,-0.192000,0.299000,0.864000,-6.817000,4.321000,-13.290000,28.480000
13.313,-0.200000,0.285000,0.865000,-4.939000,7.786000,-15.641000,28.530000
13.326,-0.205000,0.293000,0.853000,-1.931000,6.916000,-12.511000,28.530000
13.333,-0.210000,0.286000,0.862000,-0.679000,9.725000,-10.489000,28.530000
13.345,-0.200000,0.288000,0.858000,-1.115000,9.023000,-13.992000,28.580000
13.352,-0.233000,0.286000,0.857000,-2.313000,8.267000,-14.924000,28.580000
13.365,-0.212000,0.292000,0.852000,-2.260000,5.122000,-13.656000,28.620000
13.378,-0.217000,0.301000,0.865000,-2.641000,3.595000,-14.191000,28.530000
13.384,-0.222000,0.305000,0.863000,-2.573000,1.656000,-9.924000,28.580000
13.397,-0.197000,0.292000,0.852000,-3.588000,5.000000,-13.489000,28.480000
13.404,-0.195000,0.284000,0.856000,-4.458000,10.405000,-19.794000,28.580000
13.416,-0.193000,0.298000,0.852000,-5.763000,13.420000,-21.397000,28.580000
13.424,-0.198000,0.281000,0.878000,-7.992000,24.160000,-30.824000,28.620000
13.435,-0.218000,0.308000,0.885000,-7.901000,28.282000,-45.450000,28.580000
13.442,-0.268000,0.309000,0.888000,-5.275000,20.664000,-25.031000,28.580000
13.456,-0.277000,0.308000,0.888000,-1.718000,12.053000,-9.687000,28.580000
13.468,-0.270000,0.278000,0.883000,-0.412000,6.847000,-10.053000,28.620000
13.476,-0.257000,0.296000,0.887000,-0.244000,2.366000,0.878000,28.620000
13.487,-0.238000,0.279000,0.883000,-2.023000,0.458000,6.443000,28.580000
13.494,-0.205000,0.280000,0.868000,-4.420000,5.557000,-5.321000,28.480000
13.507,-0.224000,0.287000,0.871000,-4.985000,9.534000,-7.130000,28.620000
13.515,-0.248000,0.292000,0.887000,-3.786000,3.947000,3.557000,28.620000
13.527,-0.235000,0.263000,0.881000,-2.252000,1.802000,5.412000,28.530000
13.534,-0.219000,0.272000,0.866000,-2.244000,4.817000,-1.015000,28.670000
13.546,-0.204000,0.274000,0.865000,-5.702000,13.244000,-13.260000,28.480000
13.553,-0.218000,0.276000,0.866000,-7.008000,16.061000,-17.206000,28.620000
13.566,-0.238000,0.273000,0.871000,-7.466000,16.031000,-14.802000,28.620000
13.573,-0.256000,0.276000,0.868000,-7.817000,15.885000,-11.069000,28.580000
13.585,-0.286000,0.259000,0.870000,-5.763000,11.794000,-4.740000,28.670000
13.597,-0.267000,0.257000,0.860000,-4.611000,10.176000,-5.237000,28.580000
13.606,-0.292000,0.266000,0.879000,-3.687000,9.855000,-6.397000,28.670000
13.618,-0.308000,0.257000,0.873000,-2.519000,7.145000,-1.290000,28.620000
13.624,-0.276000,0.248000,0.840000,-1.725000,6.779000,-3.313000,28.580000
13.636,-0.294000,0.251000,0.852000,-0.298000,6.191000,-4.802000,28.480000
13.644,-0.293000,0.248000,0.865000,0.313000,4.847000,-6.718000,28.580000
13.656,-0.263000,0.246000,0.849000,0.298000,6.107000,-11.603000,28.530000
13.664,-0.268000,0.250000,0.865000,0.328000,10.740000,-17.870000,28.530000
13.676,-0.278000,0.269000,0.874000,0.573000,10.740000,-18.496000,28.670000
13.683,-0.289000,0.264000,0.878000,-2.130000,16.031000,-23.962000,28.580000
13.695,-0.250000,0.277000,0.846000,-3.084000,21.649000,-23.252000,28.580000
13.702,-0.282000,0.266000,0.861000,-3.115000,22.519000,-24.137000,28.530000
13.715,-0.319000,0.261000,0.872000,-3.328000,24.237000,-20.557000,28.620000
13.727,-0.333000,0.256000,0.866000,-2.237000,22.183000,-17.977000,28.580000
13.734,-0.332000,0.237000,0.867000,0.824000,19.924000,-18.336000,28.580000
13.746,-0.321000,0.241000,0.854000,1.107000,16.382000,-15.954000,28.580000
13.753,-0.351000,0.245000,0.876000,5.069000,11.893000,-15.191000,28.530000
13.766,-0.341000,0.259000,0.859000,2.756000,6.550000,-10.290000,28.530000
13.774,-0.303000,0.257000,0.867000,1.084000,8.229000,-12.802000,28.580000
13.785,-0.310000,0.248000,0.855000,1.870000,10.771000,-13.687000,28.580000
13.792,-0.308000,0.244000,0.863000,3.344000,12.267000,-15.580000,28.580000
13.807,-0.305000,0.237000,0.845000,1.214000,16.481000,-18.168000,28.620000
13.811,-0.302000,0.229000,0.843000,0.931000,14.962000,-19.008000,28.620000
13.825,-0.324000,0.243000,0.854000,0.191000,11.885000,-15.557000,28.480000
13.837,-0.325000,0.253000,0.858000,-0.359000,9.092000,-11.603000,28.580000
13.844,-0.316000,0.254000,0.853000,-2.023000,9.221000,-10.267000,28.580000
13.856,-0.319000,0.249000,0.853000,-3.947000,10.588000,-10.550000,28.620000
13.864,-0.316000,0.254000,0.856000,-5.084000,9.870000,-9.053000,28.620000
13.877,-0.320000,0.240000,0.846000,-6.908000,13.733000,-10.618000,28.480000
13.883,-0.347000,0.221000,0.839000,-5.656000,14.084000,-10.573000,28.580000
13.895,-0.350000,0.219000,0.839000,-3.733000,12.099000,-10.084000,28.580000
13.902,-0.343000,0.241000,0.844000,-6.504000,14.359000,-15.252000,28.530000
13.915,-0.325000,0.215000,0.818000,-1.969000,15.229000,-16.588000,28.530000
13.927,-0.370000,0.231000,0.845000,-2.069000,16.389000,-18.183000,28.580000
13.934,-0.382000,0.231000,0.849000,-2.473000,13.435000,-16.214000,28.580000
13.946,-0.383000,0.233000,0.854000,0.595000,9.809000,-11.397000,28.580000
13.953,-0.380000,0.240000,0.853000,1.069000,5.267000,-6.153000,28.620000
13.968,-0.368000,0.234000,0.863000,1.359000,2.427000,-2.328000,28.530000
13.974,-0.371000,0.233000,0.857000,2.748000,-1.687000,1.733000,28.670000
13.986,-0.315000,0.239000,0.834000,0.168000,3.328000,-4.282000,28.580000
13.993,-0.356000,0.232000,0.855000,-0.794000,5.695000,-7.359000,28.480000
14.007,-0.335000,0.234000,0.841000,-1.351000,9.076000,-11.351000,28.530000
14.013,-0.347000,0.234000,0.840000,-2.550000,11.534000,-13.588000,28.620000
14.025,-0.365000,0.232000,0.855000,-2.710000,10.962000,-12.466000,28.580000
14.037,-0.349000,0.234000,0.845000,-2.595000,12.649000,-12.718000,28.670000
14.044,-0.374000,0.227000,0.868000,-3.130000,10.221000,-10.710000,28.530000
14.058,-0.366000,0.241000,0.854000,-3.901000,8.359000,-8.420000,28.620000
14.064,-0.371000,0.228000,0.844000,-3.618000,6.206000,-5.840000,28.620000
14.076,-0.359000,0.212000,0.839000,-3.076000,6.420000,-5.588000,28.580000
14.083,-0.357000,0.204000,0.832000,-2.237000,8.718000,-7.573000,28.580000
14.096,-0.361000,0.215000,0.841000,-1.397000,12.878000,-11.137000,28.620000
14.103,-0.371000,0.228000,0.840000,-2.328000,12.931000,-11.008000,28.620000
14.116,-0.378000,0.219000,0.851000,-2.664000,10.855000,-8.664000,28.530000
14.123,-0.385000,0.217000,0.838000,-2.405000,9.618000,-6.504000,28.580000
14.135,-0.369000,0.209000,0.843000,-2.771000,8.542000,-5.557000,28.580000
14.142,-0.366000,0.218000,0.823000,-2.794000,7.924000,-4.237000,28.620000
14.157,-0.391000,0.219000,0.854000,-3.282000,7.626000,-3.527000,28.530000
14.168,-0.395000,0.216000,0.839000,-4.008000,5.290000,-1.191000,28.620000
14.176,-0.399000,0.208000,0.837000,-3.924000,2.809000,0.214000,28.580000
14.187,-0.411000,0.206000,0.847000,-2.374000,1.336000,1.351000,28.480000
14.194,-0.399000,0.200000,0.840000,-1.053000,-0.443000,2.053000,28.480000
14.207,-0.390000,0.204000,0.839000,-1.817000,1.649000,0.275000,28.530000
14.215,-0.376000,0.208000,0.846000,-2.603000,4.374000,-1.954000,28.620000
14.227,-0.372000,0.215000,0.843000,-6.771000,8.901000,-7.695000,28.580000
14.233,-0.399000,0.213000,0.839000,-5.656000,9.038000,-6.000000,28.580000
14.246,-0.386000,0.188000,0.829000,-4.267000,11.038000,-8.588000,28.620000
14.253,-0.416000,0.205000,0.861000,-3.198000,9.695000,-8.122000,28.530000
14.266,-0.407000,0.210000,0.840000,-4.084000,11.038000,-12.153000,28.620000
14.273,-0.424000,0.205000,0.848000,-5.053000,6.137000,-7.198000,28.580000
14.285,-0.419000,0.189000,0.834000,-3.878000,2.962000,-4.023000,28.580000
14.292,-0.408000,0.195000,0.834000,-3.817000,3.046000,-3.359000,28.530000
14.307,-0.398000,0.191000,0.825000,-5.168000,4.198000,-4.893000,28.530000
14.318,-0.425000,0.195000,0.829000,-3.740000,1.458000,-1.069000,28.440000
14.326,-0.420000,0.189000,0.832000,-2.588000,-1.023000,1.275000,28.580000
14.337,-0.415000,0.182000,0.821000,-1.939000,-0.702000,0.252000,28.480000
14.344,-0.421000,0.179000,0.819000,-0.160000,-2.153000,1.885000,28.530000
14.357,-0.393000,0.183000,0.823000,-1.229000,2.443000,-3.832000,28.530000
14.365,-0.403000,0.207000,0.843000,-3.053000,4.489000,-6.687000,28.530000
14.376,-0.400000,0.184000,0.838000,-2.290000,6.473000,-9.084000,28.480000
14.383,-0.413000,0.176000,0.839000,-0.763000,7.099000,-11.382000,28.670000
14.396,-0.408000,0.197000,0.833000,-0.290000,4.053000,-7.908000,28.580000
14.404,-0.413000,0.185000,0.838000,-0.221000,2.206000,-6.214000,28.530000
14.416,-0.381000,0.185000,0.823000,-1.756000,2.748000,-8.496000,28.620000
14.424,-0.413000,0.189000,0.847000,-6.160000,2.649000,-8.985000,28.480000
14.435,-0.413000,0.175000,0.836000,-4.794000,2.924000,-7.710000,28.580000
14.442,-0.422000,0.180000,0.825000,-6.336000,3.779000,-10.870000,28.530000
14.457,-0.440000,0.185000,0.840000,-4.588000,2.145000,-7.511000,28.620000
14.468,-0.414000,0.178000,0.833000,-3.840000,3.153000,-10.137000,28.530000
14.475,-0.435000,0.180000,0.837000,-2.580000,0.489000,-7.595000,28.580000
14.487,-0.416000,0.188000,0.837000,-3.519000,-1.863000,-7.298000,28.580000
14.494,-0.415000,0.177000,0.840000,-5.023000,-1.344000,-7.794000,28.530000
14.508,-0.411000,0.191000,0.840000,-4.412000,-1.298000,-7.359000,28.530000
14.514,-0.414000,0.191000,0.840000,-4.809000,0.214000,-8.000000,28.620000
14.527,-0.429000,0.184000,0.840000,-3.748000,-0.412000,-4.969000,28.580000
14.533,-0.408000,0.186000,0.841000,-3.702000,-1.809000,-3.244000,28.580000
14.545,-0.422000,0.171000,0.853000,-8.031000,-4.863000,-3.947000,28.530000
14.552,-0.385000,0.154000,0.822000,-8.908000,-6.328000,-4.160000,28.530000
14.566,-0.415000,0.177000,0.844000,-7.962000,-7.687000,-1.183000,28.620000
14.577,-0.413000,0.147000,0.813000,-4.718000,-2.076000,-5.282000,28.580000
14.584,-0.434000,0.152000,0.823000,-0.763000,-3.473000,-3.351000,28.480000
14.597,-0.421000,0.151000,0.830000,1.282000,-5.550000,-1.076000,28.480000
14.604,-0.394000,0.164000,0.812000,1.443000,-4.595000,-1.916000,28.620000
14.618,-0.380000,0.175000,0.822000,-0.244000,-1.191000,-2.405000,28.530000
14.624,-0.436000,0.175000,0.863000,-0.664000,-2.550000,-1.176000,28.580000
14.636,-0.406000,0.168000,0.845000,-3.473000,-0.023000,-3.206000,28.480000
14.643,-0.403000,0.163000,0.832000,-2.435000,-0.153000,-2.038000,28.480000
14.656,-0.413000,0.166000,0.847000,-2.595000,1.695000,-2.863000,28.530000
14.663,-0.391000,0.154000,0.828000,-3.389000,7.466000,-10.092000,28.530000
14.675,-0.431000,0.159000,0.846000,-2.496000,9.626000,-10.267000,28.580000
14.682,-0.458000,0.147000,0.845000,-0.794000,6.061000,-8.198000,28.580000
14.695,-0.424000,0.158000,0.843000,-2.771000,3.878000,-7.725000,28.580000
14.708,-0.425000,0.151000,0.837000,-1.641000,2.267000,-3.702000,28.620000
14.715,-0.421000,0.155000,0.827000,-0.031000,1.840000,-3.275000,28.530000
14.727,-0.424000,0.159000,0.847000,-1.473000,2.000000,-5.076000,28.670000
14.734,-0.408000,0.151000,0.838000,1.107000,7.595000,-6.786000,28.580000
14.747,-0.393000,0.155000,0.836000,-0.725000,10.511000,-10.977000,28.580000
14.754,-0.418000,0.145000,0.836000,-0.008000,9.084000,-8.473000,28.530000
14.766,-0.420000,0.146000,0.834000,-0.305000,4.603000,-3.870000,28.530000
14.774,-0.429000,0.156000,0.835000,-1.046000,-0.206000,-1.412000,28.480000
14.786,-0.429000,0.154000,0.844000,-1.855000,-2.802000,-0.924000,28.480000
14.793,-0.440000,0.160000,0.843000,-2.634000,-4.405000,-1.328000,28.580000
14.807,-0.414000,0.169000,0.833000,-2.840000,-3.855000,-1.397000,28.530000
14.813,-0.409000,0.165000,0.849000,-3.992000,-1.802000,-2.237000,28.620000
14.825,-0.404000,0.149000,0.844000,-3.275000,0.916000,-2.107000,28.580000
14.837,-0.400000,0.144000,0.828000,-2.420000,2.084000,-1.863000,28.480000
14.844,-0.471000,0.112000,0.852000,1.031000,-2.847000,0.435000,28.530000
14.858,-0.406000,0.155000,0.837000,0.458000,-2.733000,0.885000,28.620000
14.864,-0.418000,0.146000,0.836000,-0.031000,-2.939000,3.076000,28.620000
14.877,-0.410000,0.164000,0.845000,-2.061000,-2.160000,1.847000,28.670000
14.884,-0.395000,0.162000,0.841000,-2.542000,0.603000,-0.718000,28.480000
14.896,-0.413000,0.158000,0.843000,-2.893000,0.275000,-0.069000,28.530000
14.904,-0.400000,0.155000,0.845000,-2.412000,-0.992000,-0.588000,28.530000
14.916,-0.409000,0.154000,0.834000,-2.603000,2.321000,-0.550000,28.620000
14.924,-0.424000,0.137000,0.836000,-1.786000,3.824000,-0.298000,28.580000
14.936,-0.436000,0.129000,0.827000,-0.580000,3.206000,-0.595000,28.580000
14.943,-0.450000,0.134000,0.829000,0.504000,-0.046000,-0.618000,28.720000
14.957,-0.440000,0.146000,0.827000,-1.786000,1.756000,-3.183000,28.530000
14.963,-0.457000,0.146000,0.836000,-1.550000,-1.710000,-0.969000,28.580000
14.975,-0.431000,0.126000,0.824000,0.458000,-1.176000,-2.511000,28.480000
14.981,-0.435000,0.132000,0.828000,0.702000,-1.366000,-1.809000,28.580000
14.994,-0.427000,0.139000,0.831000,0.802000,-1.893000,-0.672000,28.580000
15.008,-0.419000,0.148000,0.833000,-0.008000,-1.901000,0.916000,28.530000
15.014,-0.427000,0.141000,0.832000,0.565000,-2.901000,2.740000,28.670000
15.027,-0.410000,0.141000,0.812000,1.313000,-1.290000,-0.359000,28.480000
15.034,-0.411000,0.146000,0.832000,0.908000,4.931000,-3.687000,28.580000
15.047,-0.425000,0.153000,0.841000,0.511000,3.611000,-2.305000,28.620000
15.054,-0.419000,0.146000,0.846000,0.962000,3.687000,-1.107000,28.720000
15.067,-0.421000,0.130000,0.830000,2.939000,3.885000,-1.618000,28.670000
15.074,-0.397000,0.140000,0.823000,3.840000,4.359000,-2.519000,28.480000
15.086,-0.382000,0.159000,0.844000,2.282000,2.954000,-0.840000,28.530000
15.093,-0.424000,0.144000,0.844000,0.626000,-0.405000,2.496000,28.620000
15.106,-0.433000,0.145000,0.850000,0.061000,-1.053000,3.260000,28.530000
15.115,-0.434000,0.122000,0.824000,2.870000,1.443000,0.908000,28.480000
15.127,-0.436000,0.141000,0.834000,4.382000,-0.496000,0.107000,28.670000
15.133,-0.408000,0.167000,0.844000,1.519000,1.550000,-1.221000,28.620000
15.146,-0.420000,0.173000,0.866000,-1.221000,1.969000,-0.611000,28.530000
15.154,-0.420000,0.168000,0.853000,-1.618000,1.336000,0.626000,28.620000
15.166,-0.432000,0.154000,0.858000,-1.771000,0.977000,0.939000,28.580000
15.174,-0.449000,0.148000,0.847000,-1.809000,-1.321000,2.344000,28.580000
15.185,-0.431000,0.141000,0.842000,-1.840000,-3.817000,3.763000,28.580000
15.192,-0.422000,0.136000,0.835000,-2.031000,-5.824000,5.351000,28.530000
15.207,-0.399000,0.135000,0.826000,-2.985000,-8.153000,8.389000,28.670000
15.218,-0.406000,0.137000,0.818000,-2.847000,-10.695000,11.374000,28.580000
15.224,-0.395000,0.137000,0.823000,-1.359000,-5.924000,7.992000,28.580000
15.237,-0.421000,0.138000,0.839000,-0.481000,-6.389000,8.511000,28.530000
15.244,-0.417000,0.137000,0.835000,0.084000,-8.466000,10.298000,28.530000
15.257,-0.387000,0.117000,0.810000,1.527000,-3.527000,5.313000,28.670000
15.264,-0.390000,0.141000,0.815000,1.626000,2.649000,0.672000,28.580000
15.277,-0.413000,0.156000,0.845000,1.405000,4.863000,0.160000,28.580000
15.284,-0.428000,0.145000,0.841000,1.458000,5.137000,-0.924000,28.530000
15.297,-0.435000,0.146000,0.844000,1.634000,5.252000,-1.481000,28.530000
15.304,-0.437000,0.150000,0.852000,1.496000,4.344000,-1.969000,28.670000
15.318,-0.434000,0.146000,0.852000,0.481000,1.496000,-1.817000,28.580000
15.324,-0.432000,0.149000,0.847000,-0.626000,-1.191000,0.336000,28.580000
15.336,-0.426000,0.153000,0.839000,-0.977000,-2.618000,1.298000,28.620000
15.343,-0.425000,0.145000,0.836000,-0.664000,-2.885000,2.481000,28.620000
15.356,-0.416000,0.143000,0.850000,-0.092000,-3.954000,3.130000,28.480000
15.363,-0.414000,0.138000,0.850000,0.282000,-3.023000,3.176000,28.580000
15.376,-0.404000,0.137000,0.842000,0.206000,-0.733000,1.427000,28.580000
15.383,-0.390000,0.145000,0.841000,1.031000,2.275000,-0.298000,28.580000
15.396,-0.408000,0.144000,0.839000,2.130000,1.847000,-0.008000,28.530000
15.403,-0.400000,0.146000,0.838000,2.351000,3.588000,-2.305000,28.580000
15.417,-0.422000,0.158000,0.850000,0.855000,2.153000,-0.748000,28.580000
15.423,-0.418000,0.156000,0.852000,0.473000,-1.191000,1.588000,28.580000
15.435,-0.415000,0.149000,0.841000,0.664000,-3.046000,3.725000,28.620000
15.442,-0.407000,0.154000,0.839000,0.275000,-4.885000,5.321000,28.440000
15.457,-0.398000,0.157000,0.847000,-1.076000,-4.786000,6.229000,28.580000
15.467,-0.396000,0.153000,0.838000,-1.901000,-5.527000,7.794000,28.480000
15.475,-0.409000,0.153000,0.843000,-2.107000,-6.855000,10.901000,28.620000
15.487,-0.381000,0.151000,0.817000,-2.321000,-4.290000,9.496000,28.620000
15.494,-0.409000,0.145000,0.834000,-2.519000,-3.458000,9.817000,28.530000
15.507,-0.413000,0.149000,0.838000,-1.962000,-2.366000,8.130000,28.580000
15.515,-0.424000,0.144000,0.845000,-1.107000,-1.321000,6.542000,28.580000
15.526,-0.427000,0.141000,0.840000,-0.321000,-2.168000,4.985000,28.530000
15.533,-0.431000,0.145000,0.858000,0.786000,-2.664000,3.969000,28.530000
15.546,-0.407000,0.142000,0.834000,1.313000,-2.977000,3.702000,28.620000
15.553,-0.404000,0.157000,0.854000,1.015000,-2.779000,3.885000,28.580000
15.567,-0.393000,0.162000,0.852000,-0.214000,-3.130000,4.832000,28.580000
15.573,-0.389000,0.157000,0.853000,-1.458000,-2.992000,6.015000,28.580000
15.585,-0.380000,0.163000,0.847000,-2.748000,-1.275000,6.038000,28.620000
15.592,-0.413000,0.155000,0.859000,-3.015000,-3.183000,8.855000,28.580000
15.607,-0.393000,0.145000,0.846000,-1.893000,-4.107000,9.656000,28.580000
15.613,-0.395000,0.136000,0.835000,-0.786000,-2.366000,6.847000,28.580000
15.625,-0.390000,0.149000,0.851000,-0.878000,0.351000,4.802000,28.620000
15.632,-0.402000,0.153000,0.850000,-0.534000,0.084000,5.939000,28.530000
15.645,-0.413000,0.146000,0.847000,0.160000,0.603000,5.397000,28.580000
15.652,-0.396000,0.138000,0.834000,0.634000,2.687000,2.954000,28.580000
15.665,-0.421000,0.140000,0.844000,1.817000,1.977000,2.237000,28.620000
15.672,-0.403000,0.151000,0.852000,2.435000,1.145000,1.557000,28.720000
15.685,-0.400000,0.164000,0.852000,1.191000,-0.282000,3.053000,28.620000
15.697,-0.408000,0.162000,0.848000,0.420000,-2.008000,5.122000,28.670000
15.706,-0.409000,0.156000,0.836000,-0.198000,-2.427000,5.198000,28.580000
15.718,-0.394000,0.148000,0.833000,0.008000,-0.321000,2.687000,28.530000
15.725,-0.414000,0.147000,0.842000,0.305000,0.061000,1.725000,28.620000
15.737,-0.402000,0.147000,0.842000,0.229000,0.275000,1.084000,28.620000
15.744,-0.394000,0.140000,0.840000,0.832000,1.366000,1.786000,28.580000
15.757,-0.398000,0.157000,0.848000,1.420000,0.466000,3.901000,28.580000
15.765,-0.424000,0.158000,0.854000,1.649000,-1.878000,6.137000,28.580000
15.777,-0.403000,0.155000,0.831000,1.641000,-3.435000,6.282000,28.530000
15.784,-0.422000,0.155000,0.850000,0.252000,-1.321000,3.794000,28.620000
15.797,-0.427000,0.150000,0.853000,1.076000,-4.145000,4.855000,28.580000
15.804,-0.421000,0.155000,0.845000,1.389000,-5.252000,4.221000,28.580000
15.817,-0.393000,0.167000,0.859000,0.618000,-4.916000,3.435000,28.620000
15.824,-0.364000,0.169000,0.851000,-1.740000,-2.061000,1.244000,28.530000
15.836,-0.365000,0.156000,0.835000,-0.534000,2.115000,-1.023000,28.580000
15.843,-0.390000,0.150000,0.853000,0.107000,1.450000,0.023000,28.580000
15.856,-0.378000,0.151000,0.833000,0.786000,0.450000,2.046000,28.580000
15.864,-0.384000,0.152000,0.834000,1.137000,-1.015000,3.267000,28.720000
15.876,-0.373000,0.148000,0.827000,1.282000,0.115000,3.573000,28.530000
15.883,-0.396000,0.151000,0.842000,2.160000,-0.366000,4.122000,28.580000
15.896,-0.413000,0.152000,0.845000,3.656000,-1.947000,4.802000,28.670000
15.903,-0.410000,0.148000,0.854000,4.954000,-5.000000,6.855000,28.530000
15.916,-0.381000,0.156000,0.831000,5.489000,-5.496000,6.473000,28.620000
15.923,-0.391000,0.162000,0.850000,3.580000,-1.328000,4.038000,28.620000
15.936,-0.389000,0.153000,0.848000,3.229000,-2.565000,5.397000,28.580000
15.943,-0.406000,0.154000,0.842000,4.450000,-2.641000,6.076000,28.580000
15.957,-0.407000,0.166000,0.845000,4.351000,-3.145000,6.038000,28.670000
15.963,-0.384000,0.177000,0.847000,2.511000,0.473000,2.496000,28.530000
15.976,-0.394000,0.173000,0.853000,0.901000,1.740000,0.947000,28.670000
15.983,-0.415000,0.174000,0.859000,-0.214000,1.160000,1.740000,28.580000
15.995,-0.414000,0.167000,0.851000,-0.573000,-0.595000,1.527000,28.580000
16.002,-0.412000,0.156000,0.853000,-0.214000,-2.336000,2.275000,28.530000
16.015,-0.400000,0.152000,0.845000,0.389000,-2.794000,2.122000,28.530000
16.023,-0.389000,0.160000,0.847000,0.725000,-2.626000,1.939000,28.580000
16.035,-0.384000,0.168000,0.842000,0.679000,-2.656000,2.008000,28.670000
16.047,-0.369000,0.177000,0.856000,-1.145000,1.015000,-0.153000,28.620000
16.055,-0.378000,0.169000,0.847000,-1.817000,0.702000,1.443000,28.620000
16.067,-0.383000,0.182000,0.867000,-2.053000,0.794000,1.847000,28.530000
16.076,-0.387000,0.183000,0.865000,-2.603000,2.664000,1.260000,28.580000
16.087,-0.390000,0.186000,0.878000,-2.412000,1.840000,0.779000,28.670000
16.094,-0.400000,0.207000,0.912000,-3.374000,-0.168000,0.466000,28.620000
16.107,-0.378000,0.227000,0.902000,-4.542000,-3.534000,1.832000,28.620000
16.114,-0.352000,0.295000,0.969000,-6.137000,-6.229000,4.924000,28.580000
16.127,-0.273000,0.344000,1.040000,-10.611000,-1.847000,3.031000,28.770000
16.133,-0.219000,0.357000,1.041000,-13.718000,4.893000,5.710000,28.580000
16.146,-0.229000,0.405000,1.091000,-15.710000,8.832000,10.809000,28.580000
16.153,-0.326000,0.460000,1.148000,-17.702000,5.931000,17.847000,28.620000
16.165,-0.423000,0.508000,1.222000,-25.076000,-5.802000,21.527000,28.580000
16.173,-0.370000,0.568000,1.319000,-29.847000,-24.168000,22.328000,28.580000
16.184,-0.252000,0.681000,1.390000,-42.489000,-40.130000,25.611000,28.580000
16.197,-0.149000,0.765000,1.464000,-58.427000,-50.740000,32.855000,28.620000
16.204,0.039000,0.841000,1.512000,-80.458000,-51.229000,34.855000,28.530000
16.217,0.203000,0.837000,1.442000,-88.664000,-27.008000,37.244000,28.580000
16.224,0.231000,0.760000,1.432000,-99.374000,-5.107000,40.359000,28.580000
16.235,0.197000,0.676000,1.371000,-106.893000,12.374000,43.466000,28.620000
16.242,0.115000,0.629000,1.337000,-110.214000,23.084000,46.336000,28.620000
16.256,0.067000,0.610000,1.315000,-111.084000,24.878000,55.099000,28.530000
16.267,0.011000,0.596000,1.291000,-118.000000,19.924000,65.336000,28.480000
16.274,-0.057000,0.536000,1.257000,-122.763000,3.618000,83.092000,28.580000
16.286,-0.114000,0.515000,1.213000,-127.870000,-8.519000,100.840000,28.530000
16.293,-0.114000,0.439000,1.126000,-133.809000,-21.160000,110.382000,28.620000
16.306,-0.150000,0.377000,1.082000,-135.908000,-30.244000,116.794000,28.580000
16.318,-0.241000,0.284000,1.037000,-132.115000,-47.366000,125.817000,28.580000
16.325,-0.184000,0.233000,0.975000,-122.893000,-53.756000,126.252000,28.580000
16.336,-0.165000,0.259000,0.998000,-114.550000,-49.695000,125.817000,28.580000
16.343,-0.122000,0.229000,0.960000,-107.115000,-37.656000,124.267000,28.620000
16.357,-0.168000,0.281000,0.949000,-108.336000,-15.450000,125.191000,28.480000
16.367,-0.276000,0.261000,0.949000,-106.573000,-3.282000,129.015000,28.580000
16.375,-0.379000,0.283000,0.977000,-108.733000,3.748000,128.832000,28.530000
16.386,-0.441000,0.284000,0.966000,-116.916000,6.328000,130.969000,28.530000
16.393,-0.523000,0.211000,0.921000,-126.122000,3.710000,130.038000,28.530000
16.407,-0.523000,0.132000,0.788000,-137.771000,-4.817000,127.061000,28.580000
16.413,-0.427000,0.036000,0.617000,-141.679000,1.695000,119.534000,28.670000
16.425,-0.375000,-0.068000,0.469000,-139.214000,8.038000,120.947000,28.620000
16.437,-0.362000,-0.125000,0.312000,-134.733000,22.328000,126.641000,28.620000
16.443,-0.459000,-0.196000,0.234000,-124.069000,36.603000,135.832000,28.670000
16.457,-0.567000,-0.255000,0.160000,-113.687000,49.954000,141.855000,28.580000
16.467,-0.741000,-0.270000,0.112000,-101.305000,54.931000,147.878000,28.580000
16.475,-0.994000,-0.328000,0.155000,-90.939000,49.534000,146.275000,28.620000
16.486,-1.125000,-0.344000,0.213000,-84.641000,38.183000,134.160000,28.620000
16.493,-1.232000,-0.358000,0.301000,-81.511000,14.527000,113.618000,28.580000
16.507,-1.191000,-0.353000,0.321000,-79.405000,-3.947000,88.229000,28.580000
16.512,-1.050000,-0.339000,0.295000,-74.618000,-14.496000,67.947000,28.480000
16.525,-0.921000,-0.378000,0.273000,-68.618000,-17.023000,55.794000,28.530000
16.537,-0.794000,-0.399000,0.264000,-61.527000,-10.611000,48.832000,28.620000
16.543,-0.751000,-0.436000,0.259000,-50.687000,-3.511000,46.603000,28.580000
16.557,-0.804000,-0.451000,0.358000,-41.435000,-2.878000,45.198000,28.480000
16.563,-0.887000,-0.464000,0.401000,-35.550000,-21.969000,51.038000,28.530000
16.576,-0.800000,-0.488000,0.395000,-21.092000,-33.305000,46.550000,28.620000
16.587,-0.781000,-0.439000,0.485000,-13.702000,-50.710000,44.168000,28.480000
16.594,-0.666000,-0.364000,0.546000,-12.015000,-60.198000,40.313000,28.580000
16.606,-0.552000,-0.394000,0.536000,-12.885000,-60.641000,36.534000,28.670000
16.614,-0.415000,-0.345000,0.541000,-7.840000,-52.084000,31.099000,28.530000
16.625,-0.410000,-0.328000,0.537000,-0.809000,-35.229000,28.557000,28.530000
16.631,-0.379000,-0.358000,0.595000,8.985000,-12.534000,21.969000,28.580000
16.644,-0.277000,-0.219000,-0.017000,5.000000,3.435000,34.176000,28.580000
16.657,-0.446000,-0.318000,0.246000,5.008000,4.916000,25.473000,28.530000
16.665,-0.582000,-0.293000,0.653000,8.183000,-0.695000,12.435000,28.530000
16.677,-0.644000,-0.293000,0.684000,6.031000,-15.534000,10.137000,28.620000
16.683,-0.594000,-0.284000,0.708000,5.763000,-19.252000,8.405000,28.580000
16.696,-0.610000,-0.286000,0.703000,4.237000,-26.725000,10.641000,28.480000
16.704,-0.540000,-0.259000,0.717000,3.733000,-30.916000,8.779000,28.580000
16.716,-0.573000,-0.283000,0.721000,9.908000,-33.382000,4.672000,28.620000
16.724,-0.510000,-0.243000,0.736000,12.076000,-31.290000,1.176000,28.480000
16.734,-0.480000,-0.247000,0.762000,12.443000,-26.878000,-1.267000,28.480000
16.747,-0.431000,-0.202000,0.745000,8.527000,-18.756000,-8.588000,28.480000
16.754,-0.421000,-0.226000,0.728000,7.267000,-11.107000,-12.473000,28.530000
16.766,-0.400000,-0.263000,0.708000,8.321000,-3.939000,-14.183000,28.620000
16.775,-0.425000,-0.258000,0.686000,8.275000,-0.511000,-13.336000,28.580000
16.785,-0.495000,-0.274000,0.726000,11.748000,-6.084000,-10.748000,28.580000
16.792,-0.476000,-0.203000,0.761000,12.931000,-9.916000,-9.435000,28.580000
16.807,-0.491000,-0.215000,0.767000,16.473000,-15.985000,-7.321000,28.620000
16.817,-0.517000,-0.252000,0.719000,23.084000,-20.405000,-8.603000,28.620000
16.825,-0.424000,-0.258000,0.702000,23.443000,-13.626000,-17.137000,28.580000
16.836,-0.402000,-0.259000,0.690000,25.954000,-10.824000,-20.008000,28.580000
16.843,-0.360000,-0.250000,0.639000,30.229000,-7.237000,-21.542000,28.530000
16.857,-0.379000,-0.257000,0.638000,31.908000,0.229000,-25.038000,28.440000
16.862,-0.401000,-0.237000,0.648000,36.046000,4.168000,-26.725000,28.620000
16.875,-0.418000,-0.208000,0.663000,36.427000,9.985000,-28.122000,28.480000
16.887,-0.457000,-0.230000,0.700000,35.985000,12.389000,-30.084000,28.480000
16.894,-0.467000,-0.224000,0.671000,36.695000,8.481000,-30.939000,28.580000
16.907,-0.539000,-0.136000,0.730000,35.168000,5.870000,-33.611000,28.530000
16.914,-0.546000,-0.244000,0.747000,43.191000,2.206000,-35.924000,28.530000
16.925,-0.406000,-0.267000,0.596000,47.832000,-3.298000,-39.321000,28.580000
16.932,-0.396000,-0.231000,0.658000,51.168000,-5.954000,-43.420000,28.580000
16.945,-0.350000,-0.181000,0.693000,55.702000,-9.649000,-43.115000,28.530000
16.957,-0.320000,-0.140000,0.708000,56.260000,-5.023000,-45.405000,28.530000
16.964,-0.276000,-0.133000,0.691000,56.061000,2.626000,-45.534000,28.580000
16.977,-0.284000,-0.164000,0.691000,59.550000,11.473000,-45.298000,28.580000
16.983,-0.318000,-0.173000,0.702000,64.740000,15.840000,-45.817000,28.580000
16.995,-0.348000,-0.169000,0.699000,70.985000,16.405000,-46.557000,28.620000
17.001,-0.355000,-0.155000,0.735000,74.313000,13.542000,-51.534000,28.530000
17.015,-0.386000,-0.089000,0.790000,73.947000,8.931000,-53.344000,28.580000
17.028,-0.336000,-0.046000,0.809000,71.809000,4.763000,-53.237000,28.480000
17.034,-0.289000,-0.025000,0.826000,69.076000,5.847000,-54.389000,28.580000
17.046,-0.244000,-0.021000,0.802000,66.969000,8.466000,-52.046000,28.530000
17.053,-0.277000,-0.029000,0.832000,66.588000,10.588000,-49.443000,28.530000
17.065,-0.311000,-0.002000,0.862000,68.458000,4.420000,-42.985000,28.580000
17.073,-0.290000,0.010000,0.873000,69.565000,-1.756000,-40.908000,28.480000
17.085,-0.260000,0.075000,0.902000,67.817000,-2.832000,-36.122000,28.580000
17.097,-0.225000,0.070000,0.895000,64.580000,-0.206000,-37.573000,28.530000
17.104,-0.072000,0.075000,0.834000,61.008000,9.145000,-31.550000,28.620000
17.117,-0.109000,0.046000,0.853000,53.893000,26.534000,-27.718000,28.580000
17.124,-0.238000,0.033000,0.820000,56.679000,34.038000,-29.466000,28.480000
17.136,-0.344000,0.024000,0.948000,59.008000,25.931000,-13.420000,28.620000
17.143,-0.402000,0.023000,0.847000,65.756000,12.061000,-3.275000,28.620000
17.156,-0.428000,0.067000,0.926000,73.443000,-7.672000,8.695000,28.530000
17.163,-0.306000,0.096000,0.935000,74.611000,-18.756000,11.527000,28.580000
17.175,-0.175000,0.139000,0.915000,65.901000,-4.832000,-6.580000,28.580000
17.187,-0.147000,0.193000,0.976000,55.198000,10.931000,-15.435000,28.530000
17.194,-0.068000,0.160000,0.898000,49.595000,30.229000,-15.885000,28.530000
17.207,-0.106000,0.140000,0.879000,47.389000,56.634000,-22.443000,28.480000
17.215,-0.233000,0.104000,0.871000,51.595000,66.870000,-21.374000,28.580000
17.226,-0.333000,0.119000,0.884000,52.275000,60.985000,-13.977000,28.580000
17.233,-0.361000,0.128000,0.877000,52.603000,48.641000,-1.206000,28.620000
17.245,-0.374000,0.122000,0.884000,56.076000,36.924000,12.359000,28.530000
17.252,-0.374000,0.145000,0.861000,57.336000,24.580000,30.405000,28.580000
17.266,-0.307000,0.127000,0.833000,53.183000,26.489000,28.183000,28.580000
17.278,-0.281000,0.159000,0.830000,51.878000,37.985000,23.710000,28.480000
17.285,-0.388000,0.172000,0.821000,57.481000,40.046000,26.756000,28.620000
17.297,-0.512000,0.315000,0.858000,44.328000,37.290000,24.076000,28.530000
17.304,-0.471000,0.197000,0.880000,52.947000,31.695000,7.740000,28.580000
17.316,-0.512000,0.348000,0.947000,41.092000,24.031000,-4.374000,28.480000
17.324,-0.493000,0.326000,0.955000,29.359000,5.878000,1.344000,28.620000
17.336,-0.418000,0.188000,0.916000,41.618000,-4.557000,11.153000,28.530000
17.343,-0.380000,0.315000,0.950000,44.504000,-1.756000,15.962000,28.480000
17.356,-0.375000,0.229000,0.904000,55.824000,-6.366000,31.298000,28.580000
17.363,-0.422000,0.353000,0.886000,41.893000,-6.679000,36.008000,28.480000
17.375,-0.521000,0.314000,0.903000,32.641000,-13.664000,30.504000,28.440000
17.387,-0.493000,0.252000,0.893000,33.046000,-33.458000,49.122000,28.620000
17.394,-0.223000,0.192000,0.786000,31.542000,-7.145000,16.168000,28.580000
17.407,-0.360000,0.202000,0.801000,40.985000,9.931000,-2.145000,28.580000
17.415,-0.369000,0.280000,0.867000,36.481000,11.244000,-5.802000,28.480000
17.426,-0.216000,0.075000,0.739000,60.137000,36.817000,-19.160000,28.530000
17.433,-0.472000,0.172000,0.855000,67.969000,22.069000,-18.794000,28.530000
17.446,-0.428000,0.333000,0.856000,76.794000,22.527000,-20.580000,28.580000
17.452,-0.482000,0.335000,0.819000,76.160000,17.916000,-23.344000,28.580000
17.465,-0.515000,0.308000,0.913000,77.229000,-7.008000,-15.008000,28.480000
17.478,-0.473000,0.392000,0.924000,78.924000,-27.908000,-4.679000,28.620000
17.484,-0.370000,0.447000,0.977000,75.450000,-44.359000,1.443000,28.620000
17.497,-0.319000,0.479000,1.029000,64.443000,-47.198000,9.771000,28.580000
17.504,-0.247000,0.569000,0.980000,38.000000,-37.115000,10.489000,28.480000
17.516,-0.320000,0.512000,1.021000,34.321000,-18.870000,11.015000,28.530000
17.524,-0.384000,0.536000,0.956000,20.863000,-8.458000,-1.847000,28.530000
17.535,-0.434000,0.468000,1.045000,13.374000,-15.580000,4.435000,28.530000
17.542,-0.329000,0.388000,0.969000,27.595000,-23.893000,7.802000,28.480000
17.557,-0.302000,0.372000,0.995000,22.534000,-32.748000,14.160000,28.480000
17.568,-0.378000,0.400000,1.000000,13.275000,-33.824000,16.809000,28.620000
17.574,-0.354000,0.391000,0.961000,9.450000,-45.008000,26.786000,28.530000
17.587,-0.298000,0.392000,0.930000,8.450000,-48.733000,32.527000,28.580000
17.594,-0.299000,0.418000,0.969000,1.664000,-52.756000,44.038000,28.480000
17.607,-0.265000,0.406000,0.969000,-5.527000,-55.740000,56.206000,28.580000
17.613,-0.194000,0.417000,0.950000,-17.122000,-50.542000,63.313000,28.620000
17.626,-0.137000,0.391000,0.931000,-26.053000,-28.519000,60.160000,28.620000
17.632,-0.212000,0.412000,0.942000,-29.168000,-13.947000,60.328000,28.580000
17.644,-0.358000,0.404000,0.995000,-16.489000,-21.137000,62.687000,28.580000
17.657,-0.363000,0.373000,0.937000,5.687000,-36.748000,69.389000,28.580000
17.664,-0.312000,0.459000,0.904000,-11.977000,-35.504000,63.099000,28.440000
17.676,-0.352000,0.452000,0.937000,-12.756000,-40.359000,60.244000,28.530000
17.683,-0.240000,0.385000,0.859000,-21.947000,-33.198000,46.893000,28.480000
17.695,-0.303000,0.446000,0.921000,-27.168000,-29.962000,47.382000,28.480000
17.702,-0.309000,0.406000,0.898000,-32.344000,-25.954000,41.733000,28.530000
17.715,-0.302000,0.387000,0.885000,-33.000000,-17.092000,28.679000,28.530000
17.728,-0.313000,0.400000,0.933000,-29.603000,-15.298000,21.992000,28.480000
17.733,-0.290000,0.402000,0.939000,-29.282000,-14.473000,19.534000,28.480000
17.746,-0.274000,0.398000,0.931000,-31.351000,-11.832000,16.176000,28.580000
17.754,-0.265000,0.376000,0.917000,-33.725000,-5.878000,9.443000,28.530000
17.766,-0.293000,0.366000,0.913000,-35.244000,-3.863000,5.229000,28.530000
17.773,-0.292000,0.360000,0.909000,-34.802000,-8.718000,5.359000,28.580000
17.785,-0.286000,0.333000,0.882000,-32.504000,-14.397000,5.618000,28.480000
17.797,-0.274000,0.338000,0.873000,-28.031000,-19.053000,5.779000,28.620000
17.804,-0.243000,0.322000,0.874000,-25.168000,-22.534000,6.290000,28.440000
17.817,-0.189000,0.316000,0.854000,-24.298000,-20.985000,3.786000,28.530000
17.824,-0.163000,0.332000,0.865000,-27.336000,-7.344000,-5.008000,28.580000
17.836,-0.211000,0.321000,0.863000,-28.313000,-7.718000,-3.725000,28.670000
17.843,-0.210000,0.312000,0.867000,-27.153000,-11.809000,0.840000,28.480000
17.857,-0.198000,0.297000,0.848000,-25.878000,-14.420000,4.519000,28.530000
17.862,-0.175000,0.268000,0.820000,-22.611000,-13.740000,6.092000,28.480000
17.875,-0.172000,0.251000,0.795000,-19.084000,-7.885000,3.725000,28.480000
17.887,-0.211000,0.250000,0.810000,-16.000000,-6.687000,3.168000,28.480000
17.894,-0.230000,0.250000,0.830000,-13.374000,-10.931000,4.374000,28.530000
17.906,-0.223000,0.262000,0.829000,-10.656000,-14.534000,5.656000,28.530000
17.913,-0.210000,0.272000,0.841000,-8.580000,-18.084000,7.634000,28.580000
17.927,-0.194000,0.276000,0.833000,-8.183000,-19.290000,8.595000,28.580000
17.933,-0.162000,0.279000,0.850000,-9.382000,-13.595000,5.229000,28.580000
17.945,-0.109000,0.291000,0.829000,-15.641000,2.206000,-4.840000,28.620000
17.952,-0.181000,0.293000,0.870000,-20.656000,10.672000,-8.313000,28.440000
17.965,-0.213000,0.279000,0.871000,-22.634000,8.008000,-4.756000,28.480000
17.978,-0.211000,0.259000,0.850000,-21.916000,6.061000,-2.939000,28.580000
17.984,-0.201000,0.240000,0.854000,-20.649000,4.031000,-1.229000,28.620000
17.996,-0.226000,0.233000,0.850000,-16.076000,-0.397000,2.160000,28.620000
18.004,-0.216000,0.225000,0.833000,-13.328000,0.305000,0.977000,28.620000
18.018,-0.218000,0.214000,0.839000,-11.214000,-1.153000,0.351000,28.480000
18.023,-0.212000,0.216000,0.863000,-9.527000,-3.328000,-0.183000,28.580000
18.036,-0.217000,0.230000,0.839000,-5.908000,-2.542000,-0.092000,28.480000
18.043,-0.134000,0.235000,0.897000,-8.763000,6.771000,-11.168000,28.440000
18.057,-0.282000,0.213000,0.856000,-17.153000,18.672000,-14.496000,28.670000
18.067,-0.198000,0.221000,0.849000,-13.412000,15.260000,-10.198000,28.580000
18.075,-0.218000,0.237000,0.854000,-10.565000,11.237000,-9.053000,28.580000
18.087,-0.236000,0.211000,0.865000,-9.802000,7.786000,-6.176000,28.440000
18.094,-0.239000,0.201000,0.841000,-8.076000,1.053000,-2.061000,28.530000
18.107,-0.226000,0.199000,0.859000,-5.489000,-2.824000,0.084000,28.480000
18.114,-0.209000,0.194000,0.844000,-1.527000,-3.878000,-0.534000,28.480000
18.127,-0.162000,0.189000,0.850000,1.374000,-0.733000,-3.305000,28.530000
18.133,-0.166000,0.200000,0.849000,2.374000,7.908000,-6.695000,28.530000
18.146,-0.201000,0.231000,0.883000,2.489000,10.969000,-7.420000,28.530000
18.154,-0.226000,0.246000,0.900000,1.015000,11.382000,-8.252000,28.580000
18.167,-0.202000,0.258000,0.907000,-2.878000,17.282000,-12.237000,28.580000
18.174,-0.209000,0.266000,0.925000,-8.664000,20.878000,-14.832000,28.530000
18.184,-0.214000,0.246000,0.919000,-13.977000,23.374000,-17.137000,28.620000
18.197,-0.251000,0.234000,0.930000,-12.244000,22.786000,-15.351000,28.530000
18.204,-0.263000,0.232000,0.926000,-12.336000,18.092000,-12.992000,28.580000
18.216,-0.287000,0.234000,0.923000,-10.786000,9.824000,-8.626000,28.580000
18.224,-0.287000,0.226000,0.939000,-8.969000,1.863000,-5.840000,28.580000
18.236,-0.255000,0.241000,0.932000,-6.611000,-2.962000,-3.939000,28.530000
18.243,-0.242000,0.259000,0.953000,-6.885000,-5.038000,-2.679000,28.580000
18.263,-0.229000,0.258000,0.960000,-9.603000,-3.351000,-4.252000,28.580000
18.263,-0.211000,0.262000,0.969000,-16.565000,0.137000,-7.145000,28.580000
time_sec,ax,ay,az,gx,gy,gz,temp_c
0.012,0.000000,0.000000,0.000000,0.000000,0.000000,0.000000,36.530000
0.013,0.000000,0.000000,0.000000,0.000000,0.000000,0.000000,36.530000
0.021,0.000000,0.000000,0.000000,0.000000,0.000000,0.000000,36.530000
0.026,0.000000,0.000000,0.000000,0.000000,0.000000,0.000000,36.530000
0.037,0.000000,0.000000,0.000000,0.000000,0.000000,0.000000,36.530000
0.043,0.000000,0.000000,0.000000,0.000000,0.000000,0.000000,36.530000
0.054,0.000000,0.000000,0.000000,0.000000,0.000000,0.000000,36.530000
0.059,0.000000,0.000000,0.000000,0.000000,0.000000,0.000000,36.530000
0.071,0.000000,0.000000,0.000000,0.000000,0.000000,0.000000,36.530000
0.078,0.000000,0.000000,0.000000,0.000000,0.000000,0.000000,36.530000
0.088,0.000000,0.000000,0.000000,0.000000,0.000000,0.000000,36.530000
0.095,0.000000,0.000000,0.000000,0.000000,0.000000,0.000000,36.530000
0.106,0.000000,0.000000,0.000000,0.000000,0.000000,0.000000,36.530000
0.111,0.000000,0.000000,0.000000,0.000000,0.000000,0.000000,36.530000
0.120,0.000000,0.000000,0.000000,0.000000,0.000000,0.000000,36.530000
0.126,0.000000,0.000000,0.000000,0.000000,0.000000,0.000000,36.530000
0.137,0.000000,0.000000,0.000000,0.000000,0.000000,0.000000,36.530000
0.143,0.000000,0.000000,0.000000,0.000000,0.000000,0.000000,36.530000
0.154,0.000000,0.000000,0.000000,0.000000,0.000000,0.000000,36.530000
0.159,0.000000,0.000000,0.000000,0.000000,0.000000,0.000000,36.530000
0.171,0.000000,0.000000,0.000000,0.000000,0.000000,0.000000,36.530000
0.176,0.000000,0.000000,0.000000,0.000000,0.000000,0.000000,36.530000
0.187,0.000000,0.000000,0.000000,0.000000,0.000000,0.000000,36.530000
0.193,0.000000,0.000000,0.000000,0.000000,0.000000,0.000000,36.530000
0.204,0.000000,0.000000,0.000000,0.000000,0.000000,0.000000,36.530000
0.209,0.000000,0.000000,0.000000,0.000000,0.000000,0.000000,36.530000
0.220,0.000000,0.000000,0.000000,0.000000,0.000000,0.000000,36.530000
0.226,0.000000,0.000000,0.000000,0.000000,0.000000,0.000000,36.530000
0.233,0.000000,0.000000,0.000000,0.000000,0.000000,0.000000,36.530000
0.243,0.000000,0.000000,0.000000,0.000000,0.000000,0.000000,36.530000
0.248,0.000000,0.000000,0.000000,0.000000,0.000000,0.000000,36.530000
0.259,0.000000,0.000000,0.000000,0.000000,0.000000,0.000000,36.530000
0.265,0.000000,0.000000,0.000000,0.000000,0.000000,0.000000,36.530000
0.276,0.000000,0.000000,0.000000,0.000000,0.000000,0.000000,36.530000
0.283,0.000000,0.000000,0.000000,0.000000,0.000000,0.000000,36.530000
0.293,0.000000,0.000000,0.000000,0.000000,0.000000,0.000000,36.530000
0.298,0.000000,0.000000,0.000000,0.000000,0.000000,0.000000,36.530000
0.309,0.000000,0.000000,0.000000,0.000000,0.000000,0.000000,36.530000
0.315,0.000000,0.000000,0.000000,0.000000,0.000000,0.000000,36.530000
0.327,0.000000,0.000000,0.000000,0.000000,0.000000,0.000000,36.530000
0.333,0.000000,0.000000,0.000000,0.000000,0.000000,0.000000,36.530000
0.343,0.000000,0.000000,0.000000,0.000000,0.000000,0.000000,36.530000
0.348,0.000000,0.000000,0.000000,0.000000,0.000000,0.000000,36.530000
0.359,0.000000,0.000000,0.000000,0.000000,0.000000,0.000000,36.530000
0.365,0.000000,0.000000,0.000000,0.000000,0.000000,0.000000,36.530000
0.376,0.000000,0.000000,0.000000,0.000000,0.000000,0.000000,36.530000
0.383,0.000000,0.000000,0.000000,0.000000,0.000000,0.000000,36.530000
0.393,0.000000,0.000000,0.000000,0.000000,0.000000,0.000000,36.530000
0.398,0.000000,0.000000,0.000000,0.000000,0.000000,0.000000,36.530000
0.409,0.000000,0.000000,0.000000,0.000000,0.000000,0.000000,36.530000
0.415,0.000000,0.000000,0.000000,0.000000,0.000000,0.000000,36.530000
0.426,0.000000,0.000000,0.000000,0.000000,0.000000,0.000000,36.530000
0.432,0.000000,0.000000,0.000000,0.000000,0.000000,0.000000,36.530000
0.443,0.000000,0.000000,0.000000,0.000000,0.000000,0.000000,36.530000
0.448,0.000000,0.000000,0.000000,0.000000,0.000000,0.000000,36.530000
0.459,0.000000,0.000000,0.000000,0.000000,0.000000,0.000000,36.530000
0.465,0.000000,0.000000,0.000000,0.000000,0.000000,0.000000,36.530000
0.476,0.000000,0.000000,0.000000,0.000000,0.000000,0.000000,36.530000
0.483,0.000000,0.000000,0.000000,0.000000,0.000000,0.000000,36.530000
0.492,0.000000,0.000000,0.000000,0.000000,0.000000,0.000000,36.530000
0.498,0.000000,0.000000,0.000000,0.000000,0.000000,0.000000,36.530000
0.504,0.000000,0.000000,0.000000,0.000000,0.000000,0.000000,36.530000
0.515,0.000000,0.000000,0.000000,0.000000,0.000000,0.000000,36.530000
0.523,0.000000,0.000000,0.000000,0.000000,0.000000,0.000000,36.530000
0.532,0.000000,0.000000,0.000000,0.000000,0.000000,0.000000,36.530000
0.539,0.000000,0.000000,0.000000,0.000000,0.000000,0.000000,36.530000
0.549,0.000000,0.000000,0.000000,0.000000,0.000000,0.000000,36.530000
0.554,0.000000,0.000000,0.000000,0.000000,0.000000,0.000000,36.530000
0.565,0.000000,0.000000,0.000000,0.000000,0.000000,0.000000,36.530000
0.573,0.000000,0.000000,0.000000,0.000000,0.000000,0.000000,36.530000
0.582,0.000000,0.000000,0.000000,0.000000,0.000000,0.000000,36.530000
0.588,0.000000,0.000000,0.000000,0.000000,0.000000,0.000000,36.530000
0.599,0.000000,0.000000,0.000000,0.000000,0.000000,0.000000,36.530000
0.604,0.000000,0.000000,0.000000,0.000000,0.000000,0.000000,36.530000
0.615,0.000000,0.000000,0.000000,0.000000,0.000000,0.000000,36.530000
0.620,0.000000,0.000000,0.000000,0.000000,0.000000,0.000000,36.530000
0.632,0.000000,0.000000,0.000000,0.000000,0.000000,0.000000,36.530000
0.638,0.000000,0.000000,0.000000,0.000000,0.000000,0.000000,36.530000
0.648,0.000000,0.000000,0.000000,0.000000,0.000000,0.000000,36.530000
0.654,0.000000,0.000000,0.000000,0.000000,0.000000,0.000000,36.530000
0.665,0.000000,0.000000,0.000000,0.000000,0.000000,0.000000,36.530000
0.672,0.000000,0.000000,0.000000,0.000000,0.000000,0.000000,36.530000
0.683,0.000000,0.000000,0.000000,0.000000,0.000000,0.000000,36.530000
0.687,0.000000,0.000000,0.000000,0.000000,0.000000,0.000000,36.530000
0.698,0.000000,0.000000,0.000000,0.000000,0.000000,0.000000,36.530000
0.704,0.000000,0.000000,0.000000,0.000000,0.000000,0.000000,36.530000
0.715,0.000000,0.000000,0.000000,0.000000,0.000000,0.000000,36.530000
0.720,0.000000,0.000000,0.000000,0.000000,0.000000,0.000000,36.530000
0.732,0.000000,0.000000,0.000000,0.000000,0.000000,0.000000,36.530000
0.737,0.000000,0.000000,0.000000,0.000000,0.000000,0.000000,36.530000
0.748,0.000000,0.000000,0.000000,0.000000,0.000000,0.000000,36.530000
0.754,0.000000,0.000000,0.000000,0.000000,0.000000,0.000000,36.530000
0.759,0.000000,0.000000,0.000000,0.000000,0.000000,0.000000,36.530000
0.771,0.000000,0.000000,0.000000,0.000000,0.000000,0.000000,36.530000
0.777,0.000000,0.000000,0.000000,0.000000,0.000000,0.000000,36.530000
0.788,0.000000,0.000000,0.000000,0.000000,0.000000,0.000000,36.530000
0.793,0.000000,0.000000,0.000000,0.000000,0.000000,0.000000,36.530000
0.804,0.000000,0.000000,0.000000,0.000000,0.000000,0.000000,36.530000
0.809,0.000000,0.000000,0.000000,0.000000,0.000000,0.000000,36.530000
0.820,0.000000,0.000000,0.000000,0.000000,0.000000,0.000000,36.530000
0.827,0.000000,0.000000,0.000000,0.000000,0.000000,0.000000,36.530000
0.838,0.000000,0.000000,0.000000,0.000000,0.000000,0.000000,36.530000
0.843,0.000000,0.000000,0.000000,0.000000,0.000000,0.000000,36.530000
0.854,0.000000,0.000000,0.000000,0.000000,0.000000,0.000000,36.530000
0.859,0.000000,0.000000,0.000000,0.000000,0.000000,0.000000,36.530000
0.872,0.000000,0.000000,0.000000,0.000000,0.000000,0.000000,36.530000
0.877,0.000000,0.000000,0.000000,0.000000,0.000000,0.000000,36.530000
0.887,0.000000,0.000000,0.000000,0.000000,0.000000,0.000000,36.530000
0.893,0.000000,0.000000,0.000000,0.000000,0.000000,0.000000,36.530000
0.904,0.000000,0.000000,0.000000,0.000000,0.000000,0.000000,36.530000
0.909,0.000000,0.000000,0.000000,0.000000,0.000000,0.000000,36.530000
0.920,0.000000,0.000000,0.000000,0.000000,0.000000,0.000000,36.530000
0.927,0.000000,0.000000,0.000000,0.000000,0.000000,0.000000,36.530000
0.938,0.000000,0.000000,0.000000,0.000000,0.000000,0.000000,36.530000
0.943,0.000000,0.000000,0.000000,0.000000,0.000000,0.000000,36.530000
0.954,0.000000,0.000000,0.000000,0.000000,0.000000,0.000000,36.530000
0.959,0.000000,0.000000,0.000000,0.000000,0.000000,0.000000,36.530000
0.970,0.000000,0.000000,0.000000,0.000000,0.000000,0.000000,36.530000
0.977,0.000000,0.000000,0.000000,0.000000,0.000000,0.000000,36.530000
0.987,0.000000,0.000000,0.000000,0.000000,0.000000,0.000000,36.530000
0.993,0.000000,0.000000,0.000000,0.000000,0.000000,0.000000,36.530000
1.004,0.000000,0.000000,0.000000,0.000000,0.000000,0.000000,36.530000
1.009,0.000000,0.000000,0.000000,0.000000,0.000000,0.000000,36.530000
1.022,0.000000,0.000000,0.000000,0.000000,0.000000,0.000000,36.530000
1.026,0.000000,0.000000,0.000000,0.000000,0.000000,0.000000,36.530000
1.034,0.000000,0.000000,0.000000,0.000000,0.000000,0.000000,36.530000
1.043,0.000000,0.000000,0.000000,0.000000,0.000000,0.000000,36.530000
1.048,0.000000,0.000000,0.000000,0.000000,0.000000,0.000000,36.530000
1.059,0.000000,0.000000,0.000000,0.000000,0.000000,0.000000,36.530000
1.065,0.000000,0.000000,0.000000,0.000000,0.000000,0.000000,36.530000
1.076,0.000000,0.000000,0.000000,0.000000,0.000000,0.000000,36.530000
1.083,0.000000,0.000000,0.000000,0.000000,0.000000,0.000000,36.530000
1.093,0.000000,0.000000,0.000000,0.000000,0.000000,0.000000,36.530000
1.098,0.000000,0.000000,0.000000,0.000000,0.000000,0.000000,36.530000
1.109,0.000000,0.000000,0.000000,0.000000,0.000000,0.000000,36.530000
1.115,0.000000,0.000000,0.000000,0.000000,0.000000,0.000000,36.530000
1.126,0.000000,0.000000,0.000000,0.000000,0.000000,0.000000,36.530000
1.132,0.000000,0.000000,0.000000,0.000000,0.000000,0.000000,36.530000
1.142,0.000000,0.000000,0.000000,0.000000,0.000000,0.000000,36.530000
1.148,0.000000,0.000000,0.000000,0.000000,0.000000,0.000000,36.530000
1.159,0.000000,0.000000,0.000000,0.000000,0.000000,0.000000,36.530000
1.165,0.000000,0.000000,0.000000,0.000000,0.000000,0.000000,36.530000
1.176,0.000000,0.000000,0.000000,0.000000,0.000000,0.000000,36.530000
1.183,0.000000,0.000000,0.000000,0.000000,0.000000,0.000000,36.530000
1.193,0.000000,0.000000,0.000000,0.000000,0.000000,0.000000,36.530000
1.198,0.000000,0.000000,0.000000,0.000000,0.000000,0.000000,36.530000
1.209,0.000000,0.000000,0.000000,0.000000,0.000000,0.000000,36.530000
1.215,0.000000,0.000000,0.000000,0.000000,0.000000,0.000000,36.530000
1.226,0.000000,0.000000,0.000000,0.000000,0.000000,0.000000,36.530000
1.233,0.000000,0.000000,0.000000,0.000000,0.000000,0.000000,36.530000
1.243,0.000000,0.000000,0.000000,0.000000,0.000000,0.000000,36.530000
1.248,0.000000,0.000000,0.000000,0.000000,0.000000,0.000000,36.530000
1.259,0.000000,0.000000,0.000000,0.000000,0.000000,0.000000,36.530000
1.265,0.000000,0.000000,0.000000,0.000000,0.000000,0.000000,36.530000
1.276,0.000000,0.000000,0.000000,0.000000,0.000000,0.000000,36.530000
1.282,0.000000,0.000000,0.000000,0.000000,0.000000,0.000000,36.530000
1.288,0.000000,0.000000,0.000000,0.000000,0.000000,0.000000,36.530000
1.298,0.000000,0.000000,0.000000,0.000000,0.000000,0.000000,36.530000
1.304,0.000000,0.000000,0.000000,0.000000,0.000000,0.000000,36.530000
1.315,0.000000,0.000000,0.000000,0.000000,0.000000,0.000000,36.530000
1.323,0.000000,0.000000,0.000000,0.000000,0.000000,0.000000,36.530000
1.332,0.000000,0.000000,0.000000,0.000000,0.000000,0.000000,36.530000
1.338,0.000000,0.000000,0.000000,0.000000,0.000000,0.000000,36.530000
1.348,0.000000,0.000000,0.000000,0.000000,0.000000,0.000000,36.530000
1.354,0.000000,0.000000,0.000000,0.000000,0.000000,0.000000,36.530000
1.365,0.000000,0.000000,0.000000,0.000000,0.000000,0.000000,36.530000
1.373,0.000000,0.000000,0.000000,0.000000,0.000000,0.000000,36.530000
1.383,0.000000,0.000000,0.000000,0.000000,0.000000,0.000000,36.530000
1.387,0.000000,0.000000,0.000000,0.000000,0.000000,0.000000,36.530000
1.398,0.000000,0.000000,0.000000,0.000000,0.000000,0.000000,36.530000
1.404,0.000000,0.000000,0.000000,0.000000,0.000000,0.000000,36.530000
1.415,0.000000,0.000000,0.000000,0.000000,0.000000,0.000000,36.530000
1.420,0.000000,0.000000,0.000000,0.000000,0.000000,0.000000,36.530000
1.432,0.000000,0.000000,0.000000,0.000000,0.000000,0.000000,36.530000
1.438,0.000000,0.000000,0.000000,0.000000,0.000000,0.000000,36.530000
1.448,0.000000,0.000000,0.000000,0.000000,0.000000,0.000000,36.530000
1.454,0.000000,0.000000,0.000000,0.000000,0.000000,0.000000,36.530000
1.465,0.000000,0.000000,0.000000,0.000000,0.000000,0.000000,36.530000
1.470,0.000000,0.000000,0.000000,0.000000,0.000000,0.000000,36.530000
1.482,0.000000,0.000000,0.000000,0.000000,0.000000,0.000000,36.530000
1.487,0.000000,0.000000,0.000000,0.000000,0.000000,0.000000,36.530000
1.498,0.000000,0.000000,0.000000,0.000000,0.000000,0.000000,36.530000
1.504,0.000000,0.000000,0.000000,0.000000,0.000000,0.000000,36.530000
1.515,0.000000,0.000000,0.000000,0.000000,0.000000,0.000000,36.530000
1.520,0.000000,0.000000,0.000000,0.000000,0.000000,0.000000,36.530000
1.532,0.000000,0.000000,0.000000,0.000000,0.000000,0.000000,36.530000
1.538,0.000000,0.000000,0.000000,0.000000,0.000000,0.000000,36.530000
1.548,0.000000,0.000000,0.000000,0.000000,0.000000,0.000000,36.530000
1.554,0.000000,0.000000,0.000000,0.000000,0.000000,0.000000,36.530000
1.559,0.000000,0.000000,0.000000,0.000000,0.000000,0.000000,36.530000
1.570,0.000000,0.000000,0.000000,0.000000,0.000000,0.000000,36.530000
1.576,0.000000,0.000000,0.000000,0.000000,0.000000,0.000000,36.530000
1.588,0.000000,0.000000,0.000000,0.000000,0.000000,0.000000,36.530000
1.593,0.000000,0.000000,0.000000,0.000000,0.000000,0.000000,36.530000
1.604,0.000000,0.000000,0.000000,0.000000,0.000000,0.000000,36.530000
1.609,0.000000,0.000000,0.000000,0.000000,0.000000,0.000000,36.530000
1.620,0.000000,0.000000,0.000000,0.000000,0.000000,0.000000,36.530000
1.627,0.000000,0.000000,0.000000,0.000000,0.000000,0.000000,36.530000
1.638,0.000000,0.000000,0.000000,0.000000,0.000000,0.000000,36.530000
1.643,0.000000,0.000000,0.000000,0.000000,0.000000,0.000000,36.530000
1.654,0.000000,0.000000,0.000000,0.000000,0.000000,0.000000,36.530000
1.659,0.000000,0.000000,0.000000,0.000000,0.000000,0.000000,36.530000
1.670,0.000000,0.000000,0.000000,0.000000,0.000000,0.000000,36.530000
1.677,0.000000,0.000000,0.000000,0.000000,0.000000,0.000000,36.530000
1.688,0.000000,0.000000,0.000000,0.000000,0.000000,0.000000,36.530000
1.693,0.000000,0.000000,0.000000,0.000000,0.000000,0.000000,36.530000
1.704,0.000000,0.000000,0.000000,0.000000,0.000000,0.000000,36.530000
1.709,0.000000,0.000000,0.000000,0.000000,0.000000,0.000000,36.530000
1.720,0.000000,0.000000,0.000000,0.000000,0.000000,0.000000,36.530000
1.726,0.000000,0.000000,0.000000,0.000000,0.000000,0.000000,36.530000
1.738,0.000000,0.000000,0.000000,0.000000,0.000000,0.000000,36.530000
1.743,0.000000,0.000000,0.000000,0.000000,0.000000,0.000000,36.530000
1.754,0.000000,0.000000,0.000000,0.000000,0.000000,0.000000,36.530000
1.759,0.000000,0.000000,0.000000,0.000000,0.000000,0.000000,36.530000
1.770,0.000000,0.000000,0.000000,0.000000,0.000000,0.000000,36.530000
1.777,0.000000,0.000000,0.000000,0.000000,0.000000,0.000000,36.530000
1.787,0.000000,0.000000,0.000000,0.000000,0.000000,0.000000,36.530000
1.793,0.000000,0.000000,0.000000,0.000000,0.000000,0.000000,36.530000
1.804,0.000000,0.000000,0.000000,0.000000,0.000000,0.000000,36.530000
1.809,0.000000,0.000000,0.000000,0.000000,0.000000,0.000000,36.530000
1.815,0.000000,0.000000,0.000000,0.000000,0.000000,0.000000,36.530000
1.826,0.000000,0.000000,0.000000,0.000000,0.000000,0.000000,36.530000
1.832,0.000000,0.000000,0.000000,0.000000,0.000000,0.000000,36.530000
1.843,0.000000,0.000000,0.000000,0.000000,0.000000,0.000000,36.530000
1.848,0.000000,0.000000,0.000000,0.000000,0.000000,0.000000,36.530000
1.859,0.000000,0.000000,0.000000,0.000000,0.000000,0.000000,36.530000
1.865,0.000000,0.000000,0.000000,0.000000,0.000000,0.000000,36.530000
1.876,0.000000,0.000000,0.000000,0.000000,0.000000,0.000000,36.530000
1.882,0.000000,0.000000,0.000000,0.000000,0.000000,0.000000,36.530000
1.893,0.000000,0.000000,0.000000,0.000000,0.000000,0.000000,36.530000
1.898,0.000000,0.000000,0.000000,0.000000,0.000000,0.000000,36.530000
1.909,0.000000,0.000000,0.000000,0.000000,0.000000,0.000000,36.530000
1.915,0.000000,0.000000,0.000000,0.000000,0.000000,0.000000,36.530000
1.926,0.000000,0.000000,0.000000,0.000000,0.000000,0.000000,36.530000
1.932,0.000000,0.000000,0.000000,0.000000,0.000000,0.000000,36.530000
1.942,0.000000,0.000000,0.000000,0.000000,0.000000,0.000000,36.530000
1.948,0.000000,0.000000,0.000000,0.000000,0.000000,0.000000,36.530000
1.959,0.000000,0.000000,0.000000,0.000000,0.000000,0.000000,36.530000
1.965,0.000000,0.000000,0.000000,0.000000,0.000000,0.000000,36.530000
1.976,0.000000,0.000000,0.000000,0.000000,0.000000,0.000000,36.530000
1.983,0.000000,0.000000,0.000000,0.000000,0.000000,0.000000,36.530000
1.992,0.000000,0.000000,0.000000,0.000000,0.000000,0.000000,36.530000
1.998,0.000000,0.000000,0.000000,0.000000,0.000000,0.000000,36.530000
2.009,0.000000,0.000000,0.000000,0.000000,0.000000,0.000000,36.530000
2.015,0.000000,0.000000,0.000000,0.000000,0.000000,0.000000,36.530000
2.026,0.000000,0.000000,0.000000,0.000000,0.000000,0.000000,36.530000
2.033,0.000000,0.000000,0.000000,0.000000,0.000000,0.000000,36.530000
2.042,0.000000,0.000000,0.000000,0.000000,0.000000,0.000000,36.530000
2.048,0.000000,0.000000,0.000000,0.000000,0.000000,0.000000,36.530000
2.059,0.000000,0.000000,0.000000,0.000000,0.000000,0.000000,36.530000
2.065,0.000000,0.000000,0.000000,0.000000,0.000000,0.000000,36.530000
2.076,0.000000,0.000000,0.000000,0.000000,0.000000,0.000000,36.530000
2.082,0.000000,0.000000,0.000000,0.000000,0.000000,0.000000,36.530000
2.088,0.000000,0.000000,0.000000,0.000000,0.000000,0.000000,36.530000
2.098,0.000000,0.000000,0.000000,0.000000,0.000000,0.000000,36.530000
2.104,0.000000,0.000000,0.000000,0.000000,0.000000,0.000000,36.530000
2.115,0.000000,0.000000,0.000000,0.000000,0.000000,0.000000,36.530000
2.120,0.000000,0.000000,0.000000,0.000000,0.000000,0.000000,36.530000
2.132,0.000000,0.000000,0.000000,0.000000,0.000000,0.000000,36.530000
2.138,0.000000,0.000000,0.000000,0.000000,0.000000,0.000000,36.530000
2.148,0.000000,0.000000,0.000000,0.000000,0.000000,0.000000,36.530000
2.154,0.000000,0.000000,0.000000,0.000000,0.000000,0.000000,36.530000
2.165,0.000000,0.000000,0.000000,0.000000,0.000000,0.000000,36.530000
2.170,0.000000,0.000000,0.000000,0.000000,0.000000,0.000000,36.530000
2.182,0.000000,0.000000,0.000000,0.000000,0.000000,0.000000,36.530000
2.188,0.000000,0.000000,0.000000,0.000000,0.000000,0.000000,36.530000
2.198,0.000000,0.000000,0.000000,0.000000,0.000000,0.000000,36.530000
2.204,0.000000,0.000000,0.000000,0.000000,0.000000,0.000000,36.530000
2.215,0.000000,0.000000,0.000000,0.000000,0.000000,0.000000,36.530000
2.220,0.000000,0.000000,0.000000,0.000000,0.000000,0.000000,36.530000
2.232,0.000000,0.000000,0.000000,0.000000,0.000000,0.000000,36.530000
2.237,0.000000,0.000000,0.000000,0.000000,0.000000,0.000000,36.530000
2.248,0.000000,0.000000,0.000000,0.000000,0.000000,0.000000,36.530000
2.254,0.000000,0.000000,0.000000,0.000000,0.000000,0.000000,36.530000
2.265,0.000000,0.000000,0.000000,0.000000,0.000000,0.000000,36.530000
2.272,0.000000,0.000000,0.000000,0.000000,0.000000,0.000000,36.530000
2.282,0.000000,0.000000,0.000000,0.000000,0.000000,0.000000,36.530000
2.288,0.000000,0.000000,0.000000,0.000000,0.000000,0.000000,36.530000
2.298,0.000000,0.000000,0.000000,0.000000,0.000000,0.000000,36.530000
2.304,0.000000,0.000000,0.000000,0.000000,0.000000,0.000000,36.530000
2.315,0.000000,0.000000,0.000000,0.000000,0.000000,0.000000,36.530000
2.320,0.000000,0.000000,0.000000,0.000000,0.000000,0.000000,36.530000
2.332,0.000000,0.000000,0.000000,0.000000,0.000000,0.000000,36.530000
2.338,0.000000,0.000000,0.000000,0.000000,0.000000,0.000000,36.530000
2.343,0.000000,0.000000,0.000000,0.000000,0.000000,0.000000,36.530000
2.354,0.000000,0.000000,0.000000,0.000000,0.000000,0.000000,36.530000
2.359,0.000000,0.000000,0.000000,0.000000,0.000000,0.000000,36.530000
2.370,0.000000,0.000000,0.000000,0.000000,0.000000,0.000000,36.530000
2.376,0.000000,0.000000,0.000000,0.000000,0.000000,0.000000,36.530000
2.387,0.000000,0.000000,0.000000,0.000000,0.000000,0.000000,36.530000
2.393,0.000000,0.000000,0.000000,0.000000,0.000000,0.000000,36.530000
2.404,0.000000,0.000000,0.000000,0.000000,0.000000,0.000000,36.530000
2.409,0.000000,0.000000,0.000000,0.000000,0.000000,0.000000,36.530000
2.420,0.000000,0.000000,0.000000,0.000000,0.000000,0.000000,36.530000
2.427,0.000000,0.000000,0.000000,0.000000,0.000000,0.000000,36.530000
2.437,0.000000,0.000000,0.000000,0.000000,0.000000,0.000000,36.530000
2.442,0.000000,0.000000,0.000000,0.000000,0.000000,0.000000,36.530000
2.454,0.000000,0.000000,0.000000,0.000000,0.000000,0.000000,36.530000
2.459,0.000000,0.000000,0.000000,0.000000,0.000000,0.000000,36.530000
2.470,0.000000,0.000000,0.000000,0.000000,0.000000,0.000000,36.530000
2.477,0.000000,0.000000,0.000000,0.000000,0.000000,0.000000,36.530000
2.487,0.000000,0.000000,0.000000,0.000000,0.000000,0.000000,36.530000
2.493,0.000000,0.000000,0.000000,0.000000,0.000000,0.000000,36.530000
2.504,0.000000,0.000000,0.000000,0.000000,0.000000,0.000000,36.530000
2.509,0.000000,0.000000,0.000000,0.000000,0.000000,0.000000,36.530000
2.520,0.000000,0.000000,0.000000,0.000000,0.000000,0.000000,36.530000
2.526,0.000000,0.000000,0.000000,0.000000,0.000000,0.000000,36.530000
2.538,0.000000,0.000000,0.000000,0.000000,0.000000,0.000000,36.530000
2.542,0.000000,0.000000,0.000000,0.000000,0.000000,0.000000,36.530000
2.554,0.000000,0.000000,0.000000,0.000000,0.000000,0.000000,36.530000
2.559,0.000000,0.000000,0.000000,0.000000,0.000000,0.000000,36.530000
2.570,0.000000,0.000000,0.000000,0.000000,0.000000,0.000000,36.530000
2.576,0.000000,0.000000,0.000000,0.000000,0.000000,0.000000,36.530000
2.587,0.000000,0.000000,0.000000,0.000000,0.000000,0.000000,36.530000
2.593,0.000000,0.000000,0.000000,0.000000,0.000000,0.000000,36.530000
2.603,0.000000,0.000000,0.000000,0.000000,0.000000,0.000000,36.530000
2.609,0.000000,0.000000,0.000000,0.000000,0.000000,0.000000,36.530000
2.615,0.000000,0.000000,0.000000,0.000000,0.000000,0.000000,36.530000
2.626,0.000000,0.000000,0.000000,0.000000,0.000000,0.000000,36.530000
2.633,0.000000,0.000000,0.000000,0.000000,0.000000,0.000000,36.530000
2.643,0.000000,0.000000,0.000000,0.000000,0.000000,0.000000,36.530000
2.648,0.000000,0.000000,0.000000,0.000000,0.000000,0.000000,36.530000
2.659,0.000000,0.000000,0.000000,0.000000,0.000000,0.000000,36.530000
2.665,0.000000,0.000000,0.000000,0.000000,0.000000,0.000000,36.530000
2.677,0.000000,0.000000,0.000000,0.000000,0.000000,0.000000,36.530000
2.683,0.000000,0.000000,0.000000,0.000000,0.000000,0.000000,36.530000
2.693,0.000000,0.000000,0.000000,0.000000,0.000000,0.000000,36.530000
2.698,0.000000,0.000000,0.000000,0.000000,0.000000,0.000000,36.530000
2.709,0.000000,0.000000,0.000000,0.000000,0.000000,0.000000,36.530000
2.715,0.000000,0.000000,0.000000,0.000000,0.000000,0.000000,36.530000
2.726,0.000000,0.000000,0.000000,0.000000,0.000000,0.000000,36.530000
2.732,0.000000,0.000000,0.000000,0.000000,0.000000,0.000000,36.530000
2.743,0.000000,0.000000,0.000000,0.000000,0.000000,0.000000,36.530000
2.748,0.000000,0.000000,0.000000,0.000000,0.000000,0.000000,36.530000
2.759,0.000000,0.000000,0.000000,0.000000,0.000000,0.000000,36.530000
2.765,0.000000,0.000000,0.000000,0.000000,0.000000,0.000000,36.530000
2.776,0.000000,0.000000,0.000000,0.000000,0.000000,0.000000,36.530000
2.783,0.000000,0.000000,0.000000,0.000000,0.000000,0.000000,36.530000
2.792,0.000000,0.000000,0.000000,0.000000,0.000000,0.000000,36.530000
2.798,0.000000,0.000000,0.000000,0.000000,0.000000,0.000000,36.530000
2.809,0.000000,0.000000,0.000000,0.000000,0.000000,0.000000,36.530000
2.815,0.000000,0.000000,0.000000,0.000000,0.000000,0.000000,36.530000
2.826,0.000000,0.000000,0.000000,0.000000,0.000000,0.000000,36.530000
2.832,0.000000,0.000000,0.000000,0.000000,0.000000,0.000000,36.530000
2.842,0.000000,0.000000,0.000000,0.000000,0.000000,0.000000,36.530000
2.848,0.000000,0.000000,0.000000,0.000000,0.000000,0.000000,36.530000
2.859,0.000000,0.000000,0.000000,0.000000,0.000000,0.000000,36.530000
2.865,0.000000,0.000000,0.000000,0.000000,0.000000,0.000000,36.530000
2.870,0.000000,0.000000,0.000000,0.000000,0.000000,0.000000,36.530000
2.883,0.000000,0.000000,0.000000,0.000000,0.000000,0.000000,36.530000
2.887,0.000000,0.000000,0.000000,0.000000,0.000000,0.000000,36.530000
2.898,0.000000,0.000000,0.000000,0.000000,0.000000,0.000000,36.530000
2.904,0.000000,0.000000,0.000000,0.000000,0.000000,0.000000,36.530000
2.915,0.000000,0.000000,0.000000,0.000000,0.000000,0.000000,36.530000
2.923,0.000000,0.000000,0.000000,0.000000,0.000000,0.000000,36.530000
2.932,0.000000,0.000000,0.000000,0.000000,0.000000,0.000000,36.530000
2.937,0.000000,0.000000,0.000000,0.000000,0.000000,0.000000,36.530000
2.948,0.000000,0.000000,0.000000,0.000000,0.000000,0.000000,36.530000
2.954,0.000000,0.000000,0.000000,0.000000,0.000000,0.000000,36.530000
2.965,0.000000,0.000000,0.000000,0.000000,0.000000,0.000000,36.530000
2.970,0.000000,0.000000,0.000000,0.000000,0.000000,0.000000,36.530000
2.982,0.000000,0.000000,0.000000,0.000000,0.000000,0.000000,36.530000
2.987,0.000000,0.000000,0.000000,0.000000,0.000000,0.000000,36.530000
2.998,0.000000,0.000000,0.000000,0.000000,0.000000,0.000000,36.530000
3.004,0.000000,0.000000,0.000000,0.000000,0.000000,0.000000,36.530000
3.015,0.000000,0.000000,0.000000,0.000000,0.000000,0.000000,36.530000
3.020,0.000000,0.000000,0.000000,0.000000,0.000000,0.000000,36.530000
3.032,0.000000,0.000000,0.000000,0.000000,0.000000,0.000000,36.530000
3.037,0.000000,0.000000,0.000000,0.000000,0.000000,0.000000,36.530000
3.048,0.000000,0.000000,0.000000,0.000000,0.000000,0.000000,36.530000
3.054,0.000000,0.000000,0.000000,0.000000,0.000000,0.000000,36.530000
3.065,0.000000,0.000000,0.000000,0.000000,0.000000,0.000000,36.530000
3.070,0.000000,0.000000,0.000000,0.000000,0.000000,0.000000,36.530000
3.083,0.000000,0.000000,0.000000,0.000000,0.000000,0.000000,36.530000
3.087,0.000000,0.000000,0.000000,0.000000,0.000000,0.000000,36.530000
3.098,0.000000,0.000000,0.000000,0.000000,0.000000,0.000000,36.530000
3.104,0.000000,0.000000,0.000000,0.000000,0.000000,0.000000,36.530000
3.115,0.000000,0.000000,0.000000,0.000000,0.000000,0.000000,36.530000
3.120,0.000000,0.000000,0.000000,0.000000,0.000000,0.000000,36.530000
3.132,0.000000,0.000000,0.000000,0.000000,0.000000,0.000000,36.530000
3.137,0.000000,0.000000,0.000000,0.000000,0.000000,0.000000,36.530000
3.143,0.000000,0.000000,0.000000,0.000000,0.000000,0.000000,36.530000
3.154,0.000000,0.000000,0.000000,0.000000,0.000000,0.000000,36.530000
3.159,0.000000,0.000000,0.000000,0.000000,0.000000,0.000000,36.530000
3.170,0.000000,0.000000,0.000000,0.000000,0.000000,0.000000,36.530000
3.176,0.000000,0.000000,0.000000,0.000000,0.000000,0.000000,36.530000
3.187,0.000000,0.000000,0.000000,0.000000,0.000000,0.000000,36.530000
3.194,0.000000,0.000000,0.000000,0.000000,0.000000,0.000000,36.530000
3.203,0.000000,0.000000,0.000000,0.000000,0.000000,0.000000,36.530000
3.209,0.000000,0.000000,0.000000,0.000000,0.000000,0.000000,36.530000
3.220,0.000000,0.000000,0.000000,0.000000,0.000000,0.000000,36.530000
3.227,0.000000,0.000000,0.000000,0.000000,0.000000,0.000000,36.530000
3.237,0.000000,0.000000,0.000000,0.000000,0.000000,0.000000,36.530000
3.243,0.000000,0.000000,0.000000,0.000000,0.000000,0.000000,36.530000
3.254,0.000000,0.000000,0.000000,0.000000,0.000000,0.000000,36.530000
3.259,0.000000,0.000000,0.000000,0.000000,0.000000,0.000000,36.530000
3.270,0.000000,0.000000,0.000000,0.000000,0.000000,0.000000,36.530000
3.277,0.000000,0.000000,0.000000,0.000000,0.000000,0.000000,36.530000
3.287,0.000000,0.000000,0.000000,0.000000,0.000000,0.000000,36.530000
3.293,0.000000,0.000000,0.000000,0.000000,0.000000,0.000000,36.530000
3.303,0.000000,0.000000,0.000000,0.000000,0.000000,0.000000,36.530000
3.309,0.000000,0.000000,0.000000,0.000000,0.000000,0.000000,36.530000
3.320,0.000000,0.000000,0.000000,0.000000,0.000000,0.000000,36.530000
3.326,0.000000,0.000000,0.000000,0.000000,0.000000,0.000000,36.530000
3.337,0.000000,0.000000,0.000000,0.000000,0.000000,0.000000,36.530000
3.342,0.000000,0.000000,0.000000,0.000000,0.000000,0.000000,36.530000
3.354,0.000000,0.000000,0.000000,0.000000,0.000000,0.000000,36.530000
3.359,0.000000,0.000000,0.000000,0.000000,0.000000,0.000000,36.530000
3.370,0.000000,0.000000,0.000000,0.000000,0.000000,0.000000,36.530000
3.376,0.000000,0.000000,0.000000,0.000000,0.000000,0.000000,36.530000
3.387,0.000000,0.000000,0.000000,0.000000,0.000000,0.000000,36.530000
3.392,0.000000,0.000000,0.000000,0.000000,0.000000,0.000000,36.530000
3.398,0.000000,0.000000,0.000000,0.000000,0.000000,0.000000,36.530000
3.409,0.000000,0.000000,0.000000,0.000000,0.000000,0.000000,36.530000
3.415,0.000000,0.000000,0.000000,0.000000,0.000000,0.000000,36.530000
3.426,0.000000,0.000000,0.000000,0.000000,0.000000,0.000000,36.530000
3.433,0.000000,0.000000,0.000000,0.000000,0.000000,0.000000,36.530000
3.443,0.000000,0.000000,0.000000,0.000000,0.000000,0.000000,36.530000
3.448,0.000000,0.000000,0.000000,0.000000,0.000000,0.000000,36.530000
3.459,0.000000,0.000000,0.000000,0.000000,0.000000,0.000000,36.530000
3.465,0.000000,0.000000,0.000000,0.000000,0.000000,0.000000,36.530000
3.476,0.000000,0.000000,0.000000,0.000000,0.000000,0.000000,36.530000
3.483,0.000000,0.000000,0.000000,0.000000,0.000000,0.000000,36.530000
3.493,0.000000,0.000000,0.000000,0.000000,0.000000,0.000000,36.530000
3.498,0.000000,0.000000,0.000000,0.000000,0.000000,0.000000,36.530000
3.509,0.000000,0.000000,0.000000,0.000000,0.000000,0.000000,36.530000
3.515,0.000000,0.000000,0.000000,0.000000,0.000000,0.000000,36.530000
3.526,0.000000,0.000000,0.000000,0.000000,0.000000,0.000000,36.530000
3.533,0.000000,0.000000,0.000000,0.000000,0.000000,0.000000,36.530000
3.543,0.000000,0.000000,0.000000,0.000000,0.000000,0.000000,36.530000
3.548,0.000000,0.000000,0.000000,0.000000,0.000000,0.000000,36.530000
3.559,0.000000,0.000000,0.000000,0.000000,0.000000,0.000000,36.530000
3.565,0.000000,0.000000,0.000000,0.000000,0.000000,0.000000,36.530000
3.576,0.000000,0.000000,0.000000,0.000000,0.000000,0.000000,36.530000
3.582,0.000000,0.000000,0.000000,0.000000,0.000000,0.000000,36.530000
3.592,0.000000,0.000000,0.000000,0.000000,0.000000,0.000000,36.530000
3.598,0.000000,0.000000,0.000000,0.000000,0.000000,0.000000,36.530000
3.609,0.000000,0.000000,0.000000,0.000000,0.000000,0.000000,36.530000
3.615,0.000000,0.000000,0.000000,0.000000,0.000000,0.000000,36.530000
3.626,0.000000,0.000000,0.000000,0.000000,0.000000,0.000000,36.530000
3.633,0.000000,0.000000,0.000000,0.000000,0.000000,0.000000,36.530000
3.643,0.000000,0.000000,0.000000,0.000000,0.000000,0.000000,36.530000
3.648,0.000000,0.000000,0.000000,0.000000,0.000000,0.000000,36.530000
3.659,0.000000,0.000000,0.000000,0.000000,0.000000,0.000000,36.530000
3.665,0.000000,0.000000,0.000000,0.000000,0.000000,0.000000,36.530000
3.670,0.000000,0.000000,0.000000,0.000000,0.000000,0.000000,36.530000
3.683,0.000000,0.000000,0.000000,0.000000,0.000000,0.000000,36.530000
3.687,0.000000,0.000000,0.000000,0.000000,0.000000,0.000000,36.530000
3.698,0.000000,0.000000,0.000000,0.000000,0.000000,0.000000,36.530000
3.704,0.000000,0.000000,0.000000,0.000000,0.000000,0.000000,36.530000
3.714,0.000000,0.000000,0.000000,0.000000,0.000000,0.000000,36.530000
3.720,0.000000,0.000000,0.000000,0.000000,0.000000,0.000000,36.530000
3.733,0.000000,0.000000,0.000000,0.000000,0.000000,0.000000,36.530000
3.737,0.000000,0.000000,0.000000,0.000000,0.000000,0.000000,36.530000
3.748,0.000000,0.000000,0.000000,0.000000,0.000000,0.000000,36.530000
3.753,0.000000,0.000000,0.000000,0.000000,0.000000,0.000000,36.530000
3.764,0.000000,0.000000,0.000000,0.000000,0.000000,0.000000,36.530000
3.770,0.000000,0.000000,0.000000,0.000000,0.000000,0.000000,36.530000
3.782,0.000000,0.000000,0.000000,0.000000,0.000000,0.000000,36.530000
3.787,0.000000,0.000000,0.000000,0.000000,0.000000,0.000000,36.530000
3.798,0.000000,0.000000,0.000000,0.000000,0.000000,0.000000,36.530000
3.804,0.000000,0.000000,0.000000,0.000000,0.000000,0.000000,36.530000
3.814,0.000000,0.000000,0.000000,0.000000,0.000000,0.000000,36.530000
3.820,0.000000,0.000000,0.000000,0.000000,0.000000,0.000000,36.530000
3.833,0.000000,0.000000,0.000000,0.000000,0.000000,0.000000,36.530000
3.837,0.000000,0.000000,0.000000,0.000000,0.000000,0.000000,36.530000
3.848,0.000000,0.000000,0.000000,0.000000,0.000000,0.000000,36.530000
3.854,0.000000,0.000000,0.000000,0.000000,0.000000,0.000000,36.530000
3.865,0.000000,0.000000,0.000000,0.000000,0.000000,0.000000,36.530000
3.870,0.000000,0.000000,0.000000,0.000000,0.000000,0.000000,36.530000
3.882,0.000000,0.000000,0.000000,0.000000,0.000000,0.000000,36.530000
3.887,0.000000,0.000000,0.000000,0.000000,0.000000,0.000000,36.530000
3.898,0.000000,0.000000,0.000000,0.000000,0.000000,0.000000,36.530000
3.903,0.000000,0.000000,0.000000,0.000000,0.000000,0.000000,36.530000
3.914,0.000000,0.000000,0.000000,0.000000,0.000000,0.000000,36.530000
3.920,0.000000,0.000000,0.000000,0.000000,0.000000,0.000000,36.530000
3.927,0.000000,0.000000,0.000000,0.000000,0.000000,0.000000,36.530000
3.937,0.000000,0.000000,0.000000,0.000000,0.000000,0.000000,36.530000
3.943,0.000000,0.000000,0.000000,0.000000,0.000000,0.000000,36.530000
3.953,0.000000,0.000000,0.000000,0.000000,0.000000,0.000000,36.530000
3.959,0.000000,0.000000,0.000000,0.000000,0.000000,0.000000,36.530000
3.970,0.000000,0.000000,0.000000,0.000000,0.000000,0.000000,36.530000
3.976,0.000000,0.000000,0.000000,0.000000,0.000000,0.000000,36.530000
3.987,0.000000,0.000000,0.000000,0.000000,0.000000,0.000000,36.530000
3.993,0.000000,0.000000,0.000000,0.000000,0.000000,0.000000,36.530000
4.004,0.000000,0.000000,0.000000,0.000000,0.000000,0.000000,36.530000
4.009,0.000000,0.000000,0.000000,0.000000,0.000000,0.000000,36.530000
4.020,0.000000,0.000000,0.000000,0.000000,0.000000,0.000000,36.530000
4.026,0.000000,0.000000,0.000000,0.000000,0.000000,0.000000,36.530000
4.037,0.000000,0.000000,0.000000,0.000000,0.000000,0.000000,36.530000
4.043,0.000000,0.000000,0.000000,0.000000,0.000000,0.000000,36.530000
4.053,0.000000,0.000000,0.000000,0.000000,0.000000,0.000000,36.530000
4.059,0.000000,0.000000,0.000000,0.000000,0.000000,0.000000,36.530000
4.070,0.000000,0.000000,0.000000,0.000000,0.000000,0.000000,36.530000
4.076,0.000000,0.000000,0.000000,0.000000,0.000000,0.000000,36.530000
4.087,0.000000,0.000000,0.000000,0.000000,0.000000,0.000000,36.530000
4.093,0.000000,0.000000,0.000000,0.000000,0.000000,0.000000,36.530000
4.103,0.000000,0.000000,0.000000,0.000000,0.000000,0.000000,36.530000
4.109,0.000000,0.000000,0.000000,0.000000,0.000000,0.000000,36.530000
4.120,0.000000,0.000000,0.000000,0.000000,0.000000,0.000000,36.530000
4.126,0.000000,0.000000,0.000000,0.000000,0.000000,0.000000,36.530000
4.137,0.000000,0.000000,0.000000,0.000000,0.000000,0.000000,36.530000
4.143,0.000000,0.000000,0.000000,0.000000,0.000000,0.000000,36.530000
4.153,0.000000,0.000000,0.000000,0.000000,0.000000,0.000000,36.530000
4.159,0.000000,0.000000,0.000000,0.000000,0.000000,0.000000,36.530000
4.170,0.000000,0.000000,0.000000,0.000000,0.000000,0.000000,36.530000
4.176,0.000000,0.000000,0.000000,0.000000,0.000000,0.000000,36.530000
4.187,0.000000,0.000000,0.000000,0.000000,0.000000,0.000000,36.530000
4.193,0.000000,0.000000,0.000000,0.000000,0.000000,0.000000,36.530000
4.198,0.000000,0.000000,0.000000,0.000000,0.000000,0.000000,36.530000
4.209,0.000000,0.000000,0.000000,0.000000,0.000000,0.000000,36.530000
4.215,0.000000,0.000000,0.000000,0.000000,0.000000,0.000000,36.530000
4.226,0.000000,0.000000,0.000000,0.000000,0.000000,0.000000,36.530000
4.233,0.000000,0.000000,0.000000,0.000000,0.000000,0.000000,36.530000
4.243,0.000000,0.000000,0.000000,0.000000,0.000000,0.000000,36.530000
4.248,0.000000,0.000000,0.000000,0.000000,0.000000,0.000000,36.530000
4.259,0.000000,0.000000,0.000000,0.000000,0.000000,0.000000,36.530000
4.264,0.000000,0.000000,0.000000,0.000000,0.000000,0.000000,36.530000
4.276,0.000000,0.000000,0.000000,0.000000,0.000000,0.000000,36.530000
4.283,0.000000,0.000000,0.000000,0.000000,0.000000,0.000000,36.530000
4.293,0.000000,0.000000,0.000000,0.000000,0.000000,0.000000,36.530000
4.298,0.000000,0.000000,0.000000,0.000000,0.000000,0.000000,36.530000
4.309,0.000000,0.000000,0.000000,0.000000,0.000000,0.000000,36.530000
4.315,0.000000,0.000000,0.000000,0.000000,0.000000,0.000000,36.530000
4.326,0.000000,0.000000,0.000000,0.000000,0.000000,0.000000,36.530000
4.333,0.000000,0.000000,0.000000,0.000000,0.000000,0.000000,36.530000
4.343,0.000000,0.000000,0.000000,0.000000,0.000000,0.000000,36.530000
4.348,0.000000,0.000000,0.000000,0.000000,0.000000,0.000000,36.530000
4.359,0.000000,0.000000,0.000000,0.000000,0.000000,0.000000,36.530000
4.364,0.000000,0.000000,0.000000,0.000000,0.000000,0.000000,36.530000
4.375,0.000000,0.000000,0.000000,0.000000,0.000000,0.000000,36.530000
4.383,0.000000,0.000000,0.000000,0.000000,0.000000,0.000000,36.530000
4.393,0.000000,0.000000,0.000000,0.000000,0.000000,0.000000,36.530000
4.398,0.000000,0.000000,0.000000,0.000000,0.000000,0.000000,36.530000
4.409,0.000000,0.000000,0.000000,0.000000,0.000000,0.000000,36.530000
4.414,0.000000,0.000000,0.000000,0.000000,0.000000,0.000000,36.530000
4.425,0.000000,0.000000,0.000000,0.000000,0.000000,0.000000,36.530000
4.433,0.000000,0.000000,0.000000,0.000000,0.000000,0.000000,36.530000
4.443,0.000000,0.000000,0.000000,0.000000,0.000000,0.000000,36.530000
4.448,0.000000,0.000000,0.000000,0.000000,0.000000,0.000000,36.530000
4.454,0.000000,0.000000,0.000000,0.000000,0.000000,0.000000,36.530000
4.465,0.000000,0.000000,0.000000,0.000000,0.000000,0.000000,36.530000
4.470,0.000000,0.000000,0.000000,0.000000,0.000000,0.000000,36.530000
4.482,0.000000,0.000000,0.000000,0.000000,0.000000,0.000000,36.530000
4.487,0.000000,0.000000,0.000000,0.000000,0.000000,0.000000,36.530000
4.498,0.000000,0.000000,0.000000,0.000000,0.000000,0.000000,36.530000
4.503,0.000000,0.000000,0.000000,0.000000,0.000000,0.000000,36.530000
4.514,0.000000,0.000000,0.000000,0.000000,0.000000,0.000000,36.530000
4.520,0.000000,0.000000,0.000000,0.000000,0.000000,0.000000,36.530000
4.532,0.000000,0.000000,0.000000,0.000000,0.000000,0.000000,36.530000
4.537,0.000000,0.000000,0.000000,0.000000,0.000000,0.000000,36.530000
4.548,0.000000,0.000000,0.000000,0.000000,0.000000,0.000000,36.530000
4.553,0.000000,0.000000,0.000000,0.000000,0.000000,0.000000,36.530000
4.564,0.000000,0.000000,0.000000,0.000000,0.000000,0.000000,36.530000
4.570,0.000000,0.000000,0.000000,0.000000,0.000000,0.000000,36.530000
4.583,0.000000,0.000000,0.000000,0.000000,0.000000,0.000000,36.530000
4.587,0.000000,0.000000,0.000000,0.000000,0.000000,0.000000,36.530000
4.598,0.000000,0.000000,0.000000,0.000000,0.000000,0.000000,36.530000
4.604,0.000000,0.000000,0.000000,0.000000,0.000000,0.000000,36.530000
4.615,0.000000,0.000000,0.000000,0.000000,0.000000,0.000000,36.530000
4.620,0.000000,0.000000,0.000000,0.000000,0.000000,0.000000,36.530000
4.632,0.000000,0.000000,0.000000,0.000000,0.000000,0.000000,36.530000
4.640,0.000000,0.000000,0.000000,0.000000,0.000000,0.000000,36.530000
4.652,0.000000,0.000000,0.000000,0.000000,0.000000,0.000000,36.530000
4.659,0.000000,0.000000,0.000000,0.000000,0.000000,0.000000,36.530000
4.673,0.000000,0.000000,0.000000,0.000000,0.000000,0.000000,36.530000
4.680,0.000000,0.000000,0.000000,0.000000,0.000000,0.000000,36.530000
4.693,0.000000,0.000000,0.000000,0.000000,0.000000,0.000000,36.530000
4.700,0.000000,0.000000,0.000000,0.000000,0.000000,0.000000,36.530000
4.713,0.000000,0.000000,0.000000,0.000000,0.000000,0.000000,36.530000
4.720,0.000000,0.000000,0.000000,0.000000,0.000000,0.000000,36.530000
4.733,0.000000,0.000000,0.000000,0.000000,0.000000,0.000000,36.530000
4.741,0.000000,0.000000,0.000000,0.000000,0.000000,0.000000,36.530000
4.748,0.000000,0.000000,0.000000,0.000000,0.000000,0.000000,36.530000
4.760,0.000000,0.000000,0.000000,0.000000,0.000000,0.000000,36.530000
4.768,0.000000,0.000000,0.000000,0.000000,0.000000,0.000000,36.530000
4.782,0.000000,0.000000,0.000000,0.000000,0.000000,0.000000,36.530000
4.789,0.000000,0.000000,0.000000,0.000000,0.000000,0.000000,36.530000
4.801,0.000000,0.000000,0.000000,0.000000,0.000000,0.000000,36.530000
4.808,0.000000,0.000000,0.000000,0.000000,0.000000,0.000000,36.530000
4.823,0.000000,0.000000,0.000000,0.000000,0.000000,0.000000,36.530000
4.828,0.000000,0.000000,0.000000,0.000000,0.000000,0.000000,36.530000
4.841,0.000000,0.000000,0.000000,0.000000,0.000000,0.000000,36.530000
4.848,0.000000,0.000000,0.000000,0.000000,0.000000,0.000000,36.530000
4.861,0.000000,0.000000,0.000000,0.000000,0.000000,0.000000,36.530000
4.869,0.000000,0.000000,0.000000,0.000000,0.000000,0.000000,36.530000
4.882,0.000000,0.000000,0.000000,0.000000,0.000000,0.000000,36.530000
4.889,0.000000,0.000000,0.000000,0.000000,0.000000,0.000000,36.530000
4.901,0.000000,0.000000,0.000000,0.000000,0.000000,0.000000,36.530000
4.909,0.000000,0.000000,0.000000,0.000000,0.000000,0.000000,36.530000
4.923,0.000000,0.000000,0.000000,0.000000,0.000000,0.000000,36.530000
4.929,0.000000,0.000000,0.000000,0.000000,0.000000,0.000000,36.530000
4.942,0.000000,0.000000,0.000000,0.000000,0.000000,0.000000,36.530000
4.949,0.000000,0.000000,0.000000,0.000000,0.000000,0.000000,36.530000
4.962,0.000000,0.000000,0.000000,0.000000,0.000000,0.000000,36.530000
4.970,0.000000,0.000000,0.000000,0.000000,0.000000,0.000000,36.530000
4.983,0.000000,0.000000,0.000000,0.000000,0.000000,0.000000,36.530000
4.990,0.000000,0.000000,0.000000,0.000000,0.000000,0.000000,36.530000
5.003,0.000000,0.000000,0.000000,0.000000,0.000000,0.000000,36.530000
5.010,0.000000,0.000000,0.000000,0.000000,0.000000,0.000000,36.530000
5.023,0.000000,0.000000,0.000000,0.000000,0.000000,0.000000,36.530000
5.030,0.000000,0.000000,0.000000,0.000000,0.000000,0.000000,36.530000
5.043,0.000000,0.000000,0.000000,0.000000,0.000000,0.000000,36.530000
5.050,0.000000,0.000000,0.000000,0.000000,0.000000,0.000000,36.530000
5.056,0.000000,0.000000,0.000000,0.000000,0.000000,0.000000,36.530000
5.070,0.000000,0.000000,0.000000,0.000000,0.000000,0.000000,36.530000
5.078,0.000000,0.000000,0.000000,0.000000,0.000000,0.000000,36.530000
5.090,0.000000,0.000000,0.000000,0.000000,0.000000,0.000000,36.530000
5.098,0.000000,0.000000,0.000000,0.000000,0.000000,0.000000,36.530000
5.111,0.000000,0.000000,0.000000,0.000000,0.000000,0.000000,36.530000
5.118,0.000000,0.000000,0.000000,0.000000,0.000000,0.000000,36.530000
5.131,0.000000,0.000000,0.000000,0.000000,0.000000,0.000000,36.530000
5.140,0.000000,0.000000,0.000000,0.000000,0.000000,0.000000,36.530000
5.151,0.000000,0.000000,0.000000,0.000000,0.000000,0.000000,36.530000
5.158,0.000000,0.000000,0.000000,0.000000,0.000000,0.000000,36.530000
5.173,0.000000,0.000000,0.000000,0.000000,0.000000,0.000000,36.530000
5.179,0.000000,0.000000,0.000000,0.000000,0.000000,0.000000,36.530000
5.191,0.000000,0.000000,0.000000,0.000000,0.000000,0.000000,36.530000
5.199,0.000000,0.000000,0.000000,0.000000,0.000000,0.000000,36.530000
5.211,0.000000,0.000000,0.000000,0.000000,0.000000,0.000000,36.530000
5.219,0.000000,0.000000,0.000000,0.000000,0.000000,0.000000,36.530000
5.233,0.000000,0.000000,0.000000,0.000000,0.000000,0.000000,36.530000
5.240,0.000000,0.000000,0.000000,0.000000,0.000000,0.000000,36.530000
5.252,0.000000,0.000000,0.000000,0.000000,0.000000,0.000000,36.530000
5.259,0.000000,0.000000,0.000000,0.000000,0.000000,0.000000,36.530000
5.273,0.000000,0.000000,0.000000,0.000000,0.000000,0.000000,36.530000
5.280,0.000000,0.000000,0.000000,0.000000,0.000000,0.000000,36.530000
5.293,0.000000,0.000000,0.000000,0.000000,0.000000,0.000000,36.530000
5.299,0.000000,0.000000,0.000000,0.000000,0.000000,0.000000,36.530000
5.312,0.000000,0.000000,0.000000,0.000000,0.000000,0.000000,36.530000
5.320,0.000000,0.000000,0.000000,0.000000,0.000000,0.000000,36.530000
5.333,0.000000,0.000000,0.000000,0.000000,0.000000,0.000000,36.530000
5.340,0.000000,0.000000,0.000000,0.000000,0.000000,0.000000,36.530000
5.353,0.000000,0.000000,0.000000,0.000000,0.000000,0.000000,36.530000
0.020,0.172000,0.372000,0.842000,3.450000,-0.511000,-1.977000,27.680000
0.027,0.175000,0.372000,0.857000,3.527000,-0.573000,-1.275000,27.820000
0.041,0.165000,0.379000,0.857000,3.573000,-0.244000,-1.626000,27.730000
0.049,0.166000,0.379000,0.853000,3.267000,0.130000,-2.588000,27.820000
0.060,0.173000,0.375000,0.850000,2.618000,-0.115000,-3.252000,27.780000
0.068,0.175000,0.382000,0.843000,2.305000,0.015000,-3.786000,27.780000
0.080,0.173000,0.370000,0.847000,3.244000,-0.305000,-4.168000,27.680000
0.090,0.177000,0.381000,0.863000,3.908000,-1.282000,-4.099000,27.730000
0.100,0.170000,0.387000,0.864000,3.573000,-1.809000,-4.183000,27.820000
0.109,0.183000,0.383000,0.861000,4.985000,-3.580000,-3.130000,27.820000
0.120,0.177000,0.385000,0.866000,6.565000,-5.840000,-2.191000,27.780000
0.128,0.199000,0.396000,0.871000,4.527000,-3.000000,-1.992000,27.780000
0.141,0.201000,0.389000,0.865000,3.366000,0.023000,-2.069000,27.820000
0.149,0.191000,0.381000,0.862000,3.328000,0.626000,-2.244000,27.730000
0.161,0.202000,0.389000,0.851000,4.076000,0.450000,-1.718000,27.820000
0.184,0.190000,0.387000,0.867000,3.382000,1.000000,-1.130000,27.780000
0.184,0.188000,0.378000,0.855000,3.351000,0.328000,-0.344000,27.780000
time_sec,ax,ay,az,gx,gy,gz,temp_c
0.015,0.404000,0.591000,0.604000,0.840000,-26.374000,-2.229000,27.920000
0.015,0.421000,0.591000,0.602000,-1.725000,-35.534000,-7.282000,28.010000
0.025,0.427000,0.598000,0.601000,-6.290000,-41.901000,-9.802000,27.970000
0.032,0.447000,0.606000,0.591000,-10.687000,-45.863000,-12.382000,27.870000
0.044,0.482000,0.627000,0.584000,-12.771000,-42.939000,-15.542000,27.820000
0.057,0.503000,0.578000,0.575000,-14.038000,-37.725000,-16.802000,27.920000
0.064,0.508000,0.557000,0.528000,-9.924000,-43.832000,-16.802000,27.920000
0.079,0.552000,0.563000,0.475000,-13.878000,-40.397000,-17.420000,27.970000
0.085,0.577000,0.536000,0.435000,-7.290000,-35.008000,-14.305000,28.060000
0.096,0.583000,0.499000,0.378000,2.412000,-28.115000,-14.176000,27.870000
0.103,0.596000,0.490000,0.366000,13.275000,-20.466000,-10.939000,27.920000
0.116,0.576000,0.488000,0.354000,26.603000,-17.466000,-3.931000,27.920000
0.123,0.582000,0.518000,0.380000,45.122000,-9.282000,1.115000,27.870000
0.135,0.601000,0.512000,0.409000,64.435000,1.260000,10.046000,27.970000
0.142,0.594000,0.550000,0.432000,76.710000,14.656000,12.611000,27.970000
0.155,0.515000,0.620000,0.434000,82.420000,36.557000,11.992000,27.920000
0.162,0.436000,0.636000,0.428000,84.885000,46.244000,9.893000,28.010000
0.176,0.380000,0.668000,0.454000,88.198000,47.924000,8.000000,27.920000
0.182,0.353000,0.714000,0.464000,91.649000,49.260000,3.298000,27.920000
0.195,0.302000,0.746000,0.492000,92.435000,44.061000,-3.947000,27.970000
0.202,0.289000,0.765000,0.505000,88.092000,34.435000,-10.779000,27.820000
0.215,0.283000,0.803000,0.546000,81.527000,22.344000,-16.351000,27.920000
0.223,0.317000,0.811000,0.546000,69.084000,9.740000,-20.534000,27.920000
0.235,0.339000,0.827000,0.539000,54.710000,-3.786000,-22.092000,27.970000
0.247,0.386000,0.810000,0.542000,44.290000,-16.580000,-27.092000,28.060000
0.254,0.504000,0.814000,0.588000,38.733000,-19.916000,-27.695000,27.870000
0.266,0.516000,0.822000,0.665000,35.420000,-18.183000,-21.947000,28.010000
0.275,0.462000,0.812000,0.663000,28.550000,-17.099000,-16.382000,27.920000
0.286,0.427000,0.787000,0.614000,17.244000,-21.290000,-21.069000,27.970000
0.293,0.466000,0.737000,0.564000,9.336000,-27.588000,-28.618000,27.780000
0.306,0.576000,0.718000,0.520000,4.908000,-22.534000,-33.374000,27.970000
0.312,0.645000,0.681000,0.462000,2.695000,-12.328000,-34.542000,27.920000
0.325,0.683000,0.654000,0.422000,10.649000,-0.023000,-29.687000,27.920000
0.333,0.655000,0.641000,0.392000,16.397000,14.679000,-26.038000,28.010000
0.345,0.617000,0.651000,0.393000,30.786000,26.901000,-18.481000,27.970000
0.352,0.553000,0.725000,0.436000,37.947000,34.023000,-11.321000,27.970000
0.364,0.453000,0.790000,0.463000,38.985000,33.244000,-3.313000,27.870000
0.373,0.375000,0.809000,0.481000,36.947000,25.168000,0.336000,27.920000
0.385,0.367000,0.856000,0.472000,27.977000,18.809000,2.573000,28.010000
0.394,0.382000,0.849000,0.463000,17.359000,9.763000,5.130000,27.920000
0.405,0.373000,0.788000,0.464000,13.023000,3.336000,5.321000,27.870000
0.412,0.363000,0.804000,0.428000,8.275000,-0.611000,4.496000,27.970000
0.425,0.373000,0.772000,0.435000,10.397000,-0.985000,3.962000,27.920000
0.433,0.361000,0.770000,0.438000,10.588000,-0.870000,1.672000,27.920000
0.445,0.363000,0.792000,0.462000,13.122000,-6.260000,-0.191000,27.920000
0.452,0.427000,0.819000,0.499000,6.107000,-3.183000,-2.366000,27.970000
0.465,0.470000,0.833000,0.456000,-1.809000,6.725000,-1.855000,27.970000
0.473,0.459000,0.770000,0.410000,-5.672000,11.382000,-4.298000,28.010000
0.485,0.468000,0.734000,0.385000,-5.580000,15.664000,-8.542000,27.920000
0.497,0.431000,0.749000,0.381000,-0.519000,14.695000,-6.397000,28.010000
0.505,0.362000,0.722000,0.398000,4.947000,5.870000,-5.786000,27.870000
0.510,0.377000,0.745000,0.422000,6.779000,-2.122000,-5.344000,27.870000
0.525,0.403000,0.762000,0.442000,7.924000,-8.206000,-4.878000,27.970000
0.532,0.465000,0.810000,0.431000,3.740000,-5.802000,-5.038000,27.920000
0.545,0.486000,0.796000,0.401000,-1.374000,-2.580000,-6.328000,27.920000
0.557,0.501000,0.771000,0.378000,-2.260000,-1.985000,-8.405000,27.920000
0.564,0.508000,0.738000,0.382000,-0.321000,-2.580000,-8.687000,27.970000
0.577,0.490000,0.752000,0.417000,6.656000,-3.420000,-7.466000,28.060000
0.585,0.462000,0.755000,0.468000,10.015000,-5.519000,-6.656000,27.920000
0.597,0.486000,0.777000,0.495000,11.145000,-4.916000,-4.809000,27.920000
0.604,0.521000,0.809000,0.515000,9.099000,-2.847000,-0.656000,28.010000
0.617,0.536000,0.825000,0.514000,2.076000,3.359000,6.023000,27.920000
0.625,0.539000,0.811000,0.457000,-5.290000,8.870000,10.145000,27.970000
0.638,0.510000,0.768000,0.412000,-7.656000,10.863000,10.328000,27.970000
0.644,0.499000,0.764000,0.417000,-5.137000,11.458000,9.061000,27.920000
0.657,0.489000,0.772000,0.427000,-0.611000,9.252000,9.733000,27.920000
0.665,0.483000,0.765000,0.454000,3.298000,8.481000,9.328000,27.970000
0.677,0.496000,0.811000,0.437000,2.855000,10.221000,11.504000,27.970000
0.685,0.473000,0.816000,0.421000,1.221000,5.511000,12.511000,27.970000
0.693,0.485000,0.790000,0.411000,-0.099000,1.511000,9.664000,27.920000
0.705,0.519000,0.767000,0.423000,2.351000,-2.389000,7.679000,28.010000
0.712,0.521000,0.757000,0.458000,7.008000,-3.718000,4.809000,28.010000
0.726,0.562000,0.750000,0.495000,10.176000,-0.885000,2.756000,27.970000
0.733,0.624000,0.767000,0.506000,10.107000,7.840000,5.580000,27.870000
0.745,0.633000,0.781000,0.528000,9.221000,15.786000,12.397000,28.010000
0.752,0.600000,0.806000,0.512000,3.771000,20.527000,19.053000,27.920000
0.765,0.557000,0.780000,0.502000,0.824000,17.863000,19.107000,28.010000
0.774,0.560000,0.772000,0.515000,-0.534000,11.191000,15.351000,28.060000
0.785,0.597000,0.754000,0.541000,1.061000,6.252000,14.260000,27.970000
0.793,0.642000,0.741000,0.563000,3.328000,3.534000,14.176000,27.970000
0.805,0.719000,0.746000,0.582000,2.672000,10.939000,17.031000,27.920000
0.812,0.737000,0.738000,0.562000,1.511000,18.496000,22.267000,28.010000
0.825,0.747000,0.714000,0.511000,1.275000,25.504000,27.611000,28.010000
0.833,0.749000,0.714000,0.509000,4.099000,30.840000,34.977000,27.920000
0.845,0.717000,0.712000,0.519000,5.267000,31.580000,38.588000,27.970000
0.852,0.729000,0.732000,0.536000,7.305000,31.260000,44.611000,28.010000
0.865,0.690000,0.756000,0.553000,7.748000,30.763000,52.863000,27.920000
0.873,0.651000,0.725000,0.532000,5.779000,26.763000,55.206000,28.010000
0.885,0.627000,0.740000,0.523000,3.962000,26.122000,53.221000,28.060000
0.893,0.639000,0.773000,0.501000,-1.450000,29.710000,52.252000,27.970000
0.905,0.636000,0.785000,0.476000,-5.687000,31.427000,51.992000,27.970000
0.912,0.652000,0.760000,0.428000,-7.672000,34.542000,51.939000,28.010000
0.925,0.605000,0.735000,0.406000,-3.702000,31.099000,54.824000,28.010000
0.932,0.590000,0.722000,0.472000,1.115000,24.672000,57.076000,27.870000
0.945,0.572000,0.752000,0.542000,8.985000,19.519000,57.527000,27.970000
0.952,0.571000,0.757000,0.600000,9.061000,19.168000,55.176000,27.970000
0.965,0.620000,0.773000,0.618000,3.244000,21.969000,55.198000,28.010000
0.973,0.610000,0.762000,0.605000,-1.748000,26.198000,59.794000,28.010000
0.985,0.600000,0.724000,0.572000,-6.229000,26.344000,61.160000,28.010000
0.997,0.595000,0.751000,0.557000,-10.099000,29.565000,59.817000,27.870000
1.004,0.579000,0.718000,0.566000,-8.962000,30.084000,55.137000,27.970000
1.017,0.600000,0.694000,0.575000,-6.840000,23.824000,50.405000,27.970000
1.024,0.632000,0.727000,0.631000,-4.710000,23.969000,50.405000,27.920000
1.037,0.631000,0.695000,0.652000,-6.000000,24.397000,48.702000,28.010000
1.044,0.663000,0.727000,0.624000,-10.053000,26.153000,48.458000,28.010000
1.056,0.677000,0.731000,0.620000,-15.229000,29.061000,49.389000,28.060000
1.064,0.682000,0.669000,0.611000,-13.382000,28.618000,49.908000,27.970000
1.077,0.665000,0.689000,0.631000,-12.557000,29.557000,52.458000,28.010000
1.083,0.626000,0.712000,0.660000,-14.260000,26.084000,56.191000,28.010000
1.096,0.592000,0.694000,0.661000,-16.779000,20.817000,57.870000,27.920000
1.103,0.583000,0.719000,0.663000,-20.206000,15.214000,57.748000,27.970000
1.115,0.601000,0.750000,0.644000,-26.000000,11.145000,56.435000,27.970000
1.123,0.599000,0.702000,0.627000,-27.275000,8.489000,52.550000,27.970000
1.135,0.631000,0.702000,0.637000,-29.344000,7.939000,49.969000,27.920000
1.143,0.679000,0.693000,0.649000,-30.450000,14.573000,50.076000,27.920000
1.155,0.678000,0.666000,0.645000,-32.664000,25.130000,54.794000,27.920000
1.162,0.630000,0.666000,0.602000,-35.817000,31.153000,60.206000,28.060000
1.176,0.565000,0.655000,0.557000,-37.855000,27.244000,62.061000,27.970000
1.187,0.562000,0.641000,0.519000,-37.893000,20.122000,59.092000,27.920000
1.194,0.540000,0.626000,0.566000,-36.344000,15.504000,56.145000,28.010000
1.207,0.537000,0.600000,0.574000,-31.855000,8.618000,54.336000,28.010000
1.214,0.529000,0.637000,0.622000,-30.115000,1.000000,56.878000,28.060000
1.227,0.535000,0.644000,0.672000,-31.847000,-3.015000,57.244000,27.870000
1.234,0.574000,0.633000,0.688000,-38.870000,-1.939000,54.290000,27.870000
1.246,0.609000,0.570000,0.662000,-42.305000,3.008000,49.710000,28.010000
1.254,0.625000,0.537000,0.665000,-44.634000,6.969000,44.351000,27.920000
1.266,0.664000,0.505000,0.664000,-44.198000,8.832000,39.267000,28.010000
1.273,0.699000,0.529000,0.694000,-45.450000,11.924000,35.069000,28.010000
1.287,0.785000,0.594000,0.717000,-53.710000,21.931000,34.290000,27.970000
1.293,0.836000,0.579000,0.678000,-61.015000,35.504000,35.588000,27.870000
1.305,0.842000,0.583000,0.635000,-63.351000,49.863000,39.916000,28.010000
1.313,0.770000,0.514000,0.602000,-57.160000,53.954000,42.069000,28.010000
1.326,0.694000,0.509000,0.594000,-48.969000,49.847000,42.840000,28.060000
1.332,0.644000,0.518000,0.635000,-43.885000,44.511000,41.191000,27.970000
1.345,0.602000,0.518000,0.672000,-36.870000,37.527000,37.397000,27.970000
1.350,0.564000,0.562000,0.673000,-34.160000,25.885000,33.885000,27.920000
1.364,0.568000,0.576000,0.714000,-32.695000,21.908000,30.969000,27.920000
1.377,0.574000,0.594000,0.705000,-34.008000,20.855000,29.321000,28.010000
1.384,0.551000,0.594000,0.705000,-36.580000,15.458000,30.985000,27.970000
1.397,0.539000,0.586000,0.704000,-37.763000,7.656000,32.450000,27.870000
1.404,0.576000,0.562000,0.710000,-44.710000,5.198000,29.786000,27.970000
1.416,0.586000,0.602000,0.728000,-52.191000,-0.260000,35.603000,27.920000
1.424,0.614000,0.560000,0.702000,-54.802000,5.252000,30.069000,28.110000
1.436,0.702000,0.557000,0.666000,-60.679000,17.305000,32.137000,28.010000
1.444,0.717000,0.500000,0.629000,-59.725000,30.275000,36.076000,27.870000
1.456,0.666000,0.434000,0.594000,-52.550000,33.290000,41.611000,28.060000
1.463,0.588000,0.406000,0.595000,-45.221000,28.260000,42.458000,27.870000
1.476,0.504000,0.442000,0.661000,-39.985000,11.809000,42.237000,27.920000
1.483,0.451000,0.457000,0.707000,-42.206000,-1.802000,38.252000,27.920000
1.495,0.534000,0.471000,0.724000,-50.786000,-4.359000,32.580000,27.920000
1.502,0.594000,0.428000,0.705000,-51.573000,-0.763000,31.031000,27.870000
1.515,0.635000,0.434000,0.689000,-55.649000,8.634000,31.733000,27.970000
1.524,0.650000,0.408000,0.673000,-60.084000,16.603000,33.107000,27.920000
1.536,0.647000,0.375000,0.646000,-59.504000,15.878000,38.366000,27.820000
1.547,0.602000,0.340000,0.639000,-59.687000,14.260000,40.053000,27.920000
1.554,0.583000,0.312000,0.632000,-55.939000,10.756000,40.053000,27.970000
1.567,0.618000,0.358000,0.658000,-53.092000,15.031000,35.840000,27.970000
1.575,0.647000,0.340000,0.669000,-52.748000,28.878000,33.282000,27.970000
1.587,0.657000,0.303000,0.671000,-49.061000,43.527000,33.298000,27.920000
1.594,0.604000,0.308000,0.669000,-47.947000,49.756000,37.664000,27.920000
1.606,0.515000,0.280000,0.659000,-42.298000,42.351000,39.206000,27.870000
1.613,0.482000,0.270000,0.664000,-41.000000,25.481000,43.489000,27.970000
1.626,0.444000,0.246000,0.680000,-37.099000,11.252000,41.405000,27.870000
1.634,0.460000,0.266000,0.697000,-36.160000,4.649000,37.733000,27.920000
1.646,0.477000,0.253000,0.694000,-37.038000,2.802000,36.710000,27.920000
1.653,0.467000,0.240000,0.675000,-39.038000,1.939000,36.160000,28.010000
1.665,0.476000,0.244000,0.683000,-39.076000,-1.916000,35.046000,27.970000
1.673,0.483000,0.207000,0.678000,-38.214000,-11.771000,36.962000,27.970000
1.685,0.498000,0.206000,0.675000,-37.450000,-11.374000,36.366000,27.920000
1.693,0.521000,0.217000,0.693000,-40.534000,-2.679000,33.458000,27.920000
1.705,0.512000,0.167000,0.676000,-39.649000,3.214000,31.885000,27.920000
1.717,0.521000,0.181000,0.708000,-38.198000,9.740000,30.931000,27.920000
1.725,0.503000,0.171000,0.691000,-39.611000,16.771000,30.244000,27.970000
1.737,0.490000,0.117000,0.677000,-35.756000,13.718000,33.405000,27.870000
1.744,0.465000,0.141000,0.678000,-35.809000,13.282000,32.954000,27.920000
1.757,0.466000,0.125000,0.655000,-32.084000,9.817000,30.595000,28.010000
1.764,0.450000,0.073000,0.693000,-27.000000,10.527000,24.260000,27.920000
1.777,0.429000,0.095000,0.717000,-23.840000,7.069000,20.282000,27.970000
1.784,0.405000,0.059000,0.713000,-18.725000,-0.725000,18.985000,27.970000
1.796,0.403000,0.020000,0.714000,-19.496000,-9.748000,19.000000,27.920000
1.803,0.426000,0.029000,0.700000,-17.137000,-13.992000,14.069000,28.010000
1.816,0.463000,0.081000,0.696000,-13.756000,-16.573000,7.221000,27.920000
1.823,0.480000,0.131000,0.712000,-10.603000,-16.565000,-0.038000,27.970000
1.835,0.542000,0.153000,0.785000,-12.496000,-14.817000,-3.664000,27.870000
1.844,0.603000,0.135000,0.791000,-19.275000,-3.000000,-3.893000,27.870000
1.855,0.647000,0.093000,0.778000,-23.977000,10.832000,-0.046000,27.820000
1.862,0.616000,0.017000,0.769000,-21.511000,17.565000,4.977000,27.920000
1.875,0.584000,0.040000,0.729000,-30.565000,25.496000,6.221000,27.920000
1.888,0.515000,0.022000,0.709000,-34.611000,26.107000,9.221000,27.970000
1.894,0.425000,0.047000,0.688000,-33.305000,18.405000,10.031000,27.970000
1.907,0.406000,0.041000,0.684000,-34.595000,10.221000,8.901000,27.920000
1.914,0.397000,0.010000,0.687000,-28.183000,2.344000,8.427000,27.920000
1.927,0.435000,0.000000,0.701000,-25.443000,0.366000,6.382000,28.010000
1.935,0.475000,-0.039000,0.677000,-21.023000,1.504000,5.763000,27.920000
1.947,0.469000,-0.051000,0.629000,-22.656000,2.832000,3.573000,27.970000
1.954,0.420000,-0.077000,0.601000,-21.405000,-1.992000,1.099000,27.970000
1.967,0.422000,-0.037000,0.570000,-16.321000,-10.542000,-1.924000,27.920000
1.974,0.473000,-0.036000,0.583000,-10.626000,-8.870000,-4.977000,27.920000
1.986,0.502000,-0.045000,0.608000,1.015000,-11.115000,-3.107000,27.920000
1.993,0.537000,0.024000,0.610000,0.672000,1.076000,-3.702000,27.970000
2.006,0.481000,-0.095000,0.571000,8.389000,2.672000,-3.206000,27.970000
2.013,0.379000,-0.143000,0.561000,11.924000,-12.863000,-2.664000,27.920000
2.026,0.276000,-0.177000,0.610000,12.275000,-37.443000,-0.260000,27.920000
2.034,0.260000,-0.206000,0.712000,30.198000,-59.527000,-7.031000,28.010000
2.045,0.354000,-0.045000,0.873000,43.954000,-61.359000,-15.351000,27.970000
2.050,0.442000,0.123000,0.930000,31.817000,-50.710000,-18.969000,27.870000
2.064,0.572000,0.159000,0.935000,16.916000,-34.183000,-27.573000,27.870000
2.078,0.728000,0.183000,0.898000,-3.382000,-10.496000,-34.160000,27.920000
2.085,0.756000,0.082000,0.832000,-24.481000,13.107000,-34.405000,27.920000
2.096,0.728000,0.013000,0.747000,-35.290000,21.023000,-29.802000,27.870000
2.103,0.646000,-0.046000,0.664000,-45.802000,19.061000,-19.206000,27.870000
2.116,0.573000,-0.082000,0.597000,-46.832000,0.038000,-8.511000,27.970000
2.125,0.588000,-0.082000,0.540000,-36.664000,-13.832000,-0.626000,27.920000
2.136,0.631000,-0.095000,0.520000,-21.122000,-15.550000,9.641000,27.920000
2.143,0.636000,-0.063000,0.487000,-24.099000,-13.649000,19.931000,27.920000
2.155,0.609000,-0.092000,0.444000,-28.092000,-13.557000,24.137000,28.010000
2.167,0.635000,-0.122000,0.432000,-24.580000,-5.198000,22.611000,27.870000
2.175,0.573000,-0.172000,0.408000,-16.389000,-5.366000,21.221000,28.060000
2.187,0.500000,-0.135000,0.436000,-0.153000,-20.931000,18.321000,27.920000
2.194,0.505000,-0.132000,0.477000,12.260000,-28.550000,17.069000,27.920000
2.206,0.503000,-0.102000,0.527000,19.397000,-33.969000,15.153000,27.920000
2.213,0.496000,-0.103000,0.559000,21.931000,-35.359000,10.191000,27.870000
2.226,0.512000,-0.119000,0.596000,24.374000,-27.489000,6.656000,27.970000
2.234,0.485000,-0.115000,0.577000,19.237000,-23.160000,6.649000,27.920000
2.245,0.455000,-0.115000,0.536000,6.931000,-25.931000,4.000000,27.920000
2.253,0.496000,-0.148000,0.517000,4.229000,-28.275000,0.840000,27.920000
2.265,0.510000,-0.172000,0.537000,8.794000,-33.053000,-4.321000,27.970000
2.274,0.513000,-0.130000,0.616000,15.412000,-38.282000,-7.939000,27.970000
2.285,0.535000,-0.064000,0.667000,17.588000,-40.061000,-10.214000,27.970000
2.297,0.602000,-0.036000,0.666000,10.733000,-32.069000,-8.382000,27.920000
2.304,0.628000,-0.082000,0.609000,2.290000,-24.710000,-4.244000,27.920000
2.316,0.639000,-0.092000,0.522000,-11.198000,-21.794000,3.046000,28.010000
2.324,0.616000,-0.131000,0.474000,-18.916000,-21.473000,7.290000,27.970000
2.337,0.604000,-0.118000,0.464000,-15.557000,-28.992000,8.412000,27.870000
2.343,0.623000,-0.107000,0.551000,-12.237000,-30.634000,6.824000,27.920000
2.356,0.651000,-0.098000,0.619000,-4.855000,-20.198000,2.519000,27.920000
2.362,0.640000,-0.061000,0.610000,-5.008000,-9.786000,-3.511000,27.920000
2.376,0.670000,-0.066000,0.598000,-8.023000,1.351000,-9.389000,27.920000
2.384,0.700000,-0.074000,0.556000,-14.076000,11.092000,-10.748000,27.870000
2.395,0.653000,-0.099000,0.512000,-16.939000,10.336000,-8.840000,27.870000
2.407,0.623000,-0.117000,0.512000,-14.305000,5.130000,-7.550000,28.010000
2.414,0.601000,-0.121000,0.541000,-9.466000,-0.809000,-7.038000,28.010000
2.427,0.607000,-0.137000,0.583000,-0.763000,-4.534000,-9.366000,27.920000
2.435,0.559000,-0.092000,0.587000,2.779000,-5.733000,-13.565000,27.970000
2.447,0.566000,-0.034000,0.586000,0.893000,-6.527000,-21.924000,27.870000
2.454,0.633000,-0.075000,0.556000,2.931000,-6.985000,-27.641000,28.010000
2.466,0.682000,-0.086000,0.544000,2.977000,-2.061000,-26.282000,27.920000
2.475,0.664000,-0.078000,0.515000,1.863000,-1.489000,-21.618000,27.920000
2.486,0.667000,-0.059000,0.530000,0.290000,5.038000,-18.038000,27.970000
2.493,0.669000,-0.046000,0.537000,-1.023000,14.099000,-17.924000,27.970000
2.506,0.650000,-0.052000,0.559000,0.626000,19.763000,-17.321000,27.870000
2.513,0.612000,-0.053000,0.571000,-2.496000,29.405000,-22.534000,28.010000
2.525,0.563000,-0.022000,0.531000,-5.031000,30.710000,-27.328000,27.820000
2.534,0.549000,-0.046000,0.513000,0.023000,23.260000,-30.458000,28.060000
2.545,0.509000,-0.058000,0.520000,4.435000,7.237000,-29.214000,27.870000
2.550,0.508000,-0.046000,0.564000,8.023000,-7.733000,-28.809000,27.970000
2.564,0.570000,0.002000,0.593000,4.794000,-12.382000,-25.641000,28.010000
2.578,0.649000,-0.034000,0.610000,6.802000,-8.214000,-28.145000,28.110000
2.585,0.725000,-0.004000,0.587000,2.969000,5.084000,-33.130000,27.920000
2.597,0.738000,0.005000,0.568000,2.351000,16.656000,-37.656000,27.920000
2.604,0.738000,-0.019000,0.573000,3.214000,21.931000,-36.527000,27.970000
2.616,0.683000,-0.012000,0.587000,7.992000,22.382000,-30.969000,27.970000
2.625,0.596000,0.038000,0.594000,12.931000,18.458000,-24.229000,27.920000
2.636,0.553000,0.035000,0.626000,16.504000,11.046000,-19.458000,27.920000
2.644,0.545000,0.053000,0.618000,10.794000,10.221000,-20.389000,27.970000
2.656,0.645000,0.045000,0.545000,1.985000,20.870000,-25.779000,27.970000
2.663,0.702000,0.046000,0.479000,-3.870000,35.122000,-31.344000,27.970000
2.676,0.699000,0.027000,0.433000,0.809000,37.794000,-33.580000,28.010000
2.684,0.688000,0.026000,0.479000,11.511000,41.344000,-33.985000,28.010000
2.695,0.617000,0.053000,0.560000,20.695000,39.282000,-24.076000,28.010000
2.702,0.490000,0.050000,0.573000,20.000000,25.931000,-13.031000,27.970000
2.715,0.487000,0.047000,0.553000,17.656000,12.893000,-17.115000,27.970000
2.723,0.610000,0.075000,0.571000,16.916000,18.588000,-27.229000,27.970000
2.735,0.729000,0.087000,0.543000,18.901000,33.359000,-35.969000,28.010000
2.747,0.768000,0.090000,0.517000,20.733000,37.351000,-35.977000,27.920000
2.754,0.720000,0.086000,0.543000,31.290000,30.275000,-33.214000,28.010000
2.767,0.650000,0.113000,0.619000,43.977000,12.053000,-23.939000,27.970000
2.774,0.597000,0.107000,0.714000,57.664000,-0.359000,-17.206000,28.060000
2.787,0.582000,0.209000,0.807000,56.160000,-3.794000,-12.214000,27.920000
2.794,0.646000,0.199000,0.832000,41.061000,3.435000,-15.115000,27.920000
2.806,0.764000,0.207000,0.798000,30.122000,18.885000,-21.916000,28.010000
2.813,0.776000,0.215000,0.796000,22.221000,33.313000,-21.878000,27.920000
2.826,0.729000,0.231000,0.775000,20.908000,35.664000,-17.145000,28.060000
2.834,0.668000,0.232000,0.783000,23.832000,31.092000,-10.550000,27.970000
2.846,0.598000,0.216000,0.825000,24.901000,23.779000,-0.786000,28.010000
2.853,0.506000,0.193000,0.811000,22.282000,18.160000,5.565000,27.920000
2.866,0.507000,0.215000,0.782000,20.176000,10.611000,4.718000,28.110000
2.875,0.608000,0.233000,0.762000,9.099000,21.252000,2.466000,27.970000
2.886,0.614000,0.206000,0.689000,4.450000,28.763000,-1.168000,28.060000
2.894,0.636000,0.193000,0.673000,10.252000,31.809000,-4.672000,27.970000
2.906,0.605000,0.189000,0.707000,23.962000,27.924000,-3.695000,28.010000
2.913,0.548000,0.179000,0.750000,35.267000,20.412000,-1.397000,27.920000
2.925,0.451000,0.151000,0.807000,43.534000,13.176000,2.519000,27.920000
2.934,0.342000,0.204000,0.812000,41.527000,3.336000,-0.206000,27.970000
2.945,0.329000,0.232000,0.781000,37.771000,-11.771000,-11.290000,27.970000
2.952,0.473000,0.250000,0.760000,38.252000,-17.969000,-19.718000,27.970000
2.964,0.582000,0.256000,0.771000,36.603000,-13.405000,-22.863000,28.010000
2.978,0.606000,0.263000,0.755000,40.122000,-5.695000,-22.794000,27.920000
2.985,0.608000,0.248000,0.743000,45.763000,1.252000,-18.405000,27.870000
2.997,0.551000,0.270000,0.747000,41.725000,6.084000,-12.153000,28.060000
3.005,0.521000,0.256000,0.709000,38.015000,8.786000,-13.359000,27.970000
3.017,0.539000,0.245000,0.705000,38.740000,15.336000,-17.420000,27.920000
3.024,0.524000,0.249000,0.723000,41.977000,17.069000,-22.290000,28.010000
3.037,0.482000,0.257000,0.756000,47.290000,9.420000,-27.473000,28.010000
3.044,0.464000,0.262000,0.780000,56.237000,-6.817000,-28.458000,28.010000
3.056,0.432000,0.287000,0.810000,66.595000,-25.168000,-28.374000,27.970000
3.063,0.438000,0.352000,0.832000,64.656000,-37.237000,-25.099000,27.970000
3.076,0.522000,0.403000,0.799000,57.328000,-34.527000,-24.710000,27.920000
3.083,0.646000,0.375000,0.750000,44.298000,-21.107000,-24.137000,28.010000
3.095,0.739000,0.343000,0.702000,37.145000,-0.244000,-20.160000,28.010000
3.102,0.708000,0.309000,0.673000,37.321000,17.061000,-13.771000,28.060000
3.115,0.575000,0.303000,0.670000,44.252000,13.290000,-9.183000,27.970000
3.122,0.377000,0.298000,0.720000,56.649000,-8.031000,-4.198000,27.920000
3.135,0.216000,0.369000,0.741000,63.290000,-41.031000,-3.809000,28.010000
3.147,0.238000,0.467000,0.760000,56.718000,-66.275000,-10.260000,28.010000
3.154,0.429000,0.491000,0.727000,44.542000,-67.679000,-19.832000,27.970000
3.167,0.609000,0.448000,0.672000,33.588000,-43.763000,-25.595000,27.970000
3.174,0.708000,0.428000,0.641000,27.244000,-24.771000,-25.939000,28.060000
3.186,0.699000,0.410000,0.620000,25.847000,-5.924000,-22.336000,28.010000
3.194,0.614000,0.371000,0.612000,29.763000,-0.244000,-16.931000,27.920000
3.206,0.500000,0.323000,0.607000,36.076000,-3.000000,-11.611000,28.150000
3.213,0.401000,0.324000,0.607000,42.504000,-11.000000,-3.916000,27.970000
3.226,0.313000,0.498000,0.591000,31.069000,-16.588000,1.176000,27.970000
3.233,0.306000,0.512000,0.519000,24.130000,-28.679000,-10.374000,27.920000
3.245,0.437000,0.493000,0.521000,24.733000,-23.840000,-25.008000,28.010000
3.252,0.520000,0.453000,0.566000,29.229000,-15.695000,-35.939000,28.010000
3.265,0.574000,0.444000,0.600000,30.969000,-8.023000,-41.252000,28.010000
3.273,0.603000,0.408000,0.630000,33.290000,1.145000,-37.420000,27.970000
3.285,0.563000,0.407000,0.588000,28.802000,8.573000,-24.802000,27.970000
3.297,0.473000,0.467000,0.560000,25.282000,2.237000,-10.275000,28.010000
3.304,0.457000,0.578000,0.521000,8.183000,-2.924000,-9.031000,27.920000
3.317,0.582000,0.494000,0.475000,7.847000,-0.595000,-17.664000,27.920000
3.325,0.651000,0.444000,0.508000,12.450000,6.893000,-16.000000,27.970000
3.338,0.598000,0.424000,0.526000,19.595000,4.626000,-10.794000,28.060000
3.344,0.545000,0.412000,0.556000,27.221000,-4.687000,-6.366000,27.970000
3.357,0.497000,0.372000,0.599000,37.015000,-13.221000,-2.015000,27.920000
3.364,0.424000,0.315000,0.620000,44.718000,-23.443000,7.313000,28.110000
3.376,0.332000,0.489000,0.677000,39.061000,-36.588000,19.450000,27.970000
3.385,0.317000,0.734000,0.657000,6.557000,-39.740000,17.252000,28.060000
3.396,0.448000,0.650000,0.583000,-5.069000,-42.244000,-4.435000,28.060000
3.403,0.627000,0.610000,0.602000,-3.817000,-30.511000,-18.069000,28.010000
3.416,0.638000,0.589000,0.597000,1.176000,-14.611000,-30.763000,28.110000
3.425,0.646000,0.550000,0.576000,12.160000,-8.389000,-35.229000,28.010000
3.437,0.637000,0.503000,0.585000,23.969000,-4.130000,-33.771000,28.060000
3.443,0.505000,0.518000,0.618000,31.191000,-2.931000,-21.198000,27.970000
3.455,0.398000,0.778000,0.616000,19.130000,-13.420000,-13.183000,28.060000
3.462,0.431000,0.748000,0.506000,-3.305000,-21.298000,-32.679000,28.010000
3.475,0.692000,0.650000,0.487000,-2.550000,-20.389000,-51.817000,27.920000
3.488,0.823000,0.579000,0.482000,9.588000,0.832000,-57.221000,27.920000
3.495,0.802000,0.562000,0.510000,22.038000,8.863000,-56.382000,28.010000
3.507,0.736000,0.553000,0.540000,33.374000,5.618000,-56.252000,28.060000
3.514,0.668000,0.539000,0.584000,47.779000,-5.603000,-53.977000,28.060000
3.528,0.576000,0.540000,0.613000,62.992000,-22.290000,-51.962000,28.010000
3.534,0.582000,0.724000,0.674000,56.504000,-30.817000,-42.435000,28.010000
3.546,0.566000,0.826000,0.681000,34.840000,-29.443000,-44.237000,28.060000
3.553,0.693000,0.781000,0.638000,24.420000,-24.473000,-55.618000,28.060000
3.566,0.835000,0.674000,0.623000,22.809000,-11.328000,-54.573000,28.060000
3.575,0.868000,0.600000,0.554000,38.160000,-2.794000,-45.160000,27.920000
3.585,0.812000,0.592000,0.530000,61.053000,-3.847000,-32.046000,28.010000
3.593,0.692000,0.610000,0.547000,81.145000,-15.863000,-21.198000,27.920000
3.605,0.557000,0.623000,0.598000,92.405000,-33.985000,-7.885000,28.060000
3.612,0.468000,0.702000,0.658000,89.374000,-51.847000,6.313000,27.970000
3.626,0.435000,0.780000,0.658000,68.214000,-63.191000,14.466000,27.970000
3.637,0.382000,0.737000,0.658000,58.557000,-78.198000,9.969000,28.010000
3.644,0.433000,0.826000,0.740000,41.847000,-83.855000,2.779000,28.010000
3.657,0.500000,0.862000,0.783000,17.344000,-69.985000,-2.366000,27.920000
3.664,0.511000,0.795000,0.755000,2.885000,-50.649000,-11.344000,28.060000
3.678,0.527000,0.773000,0.729000,-2.962000,-34.748000,-17.359000,27.970000
3.683,0.483000,0.759000,0.674000,-10.840000,-26.542000,-26.267000,28.010000
3.697,0.489000,0.716000,0.627000,-11.366000,-23.519000,-37.626000,28.010000
3.703,0.608000,0.811000,0.587000,-21.641000,-16.718000,-39.443000,27.920000
3.715,0.700000,0.749000,0.478000,-29.779000,-9.145000,-35.282000,28.010000
3.725,0.752000,0.670000,0.391000,-34.115000,-3.832000,-29.412000,27.970000
3.735,0.727000,0.634000,0.338000,-30.985000,-4.855000,-21.450000,28.060000
3.747,0.664000,0.618000,0.310000,-18.481000,-15.870000,-18.511000,28.010000
3.754,0.602000,0.589000,0.328000,-2.763000,-33.351000,-18.603000,28.010000
3.767,0.543000,0.616000,0.389000,13.527000,-51.260000,-18.824000,28.010000
3.775,0.505000,0.638000,0.435000,24.038000,-64.901000,-19.916000,27.970000
3.787,0.548000,0.764000,0.538000,25.115000,-65.985000,-19.198000,27.970000
3.794,0.651000,0.905000,0.574000,10.641000,-53.382000,-16.977000,27.970000
3.806,0.772000,0.862000,0.549000,-7.122000,-26.786000,-15.092000,27.920000
3.813,0.835000,0.752000,0.468000,-12.053000,1.977000,-8.015000,28.010000
3.826,0.796000,0.667000,0.383000,-3.214000,16.924000,1.779000,27.920000
3.833,0.706000,0.665000,0.351000,6.924000,18.374000,10.015000,28.060000
3.845,0.613000,0.679000,0.376000,16.733000,11.046000,15.573000,28.060000
3.853,0.530000,0.723000,0.389000,19.412000,6.527000,16.679000,27.970000
3.865,0.414000,0.733000,0.405000,17.198000,-7.504000,13.832000,28.110000
3.873,0.386000,0.744000,0.429000,14.290000,-22.328000,5.099000,28.010000
3.886,0.418000,0.733000,0.477000,10.977000,-29.885000,-6.290000,28.010000
3.892,0.473000,0.729000,0.493000,6.389000,-31.626000,-19.908000,27.970000
3.905,0.573000,0.769000,0.543000,-2.824000,-15.802000,-27.427000,28.060000
3.917,0.605000,0.760000,0.532000,-9.153000,1.427000,-34.420000,28.010000
3.925,0.619000,0.734000,0.526000,-12.679000,11.336000,-37.031000,28.110000
3.937,0.629000,0.708000,0.525000,-14.534000,18.580000,-41.061000,28.010000
3.945,0.612000,0.709000,0.516000,-12.206000,16.282000,-44.313000,28.010000
3.956,0.598000,0.714000,0.524000,-9.687000,8.885000,-45.321000,27.970000
3.963,0.592000,0.824000,0.547000,-15.740000,-1.985000,-43.710000,27.970000
3.976,0.631000,0.829000,0.535000,-25.985000,-11.435000,-38.832000,28.010000
3.984,0.654000,0.782000,0.504000,-35.511000,-17.740000,-35.473000,28.110000
3.995,0.662000,0.736000,0.448000,-39.542000,-21.496000,-31.901000,28.010000
4.002,0.654000,0.726000,0.421000,-38.664000,-23.458000,-32.618000,27.970000
4.014,0.646000,0.692000,0.382000,-33.893000,-24.038000,-35.420000,28.060000
4.028,0.649000,0.683000,0.408000,-28.099000,-19.618000,-40.534000,28.010000
4.034,0.649000,0.694000,0.392000,-24.893000,-12.336000,-45.115000,27.920000
4.046,0.675000,0.731000,0.400000,-26.107000,-7.366000,-48.374000,28.010000
4.053,0.746000,0.805000,0.443000,-29.763000,-4.130000,-43.481000,28.060000
4.066,0.789000,0.794000,0.450000,-35.656000,-3.710000,-33.397000,27.970000
4.075,0.764000,0.729000,0.434000,-37.420000,-3.008000,-22.412000,27.970000
4.085,0.720000,0.685000,0.460000,-29.969000,-6.611000,-12.824000,28.010000
4.093,0.585000,0.708000,0.436000,-23.947000,-13.649000,-10.382000,28.010000
4.105,0.508000,0.701000,0.413000,-25.214000,-32.282000,-12.221000,27.970000
4.117,0.552000,0.684000,0.384000,-25.855000,-41.229000,-23.458000,27.970000
4.124,0.604000,0.711000,0.419000,-28.168000,-35.901000,-32.695000,28.060000
4.137,0.634000,0.741000,0.413000,-34.435000,-27.863000,-37.992000,28.010000
4.144,0.639000,0.687000,0.392000,-37.924000,-20.145000,-39.206000,28.110000
4.156,0.601000,0.668000,0.397000,-33.008000,-22.061000,-37.015000,28.010000
4.163,0.515000,0.683000,0.424000,-27.099000,-33.115000,-34.878000,28.010000
4.175,0.534000,0.696000,0.430000,-24.420000,-41.328000,-39.137000,28.060000
4.187,0.634000,0.759000,0.453000,-28.817000,-34.901000,-39.832000,27.970000
4.195,0.630000,0.771000,0.438000,-30.802000,-26.977000,-35.733000,28.010000
4.207,0.659000,0.796000,0.423000,-37.954000,-19.611000,-28.565000,27.920000
4.214,0.655000,0.766000,0.380000,-42.527000,-9.534000,-20.046000,28.060000
4.226,0.630000,0.726000,0.349000,-38.931000,-3.878000,-12.069000,28.060000
4.234,0.597000,0.711000,0.322000,-29.351000,-0.366000,-5.489000,27.970000
4.246,0.587000,0.710000,0.364000,-16.702000,2.878000,-1.863000,28.010000
4.253,0.543000,0.698000,0.388000,-9.198000,6.626000,-1.969000,28.010000
4.266,0.483000,0.691000,0.385000,-8.366000,5.725000,-6.359000,28.010000
4.275,0.468000,0.670000,0.374000,-3.504000,-2.573000,-16.718000,27.970000
4.287,0.458000,0.641000,0.372000,0.023000,-8.847000,-26.321000,27.970000
4.293,0.484000,0.634000,0.409000,8.275000,-12.321000,-34.153000,27.920000
4.305,0.496000,0.658000,0.444000,11.649000,-21.427000,-39.893000,28.110000
4.312,0.573000,0.729000,0.499000,7.550000,-22.321000,-45.672000,28.010000
4.325,0.638000,0.711000,0.528000,2.611000,-19.160000,-48.275000,27.970000
4.332,0.691000,0.684000,0.526000,0.573000,-17.313000,-45.664000,28.060000
4.345,0.701000,0.677000,0.516000,2.916000,-16.992000,-39.496000,27.970000
4.357,0.700000,0.663000,0.538000,4.626000,-21.282000,-33.626000,28.010000
4.364,0.660000,0.649000,0.544000,7.725000,-25.435000,-28.695000,28.110000
4.378,0.666000,0.665000,0.551000,6.718000,-23.115000,-26.420000,28.010000
4.385,0.664000,0.669000,0.544000,6.924000,-29.168000,-20.214000,28.010000
4.396,0.659000,0.691000,0.556000,7.977000,-23.985000,-17.160000,27.970000
4.403,0.616000,0.712000,0.553000,6.466000,-13.817000,-13.840000,27.970000
4.416,0.565000,0.718000,0.534000,4.198000,-9.328000,-14.832000,28.010000
4.425,0.544000,0.721000,0.526000,3.023000,-8.015000,-16.870000,27.920000
4.437,0.522000,0.711000,0.494000,2.076000,-8.992000,-18.641000,27.970000
4.444,0.503000,0.700000,0.471000,0.183000,-10.420000,-19.924000,27.970000
4.456,0.510000,0.725000,0.450000,0.099000,-15.634000,-19.954000,28.060000
4.462,0.540000,0.732000,0.458000,6.053000,-21.504000,-20.176000,28.010000
4.475,0.553000,0.748000,0.475000,2.824000,-20.282000,-18.000000,28.110000
4.484,0.551000,0.754000,0.469000,-3.260000,-19.618000,-15.458000,27.920000
4.496,0.542000,0.733000,0.469000,-5.947000,-15.634000,-14.252000,27.970000
4.523,0.508000,0.728000,0.474000,-6.718000,-17.130000,-12.901000,27.970000
4.524,0.500000,0.705000,0.472000,-6.840000,-22.000000,-14.298000,28.010000
